ISO-10303-21;
HEADER;
FILE_DESCRIPTION(('Open CASCADE Model'),'2;1');
FILE_NAME('brush_holder','2026-08-10T17:53:10',('Author'),(
    'Open CASCADE'),'Open CASCADE STEP processor 7.9','build123d',
  'Unknown');
FILE_SCHEMA(('AUTOMOTIVE_DESIGN { 1 0 10303 214 1 1 1 1 }'));
ENDSEC;
DATA;
#1 = APPLICATION_PROTOCOL_DEFINITION('international standard',
  'automotive_design',2000,#2);
#2 = APPLICATION_CONTEXT(
  'core data for automotive mechanical design processes');
#3 = SHAPE_DEFINITION_REPRESENTATION(#4,#10);
#4 = PRODUCT_DEFINITION_SHAPE('','',#5);
#5 = PRODUCT_DEFINITION('design','',#6,#9);
#6 = PRODUCT_DEFINITION_FORMATION('','',#7);
#7 = PRODUCT('brush_holder','brush_holder','',(#8));
#8 = PRODUCT_CONTEXT('',#2,'mechanical');
#9 = PRODUCT_DEFINITION_CONTEXT('part definition',#2,'design');
#10 = ADVANCED_BREP_SHAPE_REPRESENTATION('',(#11,#15),#2161);
#11 = AXIS2_PLACEMENT_3D('',#12,#13,#14);
#12 = CARTESIAN_POINT('',(0.,0.,0.));
#13 = DIRECTION('',(0.,0.,1.));
#14 = DIRECTION('',(1.,0.,-0.));
#15 = MANIFOLD_SOLID_BREP('',#16);
#16 = CLOSED_SHELL('',(#17,#293,#363,#410,#457,#504,#605,#706,#939,#984,
    #1147,#1174,#1203,#1379,#1406,#1431,#1513,#1628,#1655,#1662,#1792,
    #1862,#1911,#1961,#1988,#2015,#2042,#2075,#2102,#2126,#2153));
#17 = ADVANCED_FACE('',(#18),#32,.F.);
#18 = FACE_BOUND('',#19,.F.);
#19 = EDGE_LOOP('',(#20,#53,#81,#109,#135,#163,#189,#215,#241,#269));
#20 = ORIENTED_EDGE('',*,*,#21,.F.);
#21 = EDGE_CURVE('',#22,#24,#26,.T.);
#22 = VERTEX_POINT('',#23);
#23 = CARTESIAN_POINT('',(-18.76206696468,1.11123499444,-326.9));
#24 = VERTEX_POINT('',#25);
#25 = CARTESIAN_POINT('',(-17.49026073052,3.146550425215,-326.9));
#26 = SURFACE_CURVE('',#27,(#31,#42),.PCURVE_S1.);
#27 = LINE('',#28,#29);
#28 = CARTESIAN_POINT('',(41.383769525789,97.364693908194,-326.9));
#29 = VECTOR('',#30,1.);
#30 = DIRECTION('',(0.529919264233,0.848048096156,-0.));
#31 = PCURVE('',#32,#37);
#32 = PLANE('',#33);
#33 = AXIS2_PLACEMENT_3D('',#34,#35,#36);
#34 = CARTESIAN_POINT('',(-9.223520208482,16.376100725256,-329.3));
#35 = DIRECTION('',(-0.848048096156,0.529919264233,0.));
#36 = DIRECTION('',(0.,0.,1.));
#37 = DEFINITIONAL_REPRESENTATION('',(#38),#41);
#38 = B_SPLINE_CURVE_WITH_KNOTS('',1,(#39,#40),.UNSPECIFIED.,.F.,.F.,(2,
    2),(-113.5,-111.1),.PIECEWISE_BEZIER_KNOTS.);
#39 = CARTESIAN_POINT('',(2.4,-18.));
#40 = CARTESIAN_POINT('',(2.4,-15.6));
#41 = ( GEOMETRIC_REPRESENTATION_CONTEXT(2) 
PARAMETRIC_REPRESENTATION_CONTEXT() REPRESENTATION_CONTEXT('2D SPACE',''
  ) );
#42 = PCURVE('',#43,#48);
#43 = PLANE('',#44);
#44 = AXIS2_PLACEMENT_3D('',#45,#46,#47);
#45 = CARTESIAN_POINT('',(275.59347207792,63.625766384644,-326.9));
#46 = DIRECTION('',(0.,0.,1.));
#47 = DIRECTION('',(-0.848048096156,0.529919264233,0.));
#48 = DEFINITIONAL_REPRESENTATION('',(#49),#52);
#49 = B_SPLINE_CURVE_WITH_KNOTS('',1,(#50,#51),.UNSPECIFIED.,.F.,.F.,(2,
    2),(-113.5,-111.1),.PIECEWISE_BEZIER_KNOTS.);
#50 = CARTESIAN_POINT('',(216.5,209.));
#51 = CARTESIAN_POINT('',(216.5,206.6));
#52 = ( GEOMETRIC_REPRESENTATION_CONTEXT(2) 
PARAMETRIC_REPRESENTATION_CONTEXT() REPRESENTATION_CONTEXT('2D SPACE',''
  ) );
#53 = ORIENTED_EDGE('',*,*,#54,.T.);
#54 = EDGE_CURVE('',#22,#55,#57,.T.);
#55 = VERTEX_POINT('',#56);
#56 = CARTESIAN_POINT('',(-18.76206696468,1.11123499444,-326.3));
#57 = SURFACE_CURVE('',#58,(#62,#69),.PCURVE_S1.);
#58 = LINE('',#59,#60);
#59 = CARTESIAN_POINT('',(-18.76206696468,1.11123499444,-329.3));
#60 = VECTOR('',#61,1.);
#61 = DIRECTION('',(0.,0.,1.));
#62 = PCURVE('',#32,#63);
#63 = DEFINITIONAL_REPRESENTATION('',(#64),#68);
#64 = LINE('',#65,#66);
#65 = CARTESIAN_POINT('',(0.,-18.));
#66 = VECTOR('',#67,1.);
#67 = DIRECTION('',(1.,0.));
#68 = ( GEOMETRIC_REPRESENTATION_CONTEXT(2) 
PARAMETRIC_REPRESENTATION_CONTEXT() REPRESENTATION_CONTEXT('2D SPACE',''
  ) );
#69 = PCURVE('',#70,#75);
#70 = PLANE('',#71);
#71 = AXIS2_PLACEMENT_3D('',#72,#73,#74);
#72 = CARTESIAN_POINT('',(-18.76206696468,1.11123499444,-329.3));
#73 = DIRECTION('',(-0.529919264233,-0.848048096156,0.));
#74 = DIRECTION('',(0.,0.,1.));
#75 = DEFINITIONAL_REPRESENTATION('',(#76),#80);
#76 = LINE('',#77,#78);
#77 = CARTESIAN_POINT('',(0.,0.));
#78 = VECTOR('',#79,1.);
#79 = DIRECTION('',(1.,0.));
#80 = ( GEOMETRIC_REPRESENTATION_CONTEXT(2) 
PARAMETRIC_REPRESENTATION_CONTEXT() REPRESENTATION_CONTEXT('2D SPACE',''
  ) );
#81 = ORIENTED_EDGE('',*,*,#82,.F.);
#82 = EDGE_CURVE('',#83,#55,#85,.T.);
#83 = VERTEX_POINT('',#84);
#84 = CARTESIAN_POINT('',(-11.21913876087,13.182443449064,-326.3));
#85 = SURFACE_CURVE('',#86,(#90,#97),.PCURVE_S1.);
#86 = LINE('',#87,#88);
#87 = CARTESIAN_POINT('',(-9.223520208482,16.376100725256,-326.3));
#88 = VECTOR('',#89,1.);
#89 = DIRECTION('',(-0.529919264233,-0.848048096156,0.));
#90 = PCURVE('',#32,#91);
#91 = DEFINITIONAL_REPRESENTATION('',(#92),#96);
#92 = LINE('',#93,#94);
#93 = CARTESIAN_POINT('',(3.,0.));
#94 = VECTOR('',#95,1.);
#95 = DIRECTION('',(0.,-1.));
#96 = ( GEOMETRIC_REPRESENTATION_CONTEXT(2) 
PARAMETRIC_REPRESENTATION_CONTEXT() REPRESENTATION_CONTEXT('2D SPACE',''
  ) );
#97 = PCURVE('',#98,#103);
#98 = PLANE('',#99);
#99 = AXIS2_PLACEMENT_3D('',#100,#101,#102);
#100 = CARTESIAN_POINT('',(-9.223520208482,16.376100725256,-326.3));
#101 = DIRECTION('',(0.,0.,1.));
#102 = DIRECTION('',(-0.848048096156,0.529919264233,0.));
#103 = DEFINITIONAL_REPRESENTATION('',(#104),#108);
#104 = LINE('',#105,#106);
#105 = CARTESIAN_POINT('',(0.,0.));
#106 = VECTOR('',#107,1.);
#107 = DIRECTION('',(0.,1.));
#108 = ( GEOMETRIC_REPRESENTATION_CONTEXT(2) 
PARAMETRIC_REPRESENTATION_CONTEXT() REPRESENTATION_CONTEXT('2D SPACE',''
  ) );
#109 = ORIENTED_EDGE('',*,*,#110,.F.);
#110 = EDGE_CURVE('',#111,#83,#113,.T.);
#111 = VERTEX_POINT('',#112);
#112 = CARTESIAN_POINT('',(-11.21913876087,13.182443449064,-329.3));
#113 = SURFACE_CURVE('',#114,(#118,#124),.PCURVE_S1.);
#114 = LINE('',#115,#116);
#115 = CARTESIAN_POINT('',(-11.21913876087,13.182443449064,-427.775));
#116 = VECTOR('',#117,1.);
#117 = DIRECTION('',(0.,0.,1.));
#118 = PCURVE('',#32,#119);
#119 = DEFINITIONAL_REPRESENTATION('',(#120),#123);
#120 = B_SPLINE_CURVE_WITH_KNOTS('',1,(#121,#122),.UNSPECIFIED.,.F.,.F.,
  (2,2),(98.475,101.475),.PIECEWISE_BEZIER_KNOTS.);
#121 = CARTESIAN_POINT('',(0.,-3.765891687825));
#122 = CARTESIAN_POINT('',(3.,-3.765891687825));
#123 = ( GEOMETRIC_REPRESENTATION_CONTEXT(2) 
PARAMETRIC_REPRESENTATION_CONTEXT() REPRESENTATION_CONTEXT('2D SPACE',''
  ) );
#124 = PCURVE('',#125,#130);
#125 = PLANE('',#126);
#126 = AXIS2_PLACEMENT_3D('',#127,#128,#129);
#127 = CARTESIAN_POINT('',(259.24796042525,-304.6153230146,-526.25));
#128 = DIRECTION('',(-0.761538307537,-0.648119901063,0.));
#129 = DIRECTION('',(0.,0.,1.));
#130 = DEFINITIONAL_REPRESENTATION('',(#131),#134);
#131 = B_SPLINE_CURVE_WITH_KNOTS('',1,(#132,#133),.UNSPECIFIED.,.F.,.F.,
  (2,2),(98.475,101.475),.PIECEWISE_BEZIER_KNOTS.);
#132 = CARTESIAN_POINT('',(196.95,417.31028277711));
#133 = CARTESIAN_POINT('',(199.95,417.31028277711));
#134 = ( GEOMETRIC_REPRESENTATION_CONTEXT(2) 
PARAMETRIC_REPRESENTATION_CONTEXT() REPRESENTATION_CONTEXT('2D SPACE',''
  ) );
#135 = ORIENTED_EDGE('',*,*,#136,.T.);
#136 = EDGE_CURVE('',#111,#137,#139,.T.);
#137 = VERTEX_POINT('',#138);
#138 = CARTESIAN_POINT('',(-16.37743027563,4.927451427144,-329.3));
#139 = SURFACE_CURVE('',#140,(#144,#151),.PCURVE_S1.);
#140 = LINE('',#141,#142);
#141 = CARTESIAN_POINT('',(-9.223520208482,16.376100725256,-329.3));
#142 = VECTOR('',#143,1.);
#143 = DIRECTION('',(-0.529919264233,-0.848048096156,0.));
#144 = PCURVE('',#32,#145);
#145 = DEFINITIONAL_REPRESENTATION('',(#146),#150);
#146 = LINE('',#147,#148);
#147 = CARTESIAN_POINT('',(0.,0.));
#148 = VECTOR('',#149,1.);
#149 = DIRECTION('',(0.,-1.));
#150 = ( GEOMETRIC_REPRESENTATION_CONTEXT(2) 
PARAMETRIC_REPRESENTATION_CONTEXT() REPRESENTATION_CONTEXT('2D SPACE',''
  ) );
#151 = PCURVE('',#152,#157);
#152 = PLANE('',#153);
#153 = AXIS2_PLACEMENT_3D('',#154,#155,#156);
#154 = CARTESIAN_POINT('',(-9.223520208482,16.376100725256,-329.3));
#155 = DIRECTION('',(0.,0.,1.));
#156 = DIRECTION('',(-0.848048096156,0.529919264233,0.));
#157 = DEFINITIONAL_REPRESENTATION('',(#158),#162);
#158 = LINE('',#159,#160);
#159 = CARTESIAN_POINT('',(0.,0.));
#160 = VECTOR('',#161,1.);
#161 = DIRECTION('',(0.,1.));
#162 = ( GEOMETRIC_REPRESENTATION_CONTEXT(2) 
PARAMETRIC_REPRESENTATION_CONTEXT() REPRESENTATION_CONTEXT('2D SPACE',''
  ) );
#163 = ORIENTED_EDGE('',*,*,#164,.T.);
#164 = EDGE_CURVE('',#137,#165,#167,.T.);
#165 = VERTEX_POINT('',#166);
#166 = CARTESIAN_POINT('',(-16.37743027563,4.927451427144,-328.11));
#167 = SURFACE_CURVE('',#168,(#172,#178),.PCURVE_S1.);
#168 = LINE('',#169,#170);
#169 = CARTESIAN_POINT('',(-16.37743027563,4.927451427144,-329.305));
#170 = VECTOR('',#171,1.);
#171 = DIRECTION('',(0.,0.,1.));
#172 = PCURVE('',#32,#173);
#173 = DEFINITIONAL_REPRESENTATION('',(#174),#177);
#174 = B_SPLINE_CURVE_WITH_KNOTS('',1,(#175,#176),.UNSPECIFIED.,.F.,.F.,
  (2,2),(4.999999999995E-03,1.195),.PIECEWISE_BEZIER_KNOTS.);
#175 = CARTESIAN_POINT('',(0.,-13.5));
#176 = CARTESIAN_POINT('',(1.19,-13.5));
#177 = ( GEOMETRIC_REPRESENTATION_CONTEXT(2) 
PARAMETRIC_REPRESENTATION_CONTEXT() REPRESENTATION_CONTEXT('2D SPACE',''
  ) );
#178 = PCURVE('',#179,#184);
#179 = PLANE('',#180);
#180 = AXIS2_PLACEMENT_3D('',#181,#182,#183);
#181 = CARTESIAN_POINT('',(-16.29262546601,4.874459500721,-329.31));
#182 = DIRECTION('',(-0.529919264233,-0.848048096156,0.));
#183 = DIRECTION('',(0.,0.,1.));
#184 = DEFINITIONAL_REPRESENTATION('',(#185),#188);
#185 = B_SPLINE_CURVE_WITH_KNOTS('',1,(#186,#187),.UNSPECIFIED.,.F.,.F.,
  (2,2),(4.999999999995E-03,1.195),.PIECEWISE_BEZIER_KNOTS.);
#186 = CARTESIAN_POINT('',(9.999999999991E-03,1.E-01));
#187 = CARTESIAN_POINT('',(1.2,1.E-01));
#188 = ( GEOMETRIC_REPRESENTATION_CONTEXT(2) 
PARAMETRIC_REPRESENTATION_CONTEXT() REPRESENTATION_CONTEXT('2D SPACE',''
  ) );
#189 = ORIENTED_EDGE('',*,*,#190,.F.);
#190 = EDGE_CURVE('',#191,#165,#193,.T.);
#191 = VERTEX_POINT('',#192);
#192 = CARTESIAN_POINT('',(-17.33128495125,3.400964854062,-328.11));
#193 = SURFACE_CURVE('',#194,(#198,#204),.PCURVE_S1.);
#194 = LINE('',#195,#196);
#195 = CARTESIAN_POINT('',(-12.80047524205,10.6517760762,-328.11));
#196 = VECTOR('',#197,1.);
#197 = DIRECTION('',(0.529919264233,0.848048096156,-0.));
#198 = PCURVE('',#32,#199);
#199 = DEFINITIONAL_REPRESENTATION('',(#200),#203);
#200 = B_SPLINE_CURVE_WITH_KNOTS('',1,(#201,#202),.UNSPECIFIED.,.F.,.F.,
  (2,2),(-8.55,-6.75),.PIECEWISE_BEZIER_KNOTS.);
#201 = CARTESIAN_POINT('',(1.19,-15.3));
#202 = CARTESIAN_POINT('',(1.19,-13.5));
#203 = ( GEOMETRIC_REPRESENTATION_CONTEXT(2) 
PARAMETRIC_REPRESENTATION_CONTEXT() REPRESENTATION_CONTEXT('2D SPACE',''
  ) );
#204 = PCURVE('',#205,#210);
#205 = PLANE('',#206);
#206 = AXIS2_PLACEMENT_3D('',#207,#208,#209);
#207 = CARTESIAN_POINT('',(-16.29262546601,4.874459500721,-328.11));
#208 = DIRECTION('',(0.,0.,1.));
#209 = DIRECTION('',(-0.848048096156,0.529919264233,0.));
#210 = DEFINITIONAL_REPRESENTATION('',(#211),#214);
#211 = B_SPLINE_CURVE_WITH_KNOTS('',1,(#212,#213),.UNSPECIFIED.,.F.,.F.,
  (2,2),(-8.55,-6.75),.PIECEWISE_BEZIER_KNOTS.);
#212 = CARTESIAN_POINT('',(1.E-01,1.8));
#213 = CARTESIAN_POINT('',(1.E-01,0.));
#214 = ( GEOMETRIC_REPRESENTATION_CONTEXT(2) 
PARAMETRIC_REPRESENTATION_CONTEXT() REPRESENTATION_CONTEXT('2D SPACE',''
  ) );
#215 = ORIENTED_EDGE('',*,*,#216,.F.);
#216 = EDGE_CURVE('',#217,#191,#219,.T.);
#217 = VERTEX_POINT('',#218);
#218 = CARTESIAN_POINT('',(-17.33128495125,3.400964854062,-329.3));
#219 = SURFACE_CURVE('',#220,(#224,#230),.PCURVE_S1.);
#220 = LINE('',#221,#222);
#221 = CARTESIAN_POINT('',(-17.33128495125,3.400964854062,-329.305));
#222 = VECTOR('',#223,1.);
#223 = DIRECTION('',(0.,0.,1.));
#224 = PCURVE('',#32,#225);
#225 = DEFINITIONAL_REPRESENTATION('',(#226),#229);
#226 = B_SPLINE_CURVE_WITH_KNOTS('',1,(#227,#228),.UNSPECIFIED.,.F.,.F.,
  (2,2),(4.999999999995E-03,1.195),.PIECEWISE_BEZIER_KNOTS.);
#227 = CARTESIAN_POINT('',(0.,-15.3));
#228 = CARTESIAN_POINT('',(1.19,-15.3));
#229 = ( GEOMETRIC_REPRESENTATION_CONTEXT(2) 
PARAMETRIC_REPRESENTATION_CONTEXT() REPRESENTATION_CONTEXT('2D SPACE',''
  ) );
#230 = PCURVE('',#231,#236);
#231 = PLANE('',#232);
#232 = AXIS2_PLACEMENT_3D('',#233,#234,#235);
#233 = CARTESIAN_POINT('',(-17.24648014163,3.347972927639,-329.31));
#234 = DIRECTION('',(-0.529919264233,-0.848048096156,0.));
#235 = DIRECTION('',(0.,0.,1.));
#236 = DEFINITIONAL_REPRESENTATION('',(#237),#240);
#237 = B_SPLINE_CURVE_WITH_KNOTS('',1,(#238,#239),.UNSPECIFIED.,.F.,.F.,
  (2,2),(4.999999999995E-03,1.195),.PIECEWISE_BEZIER_KNOTS.);
#238 = CARTESIAN_POINT('',(9.999999999991E-03,1.E-01));
#239 = CARTESIAN_POINT('',(1.2,1.E-01));
#240 = ( GEOMETRIC_REPRESENTATION_CONTEXT(2) 
PARAMETRIC_REPRESENTATION_CONTEXT() REPRESENTATION_CONTEXT('2D SPACE',''
  ) );
#241 = ORIENTED_EDGE('',*,*,#242,.T.);
#242 = EDGE_CURVE('',#217,#243,#245,.T.);
#243 = VERTEX_POINT('',#244);
#244 = CARTESIAN_POINT('',(-18.76206696468,1.11123499444,-329.3));
#245 = SURFACE_CURVE('',#246,(#250,#257),.PCURVE_S1.);
#246 = LINE('',#247,#248);
#247 = CARTESIAN_POINT('',(-9.223520208482,16.376100725256,-329.3));
#248 = VECTOR('',#249,1.);
#249 = DIRECTION('',(-0.529919264233,-0.848048096156,0.));
#250 = PCURVE('',#32,#251);
#251 = DEFINITIONAL_REPRESENTATION('',(#252),#256);
#252 = LINE('',#253,#254);
#253 = CARTESIAN_POINT('',(0.,0.));
#254 = VECTOR('',#255,1.);
#255 = DIRECTION('',(0.,-1.));
#256 = ( GEOMETRIC_REPRESENTATION_CONTEXT(2) 
PARAMETRIC_REPRESENTATION_CONTEXT() REPRESENTATION_CONTEXT('2D SPACE',''
  ) );
#257 = PCURVE('',#258,#263);
#258 = PLANE('',#259);
#259 = AXIS2_PLACEMENT_3D('',#260,#261,#262);
#260 = CARTESIAN_POINT('',(-9.223520208482,16.376100725256,-329.3));
#261 = DIRECTION('',(0.,0.,1.));
#262 = DIRECTION('',(-0.848048096156,0.529919264233,0.));
#263 = DEFINITIONAL_REPRESENTATION('',(#264),#268);
#264 = LINE('',#265,#266);
#265 = CARTESIAN_POINT('',(0.,0.));
#266 = VECTOR('',#267,1.);
#267 = DIRECTION('',(0.,1.));
#268 = ( GEOMETRIC_REPRESENTATION_CONTEXT(2) 
PARAMETRIC_REPRESENTATION_CONTEXT() REPRESENTATION_CONTEXT('2D SPACE',''
  ) );
#269 = ORIENTED_EDGE('',*,*,#270,.T.);
#270 = EDGE_CURVE('',#243,#24,#271,.T.);
#271 = SURFACE_CURVE('',#272,(#276,#282),.PCURVE_S1.);
#272 = LINE('',#273,#274);
#273 = CARTESIAN_POINT('',(21.093520246438,64.893507383599,
    -254.0893218813));
#274 = VECTOR('',#275,1.);
#275 = DIRECTION('',(0.374709505221,0.599660559565,0.707106781187));
#276 = PCURVE('',#32,#277);
#277 = DEFINITIONAL_REPRESENTATION('',(#278),#281);
#278 = B_SPLINE_CURVE_WITH_KNOTS('',1,(#279,#280),.UNSPECIFIED.,.F.,.F.,
  (2,2),(-106.3639610306,-102.9698484809),.PIECEWISE_BEZIER_KNOTS.);
#279 = CARTESIAN_POINT('',(9.613487805565E-15,-18.));
#280 = CARTESIAN_POINT('',(2.4,-15.6));
#281 = ( GEOMETRIC_REPRESENTATION_CONTEXT(2) 
PARAMETRIC_REPRESENTATION_CONTEXT() REPRESENTATION_CONTEXT('2D SPACE',''
  ) );
#282 = PCURVE('',#283,#288);
#283 = PLANE('',#284);
#284 = AXIS2_PLACEMENT_3D('',#285,#286,#287);
#285 = CARTESIAN_POINT('',(239.78224689732,6.315826200861,
    -187.8786437626));
#286 = DIRECTION('',(-0.374709505221,-0.599660559565,0.707106781187));
#287 = DIRECTION('',(-0.848048096156,0.529919264233,0.));
#288 = DEFINITIONAL_REPRESENTATION('',(#289),#292);
#289 = B_SPLINE_CURVE_WITH_KNOTS('',1,(#290,#291),.UNSPECIFIED.,.F.,.F.,
  (2,2),(-106.3639610306,-102.9698484809),.PIECEWISE_BEZIER_KNOTS.);
#290 = CARTESIAN_POINT('',(216.5,200.));
#291 = CARTESIAN_POINT('',(216.5,196.6058874503));
#292 = ( GEOMETRIC_REPRESENTATION_CONTEXT(2) 
PARAMETRIC_REPRESENTATION_CONTEXT() REPRESENTATION_CONTEXT('2D SPACE',''
  ) );
#293 = ADVANCED_FACE('',(#294),#43,.F.);
#294 = FACE_BOUND('',#295,.F.);
#295 = EDGE_LOOP('',(#296,#297,#318,#344));
#296 = ORIENTED_EDGE('',*,*,#21,.T.);
#297 = ORIENTED_EDGE('',*,*,#298,.T.);
#298 = EDGE_CURVE('',#24,#299,#301,.T.);
#299 = VERTEX_POINT('',#300);
#300 = CARTESIAN_POINT('',(-48.10479700176,22.276635864034,-326.9));
#301 = SURFACE_CURVE('',#302,(#306,#312),.PCURVE_S1.);
#302 = LINE('',#303,#304);
#303 = CARTESIAN_POINT('',(166.11215208734,-111.5809702812,-326.9));
#304 = VECTOR('',#305,1.);
#305 = DIRECTION('',(-0.848048096156,0.529919264233,0.));
#306 = PCURVE('',#43,#307);
#307 = DEFINITIONAL_REPRESENTATION('',(#308),#311);
#308 = B_SPLINE_CURVE_WITH_KNOTS('',1,(#309,#310),.UNSPECIFIED.,.F.,.F.,
  (2,2),(0.,400.),.PIECEWISE_BEZIER_KNOTS.);
#309 = CARTESIAN_POINT('',(0.,206.6));
#310 = CARTESIAN_POINT('',(400.,206.6));
#311 = ( GEOMETRIC_REPRESENTATION_CONTEXT(2) 
PARAMETRIC_REPRESENTATION_CONTEXT() REPRESENTATION_CONTEXT('2D SPACE',''
  ) );
#312 = PCURVE('',#283,#313);
#313 = DEFINITIONAL_REPRESENTATION('',(#314),#317);
#314 = B_SPLINE_CURVE_WITH_KNOTS('',1,(#315,#316),.UNSPECIFIED.,.F.,.F.,
  (2,2),(0.,400.),.PIECEWISE_BEZIER_KNOTS.);
#315 = CARTESIAN_POINT('',(0.,196.6058874503));
#316 = CARTESIAN_POINT('',(400.,196.6058874503));
#317 = ( GEOMETRIC_REPRESENTATION_CONTEXT(2) 
PARAMETRIC_REPRESENTATION_CONTEXT() REPRESENTATION_CONTEXT('2D SPACE',''
  ) );
#318 = ORIENTED_EDGE('',*,*,#319,.F.);
#319 = EDGE_CURVE('',#320,#299,#322,.T.);
#320 = VERTEX_POINT('',#321);
#321 = CARTESIAN_POINT('',(-49.37660323592,20.241320433259,-326.9));
#322 = SURFACE_CURVE('',#323,(#327,#333),.PCURVE_S1.);
#323 = LINE('',#324,#325);
#324 = CARTESIAN_POINT('',(10.769233254542,116.49477934701,-326.9));
#325 = VECTOR('',#326,1.);
#326 = DIRECTION('',(0.529919264233,0.848048096156,-0.));
#327 = PCURVE('',#43,#328);
#328 = DEFINITIONAL_REPRESENTATION('',(#329),#332);
#329 = B_SPLINE_CURVE_WITH_KNOTS('',1,(#330,#331),.UNSPECIFIED.,.F.,.F.,
  (2,2),(-113.5,-111.1),.PIECEWISE_BEZIER_KNOTS.);
#330 = CARTESIAN_POINT('',(252.6,209.));
#331 = CARTESIAN_POINT('',(252.6,206.6));
#332 = ( GEOMETRIC_REPRESENTATION_CONTEXT(2) 
PARAMETRIC_REPRESENTATION_CONTEXT() REPRESENTATION_CONTEXT('2D SPACE',''
  ) );
#333 = PCURVE('',#334,#339);
#334 = PLANE('',#335);
#335 = AXIS2_PLACEMENT_3D('',#336,#337,#338);
#336 = CARTESIAN_POINT('',(-39.83805647972,35.506186164074,-329.3));
#337 = DIRECTION('',(-0.848048096156,0.529919264233,0.));
#338 = DIRECTION('',(0.,0.,1.));
#339 = DEFINITIONAL_REPRESENTATION('',(#340),#343);
#340 = B_SPLINE_CURVE_WITH_KNOTS('',1,(#341,#342),.UNSPECIFIED.,.F.,.F.,
  (2,2),(-113.5,-111.1),.PIECEWISE_BEZIER_KNOTS.);
#341 = CARTESIAN_POINT('',(2.4,-18.));
#342 = CARTESIAN_POINT('',(2.4,-15.6));
#343 = ( GEOMETRIC_REPRESENTATION_CONTEXT(2) 
PARAMETRIC_REPRESENTATION_CONTEXT() REPRESENTATION_CONTEXT('2D SPACE',''
  ) );
#344 = ORIENTED_EDGE('',*,*,#345,.F.);
#345 = EDGE_CURVE('',#22,#320,#346,.T.);
#346 = SURFACE_CURVE('',#347,(#351,#357),.PCURVE_S1.);
#347 = LINE('',#348,#349);
#348 = CARTESIAN_POINT('',(73.039139444253,-56.2525253588,-326.9));
#349 = VECTOR('',#350,1.);
#350 = DIRECTION('',(-0.848048096156,0.529919264233,0.));
#351 = PCURVE('',#43,#352);
#352 = DEFINITIONAL_REPRESENTATION('',(#353),#356);
#353 = B_SPLINE_CURVE_WITH_KNOTS('',1,(#354,#355),.UNSPECIFIED.,.F.,.F.,
  (2,2),(108.25,144.35),.PIECEWISE_BEZIER_KNOTS.);
#354 = CARTESIAN_POINT('',(216.5,209.));
#355 = CARTESIAN_POINT('',(252.6,209.));
#356 = ( GEOMETRIC_REPRESENTATION_CONTEXT(2) 
PARAMETRIC_REPRESENTATION_CONTEXT() REPRESENTATION_CONTEXT('2D SPACE',''
  ) );
#357 = PCURVE('',#70,#358);
#358 = DEFINITIONAL_REPRESENTATION('',(#359),#362);
#359 = B_SPLINE_CURVE_WITH_KNOTS('',1,(#360,#361),.UNSPECIFIED.,.F.,.F.,
  (2,2),(108.25,144.35),.PIECEWISE_BEZIER_KNOTS.);
#360 = CARTESIAN_POINT('',(2.4,0.));
#361 = CARTESIAN_POINT('',(2.4,36.1));
#362 = ( GEOMETRIC_REPRESENTATION_CONTEXT(2) 
PARAMETRIC_REPRESENTATION_CONTEXT() REPRESENTATION_CONTEXT('2D SPACE',''
  ) );
#363 = ADVANCED_FACE('',(#364),#283,.T.);
#364 = FACE_BOUND('',#365,.T.);
#365 = EDGE_LOOP('',(#366,#367,#368,#389));
#366 = ORIENTED_EDGE('',*,*,#270,.T.);
#367 = ORIENTED_EDGE('',*,*,#298,.T.);
#368 = ORIENTED_EDGE('',*,*,#369,.F.);
#369 = EDGE_CURVE('',#370,#299,#372,.T.);
#370 = VERTEX_POINT('',#371);
#371 = CARTESIAN_POINT('',(-49.37660323592,20.241320433259,-329.3));
#372 = SURFACE_CURVE('',#373,(#377,#383),.PCURVE_S1.);
#373 = LINE('',#374,#375);
#374 = CARTESIAN_POINT('',(-9.521016024809,84.023592822418,
    -254.0893218813));
#375 = VECTOR('',#376,1.);
#376 = DIRECTION('',(0.374709505221,0.599660559565,0.707106781187));
#377 = PCURVE('',#283,#378);
#378 = DEFINITIONAL_REPRESENTATION('',(#379),#382);
#379 = B_SPLINE_CURVE_WITH_KNOTS('',1,(#380,#381),.UNSPECIFIED.,.F.,.F.,
  (2,2),(-106.3639610306,-102.9698484809),.PIECEWISE_BEZIER_KNOTS.);
#380 = CARTESIAN_POINT('',(252.6,200.));
#381 = CARTESIAN_POINT('',(252.6,196.6058874503));
#382 = ( GEOMETRIC_REPRESENTATION_CONTEXT(2) 
PARAMETRIC_REPRESENTATION_CONTEXT() REPRESENTATION_CONTEXT('2D SPACE',''
  ) );
#383 = PCURVE('',#334,#384);
#384 = DEFINITIONAL_REPRESENTATION('',(#385),#388);
#385 = B_SPLINE_CURVE_WITH_KNOTS('',1,(#386,#387),.UNSPECIFIED.,.F.,.F.,
  (2,2),(-106.3639610306,-102.9698484809),.PIECEWISE_BEZIER_KNOTS.);
#386 = CARTESIAN_POINT('',(9.613487805565E-15,-18.));
#387 = CARTESIAN_POINT('',(2.4,-15.6));
#388 = ( GEOMETRIC_REPRESENTATION_CONTEXT(2) 
PARAMETRIC_REPRESENTATION_CONTEXT() REPRESENTATION_CONTEXT('2D SPACE',''
  ) );
#389 = ORIENTED_EDGE('',*,*,#390,.F.);
#390 = EDGE_CURVE('',#243,#370,#391,.T.);
#391 = SURFACE_CURVE('',#392,(#396,#403),.PCURVE_S1.);
#392 = LINE('',#393,#394);
#393 = CARTESIAN_POINT('',(-18.76206696468,1.11123499444,-329.3));
#394 = VECTOR('',#395,1.);
#395 = DIRECTION('',(-0.848048096156,0.529919264233,0.));
#396 = PCURVE('',#283,#397);
#397 = DEFINITIONAL_REPRESENTATION('',(#398),#402);
#398 = LINE('',#399,#400);
#399 = CARTESIAN_POINT('',(216.5,200.));
#400 = VECTOR('',#401,1.);
#401 = DIRECTION('',(1.,-2.979589846201E-17));
#402 = ( GEOMETRIC_REPRESENTATION_CONTEXT(2) 
PARAMETRIC_REPRESENTATION_CONTEXT() REPRESENTATION_CONTEXT('2D SPACE',''
  ) );
#403 = PCURVE('',#258,#404);
#404 = DEFINITIONAL_REPRESENTATION('',(#405),#409);
#405 = LINE('',#406,#407);
#406 = CARTESIAN_POINT('',(0.,18.));
#407 = VECTOR('',#408,1.);
#408 = DIRECTION('',(1.,0.));
#409 = ( GEOMETRIC_REPRESENTATION_CONTEXT(2) 
PARAMETRIC_REPRESENTATION_CONTEXT() REPRESENTATION_CONTEXT('2D SPACE',''
  ) );
#410 = ADVANCED_FACE('',(#411),#258,.F.);
#411 = FACE_BOUND('',#412,.F.);
#412 = EDGE_LOOP('',(#413,#436,#437,#438));
#413 = ORIENTED_EDGE('',*,*,#414,.T.);
#414 = EDGE_CURVE('',#415,#370,#417,.T.);
#415 = VERTEX_POINT('',#416);
#416 = CARTESIAN_POINT('',(-47.94582122249,22.531050292881,-329.3));
#417 = SURFACE_CURVE('',#418,(#422,#429),.PCURVE_S1.);
#418 = LINE('',#419,#420);
#419 = CARTESIAN_POINT('',(-39.83805647972,35.506186164074,-329.3));
#420 = VECTOR('',#421,1.);
#421 = DIRECTION('',(-0.529919264233,-0.848048096156,0.));
#422 = PCURVE('',#258,#423);
#423 = DEFINITIONAL_REPRESENTATION('',(#424),#428);
#424 = LINE('',#425,#426);
#425 = CARTESIAN_POINT('',(36.1,0.));
#426 = VECTOR('',#427,1.);
#427 = DIRECTION('',(0.,1.));
#428 = ( GEOMETRIC_REPRESENTATION_CONTEXT(2) 
PARAMETRIC_REPRESENTATION_CONTEXT() REPRESENTATION_CONTEXT('2D SPACE',''
  ) );
#429 = PCURVE('',#334,#430);
#430 = DEFINITIONAL_REPRESENTATION('',(#431),#435);
#431 = LINE('',#432,#433);
#432 = CARTESIAN_POINT('',(0.,0.));
#433 = VECTOR('',#434,1.);
#434 = DIRECTION('',(0.,-1.));
#435 = ( GEOMETRIC_REPRESENTATION_CONTEXT(2) 
PARAMETRIC_REPRESENTATION_CONTEXT() REPRESENTATION_CONTEXT('2D SPACE',''
  ) );
#436 = ORIENTED_EDGE('',*,*,#390,.F.);
#437 = ORIENTED_EDGE('',*,*,#242,.F.);
#438 = ORIENTED_EDGE('',*,*,#439,.F.);
#439 = EDGE_CURVE('',#415,#217,#440,.T.);
#440 = SURFACE_CURVE('',#441,(#445,#451),.PCURVE_S1.);
#441 = LINE('',#442,#443);
#442 = CARTESIAN_POINT('',(-17.28888254644,3.374468890851,-329.3));
#443 = VECTOR('',#444,1.);
#444 = DIRECTION('',(0.848048096156,-0.529919264233,0.));
#445 = PCURVE('',#258,#446);
#446 = DEFINITIONAL_REPRESENTATION('',(#447),#450);
#447 = B_SPLINE_CURVE_WITH_KNOTS('',1,(#448,#449),.UNSPECIFIED.,.F.,.F.,
  (2,2),(-36.15,-5.E-02),.PIECEWISE_BEZIER_KNOTS.);
#448 = CARTESIAN_POINT('',(36.1,15.3));
#449 = CARTESIAN_POINT('',(0.,15.3));
#450 = ( GEOMETRIC_REPRESENTATION_CONTEXT(2) 
PARAMETRIC_REPRESENTATION_CONTEXT() REPRESENTATION_CONTEXT('2D SPACE',''
  ) );
#451 = PCURVE('',#231,#452);
#452 = DEFINITIONAL_REPRESENTATION('',(#453),#456);
#453 = B_SPLINE_CURVE_WITH_KNOTS('',1,(#454,#455),.UNSPECIFIED.,.F.,.F.,
  (2,2),(-36.15,-5.E-02),.PIECEWISE_BEZIER_KNOTS.);
#454 = CARTESIAN_POINT('',(9.999999999991E-03,36.2));
#455 = CARTESIAN_POINT('',(9.999999999991E-03,1.E-01));
#456 = ( GEOMETRIC_REPRESENTATION_CONTEXT(2) 
PARAMETRIC_REPRESENTATION_CONTEXT() REPRESENTATION_CONTEXT('2D SPACE',''
  ) );
#457 = ADVANCED_FACE('',(#458),#231,.F.);
#458 = FACE_BOUND('',#459,.F.);
#459 = EDGE_LOOP('',(#460,#483,#502,#503));
#460 = ORIENTED_EDGE('',*,*,#461,.T.);
#461 = EDGE_CURVE('',#191,#462,#464,.T.);
#462 = VERTEX_POINT('',#463);
#463 = CARTESIAN_POINT('',(-47.94582122249,22.531050292881,-328.11));
#464 = SURFACE_CURVE('',#465,(#469,#476),.PCURVE_S1.);
#465 = LINE('',#466,#467);
#466 = CARTESIAN_POINT('',(-17.24648014163,3.347972927639,-328.11));
#467 = VECTOR('',#468,1.);
#468 = DIRECTION('',(-0.848048096156,0.529919264233,0.));
#469 = PCURVE('',#231,#470);
#470 = DEFINITIONAL_REPRESENTATION('',(#471),#475);
#471 = LINE('',#472,#473);
#472 = CARTESIAN_POINT('',(1.2,0.));
#473 = VECTOR('',#474,1.);
#474 = DIRECTION('',(0.,1.));
#475 = ( GEOMETRIC_REPRESENTATION_CONTEXT(2) 
PARAMETRIC_REPRESENTATION_CONTEXT() REPRESENTATION_CONTEXT('2D SPACE',''
  ) );
#476 = PCURVE('',#205,#477);
#477 = DEFINITIONAL_REPRESENTATION('',(#478),#482);
#478 = LINE('',#479,#480);
#479 = CARTESIAN_POINT('',(0.,1.8));
#480 = VECTOR('',#481,1.);
#481 = DIRECTION('',(1.,0.));
#482 = ( GEOMETRIC_REPRESENTATION_CONTEXT(2) 
PARAMETRIC_REPRESENTATION_CONTEXT() REPRESENTATION_CONTEXT('2D SPACE',''
  ) );
#483 = ORIENTED_EDGE('',*,*,#484,.F.);
#484 = EDGE_CURVE('',#415,#462,#485,.T.);
#485 = SURFACE_CURVE('',#486,(#490,#496),.PCURVE_S1.);
#486 = LINE('',#487,#488);
#487 = CARTESIAN_POINT('',(-47.94582122249,22.531050292881,-329.305));
#488 = VECTOR('',#489,1.);
#489 = DIRECTION('',(0.,0.,1.));
#490 = PCURVE('',#231,#491);
#491 = DEFINITIONAL_REPRESENTATION('',(#492),#495);
#492 = B_SPLINE_CURVE_WITH_KNOTS('',1,(#493,#494),.UNSPECIFIED.,.F.,.F.,
  (2,2),(4.999999999995E-03,1.195),.PIECEWISE_BEZIER_KNOTS.);
#493 = CARTESIAN_POINT('',(9.999999999991E-03,36.2));
#494 = CARTESIAN_POINT('',(1.2,36.2));
#495 = ( GEOMETRIC_REPRESENTATION_CONTEXT(2) 
PARAMETRIC_REPRESENTATION_CONTEXT() REPRESENTATION_CONTEXT('2D SPACE',''
  ) );
#496 = PCURVE('',#334,#497);
#497 = DEFINITIONAL_REPRESENTATION('',(#498),#501);
#498 = B_SPLINE_CURVE_WITH_KNOTS('',1,(#499,#500),.UNSPECIFIED.,.F.,.F.,
  (2,2),(4.999999999995E-03,1.195),.PIECEWISE_BEZIER_KNOTS.);
#499 = CARTESIAN_POINT('',(0.,-15.3));
#500 = CARTESIAN_POINT('',(1.19,-15.3));
#501 = ( GEOMETRIC_REPRESENTATION_CONTEXT(2) 
PARAMETRIC_REPRESENTATION_CONTEXT() REPRESENTATION_CONTEXT('2D SPACE',''
  ) );
#502 = ORIENTED_EDGE('',*,*,#439,.T.);
#503 = ORIENTED_EDGE('',*,*,#216,.T.);
#504 = ADVANCED_FACE('',(#505),#205,.F.);
#505 = FACE_BOUND('',#506,.F.);
#506 = EDGE_LOOP('',(#507,#508,#509,#532,#560,#586));
#507 = ORIENTED_EDGE('',*,*,#461,.F.);
#508 = ORIENTED_EDGE('',*,*,#190,.T.);
#509 = ORIENTED_EDGE('',*,*,#510,.T.);
#510 = EDGE_CURVE('',#165,#511,#513,.T.);
#511 = VERTEX_POINT('',#512);
#512 = CARTESIAN_POINT('',(-47.07677135649,24.110528792386,-328.11));
#513 = SURFACE_CURVE('',#514,(#518,#525),.PCURVE_S1.);
#514 = LINE('',#515,#516);
#515 = CARTESIAN_POINT('',(-16.29262546601,4.874459500721,-328.11));
#516 = VECTOR('',#517,1.);
#517 = DIRECTION('',(-0.848048096156,0.529919264233,0.));
#518 = PCURVE('',#205,#519);
#519 = DEFINITIONAL_REPRESENTATION('',(#520),#524);
#520 = LINE('',#521,#522);
#521 = CARTESIAN_POINT('',(0.,0.));
#522 = VECTOR('',#523,1.);
#523 = DIRECTION('',(1.,0.));
#524 = ( GEOMETRIC_REPRESENTATION_CONTEXT(2) 
PARAMETRIC_REPRESENTATION_CONTEXT() REPRESENTATION_CONTEXT('2D SPACE',''
  ) );
#525 = PCURVE('',#179,#526);
#526 = DEFINITIONAL_REPRESENTATION('',(#527),#531);
#527 = LINE('',#528,#529);
#528 = CARTESIAN_POINT('',(1.2,0.));
#529 = VECTOR('',#530,1.);
#530 = DIRECTION('',(0.,1.));
#531 = ( GEOMETRIC_REPRESENTATION_CONTEXT(2) 
PARAMETRIC_REPRESENTATION_CONTEXT() REPRESENTATION_CONTEXT('2D SPACE',''
  ) );
#532 = ORIENTED_EDGE('',*,*,#533,.T.);
#533 = EDGE_CURVE('',#511,#534,#536,.T.);
#534 = VERTEX_POINT('',#535);
#535 = CARTESIAN_POINT('',(-47.34173098861,23.686504744308,-328.11));
#536 = SURFACE_CURVE('',#537,(#541,#548),.PCURVE_S1.);
#537 = LINE('',#538,#539);
#538 = CARTESIAN_POINT('',(-47.07677135649,24.110528792386,-328.11));
#539 = VECTOR('',#540,1.);
#540 = DIRECTION('',(-0.529919264233,-0.848048096156,0.));
#541 = PCURVE('',#205,#542);
#542 = DEFINITIONAL_REPRESENTATION('',(#543),#547);
#543 = LINE('',#544,#545);
#544 = CARTESIAN_POINT('',(36.3,0.));
#545 = VECTOR('',#546,1.);
#546 = DIRECTION('',(0.,1.));
#547 = ( GEOMETRIC_REPRESENTATION_CONTEXT(2) 
PARAMETRIC_REPRESENTATION_CONTEXT() REPRESENTATION_CONTEXT('2D SPACE',''
  ) );
#548 = PCURVE('',#549,#554);
#549 = PLANE('',#550);
#550 = AXIS2_PLACEMENT_3D('',#551,#552,#553);
#551 = CARTESIAN_POINT('',(-47.07677135649,24.110528792386,-329.31));
#552 = DIRECTION('',(-0.848048096156,0.529919264233,0.));
#553 = DIRECTION('',(0.,0.,1.));
#554 = DEFINITIONAL_REPRESENTATION('',(#555),#559);
#555 = LINE('',#556,#557);
#556 = CARTESIAN_POINT('',(1.2,0.));
#557 = VECTOR('',#558,1.);
#558 = DIRECTION('',(0.,-1.));
#559 = ( GEOMETRIC_REPRESENTATION_CONTEXT(2) 
PARAMETRIC_REPRESENTATION_CONTEXT() REPRESENTATION_CONTEXT('2D SPACE',''
  ) );
#560 = ORIENTED_EDGE('',*,*,#561,.F.);
#561 = EDGE_CURVE('',#562,#534,#564,.T.);
#562 = VERTEX_POINT('',#563);
#563 = CARTESIAN_POINT('',(-47.25692617899,23.633512817884,-328.11));
#564 = SURFACE_CURVE('',#565,(#569,#575),.PCURVE_S1.);
#565 = LINE('',#566,#567);
#566 = CARTESIAN_POINT('',(-31.78004842413,13.962486245628,-328.11));
#567 = VECTOR('',#568,1.);
#568 = DIRECTION('',(-0.848048096156,0.529919264233,0.));
#569 = PCURVE('',#205,#570);
#570 = DEFINITIONAL_REPRESENTATION('',(#571),#574);
#571 = B_SPLINE_CURVE_WITH_KNOTS('',1,(#572,#573),.UNSPECIFIED.,.F.,.F.,
  (2,2),(17.95,18.35),.PIECEWISE_BEZIER_KNOTS.);
#572 = CARTESIAN_POINT('',(35.9,0.5));
#573 = CARTESIAN_POINT('',(36.3,0.5));
#574 = ( GEOMETRIC_REPRESENTATION_CONTEXT(2) 
PARAMETRIC_REPRESENTATION_CONTEXT() REPRESENTATION_CONTEXT('2D SPACE',''
  ) );
#575 = PCURVE('',#576,#581);
#576 = PLANE('',#577);
#577 = AXIS2_PLACEMENT_3D('',#578,#579,#580);
#578 = CARTESIAN_POINT('',(-47.00251175014,23.474537038614,-340.55));
#579 = DIRECTION('',(-0.529919264233,-0.848048096156,0.));
#580 = DIRECTION('',(0.,0.,1.));
#581 = DEFINITIONAL_REPRESENTATION('',(#582),#585);
#582 = B_SPLINE_CURVE_WITH_KNOTS('',1,(#583,#584),.UNSPECIFIED.,.F.,.F.,
  (2,2),(17.95,18.35),.PIECEWISE_BEZIER_KNOTS.);
#583 = CARTESIAN_POINT('',(12.44,0.));
#584 = CARTESIAN_POINT('',(12.44,0.4));
#585 = ( GEOMETRIC_REPRESENTATION_CONTEXT(2) 
PARAMETRIC_REPRESENTATION_CONTEXT() REPRESENTATION_CONTEXT('2D SPACE',''
  ) );
#586 = ORIENTED_EDGE('',*,*,#587,.F.);
#587 = EDGE_CURVE('',#462,#562,#588,.T.);
#588 = SURFACE_CURVE('',#589,(#593,#599),.PCURVE_S1.);
#589 = LINE('',#590,#591);
#590 = CARTESIAN_POINT('',(-43.4150115133,29.781861515019,-328.11));
#591 = VECTOR('',#592,1.);
#592 = DIRECTION('',(0.529919264233,0.848048096156,-0.));
#593 = PCURVE('',#205,#594);
#594 = DEFINITIONAL_REPRESENTATION('',(#595),#598);
#595 = B_SPLINE_CURVE_WITH_KNOTS('',1,(#596,#597),.UNSPECIFIED.,.F.,.F.,
  (2,2),(-8.55,-7.25),.PIECEWISE_BEZIER_KNOTS.);
#596 = CARTESIAN_POINT('',(36.2,1.8));
#597 = CARTESIAN_POINT('',(36.2,0.5));
#598 = ( GEOMETRIC_REPRESENTATION_CONTEXT(2) 
PARAMETRIC_REPRESENTATION_CONTEXT() REPRESENTATION_CONTEXT('2D SPACE',''
  ) );
#599 = PCURVE('',#334,#600);
#600 = DEFINITIONAL_REPRESENTATION('',(#601),#604);
#601 = B_SPLINE_CURVE_WITH_KNOTS('',1,(#602,#603),.UNSPECIFIED.,.F.,.F.,
  (2,2),(-8.55,-7.25),.PIECEWISE_BEZIER_KNOTS.);
#602 = CARTESIAN_POINT('',(1.19,-15.3));
#603 = CARTESIAN_POINT('',(1.19,-14.));
#604 = ( GEOMETRIC_REPRESENTATION_CONTEXT(2) 
PARAMETRIC_REPRESENTATION_CONTEXT() REPRESENTATION_CONTEXT('2D SPACE',''
  ) );
#605 = ADVANCED_FACE('',(#606),#179,.T.);
#606 = FACE_BOUND('',#607,.T.);
#607 = EDGE_LOOP('',(#608,#638,#664,#683,#684,#685));
#608 = ORIENTED_EDGE('',*,*,#609,.F.);
#609 = EDGE_CURVE('',#610,#612,#614,.T.);
#610 = VERTEX_POINT('',#611);
#611 = CARTESIAN_POINT('',(-46.73755211803,23.898561086693,-329.31));
#612 = VERTEX_POINT('',#613);
#613 = CARTESIAN_POINT('',(-47.07677135649,24.110528792386,-329.31));
#614 = SURFACE_CURVE('',#615,(#619,#626),.PCURVE_S1.);
#615 = LINE('',#616,#617);
#616 = CARTESIAN_POINT('',(-16.29262546601,4.874459500721,-329.31));
#617 = VECTOR('',#618,1.);
#618 = DIRECTION('',(-0.848048096156,0.529919264233,0.));
#619 = PCURVE('',#179,#620);
#620 = DEFINITIONAL_REPRESENTATION('',(#621),#625);
#621 = LINE('',#622,#623);
#622 = CARTESIAN_POINT('',(0.,0.));
#623 = VECTOR('',#624,1.);
#624 = DIRECTION('',(0.,1.));
#625 = ( GEOMETRIC_REPRESENTATION_CONTEXT(2) 
PARAMETRIC_REPRESENTATION_CONTEXT() REPRESENTATION_CONTEXT('2D SPACE',''
  ) );
#626 = PCURVE('',#627,#632);
#627 = PLANE('',#628);
#628 = AXIS2_PLACEMENT_3D('',#629,#630,#631);
#629 = CARTESIAN_POINT('',(-16.29262546601,4.874459500721,-329.31));
#630 = DIRECTION('',(0.,0.,1.));
#631 = DIRECTION('',(-0.848048096156,0.529919264233,0.));
#632 = DEFINITIONAL_REPRESENTATION('',(#633),#637);
#633 = LINE('',#634,#635);
#634 = CARTESIAN_POINT('',(0.,0.));
#635 = VECTOR('',#636,1.);
#636 = DIRECTION('',(1.,0.));
#637 = ( GEOMETRIC_REPRESENTATION_CONTEXT(2) 
PARAMETRIC_REPRESENTATION_CONTEXT() REPRESENTATION_CONTEXT('2D SPACE',''
  ) );
#638 = ORIENTED_EDGE('',*,*,#639,.T.);
#639 = EDGE_CURVE('',#610,#640,#642,.T.);
#640 = VERTEX_POINT('',#641);
#641 = CARTESIAN_POINT('',(-46.73755211803,23.898561086693,-329.3));
#642 = SURFACE_CURVE('',#643,(#647,#653),.PCURVE_S1.);
#643 = LINE('',#644,#645);
#644 = CARTESIAN_POINT('',(-46.73755211803,23.898561086693,-334.93));
#645 = VECTOR('',#646,1.);
#646 = DIRECTION('',(0.,0.,1.));
#647 = PCURVE('',#179,#648);
#648 = DEFINITIONAL_REPRESENTATION('',(#649),#652);
#649 = B_SPLINE_CURVE_WITH_KNOTS('',1,(#650,#651),.UNSPECIFIED.,.F.,.F.,
  (2,2),(5.62,5.63),.PIECEWISE_BEZIER_KNOTS.);
#650 = CARTESIAN_POINT('',(0.,35.9));
#651 = CARTESIAN_POINT('',(9.999999999991E-03,35.9));
#652 = ( GEOMETRIC_REPRESENTATION_CONTEXT(2) 
PARAMETRIC_REPRESENTATION_CONTEXT() REPRESENTATION_CONTEXT('2D SPACE',''
  ) );
#653 = PCURVE('',#654,#659);
#654 = PLANE('',#655);
#655 = AXIS2_PLACEMENT_3D('',#656,#657,#658);
#656 = CARTESIAN_POINT('',(-41.70331910781,31.955018000179,-340.55));
#657 = DIRECTION('',(-0.848048096156,0.529919264233,0.));
#658 = DIRECTION('',(0.,0.,1.));
#659 = DEFINITIONAL_REPRESENTATION('',(#660),#663);
#660 = B_SPLINE_CURVE_WITH_KNOTS('',1,(#661,#662),.UNSPECIFIED.,.F.,.F.,
  (2,2),(5.62,5.63),.PIECEWISE_BEZIER_KNOTS.);
#661 = CARTESIAN_POINT('',(11.24,-9.5));
#662 = CARTESIAN_POINT('',(11.25,-9.5));
#663 = ( GEOMETRIC_REPRESENTATION_CONTEXT(2) 
PARAMETRIC_REPRESENTATION_CONTEXT() REPRESENTATION_CONTEXT('2D SPACE',''
  ) );
#664 = ORIENTED_EDGE('',*,*,#665,.T.);
#665 = EDGE_CURVE('',#640,#137,#666,.T.);
#666 = SURFACE_CURVE('',#667,(#671,#677),.PCURVE_S1.);
#667 = LINE('',#668,#669);
#668 = CARTESIAN_POINT('',(-16.33502787082,4.900955463932,-329.3));
#669 = VECTOR('',#670,1.);
#670 = DIRECTION('',(0.848048096156,-0.529919264233,0.));
#671 = PCURVE('',#179,#672);
#672 = DEFINITIONAL_REPRESENTATION('',(#673),#676);
#673 = B_SPLINE_CURVE_WITH_KNOTS('',1,(#674,#675),.UNSPECIFIED.,.F.,.F.,
  (2,2),(-36.15,-5.E-02),.PIECEWISE_BEZIER_KNOTS.);
#674 = CARTESIAN_POINT('',(9.999999999991E-03,36.2));
#675 = CARTESIAN_POINT('',(9.999999999991E-03,0.1));
#676 = ( GEOMETRIC_REPRESENTATION_CONTEXT(2) 
PARAMETRIC_REPRESENTATION_CONTEXT() REPRESENTATION_CONTEXT('2D SPACE',''
  ) );
#677 = PCURVE('',#152,#678);
#678 = DEFINITIONAL_REPRESENTATION('',(#679),#682);
#679 = B_SPLINE_CURVE_WITH_KNOTS('',1,(#680,#681),.UNSPECIFIED.,.F.,.F.,
  (2,2),(-36.15,-5.E-02),.PIECEWISE_BEZIER_KNOTS.);
#680 = CARTESIAN_POINT('',(36.1,13.5));
#681 = CARTESIAN_POINT('',(0.,13.5));
#682 = ( GEOMETRIC_REPRESENTATION_CONTEXT(2) 
PARAMETRIC_REPRESENTATION_CONTEXT() REPRESENTATION_CONTEXT('2D SPACE',''
  ) );
#683 = ORIENTED_EDGE('',*,*,#164,.T.);
#684 = ORIENTED_EDGE('',*,*,#510,.T.);
#685 = ORIENTED_EDGE('',*,*,#686,.F.);
#686 = EDGE_CURVE('',#612,#511,#687,.T.);
#687 = SURFACE_CURVE('',#688,(#692,#699),.PCURVE_S1.);
#688 = LINE('',#689,#690);
#689 = CARTESIAN_POINT('',(-47.07677135649,24.110528792386,-329.31));
#690 = VECTOR('',#691,1.);
#691 = DIRECTION('',(0.,0.,1.));
#692 = PCURVE('',#179,#693);
#693 = DEFINITIONAL_REPRESENTATION('',(#694),#698);
#694 = LINE('',#695,#696);
#695 = CARTESIAN_POINT('',(0.,36.3));
#696 = VECTOR('',#697,1.);
#697 = DIRECTION('',(1.,0.));
#698 = ( GEOMETRIC_REPRESENTATION_CONTEXT(2) 
PARAMETRIC_REPRESENTATION_CONTEXT() REPRESENTATION_CONTEXT('2D SPACE',''
  ) );
#699 = PCURVE('',#549,#700);
#700 = DEFINITIONAL_REPRESENTATION('',(#701),#705);
#701 = LINE('',#702,#703);
#702 = CARTESIAN_POINT('',(0.,0.));
#703 = VECTOR('',#704,1.);
#704 = DIRECTION('',(1.,0.));
#705 = ( GEOMETRIC_REPRESENTATION_CONTEXT(2) 
PARAMETRIC_REPRESENTATION_CONTEXT() REPRESENTATION_CONTEXT('2D SPACE',''
  ) );
#706 = ADVANCED_FACE('',(#707,#833),#152,.F.);
#707 = FACE_BOUND('',#708,.F.);
#708 = EDGE_LOOP('',(#709,#730,#731,#732,#753,#781,#809));
#709 = ORIENTED_EDGE('',*,*,#710,.T.);
#710 = EDGE_CURVE('',#711,#640,#713,.T.);
#711 = VERTEX_POINT('',#712);
#712 = CARTESIAN_POINT('',(-41.70331910781,31.955018000179,-329.3));
#713 = SURFACE_CURVE('',#714,(#718,#724),.PCURVE_S1.);
#714 = LINE('',#715,#716);
#715 = CARTESIAN_POINT('',(-40.64348057934,33.651114192492,-329.3));
#716 = VECTOR('',#717,1.);
#717 = DIRECTION('',(-0.529919264233,-0.848048096156,0.));
#718 = PCURVE('',#152,#719);
#719 = DEFINITIONAL_REPRESENTATION('',(#720),#723);
#720 = B_SPLINE_CURVE_WITH_KNOTS('',1,(#721,#722),.UNSPECIFIED.,.F.,.F.,
  (2,2),(2.,12.),.PIECEWISE_BEZIER_KNOTS.);
#721 = CARTESIAN_POINT('',(35.8,4.));
#722 = CARTESIAN_POINT('',(35.8,14.));
#723 = ( GEOMETRIC_REPRESENTATION_CONTEXT(2) 
PARAMETRIC_REPRESENTATION_CONTEXT() REPRESENTATION_CONTEXT('2D SPACE',''
  ) );
#724 = PCURVE('',#654,#725);
#725 = DEFINITIONAL_REPRESENTATION('',(#726),#729);
#726 = B_SPLINE_CURVE_WITH_KNOTS('',1,(#727,#728),.UNSPECIFIED.,.F.,.F.,
  (2,2),(2.,12.),.PIECEWISE_BEZIER_KNOTS.);
#727 = CARTESIAN_POINT('',(11.25,0.));
#728 = CARTESIAN_POINT('',(11.25,-10.));
#729 = ( GEOMETRIC_REPRESENTATION_CONTEXT(2) 
PARAMETRIC_REPRESENTATION_CONTEXT() REPRESENTATION_CONTEXT('2D SPACE',''
  ) );
#730 = ORIENTED_EDGE('',*,*,#665,.T.);
#731 = ORIENTED_EDGE('',*,*,#136,.F.);
#732 = ORIENTED_EDGE('',*,*,#733,.F.);
#733 = EDGE_CURVE('',#734,#111,#736,.T.);
#734 = VERTEX_POINT('',#735);
#735 = CARTESIAN_POINT('',(-19.29120354904,22.667087489499,-329.3));
#736 = SURFACE_CURVE('',#737,(#741,#747),.PCURVE_S1.);
#737 = LINE('',#738,#739);
#738 = CARTESIAN_POINT('',(123.64540627531,-145.2828608952,-329.3));
#739 = VECTOR('',#740,1.);
#740 = DIRECTION('',(0.648119901063,-0.761538307537,0.));
#741 = PCURVE('',#152,#742);
#742 = DEFINITIONAL_REPRESENTATION('',(#743),#746);
#743 = B_SPLINE_CURVE_WITH_KNOTS('',1,(#744,#745),.UNSPECIFIED.,.F.,.F.,
  (2,2),(-220.5403808614,-208.0857952594),.PIECEWISE_BEZIER_KNOTS.);
#744 = CARTESIAN_POINT('',(11.871594767076,-8.302029030766E-15));
#745 = CARTESIAN_POINT('',(3.642883005558E-14,3.765891687825));
#746 = ( GEOMETRIC_REPRESENTATION_CONTEXT(2) 
PARAMETRIC_REPRESENTATION_CONTEXT() REPRESENTATION_CONTEXT('2D SPACE',''
  ) );
#747 = PCURVE('',#125,#748);
#748 = DEFINITIONAL_REPRESENTATION('',(#749),#752);
#749 = B_SPLINE_CURVE_WITH_KNOTS('',1,(#750,#751),.UNSPECIFIED.,.F.,.F.,
  (2,2),(-220.5403808614,-208.0857952594),.PIECEWISE_BEZIER_KNOTS.);
#750 = CARTESIAN_POINT('',(196.95,429.76486837913));
#751 = CARTESIAN_POINT('',(196.95,417.31028277711));
#752 = ( GEOMETRIC_REPRESENTATION_CONTEXT(2) 
PARAMETRIC_REPRESENTATION_CONTEXT() REPRESENTATION_CONTEXT('2D SPACE',''
  ) );
#753 = ORIENTED_EDGE('',*,*,#754,.T.);
#754 = EDGE_CURVE('',#734,#755,#757,.T.);
#755 = VERTEX_POINT('',#756);
#756 = CARTESIAN_POINT('',(-39.83805647972,35.506186164074,-329.3));
#757 = SURFACE_CURVE('',#758,(#762,#769),.PCURVE_S1.);
#758 = LINE('',#759,#760);
#759 = CARTESIAN_POINT('',(-9.223520208482,16.376100725256,-329.3));
#760 = VECTOR('',#761,1.);
#761 = DIRECTION('',(-0.848048096156,0.529919264233,0.));
#762 = PCURVE('',#152,#763);
#763 = DEFINITIONAL_REPRESENTATION('',(#764),#768);
#764 = LINE('',#765,#766);
#765 = CARTESIAN_POINT('',(0.,0.));
#766 = VECTOR('',#767,1.);
#767 = DIRECTION('',(1.,0.));
#768 = ( GEOMETRIC_REPRESENTATION_CONTEXT(2) 
PARAMETRIC_REPRESENTATION_CONTEXT() REPRESENTATION_CONTEXT('2D SPACE',''
  ) );
#769 = PCURVE('',#770,#775);
#770 = PLANE('',#771);
#771 = AXIS2_PLACEMENT_3D('',#772,#773,#774);
#772 = CARTESIAN_POINT('',(-9.223520208482,16.376100725256,-329.3));
#773 = DIRECTION('',(-0.529919264233,-0.848048096156,0.));
#774 = DIRECTION('',(0.,0.,1.));
#775 = DEFINITIONAL_REPRESENTATION('',(#776),#780);
#776 = LINE('',#777,#778);
#777 = CARTESIAN_POINT('',(0.,0.));
#778 = VECTOR('',#779,1.);
#779 = DIRECTION('',(0.,1.));
#780 = ( GEOMETRIC_REPRESENTATION_CONTEXT(2) 
PARAMETRIC_REPRESENTATION_CONTEXT() REPRESENTATION_CONTEXT('2D SPACE',''
  ) );
#781 = ORIENTED_EDGE('',*,*,#782,.T.);
#782 = EDGE_CURVE('',#755,#783,#785,.T.);
#783 = VERTEX_POINT('',#784);
#784 = CARTESIAN_POINT('',(-41.95773353666,32.113993779449,-329.3));
#785 = SURFACE_CURVE('',#786,(#790,#797),.PCURVE_S1.);
#786 = LINE('',#787,#788);
#787 = CARTESIAN_POINT('',(-39.83805647972,35.506186164074,-329.3));
#788 = VECTOR('',#789,1.);
#789 = DIRECTION('',(-0.529919264233,-0.848048096156,0.));
#790 = PCURVE('',#152,#791);
#791 = DEFINITIONAL_REPRESENTATION('',(#792),#796);
#792 = LINE('',#793,#794);
#793 = CARTESIAN_POINT('',(36.1,0.));
#794 = VECTOR('',#795,1.);
#795 = DIRECTION('',(0.,1.));
#796 = ( GEOMETRIC_REPRESENTATION_CONTEXT(2) 
PARAMETRIC_REPRESENTATION_CONTEXT() REPRESENTATION_CONTEXT('2D SPACE',''
  ) );
#797 = PCURVE('',#798,#803);
#798 = PLANE('',#799);
#799 = AXIS2_PLACEMENT_3D('',#800,#801,#802);
#800 = CARTESIAN_POINT('',(-39.83805647972,35.506186164074,-329.3));
#801 = DIRECTION('',(-0.848048096156,0.529919264233,0.));
#802 = DIRECTION('',(0.,0.,1.));
#803 = DEFINITIONAL_REPRESENTATION('',(#804),#808);
#804 = LINE('',#805,#806);
#805 = CARTESIAN_POINT('',(0.,0.));
#806 = VECTOR('',#807,1.);
#807 = DIRECTION('',(0.,-1.));
#808 = ( GEOMETRIC_REPRESENTATION_CONTEXT(2) 
PARAMETRIC_REPRESENTATION_CONTEXT() REPRESENTATION_CONTEXT('2D SPACE',''
  ) );
#809 = ORIENTED_EDGE('',*,*,#810,.T.);
#810 = EDGE_CURVE('',#783,#711,#811,.T.);
#811 = SURFACE_CURVE('',#812,(#816,#822),.PCURVE_S1.);
#812 = LINE('',#813,#814);
#813 = CARTESIAN_POINT('',(-26.52325818661,22.469463170404,-329.3));
#814 = VECTOR('',#815,1.);
#815 = DIRECTION('',(0.848048096156,-0.529919264233,0.));
#816 = PCURVE('',#152,#817);
#817 = DEFINITIONAL_REPRESENTATION('',(#818),#821);
#818 = B_SPLINE_CURVE_WITH_KNOTS('',1,(#819,#820),.UNSPECIFIED.,.F.,.F.,
  (2,2),(-18.2,-17.9),.PIECEWISE_BEZIER_KNOTS.);
#819 = CARTESIAN_POINT('',(36.1,4.));
#820 = CARTESIAN_POINT('',(35.8,4.));
#821 = ( GEOMETRIC_REPRESENTATION_CONTEXT(2) 
PARAMETRIC_REPRESENTATION_CONTEXT() REPRESENTATION_CONTEXT('2D SPACE',''
  ) );
#822 = PCURVE('',#823,#828);
#823 = PLANE('',#824);
#824 = AXIS2_PLACEMENT_3D('',#825,#826,#827);
#825 = CARTESIAN_POINT('',(-41.70331910781,31.955018000179,-340.55));
#826 = DIRECTION('',(-0.529919264233,-0.848048096156,0.));
#827 = DIRECTION('',(0.,0.,1.));
#828 = DEFINITIONAL_REPRESENTATION('',(#829),#832);
#829 = B_SPLINE_CURVE_WITH_KNOTS('',1,(#830,#831),.UNSPECIFIED.,.F.,.F.,
  (2,2),(-18.2,-17.9),.PIECEWISE_BEZIER_KNOTS.);
#830 = CARTESIAN_POINT('',(11.25,0.3));
#831 = CARTESIAN_POINT('',(11.25,0.));
#832 = ( GEOMETRIC_REPRESENTATION_CONTEXT(2) 
PARAMETRIC_REPRESENTATION_CONTEXT() REPRESENTATION_CONTEXT('2D SPACE',''
  ) );
#833 = FACE_BOUND('',#834,.F.);
#834 = EDGE_LOOP('',(#835,#863,#889,#915));
#835 = ORIENTED_EDGE('',*,*,#836,.T.);
#836 = EDGE_CURVE('',#837,#839,#841,.T.);
#837 = VERTEX_POINT('',#838);
#838 = CARTESIAN_POINT('',(-13.61723105153,15.949473254297,-329.3));
#839 = VERTEX_POINT('',#840);
#840 = CARTESIAN_POINT('',(-13.62963758482,15.929618650685,-329.3));
#841 = SURFACE_CURVE('',#842,(#846,#852),.PCURVE_S1.);
#842 = LINE('',#843,#844);
#843 = CARTESIAN_POINT('',(-13.81445526379,15.633848537456,-329.3));
#844 = VECTOR('',#845,1.);
#845 = DIRECTION('',(-0.529919264233,-0.848048096156,0.));
#846 = PCURVE('',#152,#847);
#847 = DEFINITIONAL_REPRESENTATION('',(#848),#851);
#848 = B_SPLINE_CURVE_WITH_KNOTS('',1,(#849,#850),.UNSPECIFIED.,.F.,.F.,
  (2,2),(-2.862290481384,9.937709518616),.PIECEWISE_BEZIER_KNOTS.);
#849 = CARTESIAN_POINT('',(3.5,0.2));
#850 = CARTESIAN_POINT('',(3.5,13.));
#851 = ( GEOMETRIC_REPRESENTATION_CONTEXT(2) 
PARAMETRIC_REPRESENTATION_CONTEXT() REPRESENTATION_CONTEXT('2D SPACE',''
  ) );
#852 = PCURVE('',#853,#858);
#853 = PLANE('',#854);
#854 = AXIS2_PLACEMENT_3D('',#855,#856,#857);
#855 = CARTESIAN_POINT('',(-15.43722198255,13.036878924841,
    -333.4221737154));
#856 = DIRECTION('',(-0.848048096156,0.529919264233,2.22044604925E-16));
#857 = DIRECTION('',(-0.529919264233,-0.848048096156,0.));
#858 = DEFINITIONAL_REPRESENTATION('',(#859),#862);
#859 = B_SPLINE_CURVE_WITH_KNOTS('',1,(#860,#861),.UNSPECIFIED.,.F.,.F.,
  (2,2),(-2.862290481384,9.937709518616),.PIECEWISE_BEZIER_KNOTS.);
#860 = CARTESIAN_POINT('',(-5.924580962768,4.122173715492));
#861 = CARTESIAN_POINT('',(6.875419037232,4.122173715492));
#862 = ( GEOMETRIC_REPRESENTATION_CONTEXT(2) 
PARAMETRIC_REPRESENTATION_CONTEXT() REPRESENTATION_CONTEXT('2D SPACE',''
  ) );
#863 = ORIENTED_EDGE('',*,*,#864,.T.);
#864 = EDGE_CURVE('',#839,#865,#867,.T.);
#865 = VERTEX_POINT('',#866);
#866 = CARTESIAN_POINT('',(-36.2725217522,30.078463005712,-329.3));
#867 = SURFACE_CURVE('',#868,(#872,#878),.PCURVE_S1.);
#868 = LINE('',#869,#870);
#869 = CARTESIAN_POINT('',(-12.14555341655,15.002259938277,-329.3));
#870 = VECTOR('',#871,1.);
#871 = DIRECTION('',(-0.848048096156,0.529919264233,0.));
#872 = PCURVE('',#152,#873);
#873 = DEFINITIONAL_REPRESENTATION('',(#874),#877);
#874 = B_SPLINE_CURVE_WITH_KNOTS('',1,(#875,#876),.UNSPECIFIED.,.F.,.F.,
  (2,2),(1.75,28.45),.PIECEWISE_BEZIER_KNOTS.);
#875 = CARTESIAN_POINT('',(3.5,2.713524751504));
#876 = CARTESIAN_POINT('',(30.2,2.713524751504));
#877 = ( GEOMETRIC_REPRESENTATION_CONTEXT(2) 
PARAMETRIC_REPRESENTATION_CONTEXT() REPRESENTATION_CONTEXT('2D SPACE',''
  ) );
#878 = PCURVE('',#879,#884);
#879 = PLANE('',#880);
#880 = AXIS2_PLACEMENT_3D('',#881,#882,#883);
#881 = CARTESIAN_POINT('',(-19.08063898006,7.206192900038,-334.65));
#882 = DIRECTION('',(0.244516860692,0.391308775098,-0.887180335315));
#883 = DIRECTION('',(0.470133950532,0.752371594311,0.461422856641));
#884 = DEFINITIONAL_REPRESENTATION('',(#885),#888);
#885 = B_SPLINE_CURVE_WITH_KNOTS('',1,(#886,#887),.UNSPECIFIED.,.F.,.F.,
  (2,2),(1.75,28.45),.PIECEWISE_BEZIER_KNOTS.);
#886 = CARTESIAN_POINT('',(11.594570843197,0.));
#887 = CARTESIAN_POINT('',(11.594570843197,-26.7));
#888 = ( GEOMETRIC_REPRESENTATION_CONTEXT(2) 
PARAMETRIC_REPRESENTATION_CONTEXT() REPRESENTATION_CONTEXT('2D SPACE',''
  ) );
#889 = ORIENTED_EDGE('',*,*,#890,.F.);
#890 = EDGE_CURVE('',#891,#865,#893,.T.);
#891 = VERTEX_POINT('',#892);
#892 = CARTESIAN_POINT('',(-36.26011521891,30.098317609323,-329.3));
#893 = SURFACE_CURVE('',#894,(#898,#904),.PCURVE_S1.);
#894 = LINE('',#895,#896);
#895 = CARTESIAN_POINT('',(-36.45733943117,29.782692892483,-329.3));
#896 = VECTOR('',#897,1.);
#897 = DIRECTION('',(-0.529919264233,-0.848048096156,0.));
#898 = PCURVE('',#152,#899);
#899 = DEFINITIONAL_REPRESENTATION('',(#900),#903);
#900 = B_SPLINE_CURVE_WITH_KNOTS('',1,(#901,#902),.UNSPECIFIED.,.F.,.F.,
  (2,2),(-2.862290481384,9.937709518616),.PIECEWISE_BEZIER_KNOTS.);
#901 = CARTESIAN_POINT('',(30.2,0.2));
#902 = CARTESIAN_POINT('',(30.2,13.));
#903 = ( GEOMETRIC_REPRESENTATION_CONTEXT(2) 
PARAMETRIC_REPRESENTATION_CONTEXT() REPRESENTATION_CONTEXT('2D SPACE',''
  ) );
#904 = PCURVE('',#905,#910);
#905 = PLANE('',#906);
#906 = AXIS2_PLACEMENT_3D('',#907,#908,#909);
#907 = CARTESIAN_POINT('',(-38.08010614993,27.185723279867,
    -333.4221737154));
#908 = DIRECTION('',(-0.848048096156,0.529919264233,2.22044604925E-16));
#909 = DIRECTION('',(-0.529919264233,-0.848048096156,0.));
#910 = DEFINITIONAL_REPRESENTATION('',(#911),#914);
#911 = B_SPLINE_CURVE_WITH_KNOTS('',1,(#912,#913),.UNSPECIFIED.,.F.,.F.,
  (2,2),(-2.862290481384,9.937709518616),.PIECEWISE_BEZIER_KNOTS.);
#912 = CARTESIAN_POINT('',(-5.924580962768,4.122173715492));
#913 = CARTESIAN_POINT('',(6.875419037232,4.122173715492));
#914 = ( GEOMETRIC_REPRESENTATION_CONTEXT(2) 
PARAMETRIC_REPRESENTATION_CONTEXT() REPRESENTATION_CONTEXT('2D SPACE',''
  ) );
#915 = ORIENTED_EDGE('',*,*,#916,.T.);
#916 = EDGE_CURVE('',#891,#837,#917,.T.);
#917 = SURFACE_CURVE('',#918,(#922,#928),.PCURVE_S1.);
#918 = LINE('',#919,#920);
#919 = CARTESIAN_POINT('',(-12.13314688326,15.022114541889,-329.3));
#920 = VECTOR('',#921,1.);
#921 = DIRECTION('',(0.848048096156,-0.529919264233,0.));
#922 = PCURVE('',#152,#923);
#923 = DEFINITIONAL_REPRESENTATION('',(#924),#927);
#924 = B_SPLINE_CURVE_WITH_KNOTS('',1,(#925,#926),.UNSPECIFIED.,.F.,.F.,
  (2,2),(-28.45,-1.75),.PIECEWISE_BEZIER_KNOTS.);
#925 = CARTESIAN_POINT('',(30.2,2.690112631719));
#926 = CARTESIAN_POINT('',(3.5,2.690112631719));
#927 = ( GEOMETRIC_REPRESENTATION_CONTEXT(2) 
PARAMETRIC_REPRESENTATION_CONTEXT() REPRESENTATION_CONTEXT('2D SPACE',''
  ) );
#928 = PCURVE('',#929,#934);
#929 = PLANE('',#930);
#930 = AXIS2_PLACEMENT_3D('',#931,#932,#933);
#931 = CARTESIAN_POINT('',(-13.61944879717,15.945924119378,-329.29));
#932 = DIRECTION('',(-0.488836368565,-0.782301719665,-0.386060907341));
#933 = DIRECTION('',(0.204581111967,0.327398217471,-0.922473292742));
#934 = DEFINITIONAL_REPRESENTATION('',(#935),#938);
#935 = B_SPLINE_CURVE_WITH_KNOTS('',1,(#936,#937),.UNSPECIFIED.,.F.,.F.,
  (2,2),(-28.45,-1.75),.PIECEWISE_BEZIER_KNOTS.);
#936 = CARTESIAN_POINT('',(1.084042224168E-02,-26.7));
#937 = CARTESIAN_POINT('',(1.084042224167E-02,0.));
#938 = ( GEOMETRIC_REPRESENTATION_CONTEXT(2) 
PARAMETRIC_REPRESENTATION_CONTEXT() REPRESENTATION_CONTEXT('2D SPACE',''
  ) );
#939 = ADVANCED_FACE('',(#940),#125,.F.);
#940 = FACE_BOUND('',#941,.F.);
#941 = EDGE_LOOP('',(#942,#943,#944,#965));
#942 = ORIENTED_EDGE('',*,*,#733,.T.);
#943 = ORIENTED_EDGE('',*,*,#110,.T.);
#944 = ORIENTED_EDGE('',*,*,#945,.F.);
#945 = EDGE_CURVE('',#946,#83,#948,.T.);
#946 = VERTEX_POINT('',#947);
#947 = CARTESIAN_POINT('',(-19.29120354904,22.667087489499,-326.3));
#948 = SURFACE_CURVE('',#949,(#953,#959),.PCURVE_S1.);
#949 = LINE('',#950,#951);
#950 = CARTESIAN_POINT('',(123.64540627531,-145.2828608952,-326.3));
#951 = VECTOR('',#952,1.);
#952 = DIRECTION('',(0.648119901063,-0.761538307537,0.));
#953 = PCURVE('',#125,#954);
#954 = DEFINITIONAL_REPRESENTATION('',(#955),#958);
#955 = B_SPLINE_CURVE_WITH_KNOTS('',1,(#956,#957),.UNSPECIFIED.,.F.,.F.,
  (2,2),(-220.5403808614,-208.0857952594),.PIECEWISE_BEZIER_KNOTS.);
#956 = CARTESIAN_POINT('',(199.95,429.76486837913));
#957 = CARTESIAN_POINT('',(199.95,417.31028277711));
#958 = ( GEOMETRIC_REPRESENTATION_CONTEXT(2) 
PARAMETRIC_REPRESENTATION_CONTEXT() REPRESENTATION_CONTEXT('2D SPACE',''
  ) );
#959 = PCURVE('',#98,#960);
#960 = DEFINITIONAL_REPRESENTATION('',(#961),#964);
#961 = B_SPLINE_CURVE_WITH_KNOTS('',1,(#962,#963),.UNSPECIFIED.,.F.,.F.,
  (2,2),(-220.5403808614,-208.0857952594),.PIECEWISE_BEZIER_KNOTS.);
#962 = CARTESIAN_POINT('',(11.871594767076,-8.302029030766E-15));
#963 = CARTESIAN_POINT('',(3.642883005558E-14,3.765891687825));
#964 = ( GEOMETRIC_REPRESENTATION_CONTEXT(2) 
PARAMETRIC_REPRESENTATION_CONTEXT() REPRESENTATION_CONTEXT('2D SPACE',''
  ) );
#965 = ORIENTED_EDGE('',*,*,#966,.T.);
#966 = EDGE_CURVE('',#946,#734,#967,.T.);
#967 = SURFACE_CURVE('',#968,(#972,#978),.PCURVE_S1.);
#968 = LINE('',#969,#970);
#969 = CARTESIAN_POINT('',(-19.29120354904,22.667087489499,-427.775));
#970 = VECTOR('',#971,1.);
#971 = DIRECTION('',(0.,0.,-1.));
#972 = PCURVE('',#125,#973);
#973 = DEFINITIONAL_REPRESENTATION('',(#974),#977);
#974 = B_SPLINE_CURVE_WITH_KNOTS('',1,(#975,#976),.UNSPECIFIED.,.F.,.F.,
  (2,2),(-101.475,-98.475),.PIECEWISE_BEZIER_KNOTS.);
#975 = CARTESIAN_POINT('',(199.95,429.76486837913));
#976 = CARTESIAN_POINT('',(196.95,429.76486837913));
#977 = ( GEOMETRIC_REPRESENTATION_CONTEXT(2) 
PARAMETRIC_REPRESENTATION_CONTEXT() REPRESENTATION_CONTEXT('2D SPACE',''
  ) );
#978 = PCURVE('',#770,#979);
#979 = DEFINITIONAL_REPRESENTATION('',(#980),#983);
#980 = B_SPLINE_CURVE_WITH_KNOTS('',1,(#981,#982),.UNSPECIFIED.,.F.,.F.,
  (2,2),(-101.475,-98.475),.PIECEWISE_BEZIER_KNOTS.);
#981 = CARTESIAN_POINT('',(3.,11.871594767076));
#982 = CARTESIAN_POINT('',(0.,11.871594767076));
#983 = ( GEOMETRIC_REPRESENTATION_CONTEXT(2) 
PARAMETRIC_REPRESENTATION_CONTEXT() REPRESENTATION_CONTEXT('2D SPACE',''
  ) );
#984 = ADVANCED_FACE('',(#985),#98,.T.);
#985 = FACE_BOUND('',#986,.T.);
#986 = EDGE_LOOP('',(#987,#1012,#1033,#1034,#1035,#1058,#1081,#1102,
    #1128));
#987 = ORIENTED_EDGE('',*,*,#988,.T.);
#988 = EDGE_CURVE('',#989,#991,#993,.T.);
#989 = VERTEX_POINT('',#990);
#990 = CARTESIAN_POINT('',(-47.25692617899,23.633512817884,-326.3));
#991 = VERTEX_POINT('',#992);
#992 = CARTESIAN_POINT('',(-49.37660323592,20.241320433259,-326.3));
#993 = SURFACE_CURVE('',#994,(#998,#1005),.PCURVE_S1.);
#994 = LINE('',#995,#996);
#995 = CARTESIAN_POINT('',(-39.83805647972,35.506186164074,-326.3));
#996 = VECTOR('',#997,1.);
#997 = DIRECTION('',(-0.529919264233,-0.848048096156,0.));
#998 = PCURVE('',#98,#999);
#999 = DEFINITIONAL_REPRESENTATION('',(#1000),#1004);
#1000 = LINE('',#1001,#1002);
#1001 = CARTESIAN_POINT('',(36.1,0.));
#1002 = VECTOR('',#1003,1.);
#1003 = DIRECTION('',(0.,1.));
#1004 = ( GEOMETRIC_REPRESENTATION_CONTEXT(2) 
PARAMETRIC_REPRESENTATION_CONTEXT() REPRESENTATION_CONTEXT('2D SPACE',''
  ) );
#1005 = PCURVE('',#334,#1006);
#1006 = DEFINITIONAL_REPRESENTATION('',(#1007),#1011);
#1007 = LINE('',#1008,#1009);
#1008 = CARTESIAN_POINT('',(3.,0.));
#1009 = VECTOR('',#1010,1.);
#1010 = DIRECTION('',(0.,-1.));
#1011 = ( GEOMETRIC_REPRESENTATION_CONTEXT(2) 
PARAMETRIC_REPRESENTATION_CONTEXT() REPRESENTATION_CONTEXT('2D SPACE',''
  ) );
#1012 = ORIENTED_EDGE('',*,*,#1013,.F.);
#1013 = EDGE_CURVE('',#55,#991,#1014,.T.);
#1014 = SURFACE_CURVE('',#1015,(#1019,#1026),.PCURVE_S1.);
#1015 = LINE('',#1016,#1017);
#1016 = CARTESIAN_POINT('',(-18.76206696468,1.11123499444,-326.3));
#1017 = VECTOR('',#1018,1.);
#1018 = DIRECTION('',(-0.848048096156,0.529919264233,0.));
#1019 = PCURVE('',#98,#1020);
#1020 = DEFINITIONAL_REPRESENTATION('',(#1021),#1025);
#1021 = LINE('',#1022,#1023);
#1022 = CARTESIAN_POINT('',(0.,18.));
#1023 = VECTOR('',#1024,1.);
#1024 = DIRECTION('',(1.,0.));
#1025 = ( GEOMETRIC_REPRESENTATION_CONTEXT(2) 
PARAMETRIC_REPRESENTATION_CONTEXT() REPRESENTATION_CONTEXT('2D SPACE',''
  ) );
#1026 = PCURVE('',#70,#1027);
#1027 = DEFINITIONAL_REPRESENTATION('',(#1028),#1032);
#1028 = LINE('',#1029,#1030);
#1029 = CARTESIAN_POINT('',(3.,0.));
#1030 = VECTOR('',#1031,1.);
#1031 = DIRECTION('',(0.,1.));
#1032 = ( GEOMETRIC_REPRESENTATION_CONTEXT(2) 
PARAMETRIC_REPRESENTATION_CONTEXT() REPRESENTATION_CONTEXT('2D SPACE',''
  ) );
#1033 = ORIENTED_EDGE('',*,*,#82,.F.);
#1034 = ORIENTED_EDGE('',*,*,#945,.F.);
#1035 = ORIENTED_EDGE('',*,*,#1036,.T.);
#1036 = EDGE_CURVE('',#946,#1037,#1039,.T.);
#1037 = VERTEX_POINT('',#1038);
#1038 = CARTESIAN_POINT('',(-39.83805647972,35.506186164074,-326.3));
#1039 = SURFACE_CURVE('',#1040,(#1044,#1051),.PCURVE_S1.);
#1040 = LINE('',#1041,#1042);
#1041 = CARTESIAN_POINT('',(-9.223520208482,16.376100725256,-326.3));
#1042 = VECTOR('',#1043,1.);
#1043 = DIRECTION('',(-0.848048096156,0.529919264233,0.));
#1044 = PCURVE('',#98,#1045);
#1045 = DEFINITIONAL_REPRESENTATION('',(#1046),#1050);
#1046 = LINE('',#1047,#1048);
#1047 = CARTESIAN_POINT('',(0.,0.));
#1048 = VECTOR('',#1049,1.);
#1049 = DIRECTION('',(1.,0.));
#1050 = ( GEOMETRIC_REPRESENTATION_CONTEXT(2) 
PARAMETRIC_REPRESENTATION_CONTEXT() REPRESENTATION_CONTEXT('2D SPACE',''
  ) );
#1051 = PCURVE('',#770,#1052);
#1052 = DEFINITIONAL_REPRESENTATION('',(#1053),#1057);
#1053 = LINE('',#1054,#1055);
#1054 = CARTESIAN_POINT('',(3.,0.));
#1055 = VECTOR('',#1056,1.);
#1056 = DIRECTION('',(0.,1.));
#1057 = ( GEOMETRIC_REPRESENTATION_CONTEXT(2) 
PARAMETRIC_REPRESENTATION_CONTEXT() REPRESENTATION_CONTEXT('2D SPACE',''
  ) );
#1058 = ORIENTED_EDGE('',*,*,#1059,.T.);
#1059 = EDGE_CURVE('',#1037,#1060,#1062,.T.);
#1060 = VERTEX_POINT('',#1061);
#1061 = CARTESIAN_POINT('',(-41.95773353666,32.113993779449,-326.3));
#1062 = SURFACE_CURVE('',#1063,(#1067,#1074),.PCURVE_S1.);
#1063 = LINE('',#1064,#1065);
#1064 = CARTESIAN_POINT('',(-39.83805647972,35.506186164074,-326.3));
#1065 = VECTOR('',#1066,1.);
#1066 = DIRECTION('',(-0.529919264233,-0.848048096156,0.));
#1067 = PCURVE('',#98,#1068);
#1068 = DEFINITIONAL_REPRESENTATION('',(#1069),#1073);
#1069 = LINE('',#1070,#1071);
#1070 = CARTESIAN_POINT('',(36.1,0.));
#1071 = VECTOR('',#1072,1.);
#1072 = DIRECTION('',(0.,1.));
#1073 = ( GEOMETRIC_REPRESENTATION_CONTEXT(2) 
PARAMETRIC_REPRESENTATION_CONTEXT() REPRESENTATION_CONTEXT('2D SPACE',''
  ) );
#1074 = PCURVE('',#798,#1075);
#1075 = DEFINITIONAL_REPRESENTATION('',(#1076),#1080);
#1076 = LINE('',#1077,#1078);
#1077 = CARTESIAN_POINT('',(3.,0.));
#1078 = VECTOR('',#1079,1.);
#1079 = DIRECTION('',(0.,-1.));
#1080 = ( GEOMETRIC_REPRESENTATION_CONTEXT(2) 
PARAMETRIC_REPRESENTATION_CONTEXT() REPRESENTATION_CONTEXT('2D SPACE',''
  ) );
#1081 = ORIENTED_EDGE('',*,*,#1082,.T.);
#1082 = EDGE_CURVE('',#1060,#1083,#1085,.T.);
#1083 = VERTEX_POINT('',#1084);
#1084 = CARTESIAN_POINT('',(-41.70331910781,31.955018000179,-326.3));
#1085 = SURFACE_CURVE('',#1086,(#1090,#1096),.PCURVE_S1.);
#1086 = LINE('',#1087,#1088);
#1087 = CARTESIAN_POINT('',(-26.52325818661,22.469463170404,-326.3));
#1088 = VECTOR('',#1089,1.);
#1089 = DIRECTION('',(0.848048096156,-0.529919264233,0.));
#1090 = PCURVE('',#98,#1091);
#1091 = DEFINITIONAL_REPRESENTATION('',(#1092),#1095);
#1092 = B_SPLINE_CURVE_WITH_KNOTS('',1,(#1093,#1094),.UNSPECIFIED.,.F.,
  .F.,(2,2),(-18.2,-17.9),.PIECEWISE_BEZIER_KNOTS.);
#1093 = CARTESIAN_POINT('',(36.1,4.));
#1094 = CARTESIAN_POINT('',(35.8,4.));
#1095 = ( GEOMETRIC_REPRESENTATION_CONTEXT(2) 
PARAMETRIC_REPRESENTATION_CONTEXT() REPRESENTATION_CONTEXT('2D SPACE',''
  ) );
#1096 = PCURVE('',#823,#1097);
#1097 = DEFINITIONAL_REPRESENTATION('',(#1098),#1101);
#1098 = B_SPLINE_CURVE_WITH_KNOTS('',1,(#1099,#1100),.UNSPECIFIED.,.F.,
  .F.,(2,2),(-18.2,-17.9),.PIECEWISE_BEZIER_KNOTS.);
#1099 = CARTESIAN_POINT('',(14.25,0.3));
#1100 = CARTESIAN_POINT('',(14.25,0.));
#1101 = ( GEOMETRIC_REPRESENTATION_CONTEXT(2) 
PARAMETRIC_REPRESENTATION_CONTEXT() REPRESENTATION_CONTEXT('2D SPACE',''
  ) );
#1102 = ORIENTED_EDGE('',*,*,#1103,.T.);
#1103 = EDGE_CURVE('',#1083,#1104,#1106,.T.);
#1104 = VERTEX_POINT('',#1105);
#1105 = CARTESIAN_POINT('',(-47.00251175014,23.474537038614,-326.3));
#1106 = SURFACE_CURVE('',#1107,(#1111,#1117),.PCURVE_S1.);
#1107 = LINE('',#1108,#1109);
#1108 = CARTESIAN_POINT('',(-40.64348057934,33.651114192492,-326.3));
#1109 = VECTOR('',#1110,1.);
#1110 = DIRECTION('',(-0.529919264233,-0.848048096156,0.));
#1111 = PCURVE('',#98,#1112);
#1112 = DEFINITIONAL_REPRESENTATION('',(#1113),#1116);
#1113 = B_SPLINE_CURVE_WITH_KNOTS('',1,(#1114,#1115),.UNSPECIFIED.,.F.,
  .F.,(2,2),(2.,12.),.PIECEWISE_BEZIER_KNOTS.);
#1114 = CARTESIAN_POINT('',(35.8,4.));
#1115 = CARTESIAN_POINT('',(35.8,14.));
#1116 = ( GEOMETRIC_REPRESENTATION_CONTEXT(2) 
PARAMETRIC_REPRESENTATION_CONTEXT() REPRESENTATION_CONTEXT('2D SPACE',''
  ) );
#1117 = PCURVE('',#1118,#1123);
#1118 = PLANE('',#1119);
#1119 = AXIS2_PLACEMENT_3D('',#1120,#1121,#1122);
#1120 = CARTESIAN_POINT('',(-41.70331910781,31.955018000179,-340.55));
#1121 = DIRECTION('',(-0.848048096156,0.529919264233,0.));
#1122 = DIRECTION('',(0.,0.,1.));
#1123 = DEFINITIONAL_REPRESENTATION('',(#1124),#1127);
#1124 = B_SPLINE_CURVE_WITH_KNOTS('',1,(#1125,#1126),.UNSPECIFIED.,.F.,
  .F.,(2,2),(2.,12.),.PIECEWISE_BEZIER_KNOTS.);
#1125 = CARTESIAN_POINT('',(14.25,0.));
#1126 = CARTESIAN_POINT('',(14.25,-10.));
#1127 = ( GEOMETRIC_REPRESENTATION_CONTEXT(2) 
PARAMETRIC_REPRESENTATION_CONTEXT() REPRESENTATION_CONTEXT('2D SPACE',''
  ) );
#1128 = ORIENTED_EDGE('',*,*,#1129,.F.);
#1129 = EDGE_CURVE('',#989,#1104,#1130,.T.);
#1130 = SURFACE_CURVE('',#1131,(#1135,#1141),.PCURVE_S1.);
#1131 = LINE('',#1132,#1133);
#1132 = CARTESIAN_POINT('',(-31.82245082894,13.98898220884,-326.3));
#1133 = VECTOR('',#1134,1.);
#1134 = DIRECTION('',(0.848048096156,-0.529919264233,0.));
#1135 = PCURVE('',#98,#1136);
#1136 = DEFINITIONAL_REPRESENTATION('',(#1137),#1140);
#1137 = B_SPLINE_CURVE_WITH_KNOTS('',1,(#1138,#1139),.UNSPECIFIED.,.F.,
  .F.,(2,2),(-18.2,-17.9),.PIECEWISE_BEZIER_KNOTS.);
#1138 = CARTESIAN_POINT('',(36.1,14.));
#1139 = CARTESIAN_POINT('',(35.8,14.));
#1140 = ( GEOMETRIC_REPRESENTATION_CONTEXT(2) 
PARAMETRIC_REPRESENTATION_CONTEXT() REPRESENTATION_CONTEXT('2D SPACE',''
  ) );
#1141 = PCURVE('',#576,#1142);
#1142 = DEFINITIONAL_REPRESENTATION('',(#1143),#1146);
#1143 = B_SPLINE_CURVE_WITH_KNOTS('',1,(#1144,#1145),.UNSPECIFIED.,.F.,
  .F.,(2,2),(-18.2,-17.9),.PIECEWISE_BEZIER_KNOTS.);
#1144 = CARTESIAN_POINT('',(14.25,0.3));
#1145 = CARTESIAN_POINT('',(14.25,0.));
#1146 = ( GEOMETRIC_REPRESENTATION_CONTEXT(2) 
PARAMETRIC_REPRESENTATION_CONTEXT() REPRESENTATION_CONTEXT('2D SPACE',''
  ) );
#1147 = ADVANCED_FACE('',(#1148),#70,.T.);
#1148 = FACE_BOUND('',#1149,.T.);
#1149 = EDGE_LOOP('',(#1150,#1171,#1172,#1173));
#1150 = ORIENTED_EDGE('',*,*,#1151,.F.);
#1151 = EDGE_CURVE('',#320,#991,#1152,.T.);
#1152 = SURFACE_CURVE('',#1153,(#1157,#1164),.PCURVE_S1.);
#1153 = LINE('',#1154,#1155);
#1154 = CARTESIAN_POINT('',(-49.37660323592,20.241320433259,-329.3));
#1155 = VECTOR('',#1156,1.);
#1156 = DIRECTION('',(0.,0.,1.));
#1157 = PCURVE('',#70,#1158);
#1158 = DEFINITIONAL_REPRESENTATION('',(#1159),#1163);
#1159 = LINE('',#1160,#1161);
#1160 = CARTESIAN_POINT('',(0.,36.1));
#1161 = VECTOR('',#1162,1.);
#1162 = DIRECTION('',(1.,0.));
#1163 = ( GEOMETRIC_REPRESENTATION_CONTEXT(2) 
PARAMETRIC_REPRESENTATION_CONTEXT() REPRESENTATION_CONTEXT('2D SPACE',''
  ) );
#1164 = PCURVE('',#334,#1165);
#1165 = DEFINITIONAL_REPRESENTATION('',(#1166),#1170);
#1166 = LINE('',#1167,#1168);
#1167 = CARTESIAN_POINT('',(0.,-18.));
#1168 = VECTOR('',#1169,1.);
#1169 = DIRECTION('',(1.,0.));
#1170 = ( GEOMETRIC_REPRESENTATION_CONTEXT(2) 
PARAMETRIC_REPRESENTATION_CONTEXT() REPRESENTATION_CONTEXT('2D SPACE',''
  ) );
#1171 = ORIENTED_EDGE('',*,*,#345,.F.);
#1172 = ORIENTED_EDGE('',*,*,#54,.T.);
#1173 = ORIENTED_EDGE('',*,*,#1013,.T.);
#1174 = ADVANCED_FACE('',(#1175),#334,.T.);
#1175 = FACE_BOUND('',#1176,.T.);
#1176 = EDGE_LOOP('',(#1177,#1178,#1197,#1198,#1199,#1200,#1201,#1202));
#1177 = ORIENTED_EDGE('',*,*,#988,.F.);
#1178 = ORIENTED_EDGE('',*,*,#1179,.F.);
#1179 = EDGE_CURVE('',#562,#989,#1180,.T.);
#1180 = SURFACE_CURVE('',#1181,(#1185,#1191),.PCURVE_S1.);
#1181 = LINE('',#1182,#1183);
#1182 = CARTESIAN_POINT('',(-47.25692617899,23.633512817884,-334.925));
#1183 = VECTOR('',#1184,1.);
#1184 = DIRECTION('',(0.,0.,1.));
#1185 = PCURVE('',#334,#1186);
#1186 = DEFINITIONAL_REPRESENTATION('',(#1187),#1190);
#1187 = B_SPLINE_CURVE_WITH_KNOTS('',1,(#1188,#1189),.UNSPECIFIED.,.F.,
  .F.,(2,2),(5.625,8.625),.PIECEWISE_BEZIER_KNOTS.);
#1188 = CARTESIAN_POINT('',(0.,-14.));
#1189 = CARTESIAN_POINT('',(3.,-14.));
#1190 = ( GEOMETRIC_REPRESENTATION_CONTEXT(2) 
PARAMETRIC_REPRESENTATION_CONTEXT() REPRESENTATION_CONTEXT('2D SPACE',''
  ) );
#1191 = PCURVE('',#576,#1192);
#1192 = DEFINITIONAL_REPRESENTATION('',(#1193),#1196);
#1193 = B_SPLINE_CURVE_WITH_KNOTS('',1,(#1194,#1195),.UNSPECIFIED.,.F.,
  .F.,(2,2),(5.625,8.625),.PIECEWISE_BEZIER_KNOTS.);
#1194 = CARTESIAN_POINT('',(11.25,0.3));
#1195 = CARTESIAN_POINT('',(14.25,0.3));
#1196 = ( GEOMETRIC_REPRESENTATION_CONTEXT(2) 
PARAMETRIC_REPRESENTATION_CONTEXT() REPRESENTATION_CONTEXT('2D SPACE',''
  ) );
#1197 = ORIENTED_EDGE('',*,*,#587,.F.);
#1198 = ORIENTED_EDGE('',*,*,#484,.F.);
#1199 = ORIENTED_EDGE('',*,*,#414,.T.);
#1200 = ORIENTED_EDGE('',*,*,#369,.T.);
#1201 = ORIENTED_EDGE('',*,*,#319,.F.);
#1202 = ORIENTED_EDGE('',*,*,#1151,.T.);
#1203 = ADVANCED_FACE('',(#1204),#576,.T.);
#1204 = FACE_BOUND('',#1205,.T.);
#1205 = EDGE_LOOP('',(#1206,#1236,#1264,#1292,#1315,#1336,#1355,#1356,
    #1357,#1358));
#1206 = ORIENTED_EDGE('',*,*,#1207,.T.);
#1207 = EDGE_CURVE('',#1208,#1210,#1212,.T.);
#1208 = VERTEX_POINT('',#1209);
#1209 = CARTESIAN_POINT('',(-47.00251175014,23.474537038614,-326.25));
#1210 = VERTEX_POINT('',#1211);
#1211 = CARTESIAN_POINT('',(-51.83638589823,26.495076844744,-326.25));
#1212 = SURFACE_CURVE('',#1213,(#1217,#1224),.PCURVE_S1.);
#1213 = LINE('',#1214,#1215);
#1214 = CARTESIAN_POINT('',(-47.00251175014,23.474537038614,-326.25));
#1215 = VECTOR('',#1216,1.);
#1216 = DIRECTION('',(-0.848048096156,0.529919264233,0.));
#1217 = PCURVE('',#576,#1218);
#1218 = DEFINITIONAL_REPRESENTATION('',(#1219),#1223);
#1219 = LINE('',#1220,#1221);
#1220 = CARTESIAN_POINT('',(14.3,0.));
#1221 = VECTOR('',#1222,1.);
#1222 = DIRECTION('',(0.,1.));
#1223 = ( GEOMETRIC_REPRESENTATION_CONTEXT(2) 
PARAMETRIC_REPRESENTATION_CONTEXT() REPRESENTATION_CONTEXT('2D SPACE',''
  ) );
#1224 = PCURVE('',#1225,#1230);
#1225 = PLANE('',#1226);
#1226 = AXIS2_PLACEMENT_3D('',#1227,#1228,#1229);
#1227 = CARTESIAN_POINT('',(-41.70331910781,31.955018000179,-326.25));
#1228 = DIRECTION('',(0.,0.,1.));
#1229 = DIRECTION('',(-0.848048096156,0.529919264233,0.));
#1230 = DEFINITIONAL_REPRESENTATION('',(#1231),#1235);
#1231 = LINE('',#1232,#1233);
#1232 = CARTESIAN_POINT('',(0.,10.));
#1233 = VECTOR('',#1234,1.);
#1234 = DIRECTION('',(1.,0.));
#1235 = ( GEOMETRIC_REPRESENTATION_CONTEXT(2) 
PARAMETRIC_REPRESENTATION_CONTEXT() REPRESENTATION_CONTEXT('2D SPACE',''
  ) );
#1236 = ORIENTED_EDGE('',*,*,#1237,.F.);
#1237 = EDGE_CURVE('',#1238,#1210,#1240,.T.);
#1238 = VERTEX_POINT('',#1239);
#1239 = CARTESIAN_POINT('',(-51.83638589823,26.495076844744,-340.55));
#1240 = SURFACE_CURVE('',#1241,(#1245,#1252),.PCURVE_S1.);
#1241 = LINE('',#1242,#1243);
#1242 = CARTESIAN_POINT('',(-51.83638589823,26.495076844744,-340.55));
#1243 = VECTOR('',#1244,1.);
#1244 = DIRECTION('',(0.,0.,1.));
#1245 = PCURVE('',#576,#1246);
#1246 = DEFINITIONAL_REPRESENTATION('',(#1247),#1251);
#1247 = LINE('',#1248,#1249);
#1248 = CARTESIAN_POINT('',(0.,5.7));
#1249 = VECTOR('',#1250,1.);
#1250 = DIRECTION('',(1.,0.));
#1251 = ( GEOMETRIC_REPRESENTATION_CONTEXT(2) 
PARAMETRIC_REPRESENTATION_CONTEXT() REPRESENTATION_CONTEXT('2D SPACE',''
  ) );
#1252 = PCURVE('',#1253,#1258);
#1253 = PLANE('',#1254);
#1254 = AXIS2_PLACEMENT_3D('',#1255,#1256,#1257);
#1255 = CARTESIAN_POINT('',(-46.5371932559,34.975557806308,-340.55));
#1256 = DIRECTION('',(-0.848048096156,0.529919264233,0.));
#1257 = DIRECTION('',(0.,0.,1.));
#1258 = DEFINITIONAL_REPRESENTATION('',(#1259),#1263);
#1259 = LINE('',#1260,#1261);
#1260 = CARTESIAN_POINT('',(0.,-10.));
#1261 = VECTOR('',#1262,1.);
#1262 = DIRECTION('',(1.,0.));
#1263 = ( GEOMETRIC_REPRESENTATION_CONTEXT(2) 
PARAMETRIC_REPRESENTATION_CONTEXT() REPRESENTATION_CONTEXT('2D SPACE',''
  ) );
#1264 = ORIENTED_EDGE('',*,*,#1265,.F.);
#1265 = EDGE_CURVE('',#1266,#1238,#1268,.T.);
#1266 = VERTEX_POINT('',#1267);
#1267 = CARTESIAN_POINT('',(-47.00251175014,23.474537038614,-340.55));
#1268 = SURFACE_CURVE('',#1269,(#1273,#1280),.PCURVE_S1.);
#1269 = LINE('',#1270,#1271);
#1270 = CARTESIAN_POINT('',(-47.00251175014,23.474537038614,-340.55));
#1271 = VECTOR('',#1272,1.);
#1272 = DIRECTION('',(-0.848048096156,0.529919264233,0.));
#1273 = PCURVE('',#576,#1274);
#1274 = DEFINITIONAL_REPRESENTATION('',(#1275),#1279);
#1275 = LINE('',#1276,#1277);
#1276 = CARTESIAN_POINT('',(0.,0.));
#1277 = VECTOR('',#1278,1.);
#1278 = DIRECTION('',(0.,1.));
#1279 = ( GEOMETRIC_REPRESENTATION_CONTEXT(2) 
PARAMETRIC_REPRESENTATION_CONTEXT() REPRESENTATION_CONTEXT('2D SPACE',''
  ) );
#1280 = PCURVE('',#1281,#1286);
#1281 = PLANE('',#1282);
#1282 = AXIS2_PLACEMENT_3D('',#1283,#1284,#1285);
#1283 = CARTESIAN_POINT('',(-41.70331910781,31.955018000179,-340.55));
#1284 = DIRECTION('',(0.,0.,1.));
#1285 = DIRECTION('',(-0.848048096156,0.529919264233,0.));
#1286 = DEFINITIONAL_REPRESENTATION('',(#1287),#1291);
#1287 = LINE('',#1288,#1289);
#1288 = CARTESIAN_POINT('',(0.,10.));
#1289 = VECTOR('',#1290,1.);
#1290 = DIRECTION('',(1.,0.));
#1291 = ( GEOMETRIC_REPRESENTATION_CONTEXT(2) 
PARAMETRIC_REPRESENTATION_CONTEXT() REPRESENTATION_CONTEXT('2D SPACE',''
  ) );
#1292 = ORIENTED_EDGE('',*,*,#1293,.T.);
#1293 = EDGE_CURVE('',#1266,#1294,#1296,.T.);
#1294 = VERTEX_POINT('',#1295);
#1295 = CARTESIAN_POINT('',(-47.00251175014,23.474537038614,-329.31));
#1296 = SURFACE_CURVE('',#1297,(#1301,#1308),.PCURVE_S1.);
#1297 = LINE('',#1298,#1299);
#1298 = CARTESIAN_POINT('',(-47.00251175014,23.474537038614,-340.55));
#1299 = VECTOR('',#1300,1.);
#1300 = DIRECTION('',(0.,0.,1.));
#1301 = PCURVE('',#576,#1302);
#1302 = DEFINITIONAL_REPRESENTATION('',(#1303),#1307);
#1303 = LINE('',#1304,#1305);
#1304 = CARTESIAN_POINT('',(0.,0.));
#1305 = VECTOR('',#1306,1.);
#1306 = DIRECTION('',(1.,0.));
#1307 = ( GEOMETRIC_REPRESENTATION_CONTEXT(2) 
PARAMETRIC_REPRESENTATION_CONTEXT() REPRESENTATION_CONTEXT('2D SPACE',''
  ) );
#1308 = PCURVE('',#654,#1309);
#1309 = DEFINITIONAL_REPRESENTATION('',(#1310),#1314);
#1310 = LINE('',#1311,#1312);
#1311 = CARTESIAN_POINT('',(0.,-10.));
#1312 = VECTOR('',#1313,1.);
#1313 = DIRECTION('',(1.,0.));
#1314 = ( GEOMETRIC_REPRESENTATION_CONTEXT(2) 
PARAMETRIC_REPRESENTATION_CONTEXT() REPRESENTATION_CONTEXT('2D SPACE',''
  ) );
#1315 = ORIENTED_EDGE('',*,*,#1316,.T.);
#1316 = EDGE_CURVE('',#1294,#1317,#1319,.T.);
#1317 = VERTEX_POINT('',#1318);
#1318 = CARTESIAN_POINT('',(-47.34173098861,23.686504744308,-329.31));
#1319 = SURFACE_CURVE('',#1320,(#1324,#1330),.PCURVE_S1.);
#1320 = LINE('',#1321,#1322);
#1321 = CARTESIAN_POINT('',(-31.78004842413,13.962486245628,-329.31));
#1322 = VECTOR('',#1323,1.);
#1323 = DIRECTION('',(-0.848048096156,0.529919264233,0.));
#1324 = PCURVE('',#576,#1325);
#1325 = DEFINITIONAL_REPRESENTATION('',(#1326),#1329);
#1326 = B_SPLINE_CURVE_WITH_KNOTS('',1,(#1327,#1328),.UNSPECIFIED.,.F.,
  .F.,(2,2),(17.95,18.35),.PIECEWISE_BEZIER_KNOTS.);
#1327 = CARTESIAN_POINT('',(11.24,0.));
#1328 = CARTESIAN_POINT('',(11.24,0.4));
#1329 = ( GEOMETRIC_REPRESENTATION_CONTEXT(2) 
PARAMETRIC_REPRESENTATION_CONTEXT() REPRESENTATION_CONTEXT('2D SPACE',''
  ) );
#1330 = PCURVE('',#627,#1331);
#1331 = DEFINITIONAL_REPRESENTATION('',(#1332),#1335);
#1332 = B_SPLINE_CURVE_WITH_KNOTS('',1,(#1333,#1334),.UNSPECIFIED.,.F.,
  .F.,(2,2),(17.95,18.35),.PIECEWISE_BEZIER_KNOTS.);
#1333 = CARTESIAN_POINT('',(35.9,0.5));
#1334 = CARTESIAN_POINT('',(36.3,0.5));
#1335 = ( GEOMETRIC_REPRESENTATION_CONTEXT(2) 
PARAMETRIC_REPRESENTATION_CONTEXT() REPRESENTATION_CONTEXT('2D SPACE',''
  ) );
#1336 = ORIENTED_EDGE('',*,*,#1337,.F.);
#1337 = EDGE_CURVE('',#534,#1317,#1338,.T.);
#1338 = SURFACE_CURVE('',#1339,(#1343,#1349),.PCURVE_S1.);
#1339 = LINE('',#1340,#1341);
#1340 = CARTESIAN_POINT('',(-47.34173098861,23.686504744308,-334.93));
#1341 = VECTOR('',#1342,1.);
#1342 = DIRECTION('',(-0.,0.,-1.));
#1343 = PCURVE('',#576,#1344);
#1344 = DEFINITIONAL_REPRESENTATION('',(#1345),#1348);
#1345 = B_SPLINE_CURVE_WITH_KNOTS('',1,(#1346,#1347),.UNSPECIFIED.,.F.,
  .F.,(2,2),(-6.82,-5.62),.PIECEWISE_BEZIER_KNOTS.);
#1346 = CARTESIAN_POINT('',(12.44,0.4));
#1347 = CARTESIAN_POINT('',(11.24,0.4));
#1348 = ( GEOMETRIC_REPRESENTATION_CONTEXT(2) 
PARAMETRIC_REPRESENTATION_CONTEXT() REPRESENTATION_CONTEXT('2D SPACE',''
  ) );
#1349 = PCURVE('',#549,#1350);
#1350 = DEFINITIONAL_REPRESENTATION('',(#1351),#1354);
#1351 = B_SPLINE_CURVE_WITH_KNOTS('',1,(#1352,#1353),.UNSPECIFIED.,.F.,
  .F.,(2,2),(-6.82,-5.62),.PIECEWISE_BEZIER_KNOTS.);
#1352 = CARTESIAN_POINT('',(1.2,-0.5));
#1353 = CARTESIAN_POINT('',(0.,-0.5));
#1354 = ( GEOMETRIC_REPRESENTATION_CONTEXT(2) 
PARAMETRIC_REPRESENTATION_CONTEXT() REPRESENTATION_CONTEXT('2D SPACE',''
  ) );
#1355 = ORIENTED_EDGE('',*,*,#561,.F.);
#1356 = ORIENTED_EDGE('',*,*,#1179,.T.);
#1357 = ORIENTED_EDGE('',*,*,#1129,.T.);
#1358 = ORIENTED_EDGE('',*,*,#1359,.T.);
#1359 = EDGE_CURVE('',#1104,#1208,#1360,.T.);
#1360 = SURFACE_CURVE('',#1361,(#1365,#1372),.PCURVE_S1.);
#1361 = LINE('',#1362,#1363);
#1362 = CARTESIAN_POINT('',(-47.00251175014,23.474537038614,-340.55));
#1363 = VECTOR('',#1364,1.);
#1364 = DIRECTION('',(0.,0.,1.));
#1365 = PCURVE('',#576,#1366);
#1366 = DEFINITIONAL_REPRESENTATION('',(#1367),#1371);
#1367 = LINE('',#1368,#1369);
#1368 = CARTESIAN_POINT('',(0.,0.));
#1369 = VECTOR('',#1370,1.);
#1370 = DIRECTION('',(1.,0.));
#1371 = ( GEOMETRIC_REPRESENTATION_CONTEXT(2) 
PARAMETRIC_REPRESENTATION_CONTEXT() REPRESENTATION_CONTEXT('2D SPACE',''
  ) );
#1372 = PCURVE('',#1118,#1373);
#1373 = DEFINITIONAL_REPRESENTATION('',(#1374),#1378);
#1374 = LINE('',#1375,#1376);
#1375 = CARTESIAN_POINT('',(0.,-10.));
#1376 = VECTOR('',#1377,1.);
#1377 = DIRECTION('',(1.,0.));
#1378 = ( GEOMETRIC_REPRESENTATION_CONTEXT(2) 
PARAMETRIC_REPRESENTATION_CONTEXT() REPRESENTATION_CONTEXT('2D SPACE',''
  ) );
#1379 = ADVANCED_FACE('',(#1380),#549,.F.);
#1380 = FACE_BOUND('',#1381,.F.);
#1381 = EDGE_LOOP('',(#1382,#1383,#1384,#1405));
#1382 = ORIENTED_EDGE('',*,*,#533,.F.);
#1383 = ORIENTED_EDGE('',*,*,#686,.F.);
#1384 = ORIENTED_EDGE('',*,*,#1385,.T.);
#1385 = EDGE_CURVE('',#612,#1317,#1386,.T.);
#1386 = SURFACE_CURVE('',#1387,(#1391,#1398),.PCURVE_S1.);
#1387 = LINE('',#1388,#1389);
#1388 = CARTESIAN_POINT('',(-47.07677135649,24.110528792386,-329.31));
#1389 = VECTOR('',#1390,1.);
#1390 = DIRECTION('',(-0.529919264233,-0.848048096156,0.));
#1391 = PCURVE('',#549,#1392);
#1392 = DEFINITIONAL_REPRESENTATION('',(#1393),#1397);
#1393 = LINE('',#1394,#1395);
#1394 = CARTESIAN_POINT('',(0.,0.));
#1395 = VECTOR('',#1396,1.);
#1396 = DIRECTION('',(0.,-1.));
#1397 = ( GEOMETRIC_REPRESENTATION_CONTEXT(2) 
PARAMETRIC_REPRESENTATION_CONTEXT() REPRESENTATION_CONTEXT('2D SPACE',''
  ) );
#1398 = PCURVE('',#627,#1399);
#1399 = DEFINITIONAL_REPRESENTATION('',(#1400),#1404);
#1400 = LINE('',#1401,#1402);
#1401 = CARTESIAN_POINT('',(36.3,0.));
#1402 = VECTOR('',#1403,1.);
#1403 = DIRECTION('',(0.,1.));
#1404 = ( GEOMETRIC_REPRESENTATION_CONTEXT(2) 
PARAMETRIC_REPRESENTATION_CONTEXT() REPRESENTATION_CONTEXT('2D SPACE',''
  ) );
#1405 = ORIENTED_EDGE('',*,*,#1337,.F.);
#1406 = ADVANCED_FACE('',(#1407),#627,.T.);
#1407 = FACE_BOUND('',#1408,.T.);
#1408 = EDGE_LOOP('',(#1409,#1428,#1429,#1430));
#1409 = ORIENTED_EDGE('',*,*,#1410,.T.);
#1410 = EDGE_CURVE('',#1294,#610,#1411,.T.);
#1411 = SURFACE_CURVE('',#1412,(#1416,#1422),.PCURVE_S1.);
#1412 = LINE('',#1413,#1414);
#1413 = CARTESIAN_POINT('',(-44.22043561292,27.926789543436,-329.31));
#1414 = VECTOR('',#1415,1.);
#1415 = DIRECTION('',(0.529919264233,0.848048096156,-0.));
#1416 = PCURVE('',#627,#1417);
#1417 = DEFINITIONAL_REPRESENTATION('',(#1418),#1421);
#1418 = B_SPLINE_CURVE_WITH_KNOTS('',1,(#1419,#1420),.UNSPECIFIED.,.F.,
  .F.,(2,2),(-5.25,-4.75),.PIECEWISE_BEZIER_KNOTS.);
#1419 = CARTESIAN_POINT('',(35.9,0.5));
#1420 = CARTESIAN_POINT('',(35.9,0.));
#1421 = ( GEOMETRIC_REPRESENTATION_CONTEXT(2) 
PARAMETRIC_REPRESENTATION_CONTEXT() REPRESENTATION_CONTEXT('2D SPACE',''
  ) );
#1422 = PCURVE('',#654,#1423);
#1423 = DEFINITIONAL_REPRESENTATION('',(#1424),#1427);
#1424 = B_SPLINE_CURVE_WITH_KNOTS('',1,(#1425,#1426),.UNSPECIFIED.,.F.,
  .F.,(2,2),(-5.25,-4.75),.PIECEWISE_BEZIER_KNOTS.);
#1425 = CARTESIAN_POINT('',(11.24,-10.));
#1426 = CARTESIAN_POINT('',(11.24,-9.5));
#1427 = ( GEOMETRIC_REPRESENTATION_CONTEXT(2) 
PARAMETRIC_REPRESENTATION_CONTEXT() REPRESENTATION_CONTEXT('2D SPACE',''
  ) );
#1428 = ORIENTED_EDGE('',*,*,#609,.T.);
#1429 = ORIENTED_EDGE('',*,*,#1385,.T.);
#1430 = ORIENTED_EDGE('',*,*,#1316,.F.);
#1431 = ADVANCED_FACE('',(#1432,#1482),#654,.F.);
#1432 = FACE_BOUND('',#1433,.F.);
#1433 = EDGE_LOOP('',(#1434,#1457,#1478,#1479,#1480,#1481));
#1434 = ORIENTED_EDGE('',*,*,#1435,.F.);
#1435 = EDGE_CURVE('',#1436,#711,#1438,.T.);
#1436 = VERTEX_POINT('',#1437);
#1437 = CARTESIAN_POINT('',(-41.70331910781,31.955018000179,-340.55));
#1438 = SURFACE_CURVE('',#1439,(#1443,#1450),.PCURVE_S1.);
#1439 = LINE('',#1440,#1441);
#1440 = CARTESIAN_POINT('',(-41.70331910781,31.955018000179,-340.55));
#1441 = VECTOR('',#1442,1.);
#1442 = DIRECTION('',(0.,0.,1.));
#1443 = PCURVE('',#654,#1444);
#1444 = DEFINITIONAL_REPRESENTATION('',(#1445),#1449);
#1445 = LINE('',#1446,#1447);
#1446 = CARTESIAN_POINT('',(0.,0.));
#1447 = VECTOR('',#1448,1.);
#1448 = DIRECTION('',(1.,0.));
#1449 = ( GEOMETRIC_REPRESENTATION_CONTEXT(2) 
PARAMETRIC_REPRESENTATION_CONTEXT() REPRESENTATION_CONTEXT('2D SPACE',''
  ) );
#1450 = PCURVE('',#823,#1451);
#1451 = DEFINITIONAL_REPRESENTATION('',(#1452),#1456);
#1452 = LINE('',#1453,#1454);
#1453 = CARTESIAN_POINT('',(0.,0.));
#1454 = VECTOR('',#1455,1.);
#1455 = DIRECTION('',(1.,0.));
#1456 = ( GEOMETRIC_REPRESENTATION_CONTEXT(2) 
PARAMETRIC_REPRESENTATION_CONTEXT() REPRESENTATION_CONTEXT('2D SPACE',''
  ) );
#1457 = ORIENTED_EDGE('',*,*,#1458,.T.);
#1458 = EDGE_CURVE('',#1436,#1266,#1459,.T.);
#1459 = SURFACE_CURVE('',#1460,(#1464,#1471),.PCURVE_S1.);
#1460 = LINE('',#1461,#1462);
#1461 = CARTESIAN_POINT('',(-41.70331910781,31.955018000179,-340.55));
#1462 = VECTOR('',#1463,1.);
#1463 = DIRECTION('',(-0.529919264233,-0.848048096156,0.));
#1464 = PCURVE('',#654,#1465);
#1465 = DEFINITIONAL_REPRESENTATION('',(#1466),#1470);
#1466 = LINE('',#1467,#1468);
#1467 = CARTESIAN_POINT('',(0.,0.));
#1468 = VECTOR('',#1469,1.);
#1469 = DIRECTION('',(0.,-1.));
#1470 = ( GEOMETRIC_REPRESENTATION_CONTEXT(2) 
PARAMETRIC_REPRESENTATION_CONTEXT() REPRESENTATION_CONTEXT('2D SPACE',''
  ) );
#1471 = PCURVE('',#1281,#1472);
#1472 = DEFINITIONAL_REPRESENTATION('',(#1473),#1477);
#1473 = LINE('',#1474,#1475);
#1474 = CARTESIAN_POINT('',(0.,0.));
#1475 = VECTOR('',#1476,1.);
#1476 = DIRECTION('',(0.,1.));
#1477 = ( GEOMETRIC_REPRESENTATION_CONTEXT(2) 
PARAMETRIC_REPRESENTATION_CONTEXT() REPRESENTATION_CONTEXT('2D SPACE',''
  ) );
#1478 = ORIENTED_EDGE('',*,*,#1293,.T.);
#1479 = ORIENTED_EDGE('',*,*,#1410,.T.);
#1480 = ORIENTED_EDGE('',*,*,#639,.T.);
#1481 = ORIENTED_EDGE('',*,*,#710,.F.);
#1482 = FACE_BOUND('',#1483,.F.);
#1483 = EDGE_LOOP('',(#1484));
#1484 = ORIENTED_EDGE('',*,*,#1485,.F.);
#1485 = EDGE_CURVE('',#1486,#1486,#1488,.T.);
#1486 = VERTEX_POINT('',#1487);
#1487 = CARTESIAN_POINT('',(-44.35291542898,27.714777519397,-339.65));
#1488 = SURFACE_CURVE('',#1489,(#1494,#1501),.PCURVE_S1.);
#1489 = CIRCLE('',#1490,1.6);
#1490 = AXIS2_PLACEMENT_3D('',#1491,#1492,#1493);
#1491 = CARTESIAN_POINT('',(-44.35291542898,27.714777519397,-338.05));
#1492 = DIRECTION('',(-0.848048096156,0.529919264233,2.22044604925E-16)
  );
#1493 = DIRECTION('',(-1.883045044685E-16,1.176657136688E-16,-1.));
#1494 = PCURVE('',#654,#1495);
#1495 = DEFINITIONAL_REPRESENTATION('',(#1496),#1500);
#1496 = CIRCLE('',#1497,1.6);
#1497 = AXIS2_PLACEMENT_2D('',#1498,#1499);
#1498 = CARTESIAN_POINT('',(2.5,-5.));
#1499 = DIRECTION('',(-1.,5.017036955405E-33));
#1500 = ( GEOMETRIC_REPRESENTATION_CONTEXT(2) 
PARAMETRIC_REPRESENTATION_CONTEXT() REPRESENTATION_CONTEXT('2D SPACE',''
  ) );
#1501 = PCURVE('',#1502,#1507);
#1502 = CYLINDRICAL_SURFACE('',#1503,1.6);
#1503 = AXIS2_PLACEMENT_3D('',#1504,#1505,#1506);
#1504 = CARTESIAN_POINT('',(-43.25045290397,27.025882475893,-338.05));
#1505 = DIRECTION('',(-0.848048096156,0.529919264233,2.22044604925E-16)
  );
#1506 = DIRECTION('',(-1.883045044685E-16,1.176657136688E-16,-1.));
#1507 = DEFINITIONAL_REPRESENTATION('',(#1508),#1512);
#1508 = LINE('',#1509,#1510);
#1509 = CARTESIAN_POINT('',(0.,1.3));
#1510 = VECTOR('',#1511,1.);
#1511 = DIRECTION('',(1.,0.));
#1512 = ( GEOMETRIC_REPRESENTATION_CONTEXT(2) 
PARAMETRIC_REPRESENTATION_CONTEXT() REPRESENTATION_CONTEXT('2D SPACE',''
  ) );
#1513 = ADVANCED_FACE('',(#1514),#823,.F.);
#1514 = FACE_BOUND('',#1515,.F.);
#1515 = EDGE_LOOP('',(#1516,#1541,#1562,#1563,#1564,#1583,#1584,#1607));
#1516 = ORIENTED_EDGE('',*,*,#1517,.F.);
#1517 = EDGE_CURVE('',#1518,#1520,#1522,.T.);
#1518 = VERTEX_POINT('',#1519);
#1519 = CARTESIAN_POINT('',(-46.5371932559,34.975557806308,-340.55));
#1520 = VERTEX_POINT('',#1521);
#1521 = CARTESIAN_POINT('',(-46.5371932559,34.975557806308,-326.25));
#1522 = SURFACE_CURVE('',#1523,(#1527,#1534),.PCURVE_S1.);
#1523 = LINE('',#1524,#1525);
#1524 = CARTESIAN_POINT('',(-46.5371932559,34.975557806308,-340.55));
#1525 = VECTOR('',#1526,1.);
#1526 = DIRECTION('',(0.,0.,1.));
#1527 = PCURVE('',#823,#1528);
#1528 = DEFINITIONAL_REPRESENTATION('',(#1529),#1533);
#1529 = LINE('',#1530,#1531);
#1530 = CARTESIAN_POINT('',(0.,5.7));
#1531 = VECTOR('',#1532,1.);
#1532 = DIRECTION('',(1.,0.));
#1533 = ( GEOMETRIC_REPRESENTATION_CONTEXT(2) 
PARAMETRIC_REPRESENTATION_CONTEXT() REPRESENTATION_CONTEXT('2D SPACE',''
  ) );
#1534 = PCURVE('',#1253,#1535);
#1535 = DEFINITIONAL_REPRESENTATION('',(#1536),#1540);
#1536 = LINE('',#1537,#1538);
#1537 = CARTESIAN_POINT('',(0.,0.));
#1538 = VECTOR('',#1539,1.);
#1539 = DIRECTION('',(1.,0.));
#1540 = ( GEOMETRIC_REPRESENTATION_CONTEXT(2) 
PARAMETRIC_REPRESENTATION_CONTEXT() REPRESENTATION_CONTEXT('2D SPACE',''
  ) );
#1541 = ORIENTED_EDGE('',*,*,#1542,.F.);
#1542 = EDGE_CURVE('',#1436,#1518,#1543,.T.);
#1543 = SURFACE_CURVE('',#1544,(#1548,#1555),.PCURVE_S1.);
#1544 = LINE('',#1545,#1546);
#1545 = CARTESIAN_POINT('',(-41.70331910781,31.955018000179,-340.55));
#1546 = VECTOR('',#1547,1.);
#1547 = DIRECTION('',(-0.848048096156,0.529919264233,0.));
#1548 = PCURVE('',#823,#1549);
#1549 = DEFINITIONAL_REPRESENTATION('',(#1550),#1554);
#1550 = LINE('',#1551,#1552);
#1551 = CARTESIAN_POINT('',(0.,0.));
#1552 = VECTOR('',#1553,1.);
#1553 = DIRECTION('',(0.,1.));
#1554 = ( GEOMETRIC_REPRESENTATION_CONTEXT(2) 
PARAMETRIC_REPRESENTATION_CONTEXT() REPRESENTATION_CONTEXT('2D SPACE',''
  ) );
#1555 = PCURVE('',#1281,#1556);
#1556 = DEFINITIONAL_REPRESENTATION('',(#1557),#1561);
#1557 = LINE('',#1558,#1559);
#1558 = CARTESIAN_POINT('',(0.,0.));
#1559 = VECTOR('',#1560,1.);
#1560 = DIRECTION('',(1.,0.));
#1561 = ( GEOMETRIC_REPRESENTATION_CONTEXT(2) 
PARAMETRIC_REPRESENTATION_CONTEXT() REPRESENTATION_CONTEXT('2D SPACE',''
  ) );
#1562 = ORIENTED_EDGE('',*,*,#1435,.T.);
#1563 = ORIENTED_EDGE('',*,*,#810,.F.);
#1564 = ORIENTED_EDGE('',*,*,#1565,.T.);
#1565 = EDGE_CURVE('',#783,#1060,#1566,.T.);
#1566 = SURFACE_CURVE('',#1567,(#1571,#1577),.PCURVE_S1.);
#1567 = LINE('',#1568,#1569);
#1568 = CARTESIAN_POINT('',(-41.95773353666,32.113993779449,-334.925));
#1569 = VECTOR('',#1570,1.);
#1570 = DIRECTION('',(0.,0.,1.));
#1571 = PCURVE('',#823,#1572);
#1572 = DEFINITIONAL_REPRESENTATION('',(#1573),#1576);
#1573 = B_SPLINE_CURVE_WITH_KNOTS('',1,(#1574,#1575),.UNSPECIFIED.,.F.,
  .F.,(2,2),(5.625,8.625),.PIECEWISE_BEZIER_KNOTS.);
#1574 = CARTESIAN_POINT('',(11.25,0.3));
#1575 = CARTESIAN_POINT('',(14.25,0.3));
#1576 = ( GEOMETRIC_REPRESENTATION_CONTEXT(2) 
PARAMETRIC_REPRESENTATION_CONTEXT() REPRESENTATION_CONTEXT('2D SPACE',''
  ) );
#1577 = PCURVE('',#798,#1578);
#1578 = DEFINITIONAL_REPRESENTATION('',(#1579),#1582);
#1579 = B_SPLINE_CURVE_WITH_KNOTS('',1,(#1580,#1581),.UNSPECIFIED.,.F.,
  .F.,(2,2),(5.625,8.625),.PIECEWISE_BEZIER_KNOTS.);
#1580 = CARTESIAN_POINT('',(0.,-4.));
#1581 = CARTESIAN_POINT('',(3.,-4.));
#1582 = ( GEOMETRIC_REPRESENTATION_CONTEXT(2) 
PARAMETRIC_REPRESENTATION_CONTEXT() REPRESENTATION_CONTEXT('2D SPACE',''
  ) );
#1583 = ORIENTED_EDGE('',*,*,#1082,.T.);
#1584 = ORIENTED_EDGE('',*,*,#1585,.T.);
#1585 = EDGE_CURVE('',#1083,#1586,#1588,.T.);
#1586 = VERTEX_POINT('',#1587);
#1587 = CARTESIAN_POINT('',(-41.70331910781,31.955018000179,-326.25));
#1588 = SURFACE_CURVE('',#1589,(#1593,#1600),.PCURVE_S1.);
#1589 = LINE('',#1590,#1591);
#1590 = CARTESIAN_POINT('',(-41.70331910781,31.955018000179,-340.55));
#1591 = VECTOR('',#1592,1.);
#1592 = DIRECTION('',(0.,0.,1.));
#1593 = PCURVE('',#823,#1594);
#1594 = DEFINITIONAL_REPRESENTATION('',(#1595),#1599);
#1595 = LINE('',#1596,#1597);
#1596 = CARTESIAN_POINT('',(0.,0.));
#1597 = VECTOR('',#1598,1.);
#1598 = DIRECTION('',(1.,0.));
#1599 = ( GEOMETRIC_REPRESENTATION_CONTEXT(2) 
PARAMETRIC_REPRESENTATION_CONTEXT() REPRESENTATION_CONTEXT('2D SPACE',''
  ) );
#1600 = PCURVE('',#1118,#1601);
#1601 = DEFINITIONAL_REPRESENTATION('',(#1602),#1606);
#1602 = LINE('',#1603,#1604);
#1603 = CARTESIAN_POINT('',(0.,0.));
#1604 = VECTOR('',#1605,1.);
#1605 = DIRECTION('',(1.,0.));
#1606 = ( GEOMETRIC_REPRESENTATION_CONTEXT(2) 
PARAMETRIC_REPRESENTATION_CONTEXT() REPRESENTATION_CONTEXT('2D SPACE',''
  ) );
#1607 = ORIENTED_EDGE('',*,*,#1608,.T.);
#1608 = EDGE_CURVE('',#1586,#1520,#1609,.T.);
#1609 = SURFACE_CURVE('',#1610,(#1614,#1621),.PCURVE_S1.);
#1610 = LINE('',#1611,#1612);
#1611 = CARTESIAN_POINT('',(-41.70331910781,31.955018000179,-326.25));
#1612 = VECTOR('',#1613,1.);
#1613 = DIRECTION('',(-0.848048096156,0.529919264233,0.));
#1614 = PCURVE('',#823,#1615);
#1615 = DEFINITIONAL_REPRESENTATION('',(#1616),#1620);
#1616 = LINE('',#1617,#1618);
#1617 = CARTESIAN_POINT('',(14.3,0.));
#1618 = VECTOR('',#1619,1.);
#1619 = DIRECTION('',(0.,1.));
#1620 = ( GEOMETRIC_REPRESENTATION_CONTEXT(2) 
PARAMETRIC_REPRESENTATION_CONTEXT() REPRESENTATION_CONTEXT('2D SPACE',''
  ) );
#1621 = PCURVE('',#1225,#1622);
#1622 = DEFINITIONAL_REPRESENTATION('',(#1623),#1627);
#1623 = LINE('',#1624,#1625);
#1624 = CARTESIAN_POINT('',(0.,0.));
#1625 = VECTOR('',#1626,1.);
#1626 = DIRECTION('',(1.,0.));
#1627 = ( GEOMETRIC_REPRESENTATION_CONTEXT(2) 
PARAMETRIC_REPRESENTATION_CONTEXT() REPRESENTATION_CONTEXT('2D SPACE',''
  ) );
#1628 = ADVANCED_FACE('',(#1629),#798,.T.);
#1629 = FACE_BOUND('',#1630,.T.);
#1630 = EDGE_LOOP('',(#1631,#1632,#1653,#1654));
#1631 = ORIENTED_EDGE('',*,*,#1059,.F.);
#1632 = ORIENTED_EDGE('',*,*,#1633,.F.);
#1633 = EDGE_CURVE('',#755,#1037,#1634,.T.);
#1634 = SURFACE_CURVE('',#1635,(#1639,#1646),.PCURVE_S1.);
#1635 = LINE('',#1636,#1637);
#1636 = CARTESIAN_POINT('',(-39.83805647972,35.506186164074,-329.3));
#1637 = VECTOR('',#1638,1.);
#1638 = DIRECTION('',(0.,0.,1.));
#1639 = PCURVE('',#798,#1640);
#1640 = DEFINITIONAL_REPRESENTATION('',(#1641),#1645);
#1641 = LINE('',#1642,#1643);
#1642 = CARTESIAN_POINT('',(0.,0.));
#1643 = VECTOR('',#1644,1.);
#1644 = DIRECTION('',(1.,0.));
#1645 = ( GEOMETRIC_REPRESENTATION_CONTEXT(2) 
PARAMETRIC_REPRESENTATION_CONTEXT() REPRESENTATION_CONTEXT('2D SPACE',''
  ) );
#1646 = PCURVE('',#770,#1647);
#1647 = DEFINITIONAL_REPRESENTATION('',(#1648),#1652);
#1648 = LINE('',#1649,#1650);
#1649 = CARTESIAN_POINT('',(0.,36.1));
#1650 = VECTOR('',#1651,1.);
#1651 = DIRECTION('',(1.,0.));
#1652 = ( GEOMETRIC_REPRESENTATION_CONTEXT(2) 
PARAMETRIC_REPRESENTATION_CONTEXT() REPRESENTATION_CONTEXT('2D SPACE',''
  ) );
#1653 = ORIENTED_EDGE('',*,*,#782,.T.);
#1654 = ORIENTED_EDGE('',*,*,#1565,.T.);
#1655 = ADVANCED_FACE('',(#1656),#770,.F.);
#1656 = FACE_BOUND('',#1657,.F.);
#1657 = EDGE_LOOP('',(#1658,#1659,#1660,#1661));
#1658 = ORIENTED_EDGE('',*,*,#754,.F.);
#1659 = ORIENTED_EDGE('',*,*,#966,.F.);
#1660 = ORIENTED_EDGE('',*,*,#1036,.T.);
#1661 = ORIENTED_EDGE('',*,*,#1633,.F.);
#1662 = ADVANCED_FACE('',(#1663),#853,.F.);
#1663 = FACE_BOUND('',#1664,.F.);
#1664 = EDGE_LOOP('',(#1665,#1693,#1721,#1749,#1770,#1771));
#1665 = ORIENTED_EDGE('',*,*,#1666,.F.);
#1666 = EDGE_CURVE('',#1667,#1669,#1671,.T.);
#1667 = VERTEX_POINT('',#1668);
#1668 = CARTESIAN_POINT('',(-13.59895607379,15.978719332199,-335.25));
#1669 = VERTEX_POINT('',#1670);
#1670 = CARTESIAN_POINT('',(-13.59895607379,15.978719332199,
    -329.3824033985));
#1671 = SURFACE_CURVE('',#1672,(#1676,#1682),.PCURVE_S1.);
#1672 = LINE('',#1673,#1674);
#1673 = CARTESIAN_POINT('',(-13.59895607379,15.978719332199,
    -429.8360868577));
#1674 = VECTOR('',#1675,1.);
#1675 = DIRECTION('',(1.509787414399E-16,-1.773994210663E-16,1.));
#1676 = PCURVE('',#853,#1677);
#1677 = DEFINITIONAL_REPRESENTATION('',(#1678),#1681);
#1678 = B_SPLINE_CURVE_WITH_KNOTS('',1,(#1679,#1680),.UNSPECIFIED.,.F.,
  .F.,(2,2),(94.586086857746,100.53608685774),.PIECEWISE_BEZIER_KNOTS.);
#1679 = CARTESIAN_POINT('',(-3.468954674495,-1.827826284508));
#1680 = CARTESIAN_POINT('',(-3.468954674495,4.122173715492));
#1681 = ( GEOMETRIC_REPRESENTATION_CONTEXT(2) 
PARAMETRIC_REPRESENTATION_CONTEXT() REPRESENTATION_CONTEXT('2D SPACE',''
  ) );
#1682 = PCURVE('',#1683,#1688);
#1683 = PLANE('',#1684);
#1684 = AXIS2_PLACEMENT_3D('',#1685,#1686,#1687);
#1685 = CARTESIAN_POINT('',(259.24796042525,-304.6153230146,-526.25));
#1686 = DIRECTION('',(-0.761538307537,-0.648119901063,0.));
#1687 = DIRECTION('',(0.,0.,1.));
#1688 = DEFINITIONAL_REPRESENTATION('',(#1689),#1692);
#1689 = B_SPLINE_CURVE_WITH_KNOTS('',1,(#1690,#1691),.UNSPECIFIED.,.F.,
  .F.,(2,2),(94.586086857746,100.53608685774),.PIECEWISE_BEZIER_KNOTS.);
#1690 = CARTESIAN_POINT('',(191.,420.98216094195));
#1691 = CARTESIAN_POINT('',(196.95,420.98216094195));
#1692 = ( GEOMETRIC_REPRESENTATION_CONTEXT(2) 
PARAMETRIC_REPRESENTATION_CONTEXT() REPRESENTATION_CONTEXT('2D SPACE',''
  ) );
#1693 = ORIENTED_EDGE('',*,*,#1694,.T.);
#1694 = EDGE_CURVE('',#1667,#1695,#1697,.T.);
#1695 = VERTEX_POINT('',#1696);
#1696 = CARTESIAN_POINT('',(-19.08063898006,7.206192900038,-335.25));
#1697 = SURFACE_CURVE('',#1698,(#1702,#1709),.PCURVE_S1.);
#1698 = LINE('',#1699,#1700);
#1699 = CARTESIAN_POINT('',(-12.29767239787,18.061208530841,-335.25));
#1700 = VECTOR('',#1701,1.);
#1701 = DIRECTION('',(-0.529919264233,-0.848048096156,0.));
#1702 = PCURVE('',#853,#1703);
#1703 = DEFINITIONAL_REPRESENTATION('',(#1704),#1708);
#1704 = LINE('',#1705,#1706);
#1705 = CARTESIAN_POINT('',(-5.924580962768,-1.827826284508));
#1706 = VECTOR('',#1707,1.);
#1707 = DIRECTION('',(1.,0.));
#1708 = ( GEOMETRIC_REPRESENTATION_CONTEXT(2) 
PARAMETRIC_REPRESENTATION_CONTEXT() REPRESENTATION_CONTEXT('2D SPACE',''
  ) );
#1709 = PCURVE('',#1710,#1715);
#1710 = PLANE('',#1711);
#1711 = AXIS2_PLACEMENT_3D('',#1712,#1713,#1714);
#1712 = CARTESIAN_POINT('',(-12.29767239787,18.061208530841,-335.25));
#1713 = DIRECTION('',(1.883045044685E-16,-1.176657136688E-16,1.));
#1714 = DIRECTION('',(-0.529919264233,-0.848048096156,0.));
#1715 = DEFINITIONAL_REPRESENTATION('',(#1716),#1720);
#1716 = LINE('',#1717,#1718);
#1717 = CARTESIAN_POINT('',(0.,0.));
#1718 = VECTOR('',#1719,1.);
#1719 = DIRECTION('',(1.,0.));
#1720 = ( GEOMETRIC_REPRESENTATION_CONTEXT(2) 
PARAMETRIC_REPRESENTATION_CONTEXT() REPRESENTATION_CONTEXT('2D SPACE',''
  ) );
#1721 = ORIENTED_EDGE('',*,*,#1722,.T.);
#1722 = EDGE_CURVE('',#1695,#1723,#1725,.T.);
#1723 = VERTEX_POINT('',#1724);
#1724 = CARTESIAN_POINT('',(-19.08063898006,7.206192900038,-334.65));
#1725 = SURFACE_CURVE('',#1726,(#1730,#1737),.PCURVE_S1.);
#1726 = LINE('',#1727,#1728);
#1727 = CARTESIAN_POINT('',(-19.08063898006,7.206192900038,-335.25));
#1728 = VECTOR('',#1729,1.);
#1729 = DIRECTION('',(1.883045044685E-16,-1.176657136688E-16,1.));
#1730 = PCURVE('',#853,#1731);
#1731 = DEFINITIONAL_REPRESENTATION('',(#1732),#1736);
#1732 = LINE('',#1733,#1734);
#1733 = CARTESIAN_POINT('',(6.875419037232,-1.827826284508));
#1734 = VECTOR('',#1735,1.);
#1735 = DIRECTION('',(0.,1.));
#1736 = ( GEOMETRIC_REPRESENTATION_CONTEXT(2) 
PARAMETRIC_REPRESENTATION_CONTEXT() REPRESENTATION_CONTEXT('2D SPACE',''
  ) );
#1737 = PCURVE('',#1738,#1743);
#1738 = PLANE('',#1739);
#1739 = AXIS2_PLACEMENT_3D('',#1740,#1741,#1742);
#1740 = CARTESIAN_POINT('',(-19.08063898006,7.206192900038,-335.25));
#1741 = DIRECTION('',(0.529919264233,0.848048096156,0.));
#1742 = DIRECTION('',(1.883045044685E-16,-1.176657136688E-16,1.));
#1743 = DEFINITIONAL_REPRESENTATION('',(#1744),#1748);
#1744 = LINE('',#1745,#1746);
#1745 = CARTESIAN_POINT('',(0.,0.));
#1746 = VECTOR('',#1747,1.);
#1747 = DIRECTION('',(1.,0.));
#1748 = ( GEOMETRIC_REPRESENTATION_CONTEXT(2) 
PARAMETRIC_REPRESENTATION_CONTEXT() REPRESENTATION_CONTEXT('2D SPACE',''
  ) );
#1749 = ORIENTED_EDGE('',*,*,#1750,.T.);
#1750 = EDGE_CURVE('',#1723,#839,#1751,.T.);
#1751 = SURFACE_CURVE('',#1752,(#1756,#1763),.PCURVE_S1.);
#1752 = LINE('',#1753,#1754);
#1753 = CARTESIAN_POINT('',(-19.08063898006,7.206192900038,-334.65));
#1754 = VECTOR('',#1755,1.);
#1755 = DIRECTION('',(0.470133950532,0.752371594311,0.461422856641));
#1756 = PCURVE('',#853,#1757);
#1757 = DEFINITIONAL_REPRESENTATION('',(#1758),#1762);
#1758 = LINE('',#1759,#1760);
#1759 = CARTESIAN_POINT('',(6.875419037232,-1.227826284508));
#1760 = VECTOR('',#1761,1.);
#1761 = DIRECTION('',(-0.887180335315,0.461422856641));
#1762 = ( GEOMETRIC_REPRESENTATION_CONTEXT(2) 
PARAMETRIC_REPRESENTATION_CONTEXT() REPRESENTATION_CONTEXT('2D SPACE',''
  ) );
#1763 = PCURVE('',#879,#1764);
#1764 = DEFINITIONAL_REPRESENTATION('',(#1765),#1769);
#1765 = LINE('',#1766,#1767);
#1766 = CARTESIAN_POINT('',(0.,0.));
#1767 = VECTOR('',#1768,1.);
#1768 = DIRECTION('',(1.,0.));
#1769 = ( GEOMETRIC_REPRESENTATION_CONTEXT(2) 
PARAMETRIC_REPRESENTATION_CONTEXT() REPRESENTATION_CONTEXT('2D SPACE',''
  ) );
#1770 = ORIENTED_EDGE('',*,*,#836,.F.);
#1771 = ORIENTED_EDGE('',*,*,#1772,.T.);
#1772 = EDGE_CURVE('',#837,#1669,#1773,.T.);
#1773 = SURFACE_CURVE('',#1774,(#1778,#1785),.PCURVE_S1.);
#1774 = LINE('',#1775,#1776);
#1775 = CARTESIAN_POINT('',(-13.61944879717,15.945924119378,-329.29));
#1776 = VECTOR('',#1777,1.);
#1777 = DIRECTION('',(0.204581111967,0.327398217471,-0.922473292742));
#1778 = PCURVE('',#853,#1779);
#1779 = DEFINITIONAL_REPRESENTATION('',(#1780),#1784);
#1780 = LINE('',#1781,#1782);
#1781 = CARTESIAN_POINT('',(-3.430283267803,4.132173715492));
#1782 = VECTOR('',#1783,1.);
#1783 = DIRECTION('',(-0.386060907341,-0.922473292742));
#1784 = ( GEOMETRIC_REPRESENTATION_CONTEXT(2) 
PARAMETRIC_REPRESENTATION_CONTEXT() REPRESENTATION_CONTEXT('2D SPACE',''
  ) );
#1785 = PCURVE('',#929,#1786);
#1786 = DEFINITIONAL_REPRESENTATION('',(#1787),#1791);
#1787 = LINE('',#1788,#1789);
#1788 = CARTESIAN_POINT('',(0.,0.));
#1789 = VECTOR('',#1790,1.);
#1790 = DIRECTION('',(1.,0.));
#1791 = ( GEOMETRIC_REPRESENTATION_CONTEXT(2) 
PARAMETRIC_REPRESENTATION_CONTEXT() REPRESENTATION_CONTEXT('2D SPACE',''
  ) );
#1792 = ADVANCED_FACE('',(#1793),#929,.F.);
#1793 = FACE_BOUND('',#1794,.F.);
#1794 = EDGE_LOOP('',(#1795,#1796,#1797,#1820,#1843));
#1795 = ORIENTED_EDGE('',*,*,#1772,.F.);
#1796 = ORIENTED_EDGE('',*,*,#916,.F.);
#1797 = ORIENTED_EDGE('',*,*,#1798,.T.);
#1798 = EDGE_CURVE('',#891,#1799,#1801,.T.);
#1799 = VERTEX_POINT('',#1800);
#1800 = CARTESIAN_POINT('',(-34.94055656525,32.210052885867,-335.25));
#1801 = SURFACE_CURVE('',#1802,(#1806,#1813),.PCURVE_S1.);
#1802 = LINE('',#1803,#1804);
#1803 = CARTESIAN_POINT('',(-36.26233296454,30.094768474405,-329.29));
#1804 = VECTOR('',#1805,1.);
#1805 = DIRECTION('',(0.204581111967,0.327398217471,-0.922473292742));
#1806 = PCURVE('',#929,#1807);
#1807 = DEFINITIONAL_REPRESENTATION('',(#1808),#1812);
#1808 = LINE('',#1809,#1810);
#1809 = CARTESIAN_POINT('',(0.,-26.7));
#1810 = VECTOR('',#1811,1.);
#1811 = DIRECTION('',(1.,0.));
#1812 = ( GEOMETRIC_REPRESENTATION_CONTEXT(2) 
PARAMETRIC_REPRESENTATION_CONTEXT() REPRESENTATION_CONTEXT('2D SPACE',''
  ) );
#1813 = PCURVE('',#905,#1814);
#1814 = DEFINITIONAL_REPRESENTATION('',(#1815),#1819);
#1815 = LINE('',#1816,#1817);
#1816 = CARTESIAN_POINT('',(-3.430283267803,4.132173715492));
#1817 = VECTOR('',#1818,1.);
#1818 = DIRECTION('',(-0.386060907341,-0.922473292742));
#1819 = ( GEOMETRIC_REPRESENTATION_CONTEXT(2) 
PARAMETRIC_REPRESENTATION_CONTEXT() REPRESENTATION_CONTEXT('2D SPACE',''
  ) );
#1820 = ORIENTED_EDGE('',*,*,#1821,.F.);
#1821 = EDGE_CURVE('',#1822,#1799,#1824,.T.);
#1822 = VERTEX_POINT('',#1823);
#1823 = CARTESIAN_POINT('',(-18.86251013684,22.163374434177,-335.25));
#1824 = SURFACE_CURVE('',#1825,(#1829,#1836),.PCURVE_S1.);
#1825 = LINE('',#1826,#1827);
#1826 = CARTESIAN_POINT('',(-12.29767239787,18.061208530841,-335.25));
#1827 = VECTOR('',#1828,1.);
#1828 = DIRECTION('',(-0.848048096156,0.529919264233,2.22044604925E-16)
  );
#1829 = PCURVE('',#929,#1830);
#1830 = DEFINITIONAL_REPRESENTATION('',(#1831),#1835);
#1831 = LINE('',#1832,#1833);
#1832 = CARTESIAN_POINT('',(6.460891656042,0.));
#1833 = VECTOR('',#1834,1.);
#1834 = DIRECTION('',(0.,-1.));
#1835 = ( GEOMETRIC_REPRESENTATION_CONTEXT(2) 
PARAMETRIC_REPRESENTATION_CONTEXT() REPRESENTATION_CONTEXT('2D SPACE',''
  ) );
#1836 = PCURVE('',#1710,#1837);
#1837 = DEFINITIONAL_REPRESENTATION('',(#1838),#1842);
#1838 = LINE('',#1839,#1840);
#1839 = CARTESIAN_POINT('',(0.,0.));
#1840 = VECTOR('',#1841,1.);
#1841 = DIRECTION('',(0.,-1.));
#1842 = ( GEOMETRIC_REPRESENTATION_CONTEXT(2) 
PARAMETRIC_REPRESENTATION_CONTEXT() REPRESENTATION_CONTEXT('2D SPACE',''
  ) );
#1843 = ORIENTED_EDGE('',*,*,#1844,.F.);
#1844 = EDGE_CURVE('',#1669,#1822,#1845,.T.);
#1845 = SURFACE_CURVE('',#1846,(#1850,#1856),.PCURVE_S1.);
#1846 = LINE('',#1847,#1848);
#1847 = CARTESIAN_POINT('',(45.767390985537,-53.77650248715,
    -263.2032073503));
#1848 = VECTOR('',#1849,1.);
#1849 = DIRECTION('',(-0.525348621066,0.617282541544,-0.585637336796));
#1850 = PCURVE('',#929,#1851);
#1851 = DEFINITIONAL_REPRESENTATION('',(#1852),#1855);
#1852 = B_SPLINE_CURVE_WITH_KNOTS('',1,(#1853,#1854),.UNSPECIFIED.,.F.,
  .F.,(2,2),(113.00371730088,123.02288143683),.PIECEWISE_BEZIER_KNOTS.);
#1853 = CARTESIAN_POINT('',(0.10016918563,-5.086298484325E-15));
#1854 = CARTESIAN_POINT('',(6.460891656042,-7.741114883363));
#1855 = ( GEOMETRIC_REPRESENTATION_CONTEXT(2) 
PARAMETRIC_REPRESENTATION_CONTEXT() REPRESENTATION_CONTEXT('2D SPACE',''
  ) );
#1856 = PCURVE('',#1683,#1857);
#1857 = DEFINITIONAL_REPRESENTATION('',(#1858),#1861);
#1858 = B_SPLINE_CURVE_WITH_KNOTS('',1,(#1859,#1860),.UNSPECIFIED.,.F.,
  .F.,(2,2),(113.00371730088,123.02288143683),.PIECEWISE_BEZIER_KNOTS.);
#1859 = CARTESIAN_POINT('',(196.8675966015,420.98216094195));
#1860 = CARTESIAN_POINT('',(191.,429.10342685959));
#1861 = ( GEOMETRIC_REPRESENTATION_CONTEXT(2) 
PARAMETRIC_REPRESENTATION_CONTEXT() REPRESENTATION_CONTEXT('2D SPACE',''
  ) );
#1862 = ADVANCED_FACE('',(#1863),#879,.F.);
#1863 = FACE_BOUND('',#1864,.F.);
#1864 = EDGE_LOOP('',(#1865,#1866,#1889,#1910));
#1865 = ORIENTED_EDGE('',*,*,#1750,.F.);
#1866 = ORIENTED_EDGE('',*,*,#1867,.T.);
#1867 = EDGE_CURVE('',#1723,#1868,#1870,.T.);
#1868 = VERTEX_POINT('',#1869);
#1869 = CARTESIAN_POINT('',(-41.72352314743,21.355037255065,-334.65));
#1870 = SURFACE_CURVE('',#1871,(#1875,#1882),.PCURVE_S1.);
#1871 = LINE('',#1872,#1873);
#1872 = CARTESIAN_POINT('',(-19.08063898006,7.206192900038,-334.65));
#1873 = VECTOR('',#1874,1.);
#1874 = DIRECTION('',(-0.848048096156,0.529919264233,2.22044604925E-16)
  );
#1875 = PCURVE('',#879,#1876);
#1876 = DEFINITIONAL_REPRESENTATION('',(#1877),#1881);
#1877 = LINE('',#1878,#1879);
#1878 = CARTESIAN_POINT('',(0.,0.));
#1879 = VECTOR('',#1880,1.);
#1880 = DIRECTION('',(0.,-1.));
#1881 = ( GEOMETRIC_REPRESENTATION_CONTEXT(2) 
PARAMETRIC_REPRESENTATION_CONTEXT() REPRESENTATION_CONTEXT('2D SPACE',''
  ) );
#1882 = PCURVE('',#1738,#1883);
#1883 = DEFINITIONAL_REPRESENTATION('',(#1884),#1888);
#1884 = LINE('',#1885,#1886);
#1885 = CARTESIAN_POINT('',(0.6,0.));
#1886 = VECTOR('',#1887,1.);
#1887 = DIRECTION('',(0.,-1.));
#1888 = ( GEOMETRIC_REPRESENTATION_CONTEXT(2) 
PARAMETRIC_REPRESENTATION_CONTEXT() REPRESENTATION_CONTEXT('2D SPACE',''
  ) );
#1889 = ORIENTED_EDGE('',*,*,#1890,.T.);
#1890 = EDGE_CURVE('',#1868,#865,#1891,.T.);
#1891 = SURFACE_CURVE('',#1892,(#1896,#1903),.PCURVE_S1.);
#1892 = LINE('',#1893,#1894);
#1893 = CARTESIAN_POINT('',(-41.72352314743,21.355037255065,-334.65));
#1894 = VECTOR('',#1895,1.);
#1895 = DIRECTION('',(0.470133950532,0.752371594311,0.461422856641));
#1896 = PCURVE('',#879,#1897);
#1897 = DEFINITIONAL_REPRESENTATION('',(#1898),#1902);
#1898 = LINE('',#1899,#1900);
#1899 = CARTESIAN_POINT('',(0.,-26.7));
#1900 = VECTOR('',#1901,1.);
#1901 = DIRECTION('',(1.,0.));
#1902 = ( GEOMETRIC_REPRESENTATION_CONTEXT(2) 
PARAMETRIC_REPRESENTATION_CONTEXT() REPRESENTATION_CONTEXT('2D SPACE',''
  ) );
#1903 = PCURVE('',#905,#1904);
#1904 = DEFINITIONAL_REPRESENTATION('',(#1905),#1909);
#1905 = LINE('',#1906,#1907);
#1906 = CARTESIAN_POINT('',(6.875419037232,-1.227826284508));
#1907 = VECTOR('',#1908,1.);
#1908 = DIRECTION('',(-0.887180335315,0.461422856641));
#1909 = ( GEOMETRIC_REPRESENTATION_CONTEXT(2) 
PARAMETRIC_REPRESENTATION_CONTEXT() REPRESENTATION_CONTEXT('2D SPACE',''
  ) );
#1910 = ORIENTED_EDGE('',*,*,#864,.F.);
#1911 = ADVANCED_FACE('',(#1912),#905,.T.);
#1912 = FACE_BOUND('',#1913,.T.);
#1913 = EDGE_LOOP('',(#1914,#1937,#1958,#1959,#1960));
#1914 = ORIENTED_EDGE('',*,*,#1915,.T.);
#1915 = EDGE_CURVE('',#1799,#1916,#1918,.T.);
#1916 = VERTEX_POINT('',#1917);
#1917 = CARTESIAN_POINT('',(-41.72352314743,21.355037255065,-335.25));
#1918 = SURFACE_CURVE('',#1919,(#1923,#1930),.PCURVE_S1.);
#1919 = LINE('',#1920,#1921);
#1920 = CARTESIAN_POINT('',(-34.94055656525,32.210052885867,-335.25));
#1921 = VECTOR('',#1922,1.);
#1922 = DIRECTION('',(-0.529919264233,-0.848048096156,0.));
#1923 = PCURVE('',#905,#1924);
#1924 = DEFINITIONAL_REPRESENTATION('',(#1925),#1929);
#1925 = LINE('',#1926,#1927);
#1926 = CARTESIAN_POINT('',(-5.924580962768,-1.827826284508));
#1927 = VECTOR('',#1928,1.);
#1928 = DIRECTION('',(1.,0.));
#1929 = ( GEOMETRIC_REPRESENTATION_CONTEXT(2) 
PARAMETRIC_REPRESENTATION_CONTEXT() REPRESENTATION_CONTEXT('2D SPACE',''
  ) );
#1930 = PCURVE('',#1710,#1931);
#1931 = DEFINITIONAL_REPRESENTATION('',(#1932),#1936);
#1932 = LINE('',#1933,#1934);
#1933 = CARTESIAN_POINT('',(0.,-26.7));
#1934 = VECTOR('',#1935,1.);
#1935 = DIRECTION('',(1.,0.));
#1936 = ( GEOMETRIC_REPRESENTATION_CONTEXT(2) 
PARAMETRIC_REPRESENTATION_CONTEXT() REPRESENTATION_CONTEXT('2D SPACE',''
  ) );
#1937 = ORIENTED_EDGE('',*,*,#1938,.T.);
#1938 = EDGE_CURVE('',#1916,#1868,#1939,.T.);
#1939 = SURFACE_CURVE('',#1940,(#1944,#1951),.PCURVE_S1.);
#1940 = LINE('',#1941,#1942);
#1941 = CARTESIAN_POINT('',(-41.72352314743,21.355037255065,-335.25));
#1942 = VECTOR('',#1943,1.);
#1943 = DIRECTION('',(1.883045044685E-16,-1.176657136688E-16,1.));
#1944 = PCURVE('',#905,#1945);
#1945 = DEFINITIONAL_REPRESENTATION('',(#1946),#1950);
#1946 = LINE('',#1947,#1948);
#1947 = CARTESIAN_POINT('',(6.875419037232,-1.827826284508));
#1948 = VECTOR('',#1949,1.);
#1949 = DIRECTION('',(0.,1.));
#1950 = ( GEOMETRIC_REPRESENTATION_CONTEXT(2) 
PARAMETRIC_REPRESENTATION_CONTEXT() REPRESENTATION_CONTEXT('2D SPACE',''
  ) );
#1951 = PCURVE('',#1738,#1952);
#1952 = DEFINITIONAL_REPRESENTATION('',(#1953),#1957);
#1953 = LINE('',#1954,#1955);
#1954 = CARTESIAN_POINT('',(0.,-26.7));
#1955 = VECTOR('',#1956,1.);
#1956 = DIRECTION('',(1.,0.));
#1957 = ( GEOMETRIC_REPRESENTATION_CONTEXT(2) 
PARAMETRIC_REPRESENTATION_CONTEXT() REPRESENTATION_CONTEXT('2D SPACE',''
  ) );
#1958 = ORIENTED_EDGE('',*,*,#1890,.T.);
#1959 = ORIENTED_EDGE('',*,*,#890,.F.);
#1960 = ORIENTED_EDGE('',*,*,#1798,.T.);
#1961 = ADVANCED_FACE('',(#1962),#1118,.F.);
#1962 = FACE_BOUND('',#1963,.F.);
#1963 = EDGE_LOOP('',(#1964,#1965,#1966,#1967));
#1964 = ORIENTED_EDGE('',*,*,#1585,.F.);
#1965 = ORIENTED_EDGE('',*,*,#1103,.T.);
#1966 = ORIENTED_EDGE('',*,*,#1359,.T.);
#1967 = ORIENTED_EDGE('',*,*,#1968,.F.);
#1968 = EDGE_CURVE('',#1586,#1208,#1969,.T.);
#1969 = SURFACE_CURVE('',#1970,(#1974,#1981),.PCURVE_S1.);
#1970 = LINE('',#1971,#1972);
#1971 = CARTESIAN_POINT('',(-41.70331910781,31.955018000179,-326.25));
#1972 = VECTOR('',#1973,1.);
#1973 = DIRECTION('',(-0.529919264233,-0.848048096156,0.));
#1974 = PCURVE('',#1118,#1975);
#1975 = DEFINITIONAL_REPRESENTATION('',(#1976),#1980);
#1976 = LINE('',#1977,#1978);
#1977 = CARTESIAN_POINT('',(14.3,0.));
#1978 = VECTOR('',#1979,1.);
#1979 = DIRECTION('',(0.,-1.));
#1980 = ( GEOMETRIC_REPRESENTATION_CONTEXT(2) 
PARAMETRIC_REPRESENTATION_CONTEXT() REPRESENTATION_CONTEXT('2D SPACE',''
  ) );
#1981 = PCURVE('',#1225,#1982);
#1982 = DEFINITIONAL_REPRESENTATION('',(#1983),#1987);
#1983 = LINE('',#1984,#1985);
#1984 = CARTESIAN_POINT('',(0.,0.));
#1985 = VECTOR('',#1986,1.);
#1986 = DIRECTION('',(0.,1.));
#1987 = ( GEOMETRIC_REPRESENTATION_CONTEXT(2) 
PARAMETRIC_REPRESENTATION_CONTEXT() REPRESENTATION_CONTEXT('2D SPACE',''
  ) );
#1988 = ADVANCED_FACE('',(#1989),#1225,.T.);
#1989 = FACE_BOUND('',#1990,.T.);
#1990 = EDGE_LOOP('',(#1991,#1992,#1993,#2014));
#1991 = ORIENTED_EDGE('',*,*,#1968,.F.);
#1992 = ORIENTED_EDGE('',*,*,#1608,.T.);
#1993 = ORIENTED_EDGE('',*,*,#1994,.T.);
#1994 = EDGE_CURVE('',#1520,#1210,#1995,.T.);
#1995 = SURFACE_CURVE('',#1996,(#2000,#2007),.PCURVE_S1.);
#1996 = LINE('',#1997,#1998);
#1997 = CARTESIAN_POINT('',(-46.5371932559,34.975557806308,-326.25));
#1998 = VECTOR('',#1999,1.);
#1999 = DIRECTION('',(-0.529919264233,-0.848048096156,0.));
#2000 = PCURVE('',#1225,#2001);
#2001 = DEFINITIONAL_REPRESENTATION('',(#2002),#2006);
#2002 = LINE('',#2003,#2004);
#2003 = CARTESIAN_POINT('',(5.7,0.));
#2004 = VECTOR('',#2005,1.);
#2005 = DIRECTION('',(0.,1.));
#2006 = ( GEOMETRIC_REPRESENTATION_CONTEXT(2) 
PARAMETRIC_REPRESENTATION_CONTEXT() REPRESENTATION_CONTEXT('2D SPACE',''
  ) );
#2007 = PCURVE('',#1253,#2008);
#2008 = DEFINITIONAL_REPRESENTATION('',(#2009),#2013);
#2009 = LINE('',#2010,#2011);
#2010 = CARTESIAN_POINT('',(14.3,0.));
#2011 = VECTOR('',#2012,1.);
#2012 = DIRECTION('',(0.,-1.));
#2013 = ( GEOMETRIC_REPRESENTATION_CONTEXT(2) 
PARAMETRIC_REPRESENTATION_CONTEXT() REPRESENTATION_CONTEXT('2D SPACE',''
  ) );
#2014 = ORIENTED_EDGE('',*,*,#1207,.F.);
#2015 = ADVANCED_FACE('',(#2016),#1281,.F.);
#2016 = FACE_BOUND('',#2017,.F.);
#2017 = EDGE_LOOP('',(#2018,#2019,#2020,#2041));
#2018 = ORIENTED_EDGE('',*,*,#1458,.F.);
#2019 = ORIENTED_EDGE('',*,*,#1542,.T.);
#2020 = ORIENTED_EDGE('',*,*,#2021,.T.);
#2021 = EDGE_CURVE('',#1518,#1238,#2022,.T.);
#2022 = SURFACE_CURVE('',#2023,(#2027,#2034),.PCURVE_S1.);
#2023 = LINE('',#2024,#2025);
#2024 = CARTESIAN_POINT('',(-46.5371932559,34.975557806308,-340.55));
#2025 = VECTOR('',#2026,1.);
#2026 = DIRECTION('',(-0.529919264233,-0.848048096156,0.));
#2027 = PCURVE('',#1281,#2028);
#2028 = DEFINITIONAL_REPRESENTATION('',(#2029),#2033);
#2029 = LINE('',#2030,#2031);
#2030 = CARTESIAN_POINT('',(5.7,0.));
#2031 = VECTOR('',#2032,1.);
#2032 = DIRECTION('',(0.,1.));
#2033 = ( GEOMETRIC_REPRESENTATION_CONTEXT(2) 
PARAMETRIC_REPRESENTATION_CONTEXT() REPRESENTATION_CONTEXT('2D SPACE',''
  ) );
#2034 = PCURVE('',#1253,#2035);
#2035 = DEFINITIONAL_REPRESENTATION('',(#2036),#2040);
#2036 = LINE('',#2037,#2038);
#2037 = CARTESIAN_POINT('',(0.,0.));
#2038 = VECTOR('',#2039,1.);
#2039 = DIRECTION('',(0.,-1.));
#2040 = ( GEOMETRIC_REPRESENTATION_CONTEXT(2) 
PARAMETRIC_REPRESENTATION_CONTEXT() REPRESENTATION_CONTEXT('2D SPACE',''
  ) );
#2041 = ORIENTED_EDGE('',*,*,#1265,.F.);
#2042 = ADVANCED_FACE('',(#2043,#2049),#1253,.T.);
#2043 = FACE_BOUND('',#2044,.T.);
#2044 = EDGE_LOOP('',(#2045,#2046,#2047,#2048));
#2045 = ORIENTED_EDGE('',*,*,#1517,.F.);
#2046 = ORIENTED_EDGE('',*,*,#2021,.T.);
#2047 = ORIENTED_EDGE('',*,*,#1237,.T.);
#2048 = ORIENTED_EDGE('',*,*,#1994,.F.);
#2049 = FACE_BOUND('',#2050,.T.);
#2050 = EDGE_LOOP('',(#2051));
#2051 = ORIENTED_EDGE('',*,*,#2052,.F.);
#2052 = EDGE_CURVE('',#2053,#2053,#2055,.T.);
#2053 = VERTEX_POINT('',#2054);
#2054 = CARTESIAN_POINT('',(-49.18678957707,30.735317325526,-339.65));
#2055 = SURFACE_CURVE('',#2056,(#2061,#2068),.PCURVE_S1.);
#2056 = CIRCLE('',#2057,1.6);
#2057 = AXIS2_PLACEMENT_3D('',#2058,#2059,#2060);
#2058 = CARTESIAN_POINT('',(-49.18678957707,30.735317325526,-338.05));
#2059 = DIRECTION('',(-0.848048096156,0.529919264233,2.22044604925E-16)
  );
#2060 = DIRECTION('',(-1.883045044685E-16,1.176657136688E-16,-1.));
#2061 = PCURVE('',#1253,#2062);
#2062 = DEFINITIONAL_REPRESENTATION('',(#2063),#2067);
#2063 = CIRCLE('',#2064,1.6);
#2064 = AXIS2_PLACEMENT_2D('',#2065,#2066);
#2065 = CARTESIAN_POINT('',(2.5,-5.));
#2066 = DIRECTION('',(-1.,5.017036955405E-33));
#2067 = ( GEOMETRIC_REPRESENTATION_CONTEXT(2) 
PARAMETRIC_REPRESENTATION_CONTEXT() REPRESENTATION_CONTEXT('2D SPACE',''
  ) );
#2068 = PCURVE('',#1502,#2069);
#2069 = DEFINITIONAL_REPRESENTATION('',(#2070),#2074);
#2070 = LINE('',#2071,#2072);
#2071 = CARTESIAN_POINT('',(0.,7.));
#2072 = VECTOR('',#2073,1.);
#2073 = DIRECTION('',(1.,0.));
#2074 = ( GEOMETRIC_REPRESENTATION_CONTEXT(2) 
PARAMETRIC_REPRESENTATION_CONTEXT() REPRESENTATION_CONTEXT('2D SPACE',''
  ) );
#2075 = ADVANCED_FACE('',(#2076),#1502,.F.);
#2076 = FACE_BOUND('',#2077,.F.);
#2077 = EDGE_LOOP('',(#2078,#2079,#2100,#2101));
#2078 = ORIENTED_EDGE('',*,*,#2052,.F.);
#2079 = ORIENTED_EDGE('',*,*,#2080,.F.);
#2080 = EDGE_CURVE('',#1486,#2053,#2081,.T.);
#2081 = SEAM_CURVE('',#2082,(#2086,#2093),.PCURVE_S1.);
#2082 = LINE('',#2083,#2084);
#2083 = CARTESIAN_POINT('',(-43.25045290397,27.025882475893,-339.65));
#2084 = VECTOR('',#2085,1.);
#2085 = DIRECTION('',(-0.848048096156,0.529919264233,2.22044604925E-16)
  );
#2086 = PCURVE('',#1502,#2087);
#2087 = DEFINITIONAL_REPRESENTATION('',(#2088),#2092);
#2088 = LINE('',#2089,#2090);
#2089 = CARTESIAN_POINT('',(6.28318530718,-0.));
#2090 = VECTOR('',#2091,1.);
#2091 = DIRECTION('',(0.,1.));
#2092 = ( GEOMETRIC_REPRESENTATION_CONTEXT(2) 
PARAMETRIC_REPRESENTATION_CONTEXT() REPRESENTATION_CONTEXT('2D SPACE',''
  ) );
#2093 = PCURVE('',#1502,#2094);
#2094 = DEFINITIONAL_REPRESENTATION('',(#2095),#2099);
#2095 = LINE('',#2096,#2097);
#2096 = CARTESIAN_POINT('',(0.,-0.));
#2097 = VECTOR('',#2098,1.);
#2098 = DIRECTION('',(0.,1.));
#2099 = ( GEOMETRIC_REPRESENTATION_CONTEXT(2) 
PARAMETRIC_REPRESENTATION_CONTEXT() REPRESENTATION_CONTEXT('2D SPACE',''
  ) );
#2100 = ORIENTED_EDGE('',*,*,#1485,.T.);
#2101 = ORIENTED_EDGE('',*,*,#2080,.T.);
#2102 = ADVANCED_FACE('',(#2103),#1683,.F.);
#2103 = FACE_BOUND('',#2104,.F.);
#2104 = EDGE_LOOP('',(#2105,#2124,#2125));
#2105 = ORIENTED_EDGE('',*,*,#2106,.T.);
#2106 = EDGE_CURVE('',#1822,#1667,#2107,.T.);
#2107 = SURFACE_CURVE('',#2108,(#2112,#2118),.PCURVE_S1.);
#2108 = LINE('',#2109,#2110);
#2109 = CARTESIAN_POINT('',(122.5838852474,-144.0355779068,-335.25));
#2110 = VECTOR('',#2111,1.);
#2111 = DIRECTION('',(0.648119901063,-0.761538307537,-2.116508452483E-16
    ));
#2112 = PCURVE('',#1683,#2113);
#2113 = DEFINITIONAL_REPRESENTATION('',(#2114),#2117);
#2114 = B_SPLINE_CURVE_WITH_KNOTS('',1,(#2115,#2116),.UNSPECIFIED.,.F.,
  .F.,(2,2),(-218.2410926623,-210.1198267447),.PIECEWISE_BEZIER_KNOTS.);
#2115 = CARTESIAN_POINT('',(191.,429.10342685959));
#2116 = CARTESIAN_POINT('',(191.,420.98216094195));
#2117 = ( GEOMETRIC_REPRESENTATION_CONTEXT(2) 
PARAMETRIC_REPRESENTATION_CONTEXT() REPRESENTATION_CONTEXT('2D SPACE',''
  ) );
#2118 = PCURVE('',#1710,#2119);
#2119 = DEFINITIONAL_REPRESENTATION('',(#2120),#2123);
#2120 = B_SPLINE_CURVE_WITH_KNOTS('',1,(#2121,#2122),.UNSPECIFIED.,.F.,
  .F.,(2,2),(-218.2410926623,-210.1198267447),.PIECEWISE_BEZIER_KNOTS.);
#2121 = CARTESIAN_POINT('',(-1.298517188659E-14,-7.741114883363));
#2122 = CARTESIAN_POINT('',(2.455626288273,-3.441700713071E-14));
#2123 = ( GEOMETRIC_REPRESENTATION_CONTEXT(2) 
PARAMETRIC_REPRESENTATION_CONTEXT() REPRESENTATION_CONTEXT('2D SPACE',''
  ) );
#2124 = ORIENTED_EDGE('',*,*,#1666,.T.);
#2125 = ORIENTED_EDGE('',*,*,#1844,.T.);
#2126 = ADVANCED_FACE('',(#2127),#1738,.F.);
#2127 = FACE_BOUND('',#2128,.F.);
#2128 = EDGE_LOOP('',(#2129,#2150,#2151,#2152));
#2129 = ORIENTED_EDGE('',*,*,#2130,.T.);
#2130 = EDGE_CURVE('',#1695,#1916,#2131,.T.);
#2131 = SURFACE_CURVE('',#2132,(#2136,#2143),.PCURVE_S1.);
#2132 = LINE('',#2133,#2134);
#2133 = CARTESIAN_POINT('',(-19.08063898006,7.206192900038,-335.25));
#2134 = VECTOR('',#2135,1.);
#2135 = DIRECTION('',(-0.848048096156,0.529919264233,2.22044604925E-16)
  );
#2136 = PCURVE('',#1738,#2137);
#2137 = DEFINITIONAL_REPRESENTATION('',(#2138),#2142);
#2138 = LINE('',#2139,#2140);
#2139 = CARTESIAN_POINT('',(0.,0.));
#2140 = VECTOR('',#2141,1.);
#2141 = DIRECTION('',(0.,-1.));
#2142 = ( GEOMETRIC_REPRESENTATION_CONTEXT(2) 
PARAMETRIC_REPRESENTATION_CONTEXT() REPRESENTATION_CONTEXT('2D SPACE',''
  ) );
#2143 = PCURVE('',#1710,#2144);
#2144 = DEFINITIONAL_REPRESENTATION('',(#2145),#2149);
#2145 = LINE('',#2146,#2147);
#2146 = CARTESIAN_POINT('',(12.8,0.));
#2147 = VECTOR('',#2148,1.);
#2148 = DIRECTION('',(0.,-1.));
#2149 = ( GEOMETRIC_REPRESENTATION_CONTEXT(2) 
PARAMETRIC_REPRESENTATION_CONTEXT() REPRESENTATION_CONTEXT('2D SPACE',''
  ) );
#2150 = ORIENTED_EDGE('',*,*,#1938,.T.);
#2151 = ORIENTED_EDGE('',*,*,#1867,.F.);
#2152 = ORIENTED_EDGE('',*,*,#1722,.F.);
#2153 = ADVANCED_FACE('',(#2154),#1710,.F.);
#2154 = FACE_BOUND('',#2155,.F.);
#2155 = EDGE_LOOP('',(#2156,#2157,#2158,#2159,#2160));
#2156 = ORIENTED_EDGE('',*,*,#2106,.F.);
#2157 = ORIENTED_EDGE('',*,*,#1821,.T.);
#2158 = ORIENTED_EDGE('',*,*,#1915,.T.);
#2159 = ORIENTED_EDGE('',*,*,#2130,.F.);
#2160 = ORIENTED_EDGE('',*,*,#1694,.F.);
#2161 = ( GEOMETRIC_REPRESENTATION_CONTEXT(3) 
GLOBAL_UNCERTAINTY_ASSIGNED_CONTEXT((#2165)) 
GLOBAL_UNIT_ASSIGNED_CONTEXT((#2162,#2163,#2164)) REPRESENTATION_CONTEXT
('Context #1','3D Context with UNIT and UNCERTAINTY') );
#2162 = ( LENGTH_UNIT() NAMED_UNIT(*) SI_UNIT(.MILLI.,.METRE.) );
#2163 = ( NAMED_UNIT(*) PLANE_ANGLE_UNIT() SI_UNIT($,.RADIAN.) );
#2164 = ( NAMED_UNIT(*) SI_UNIT($,.STERADIAN.) SOLID_ANGLE_UNIT() );
#2165 = UNCERTAINTY_MEASURE_WITH_UNIT(LENGTH_MEASURE(2.E-07),#2162,
  'distance_accuracy_value','confusion accuracy');
#2166 = PRODUCT_RELATED_PRODUCT_CATEGORY('part',$,(#7));
ENDSEC;
END-ISO-10303-21;
