ISO-10303-21;
HEADER;
FILE_DESCRIPTION(('Open CASCADE Model'),'2;1');
FILE_NAME('pocket_disc','2026-08-06T23:25:14',('Author'),('Open CASCADE'
    ),'Open CASCADE STEP processor 7.9','build123d','Unknown');
FILE_SCHEMA(('AUTOMOTIVE_DESIGN { 1 0 10303 214 1 1 1 1 }'));
ENDSEC;
DATA;
#1 = APPLICATION_PROTOCOL_DEFINITION('international standard',
  'automotive_design',2000,#2);
#2 = APPLICATION_CONTEXT(
  'core data for automotive mechanical design processes');
#3 = SHAPE_DEFINITION_REPRESENTATION(#4,#10);
#4 = PRODUCT_DEFINITION_SHAPE('','',#5);
#5 = PRODUCT_DEFINITION('design','',#6,#9);
#6 = PRODUCT_DEFINITION_FORMATION('','',#7);
#7 = PRODUCT('pocket_disc','pocket_disc','',(#8));
#8 = PRODUCT_CONTEXT('',#2,'mechanical');
#9 = PRODUCT_DEFINITION_CONTEXT('part definition',#2,'design');
#10 = ADVANCED_BREP_SHAPE_REPRESENTATION('',(#11,#15),#6098);
#11 = AXIS2_PLACEMENT_3D('',#12,#13,#14);
#12 = CARTESIAN_POINT('',(0.,0.,0.));
#13 = DIRECTION('',(0.,0.,1.));
#14 = DIRECTION('',(1.,0.,-0.));
#15 = MANIFOLD_SOLID_BREP('',#16);
#16 = CLOSED_SHELL('',(#17,#1473,#2106,#2876,#2931,#2986,#3041,#3096,
    #3151,#3206,#3261,#3316,#3366,#3416,#3443,#3470,#3520,#3547,#3574,
    #3624,#3727,#3804,#3854,#3881,#3908,#3935,#4164,#4191,#4218,#4268,
    #4318,#4368,#4423,#4450,#4505,#4532,#4587,#4614,#4669,#4696,#4723,
    #4778,#5095,#5122,#5177,#5232,#5259,#5314,#5341,#5396,#5400,#5404,
    #5408,#5412,#5416,#5420,#5424,#5428,#5434,#5608,#5635,#5639,#5643,
    #5647,#5651,#5655,#5659,#5663,#5667,#5671,#5675,#5761,#5820,#5879,
    #5938,#5997,#6034,#6094));
#17 = ADVANCED_FACE('',(#18,#105,#276,#447,#618,#789,#960,#1131,#1302),
  #31,.T.);
#18 = FACE_BOUND('',#19,.T.);
#19 = EDGE_LOOP('',(#20,#54,#77,#104));
#20 = ORIENTED_EDGE('',*,*,#21,.F.);
#21 = EDGE_CURVE('',#22,#22,#24,.T.);
#22 = VERTEX_POINT('',#23);
#23 = CARTESIAN_POINT('',(46.,-1.126675055216E-14,-289.7));
#24 = SURFACE_CURVE('',#25,(#30,#42),.PCURVE_S1.);
#25 = CIRCLE('',#26,46.);
#26 = AXIS2_PLACEMENT_3D('',#27,#28,#29);
#27 = CARTESIAN_POINT('',(0.,0.,-289.7));
#28 = DIRECTION('',(0.,0.,1.));
#29 = DIRECTION('',(1.,0.,-0.));
#30 = PCURVE('',#31,#36);
#31 = CYLINDRICAL_SURFACE('',#32,46.);
#32 = AXIS2_PLACEMENT_3D('',#33,#34,#35);
#33 = CARTESIAN_POINT('',(0.,0.,-303.7));
#34 = DIRECTION('',(0.,0.,1.));
#35 = DIRECTION('',(1.,0.,-0.));
#36 = DEFINITIONAL_REPRESENTATION('',(#37),#41);
#37 = LINE('',#38,#39);
#38 = CARTESIAN_POINT('',(0.,14.));
#39 = VECTOR('',#40,1.);
#40 = DIRECTION('',(1.,0.));
#41 = ( GEOMETRIC_REPRESENTATION_CONTEXT(2) 
PARAMETRIC_REPRESENTATION_CONTEXT() REPRESENTATION_CONTEXT('2D SPACE',''
  ) );
#42 = PCURVE('',#43,#48);
#43 = PLANE('',#44);
#44 = AXIS2_PLACEMENT_3D('',#45,#46,#47);
#45 = CARTESIAN_POINT('',(0.,0.,-289.7));
#46 = DIRECTION('',(0.,0.,1.));
#47 = DIRECTION('',(1.,0.,-0.));
#48 = DEFINITIONAL_REPRESENTATION('',(#49),#53);
#49 = CIRCLE('',#50,46.);
#50 = AXIS2_PLACEMENT_2D('',#51,#52);
#51 = CARTESIAN_POINT('',(0.,0.));
#52 = DIRECTION('',(1.,0.));
#53 = ( GEOMETRIC_REPRESENTATION_CONTEXT(2) 
PARAMETRIC_REPRESENTATION_CONTEXT() REPRESENTATION_CONTEXT('2D SPACE',''
  ) );
#54 = ORIENTED_EDGE('',*,*,#55,.F.);
#55 = EDGE_CURVE('',#56,#22,#58,.T.);
#56 = VERTEX_POINT('',#57);
#57 = CARTESIAN_POINT('',(46.,-1.126675055216E-14,-303.7));
#58 = SEAM_CURVE('',#59,(#63,#70),.PCURVE_S1.);
#59 = LINE('',#60,#61);
#60 = CARTESIAN_POINT('',(46.,-1.126675055216E-14,-303.7));
#61 = VECTOR('',#62,1.);
#62 = DIRECTION('',(0.,0.,1.));
#63 = PCURVE('',#31,#64);
#64 = DEFINITIONAL_REPRESENTATION('',(#65),#69);
#65 = LINE('',#66,#67);
#66 = CARTESIAN_POINT('',(6.28318530718,-0.));
#67 = VECTOR('',#68,1.);
#68 = DIRECTION('',(0.,1.));
#69 = ( GEOMETRIC_REPRESENTATION_CONTEXT(2) 
PARAMETRIC_REPRESENTATION_CONTEXT() REPRESENTATION_CONTEXT('2D SPACE',''
  ) );
#70 = PCURVE('',#31,#71);
#71 = DEFINITIONAL_REPRESENTATION('',(#72),#76);
#72 = LINE('',#73,#74);
#73 = CARTESIAN_POINT('',(0.,-0.));
#74 = VECTOR('',#75,1.);
#75 = DIRECTION('',(0.,1.));
#76 = ( GEOMETRIC_REPRESENTATION_CONTEXT(2) 
PARAMETRIC_REPRESENTATION_CONTEXT() REPRESENTATION_CONTEXT('2D SPACE',''
  ) );
#77 = ORIENTED_EDGE('',*,*,#78,.T.);
#78 = EDGE_CURVE('',#56,#56,#79,.T.);
#79 = SURFACE_CURVE('',#80,(#85,#92),.PCURVE_S1.);
#80 = CIRCLE('',#81,46.);
#81 = AXIS2_PLACEMENT_3D('',#82,#83,#84);
#82 = CARTESIAN_POINT('',(0.,0.,-303.7));
#83 = DIRECTION('',(0.,0.,1.));
#84 = DIRECTION('',(1.,0.,-0.));
#85 = PCURVE('',#31,#86);
#86 = DEFINITIONAL_REPRESENTATION('',(#87),#91);
#87 = LINE('',#88,#89);
#88 = CARTESIAN_POINT('',(0.,0.));
#89 = VECTOR('',#90,1.);
#90 = DIRECTION('',(1.,0.));
#91 = ( GEOMETRIC_REPRESENTATION_CONTEXT(2) 
PARAMETRIC_REPRESENTATION_CONTEXT() REPRESENTATION_CONTEXT('2D SPACE',''
  ) );
#92 = PCURVE('',#93,#98);
#93 = PLANE('',#94);
#94 = AXIS2_PLACEMENT_3D('',#95,#96,#97);
#95 = CARTESIAN_POINT('',(0.,0.,-303.7));
#96 = DIRECTION('',(0.,0.,1.));
#97 = DIRECTION('',(1.,0.,-0.));
#98 = DEFINITIONAL_REPRESENTATION('',(#99),#103);
#99 = CIRCLE('',#100,46.);
#100 = AXIS2_PLACEMENT_2D('',#101,#102);
#101 = CARTESIAN_POINT('',(0.,0.));
#102 = DIRECTION('',(1.,0.));
#103 = ( GEOMETRIC_REPRESENTATION_CONTEXT(2) 
PARAMETRIC_REPRESENTATION_CONTEXT() REPRESENTATION_CONTEXT('2D SPACE',''
  ) );
#104 = ORIENTED_EDGE('',*,*,#55,.T.);
#105 = FACE_BOUND('',#106,.T.);
#106 = EDGE_LOOP('',(#107));
#107 = ORIENTED_EDGE('',*,*,#108,.F.);
#108 = EDGE_CURVE('',#109,#109,#111,.T.);
#109 = VERTEX_POINT('',#110);
#110 = CARTESIAN_POINT('',(42.498458495519,17.603437888794,-298.7));
#111 = SURFACE_CURVE('',#112,(#163,#217),.PCURVE_S1.);
#112 = B_SPLINE_CURVE_WITH_KNOTS('',7,(#113,#114,#115,#116,#117,#118,
    #119,#120,#121,#122,#123,#124,#125,#126,#127,#128,#129,#130,#131,
    #132,#133,#134,#135,#136,#137,#138,#139,#140,#141,#142,#143,#144,
    #145,#146,#147,#148,#149,#150,#151,#152,#153,#154,#155,#156,#157,
    #158,#159,#160,#161,#162),.UNSPECIFIED.,.T.,.F.,(8,6,6,6,6,6,6,6,8),
  (0.,0.142625612869,0.278850114541,0.448928664864,0.59515631341,
    0.6897964874,0.793905503484,0.894608670322,1.),.UNSPECIFIED.);
#113 = CARTESIAN_POINT('',(42.498458495519,17.603437888794,-298.7));
#114 = CARTESIAN_POINT('',(42.392700899644,17.85875931108,-298.7));
#115 = CARTESIAN_POINT('',(42.288148371612,18.106109763413,
    -298.6554491532));
#116 = CARTESIAN_POINT('',(42.188135251701,18.337955567381,
    -298.5708854597));
#117 = CARTESIAN_POINT('',(42.095728858861,18.548288617695,
    -298.4523842069));
#118 = CARTESIAN_POINT('',(42.013505523552,18.732767440284,
    -298.3074728088));
#119 = CARTESIAN_POINT('',(41.943096660136,18.889056964316,
    -298.1449753026));
#120 = CARTESIAN_POINT('',(41.829273647968,19.139748077464,
    -297.8123560584));
#121 = CARTESIAN_POINT('',(41.783350156323,19.239783100082,
    -297.6386964734));
#122 = CARTESIAN_POINT('',(41.746962082233,19.318432694003,
    -297.457467648));
#123 = CARTESIAN_POINT('',(41.719882467841,19.37667377432,
    -297.2712226505));
#124 = CARTESIAN_POINT('',(41.701902724323,19.415245616454,
    -297.0818798858));
#125 = CARTESIAN_POINT('',(41.692903954193,19.43455067313,
    -296.8909952349));
#126 = CARTESIAN_POINT('',(41.692903954193,19.43455067313,
    -296.4615392804));
#127 = CARTESIAN_POINT('',(41.706931438707,19.404457298541,
    -296.2232218035));
#128 = CARTESIAN_POINT('',(41.734955497511,19.344338545312,
    -295.9878183619));
#129 = CARTESIAN_POINT('',(41.777296950091,19.253143196071,
    -295.7583830116));
#130 = CARTESIAN_POINT('',(41.834430685806,19.129154092026,
    -295.5391937309));
#131 = CARTESIAN_POINT('',(41.906788337745,18.970161700445,
    -295.3362269057));
#132 = CARTESIAN_POINT('',(42.069486032192,18.606243748492,
    -295.006577186));
#133 = CARTESIAN_POINT('',(42.158822752545,18.404305900623,
    -294.867225809));
#134 = CARTESIAN_POINT('',(42.259926870835,18.172439298661,
    -294.7574925057));
#135 = CARTESIAN_POINT('',(42.368409698127,17.918775142421,
    -294.6888201655));
#136 = CARTESIAN_POINT('',(42.478841938911,17.65458471947,-294.667405155
    ));
#137 = CARTESIAN_POINT('',(42.586184474811,17.392213193283,
    -294.6938529176));
#138 = CARTESIAN_POINT('',(42.751117508188,16.981524961902,
    -294.8074787992));
#139 = CARTESIAN_POINT('',(42.813472442728,16.824201529974,
    -294.8703346728));
#140 = CARTESIAN_POINT('',(42.872585866254,16.673089863541,
    -294.9508063068));
#141 = CARTESIAN_POINT('',(42.927769816478,16.530258732031,
    -295.0479500677));
#142 = CARTESIAN_POINT('',(42.97843383274,16.397649642809,
    -295.1604876423));
#143 = CARTESIAN_POINT('',(43.024084243473,16.277017012638,
    -295.2868358092));
#144 = CARTESIAN_POINT('',(43.108600994367,16.051927679868,
    -295.5773069041));
#145 = CARTESIAN_POINT('',(43.146338394325,15.950279341558,
    -295.7439699375));
#146 = CARTESIAN_POINT('',(43.177014880314,15.866863289772,
    -295.9226915204));
#147 = CARTESIAN_POINT('',(43.200265091751,15.803220674238,
    -296.1107188168));
#148 = CARTESIAN_POINT('',(43.215848198135,15.760424302213,
    -296.3050517748));
#149 = CARTESIAN_POINT('',(43.223637683653,15.739032543085,
    -296.5025370736));
#150 = CARTESIAN_POINT('',(43.223637683653,15.739032543085,
    -296.8910030731));
#151 = CARTESIAN_POINT('',(43.216349449844,15.759047985837,
    -297.0818856533));
#152 = CARTESIAN_POINT('',(43.201788770142,15.799035637481,
    -297.271223905));
#153 = CARTESIAN_POINT('',(43.179754838229,15.859364923431,
    -297.457466377));
#154 = CARTESIAN_POINT('',(43.149871636913,15.940708346579,
    -297.6386958099));
#155 = CARTESIAN_POINT('',(43.111608476996,16.043917998343,
    -297.8123568399));
#156 = CARTESIAN_POINT('',(43.014849153704,16.301612375949,
    -298.1449037761));
#157 = CARTESIAN_POINT('',(42.954122030164,16.461914414281,
    -298.3074413119));
#158 = CARTESIAN_POINT('',(42.881795227161,16.650558558468,
    -298.452414432));
#159 = CARTESIAN_POINT('',(42.79837689974,16.864708796071,
    -298.5709459923));
#160 = CARTESIAN_POINT('',(42.705132829098,17.099425111251,
    -298.6554921318));
#161 = CARTESIAN_POINT('',(42.604165065406,17.348239654142,-298.7));
#162 = CARTESIAN_POINT('',(42.498458495519,17.603437888794,-298.7));
#163 = PCURVE('',#31,#164);
#164 = DEFINITIONAL_REPRESENTATION('',(#165),#216);
#165 = B_SPLINE_CURVE_WITH_KNOTS('',7,(#166,#167,#168,#169,#170,#171,
    #172,#173,#174,#175,#176,#177,#178,#179,#180,#181,#182,#183,#184,
    #185,#186,#187,#188,#189,#190,#191,#192,#193,#194,#195,#196,#197,
    #198,#199,#200,#201,#202,#203,#204,#205,#206,#207,#208,#209,#210,
    #211,#212,#213,#214,#215),.UNSPECIFIED.,.T.,.F.,(8,6,6,6,6,6,6,6,8),
  (0.,0.142625612869,0.278850114541,0.448928664864,0.59515631341,
    0.6897964874,0.793905503484,0.894608670322,1.),.UNSPECIFIED.);
#166 = CARTESIAN_POINT('',(0.392699081699,5.));
#167 = CARTESIAN_POINT('',(0.398706862482,5.));
#168 = CARTESIAN_POINT('',(0.404544526844,5.044550846795));
#169 = CARTESIAN_POINT('',(0.410033377606,5.129114540216));
#170 = CARTESIAN_POINT('',(0.415027505188,5.247615793088));
#171 = CARTESIAN_POINT('',(0.419418167001,5.392527191108));
#172 = CARTESIAN_POINT('',(0.423144609367,5.555024697332));
#173 = CARTESIAN_POINT('',(0.429129850837,5.88764394151));
#174 = CARTESIAN_POINT('',(0.43152271223,6.06130352657));
#175 = CARTESIAN_POINT('',(0.433406605034,6.242532351934));
#176 = CARTESIAN_POINT('',(0.434802880749,6.428777349434));
#177 = CARTESIAN_POINT('',(0.435728022762,6.618120114121));
#178 = CARTESIAN_POINT('',(0.436191052489,6.809004765026));
#179 = CARTESIAN_POINT('',(0.436191052489,7.238460719504));
#180 = CARTESIAN_POINT('',(0.435469267024,7.476778196471));
#181 = CARTESIAN_POINT('',(0.434027319733,7.712181638069));
#182 = CARTESIAN_POINT('',(0.431841551665,7.941616988396));
#183 = CARTESIAN_POINT('',(0.428873764082,8.160806269006));
#184 = CARTESIAN_POINT('',(0.425076388368,8.363773094252));
#185 = CARTESIAN_POINT('',(0.416410493208,8.693422813938));
#186 = CARTESIAN_POINT('',(0.411610171925,8.832774190951));
#187 = CARTESIAN_POINT('',(0.406111358787,8.942507494208));
#188 = CARTESIAN_POINT('',(0.400114121308,9.011179834429));
#189 = CARTESIAN_POINT('',(0.393889588358,9.032594844908));
#190 = CARTESIAN_POINT('',(0.387727093925,9.006147082356));
#191 = CARTESIAN_POINT('',(0.378106018659,8.892521200745));
#192 = CARTESIAN_POINT('',(0.374427142912,8.829665327118));
#193 = CARTESIAN_POINT('',(0.370899750974,8.749193693186));
#194 = CARTESIAN_POINT('',(0.36757108255,8.652049932264));
#195 = CARTESIAN_POINT('',(0.364485069511,8.539512357606));
#196 = CARTESIAN_POINT('',(0.361681136199,8.413164190709));
#197 = CARTESIAN_POINT('',(0.356454320033,8.122693095893));
#198 = CARTESIAN_POINT('',(0.354097219716,7.956030062407));
#199 = CARTESIAN_POINT('',(0.352165100795,7.77730847955));
#200 = CARTESIAN_POINT('',(0.350692133586,7.589281183134));
#201 = CARTESIAN_POINT('',(0.349702020165,7.394948225172));
#202 = CARTESIAN_POINT('',(0.349207110909,7.197462926339));
#203 = CARTESIAN_POINT('',(0.349207110909,6.808996926844));
#204 = CARTESIAN_POINT('',(0.349670178001,6.618114346696));
#205 = CARTESIAN_POINT('',(0.350595311713,6.428776094977));
#206 = CARTESIAN_POINT('',(0.35199155154,6.242533622983));
#207 = CARTESIAN_POINT('',(0.353875432761,6.061304190055));
#208 = CARTESIAN_POINT('',(0.356268326622,5.887643160086));
#209 = CARTESIAN_POINT('',(0.362252266963,5.555096223854));
#210 = CARTESIAN_POINT('',(0.365978753961,5.39255868805));
#211 = CARTESIAN_POINT('',(0.370370743136,5.24758556799));
#212 = CARTESIAN_POINT('',(0.375366762881,5.129054007611));
#213 = CARTESIAN_POINT('',(0.380856952285,5.04450786814));
#214 = CARTESIAN_POINT('',(0.386694199553,5.));
#215 = CARTESIAN_POINT('',(0.392699081699,5.));
#216 = ( GEOMETRIC_REPRESENTATION_CONTEXT(2) 
PARAMETRIC_REPRESENTATION_CONTEXT() REPRESENTATION_CONTEXT('2D SPACE',''
  ) );
#217 = PCURVE('',#218,#223);
#218 = CYLINDRICAL_SURFACE('',#219,2.);
#219 = AXIS2_PLACEMENT_3D('',#220,#221,#222);
#220 = CARTESIAN_POINT('',(41.112639196752,17.029412740246,-296.7));
#221 = DIRECTION('',(0.923879532511,0.382683432365,2.22044604925E-16));
#222 = DIRECTION('',(2.051424657948E-16,8.497279155086E-17,-1.));
#223 = DEFINITIONAL_REPRESENTATION('',(#224),#275);
#224 = B_SPLINE_CURVE_WITH_KNOTS('',7,(#225,#226,#227,#228,#229,#230,
    #231,#232,#233,#234,#235,#236,#237,#238,#239,#240,#241,#242,#243,
    #244,#245,#246,#247,#248,#249,#250,#251,#252,#253,#254,#255,#256,
    #257,#258,#259,#260,#261,#262,#263,#264,#265,#266,#267,#268,#269,
    #270,#271,#272,#273,#274),.UNSPECIFIED.,.F.,.F.,(8,6,6,6,6,6,6,6,8),
  (0.,0.142625612869,0.278850114541,0.448928664864,0.59515631341,
    0.6897964874,0.793905503484,0.894608670322,1.),.UNSPECIFIED.);
#225 = CARTESIAN_POINT('',(0.,1.5));
#226 = CARTESIAN_POINT('',(0.138178958025,1.5));
#227 = CARTESIAN_POINT('',(0.272445173447,1.498062979375));
#228 = CARTESIAN_POINT('',(0.402989946768,1.494386452948));
#229 = CARTESIAN_POINT('',(0.529663020966,1.489505051564));
#230 = CARTESIAN_POINT('',(0.652036804643,1.484137584005));
#231 = CARTESIAN_POINT('',(0.769247241383,1.478897687686));
#232 = CARTESIAN_POINT('',(0.985089893859,1.469674272058));
#233 = CARTESIAN_POINT('',(1.087050042879,1.465528243878));
#234 = CARTESIAN_POINT('',(1.186380531104,1.462007943555));
#235 = CARTESIAN_POINT('',(1.283762104435,1.459277538591));
#236 = CARTESIAN_POINT('',(1.379856488313,1.457427226495));
#237 = CARTESIAN_POINT('',(1.475298709308,1.456501172304));
#238 = CARTESIAN_POINT('',(1.690026686547,1.456501172304));
#239 = CARTESIAN_POINT('',(1.809184811517,1.45794464226));
#240 = CARTESIAN_POINT('',(1.929657950412,1.460829045772));
#241 = CARTESIAN_POINT('',(2.052659156196,1.465048497925));
#242 = CARTESIAN_POINT('',(2.179456395738,1.470384611055));
#243 = CARTESIAN_POINT('',(2.311403424267,1.476390610572));
#244 = CARTESIAN_POINT('',(2.569983054927,1.487438309506));
#245 = CARTESIAN_POINT('',(2.699444535055,1.492696408196));
#246 = CARTESIAN_POINT('',(2.834632895758,1.497372926647));
#247 = CARTESIAN_POINT('',(2.973286235653,1.500524920432));
#248 = CARTESIAN_POINT('',(3.113658228384,1.501449709569));
#249 = CARTESIAN_POINT('',(3.254231756341,1.500216045258));
#250 = CARTESIAN_POINT('',(3.482680695111,1.495430717014));
#251 = CARTESIAN_POINT('',(3.572443485207,1.492834093865));
#252 = CARTESIAN_POINT('',(3.66219815637,1.489619844776));
#253 = CARTESIAN_POINT('',(3.751954520032,1.485944059257));
#254 = CARTESIAN_POINT('',(3.841718163484,1.482004205489));
#255 = CARTESIAN_POINT('',(3.931482701736,1.478015576647));
#256 = CARTESIAN_POINT('',(4.119974656638,1.4699609145));
#257 = CARTESIAN_POINT('',(4.218715758829,1.465926590933));
#258 = CARTESIAN_POINT('',(4.317445579918,1.462346027455));
#259 = CARTESIAN_POINT('',(4.416175802458,1.459471447371));
#260 = CARTESIAN_POINT('',(4.514915160217,1.457490897872));
#261 = CARTESIAN_POINT('',(4.613657517215,1.456501172304));
#262 = CARTESIAN_POINT('',(4.807890516963,1.456501172304));
#263 = CARTESIAN_POINT('',(4.903331693158,1.457427300592));
#264 = CARTESIAN_POINT('',(4.999424018635,1.45927759842));
#265 = CARTESIAN_POINT('',(5.096804191063,1.462007917924));
#266 = CARTESIAN_POINT('',(5.196134744638,1.465528220233));
#267 = CARTESIAN_POINT('',(5.298095920401,1.469674293727));
#268 = CARTESIAN_POINT('',(5.513891650941,1.478895704281));
#269 = CARTESIAN_POINT('',(5.631118176115,1.484136092018));
#270 = CARTESIAN_POINT('',(5.753532316286,1.489505827664));
#271 = CARTESIAN_POINT('',(5.880246973886,1.494389090292));
#272 = CARTESIAN_POINT('',(6.01081641144,1.498064847023));
#273 = CARTESIAN_POINT('',(6.145073017822,1.5));
#274 = CARTESIAN_POINT('',(6.28318530718,1.5));
#275 = ( GEOMETRIC_REPRESENTATION_CONTEXT(2) 
PARAMETRIC_REPRESENTATION_CONTEXT() REPRESENTATION_CONTEXT('2D SPACE',''
  ) );
#276 = FACE_BOUND('',#277,.T.);
#277 = EDGE_LOOP('',(#278));
#278 = ORIENTED_EDGE('',*,*,#279,.F.);
#279 = EDGE_CURVE('',#280,#280,#282,.T.);
#280 = VERTEX_POINT('',#281);
#281 = CARTESIAN_POINT('',(17.603437888794,42.498458495519,-298.7));
#282 = SURFACE_CURVE('',#283,(#334,#388),.PCURVE_S1.);
#283 = B_SPLINE_CURVE_WITH_KNOTS('',7,(#284,#285,#286,#287,#288,#289,
    #290,#291,#292,#293,#294,#295,#296,#297,#298,#299,#300,#301,#302,
    #303,#304,#305,#306,#307,#308,#309,#310,#311,#312,#313,#314,#315,
    #316,#317,#318,#319,#320,#321,#322,#323,#324,#325,#326,#327,#328,
    #329,#330,#331,#332,#333),.UNSPECIFIED.,.T.,.F.,(8,6,6,6,6,6,6,6,8),
  (0.,0.14262561395,0.278850116656,0.448928668269,0.595156318314,
    0.689796493089,0.793905509964,0.894608675406,1.),.UNSPECIFIED.);
#284 = CARTESIAN_POINT('',(17.603437888794,42.498458495519,-298.7));
#285 = CARTESIAN_POINT('',(17.348116466508,42.604216091394,-298.7));
#286 = CARTESIAN_POINT('',(17.099283482772,42.705189472007,
    -298.6554491532));
#287 = CARTESIAN_POINT('',(16.864623787301,42.798409256886,
    -298.5708854597));
#288 = CARTESIAN_POINT('',(16.650554674113,42.881795996068,
    -298.4523842069));
#289 = CARTESIAN_POINT('',(16.461967769707,42.954101544538,
    -298.3074728088));
#290 = CARTESIAN_POINT('',(16.301667802659,43.014828342032,
    -298.1449753026));
#291 = CARTESIAN_POINT('',(16.043917392809,43.111608704362,
    -297.8123560584));
#292 = CARTESIAN_POINT('',(15.940709137601,43.149871334854,
    -297.6386964734));
#293 = CARTESIAN_POINT('',(15.859365222459,43.17975474211,-297.457467648
    ));
#294 = CARTESIAN_POINT('',(15.799034380655,43.201789225978,
    -297.2712226505));
#295 = CARTESIAN_POINT('',(15.759046370953,43.216350038548,
    -297.0818798858));
#296 = CARTESIAN_POINT('',(15.739032543085,43.223637683653,
    -296.8909952349));
#297 = CARTESIAN_POINT('',(15.739032543085,43.223637683653,
    -296.4615392804));
#298 = CARTESIAN_POINT('',(15.770230701749,43.212277383835,
    -296.2232218035));
#299 = CARTESIAN_POINT('',(15.832557081851,43.189583007767,
    -295.9878183619));
#300 = CARTESIAN_POINT('',(15.926981859955,43.155038086151,
    -295.7583830116));
#301 = CARTESIAN_POINT('',(16.055055048178,43.107764201846,
    -295.5391937309));
#302 = CARTESIAN_POINT('',(16.218644232779,43.046504189958,
    -295.3362269057));
#303 = CARTESIAN_POINT('',(16.591017727888,42.904219981188,
    -295.0065771856));
#304 = CARTESIAN_POINT('',(16.796979949375,42.824598960687,
    -294.8672258096));
#305 = CARTESIAN_POINT('',(17.03242580348,42.732135921825,
    -294.7574925056));
#306 = CARTESIAN_POINT('',(17.288502392407,42.629477219198,
    -294.6888201652));
#307 = CARTESIAN_POINT('',(17.553400618318,42.520753765887,
    -294.6674051554));
#308 = CARTESIAN_POINT('',(17.814827937621,42.411131716054,
    -294.6938529174));
#309 = CARTESIAN_POINT('',(18.221853637945,42.23735654877,
    -294.8074787992));
#310 = CARTESIAN_POINT('',(18.377189700446,42.170203680314,
    -294.8703346728));
#311 = CARTESIAN_POINT('',(18.525841287158,42.105151098887,
    -294.9508063067));
#312 = CARTESIAN_POINT('',(18.6658590943,42.043175182617,-295.0479500677
    ));
#313 = CARTESIAN_POINT('',(18.79545274999,41.985231265843,
    -295.1604876424));
#314 = CARTESIAN_POINT('',(18.913032615739,41.932210830042,
    -295.2868358092));
#315 = CARTESIAN_POINT('',(19.131957176993,41.832811004151,
    -295.577306904));
#316 = CARTESIAN_POINT('',(19.230517777814,41.787619146209,
    -295.7439699376));
#317 = CARTESIAN_POINT('',(19.311193384905,41.75032664162,
    -295.9226915205));
#318 = CARTESIAN_POINT('',(19.372635892062,41.721764898789,
    -296.1107188168));
#319 = CARTESIAN_POINT('',(19.41391641717,41.702522214096,
    -296.3050517747));
#320 = CARTESIAN_POINT('',(19.43455067313,41.692903954193,
    -296.5025370737));
#321 = CARTESIAN_POINT('',(19.43455067313,41.692903954193,
    -296.8910030689));
#322 = CARTESIAN_POINT('',(19.415244059204,41.701903449528,
    -297.0818856634));
#323 = CARTESIAN_POINT('',(19.376672558913,41.719883036205,
    -297.2712238977));
#324 = CARTESIAN_POINT('',(19.318432981655,41.746961935013,
    -297.4574663731));
#325 = CARTESIAN_POINT('',(19.239783865587,41.783349813945,
    -297.6386958183));
#326 = CARTESIAN_POINT('',(19.139747491347,41.829273914086,
    -297.8123568361));
#327 = CARTESIAN_POINT('',(18.889110874434,41.943072182954,
    -298.1449037742));
#328 = CARTESIAN_POINT('',(18.73281965078,42.013482282507,
    -298.3074413172));
#329 = CARTESIAN_POINT('',(18.548285327427,42.095731061587,
    -298.4524144258));
#330 = CARTESIAN_POINT('',(18.337872583141,42.188172479638,
    -298.5709459957));
#331 = CARTESIAN_POINT('',(18.105969557198,42.288208468438,
    -298.6554921311));
#332 = CARTESIAN_POINT('',(17.858636126446,42.39275192439,-298.7));
#333 = CARTESIAN_POINT('',(17.603437888794,42.498458495519,-298.7));
#334 = PCURVE('',#31,#335);
#335 = DEFINITIONAL_REPRESENTATION('',(#336),#387);
#336 = B_SPLINE_CURVE_WITH_KNOTS('',7,(#337,#338,#339,#340,#341,#342,
    #343,#344,#345,#346,#347,#348,#349,#350,#351,#352,#353,#354,#355,
    #356,#357,#358,#359,#360,#361,#362,#363,#364,#365,#366,#367,#368,
    #369,#370,#371,#372,#373,#374,#375,#376,#377,#378,#379,#380,#381,
    #382,#383,#384,#385,#386),.UNSPECIFIED.,.T.,.F.,(8,6,6,6,6,6,6,6,8),
  (0.,0.14262561395,0.278850116656,0.448928668269,0.595156318314,
    0.689796493089,0.793905509964,0.894608675406,1.),.UNSPECIFIED.);
#337 = CARTESIAN_POINT('',(1.178097245096,5.));
#338 = CARTESIAN_POINT('',(1.18410502588,5.));
#339 = CARTESIAN_POINT('',(1.189942690242,5.044550846795));
#340 = CARTESIAN_POINT('',(1.195431541003,5.129114540216));
#341 = CARTESIAN_POINT('',(1.200425668585,5.247615793088));
#342 = CARTESIAN_POINT('',(1.204816330399,5.392527191107));
#343 = CARTESIAN_POINT('',(1.208542772764,5.555024697332));
#344 = CARTESIAN_POINT('',(1.214528014235,5.88764394151));
#345 = CARTESIAN_POINT('',(1.216920875628,6.06130352657));
#346 = CARTESIAN_POINT('',(1.218804768431,6.242532351933));
#347 = CARTESIAN_POINT('',(1.220201044147,6.428777349434));
#348 = CARTESIAN_POINT('',(1.221126186159,6.618120114122));
#349 = CARTESIAN_POINT('',(1.221589215886,6.809004765026));
#350 = CARTESIAN_POINT('',(1.221589215886,7.238460719505));
#351 = CARTESIAN_POINT('',(1.220867430421,7.47677819647));
#352 = CARTESIAN_POINT('',(1.21942548313,7.71218163807));
#353 = CARTESIAN_POINT('',(1.217239715063,7.941616988395));
#354 = CARTESIAN_POINT('',(1.214271927479,8.160806269006));
#355 = CARTESIAN_POINT('',(1.210474551765,8.363773094252));
#356 = CARTESIAN_POINT('',(1.201808656595,8.693422814346));
#357 = CARTESIAN_POINT('',(1.197008335333,8.832774190338));
#358 = CARTESIAN_POINT('',(1.191509522198,8.942507494323));
#359 = CARTESIAN_POINT('',(1.185512284693,9.011179834791));
#360 = CARTESIAN_POINT('',(1.179287751743,9.032594844548));
#361 = CARTESIAN_POINT('',(1.173125257336,9.006147082514));
#362 = CARTESIAN_POINT('',(1.163504182055,8.892521200731));
#363 = CARTESIAN_POINT('',(1.159825306311,8.82966532712));
#364 = CARTESIAN_POINT('',(1.156297914373,8.749193693226));
#365 = CARTESIAN_POINT('',(1.152969245946,8.652049932253));
#366 = CARTESIAN_POINT('',(1.149883232908,8.539512357544));
#367 = CARTESIAN_POINT('',(1.147079299597,8.413164190758));
#368 = CARTESIAN_POINT('',(1.141852483431,8.122693095945));
#369 = CARTESIAN_POINT('',(1.139495383112,7.956030062362));
#370 = CARTESIAN_POINT('',(1.137563264193,7.777308479491));
#371 = CARTESIAN_POINT('',(1.136090296984,7.589281183174));
#372 = CARTESIAN_POINT('',(1.135100183563,7.394948225251));
#373 = CARTESIAN_POINT('',(1.134605274306,7.197462926268));
#374 = CARTESIAN_POINT('',(1.134605274306,6.808996931011));
#375 = CARTESIAN_POINT('',(1.135068341376,6.618114336508));
#376 = CARTESIAN_POINT('',(1.135993475215,6.428776102275));
#377 = CARTESIAN_POINT('',(1.137389714741,6.242533626867));
#378 = CARTESIAN_POINT('',(1.139273596336,6.061304181654));
#379 = CARTESIAN_POINT('',(1.141666489951,5.887643163845));
#380 = CARTESIAN_POINT('',(1.147650430326,5.555096225766));
#381 = CARTESIAN_POINT('',(1.15137691743,5.392558682755));
#382 = CARTESIAN_POINT('',(1.15576890653,5.247585574118));
#383 = CARTESIAN_POINT('',(1.160764926138,5.129054004299));
#384 = CARTESIAN_POINT('',(1.166255115851,5.044507868821));
#385 = CARTESIAN_POINT('',(1.17209236288,5.));
#386 = CARTESIAN_POINT('',(1.178097245096,5.));
#387 = ( GEOMETRIC_REPRESENTATION_CONTEXT(2) 
PARAMETRIC_REPRESENTATION_CONTEXT() REPRESENTATION_CONTEXT('2D SPACE',''
  ) );
#388 = PCURVE('',#389,#394);
#389 = CYLINDRICAL_SURFACE('',#390,2.);
#390 = AXIS2_PLACEMENT_3D('',#391,#392,#393);
#391 = CARTESIAN_POINT('',(17.029412740246,41.112639196752,-296.7));
#392 = DIRECTION('',(0.382683432365,0.923879532511,2.22044604925E-16));
#393 = DIRECTION('',(8.497279155086E-17,2.051424657948E-16,-1.));
#394 = DEFINITIONAL_REPRESENTATION('',(#395),#446);
#395 = B_SPLINE_CURVE_WITH_KNOTS('',7,(#396,#397,#398,#399,#400,#401,
    #402,#403,#404,#405,#406,#407,#408,#409,#410,#411,#412,#413,#414,
    #415,#416,#417,#418,#419,#420,#421,#422,#423,#424,#425,#426,#427,
    #428,#429,#430,#431,#432,#433,#434,#435,#436,#437,#438,#439,#440,
    #441,#442,#443,#444,#445),.UNSPECIFIED.,.F.,.F.,(8,6,6,6,6,6,6,6,8),
  (0.,0.14262561395,0.278850116656,0.448928668269,0.595156318314,
    0.689796493089,0.793905509964,0.894608675406,1.),.UNSPECIFIED.);
#396 = CARTESIAN_POINT('',(0.,1.5));
#397 = CARTESIAN_POINT('',(0.138178958025,1.5));
#398 = CARTESIAN_POINT('',(0.272445173447,1.498062979375));
#399 = CARTESIAN_POINT('',(0.402989946768,1.494386452948));
#400 = CARTESIAN_POINT('',(0.529663020966,1.489505051564));
#401 = CARTESIAN_POINT('',(0.652036804643,1.484137584005));
#402 = CARTESIAN_POINT('',(0.769247241383,1.478897687686));
#403 = CARTESIAN_POINT('',(0.985089893859,1.469674272058));
#404 = CARTESIAN_POINT('',(1.08705004288,1.465528243878));
#405 = CARTESIAN_POINT('',(1.186380531104,1.462007943555));
#406 = CARTESIAN_POINT('',(1.283762104435,1.459277538591));
#407 = CARTESIAN_POINT('',(1.379856488313,1.457427226494));
#408 = CARTESIAN_POINT('',(1.475298709308,1.456501172304));
#409 = CARTESIAN_POINT('',(1.690026686547,1.456501172304));
#410 = CARTESIAN_POINT('',(1.809184811516,1.45794464226));
#411 = CARTESIAN_POINT('',(1.929657950413,1.460829045772));
#412 = CARTESIAN_POINT('',(2.052659156196,1.465048497925));
#413 = CARTESIAN_POINT('',(2.179456395739,1.470384611055));
#414 = CARTESIAN_POINT('',(2.311403424267,1.476390610572));
#415 = CARTESIAN_POINT('',(2.569983055247,1.48743830952));
#416 = CARTESIAN_POINT('',(2.699444534682,1.492696408177));
#417 = CARTESIAN_POINT('',(2.834632895593,1.497372926644));
#418 = CARTESIAN_POINT('',(2.973286235858,1.500524920452));
#419 = CARTESIAN_POINT('',(3.11365822871,1.501449709553));
#420 = CARTESIAN_POINT('',(3.254231756024,1.500216045265));
#421 = CARTESIAN_POINT('',(3.48268069514,1.495430717013));
#422 = CARTESIAN_POINT('',(3.57244348518,1.492834093866));
#423 = CARTESIAN_POINT('',(3.662198156344,1.489619844777));
#424 = CARTESIAN_POINT('',(3.751954520054,1.485944059256));
#425 = CARTESIAN_POINT('',(3.841718163517,1.482004205487));
#426 = CARTESIAN_POINT('',(3.931482701704,1.478015576648));
#427 = CARTESIAN_POINT('',(4.119974656604,1.469960914501));
#428 = CARTESIAN_POINT('',(4.218715758861,1.465926590931));
#429 = CARTESIAN_POINT('',(4.317445579947,1.462346027455));
#430 = CARTESIAN_POINT('',(4.416175802432,1.459471447372));
#431 = CARTESIAN_POINT('',(4.51491516018,1.457490897872));
#432 = CARTESIAN_POINT('',(4.613657517251,1.456501172304));
#433 = CARTESIAN_POINT('',(4.807890514879,1.456501172304));
#434 = CARTESIAN_POINT('',(4.903331698012,1.457427300563));
#435 = CARTESIAN_POINT('',(4.999424015921,1.459277598574));
#436 = CARTESIAN_POINT('',(5.096804187506,1.462007917621));
#437 = CARTESIAN_POINT('',(5.196134750266,1.465528220509));
#438 = CARTESIAN_POINT('',(5.298095917961,1.469674293622));
#439 = CARTESIAN_POINT('',(5.5138916497,1.478895704228));
#440 = CARTESIAN_POINT('',(5.631118178958,1.484136092171));
#441 = CARTESIAN_POINT('',(5.753532314855,1.489505827486));
#442 = CARTESIAN_POINT('',(5.880246971429,1.494389090384));
#443 = CARTESIAN_POINT('',(6.010816415131,1.498064847007));
#444 = CARTESIAN_POINT('',(6.145073016198,1.5));
#445 = CARTESIAN_POINT('',(6.28318530718,1.5));
#446 = ( GEOMETRIC_REPRESENTATION_CONTEXT(2) 
PARAMETRIC_REPRESENTATION_CONTEXT() REPRESENTATION_CONTEXT('2D SPACE',''
  ) );
#447 = FACE_BOUND('',#448,.T.);
#448 = EDGE_LOOP('',(#449));
#449 = ORIENTED_EDGE('',*,*,#450,.F.);
#450 = EDGE_CURVE('',#451,#451,#453,.T.);
#451 = VERTEX_POINT('',#452);
#452 = CARTESIAN_POINT('',(-17.60343788879,42.498458495519,-298.7));
#453 = SURFACE_CURVE('',#454,(#505,#559),.PCURVE_S1.);
#454 = B_SPLINE_CURVE_WITH_KNOTS('',7,(#455,#456,#457,#458,#459,#460,
    #461,#462,#463,#464,#465,#466,#467,#468,#469,#470,#471,#472,#473,
    #474,#475,#476,#477,#478,#479,#480,#481,#482,#483,#484,#485,#486,
    #487,#488,#489,#490,#491,#492,#493,#494,#495,#496,#497,#498,#499,
    #500,#501,#502,#503,#504),.UNSPECIFIED.,.T.,.F.,(8,6,6,6,6,6,6,6,8),
  (0.,0.142625613033,0.278850114863,0.448928665382,0.595156314095,
    0.689796488225,0.793905504438,0.894608671388,1.),.UNSPECIFIED.);
#455 = CARTESIAN_POINT('',(-17.60343788879,42.498458495519,-298.7));
#456 = CARTESIAN_POINT('',(-17.85875931108,42.392700899644,-298.7));
#457 = CARTESIAN_POINT('',(-18.10610976341,42.288148371612,
    -298.6554491532));
#458 = CARTESIAN_POINT('',(-18.33795556738,42.188135251701,
    -298.5708854597));
#459 = CARTESIAN_POINT('',(-18.54828861769,42.095728858861,
    -298.4523842069));
#460 = CARTESIAN_POINT('',(-18.73276744028,42.013505523552,
    -298.3074728088));
#461 = CARTESIAN_POINT('',(-18.88905696431,41.943096660136,
    -298.1449753026));
#462 = CARTESIAN_POINT('',(-19.13974807746,41.829273647968,
    -297.8123560584));
#463 = CARTESIAN_POINT('',(-19.23978310008,41.783350156323,
    -297.6386964734));
#464 = CARTESIAN_POINT('',(-19.318432694,41.746962082233,-297.457467648)
  );
#465 = CARTESIAN_POINT('',(-19.37667377432,41.719882467842,
    -297.2712226505));
#466 = CARTESIAN_POINT('',(-19.41524561645,41.701902724323,
    -297.0818798858));
#467 = CARTESIAN_POINT('',(-19.43455067313,41.692903954193,
    -296.8909952349));
#468 = CARTESIAN_POINT('',(-19.43455067313,41.692903954193,
    -296.4615392804));
#469 = CARTESIAN_POINT('',(-19.40445729854,41.706931438707,
    -296.2232218035));
#470 = CARTESIAN_POINT('',(-19.34433854531,41.734955497511,
    -295.9878183619));
#471 = CARTESIAN_POINT('',(-19.25314319607,41.777296950091,
    -295.7583830116));
#472 = CARTESIAN_POINT('',(-19.12915409202,41.834430685806,
    -295.5391937309));
#473 = CARTESIAN_POINT('',(-18.97016170044,41.906788337745,
    -295.3362269057));
#474 = CARTESIAN_POINT('',(-18.60624374849,42.069486032192,
    -295.006577186));
#475 = CARTESIAN_POINT('',(-18.40430590062,42.158822752546,
    -294.867225809));
#476 = CARTESIAN_POINT('',(-18.17243929866,42.259926870835,
    -294.7574925057));
#477 = CARTESIAN_POINT('',(-17.91877514242,42.368409698127,
    -294.6888201655));
#478 = CARTESIAN_POINT('',(-17.65458471946,42.478841938911,
    -294.667405155));
#479 = CARTESIAN_POINT('',(-17.39221319328,42.586184474811,
    -294.6938529176));
#480 = CARTESIAN_POINT('',(-16.98152496184,42.751117508209,
    -294.8074787992));
#481 = CARTESIAN_POINT('',(-16.82420153003,42.813472442705,
    -294.8703346728));
#482 = CARTESIAN_POINT('',(-16.67308986357,42.872585866242,
    -294.9508063067));
#483 = CARTESIAN_POINT('',(-16.53025873199,42.927769816495,
    -295.0479500677));
#484 = CARTESIAN_POINT('',(-16.39764964277,42.978433832752,
    -295.1604876424));
#485 = CARTESIAN_POINT('',(-16.27701701267,43.024084243458,
    -295.2868358092));
#486 = CARTESIAN_POINT('',(-16.05192767985,43.108600994372,
    -295.5773069041));
#487 = CARTESIAN_POINT('',(-15.95027934157,43.146338394319,
    -295.7439699375));
#488 = CARTESIAN_POINT('',(-15.86686328977,43.177014880314,
    -295.9226915204));
#489 = CARTESIAN_POINT('',(-15.80322067422,43.200265091755,
    -296.1107188168));
#490 = CARTESIAN_POINT('',(-15.76042430221,43.215848198133,
    -296.3050517748));
#491 = CARTESIAN_POINT('',(-15.73903254308,43.223637683653,
    -296.5025370736));
#492 = CARTESIAN_POINT('',(-15.73903254308,43.223637683653,
    -296.8910030731));
#493 = CARTESIAN_POINT('',(-15.75904798583,43.216349449844,
    -297.0818856533));
#494 = CARTESIAN_POINT('',(-15.79903563748,43.201788770142,
    -297.271223905));
#495 = CARTESIAN_POINT('',(-15.85936492343,43.179754838229,
    -297.457466377));
#496 = CARTESIAN_POINT('',(-15.94070834657,43.149871636913,
    -297.6386958099));
#497 = CARTESIAN_POINT('',(-16.04391799834,43.111608476996,
    -297.8123568399));
#498 = CARTESIAN_POINT('',(-16.30161237446,43.014849154259,
    -298.1449037742));
#499 = CARTESIAN_POINT('',(-16.46191441741,42.954122029033,
    -298.3074413172));
#500 = CARTESIAN_POINT('',(-16.65055855824,42.88179522706,
    -298.4524144258));
#501 = CARTESIAN_POINT('',(-16.86470879014,42.798376902294,
    -298.5709459957));
#502 = CARTESIAN_POINT('',(-17.09942511841,42.705132826115,
    -298.6554921311));
#503 = CARTESIAN_POINT('',(-17.34823965114,42.604165066647,-298.7));
#504 = CARTESIAN_POINT('',(-17.60343788879,42.498458495519,-298.7));
#505 = PCURVE('',#31,#506);
#506 = DEFINITIONAL_REPRESENTATION('',(#507),#558);
#507 = B_SPLINE_CURVE_WITH_KNOTS('',7,(#508,#509,#510,#511,#512,#513,
    #514,#515,#516,#517,#518,#519,#520,#521,#522,#523,#524,#525,#526,
    #527,#528,#529,#530,#531,#532,#533,#534,#535,#536,#537,#538,#539,
    #540,#541,#542,#543,#544,#545,#546,#547,#548,#549,#550,#551,#552,
    #553,#554,#555,#556,#557),.UNSPECIFIED.,.T.,.F.,(8,6,6,6,6,6,6,6,8),
  (0.,0.142625613033,0.278850114863,0.448928665382,0.595156314095,
    0.689796488225,0.793905504438,0.894608671388,1.),.UNSPECIFIED.);
#508 = CARTESIAN_POINT('',(1.963495408494,5.));
#509 = CARTESIAN_POINT('',(1.969503189277,5.));
#510 = CARTESIAN_POINT('',(1.975340853639,5.044550846795));
#511 = CARTESIAN_POINT('',(1.9808297044,5.129114540216));
#512 = CARTESIAN_POINT('',(1.985823831982,5.247615793088));
#513 = CARTESIAN_POINT('',(1.990214493796,5.392527191107));
#514 = CARTESIAN_POINT('',(1.993940936162,5.555024697332));
#515 = CARTESIAN_POINT('',(1.999926177632,5.88764394151));
#516 = CARTESIAN_POINT('',(2.002319039025,6.06130352657));
#517 = CARTESIAN_POINT('',(2.004202931829,6.242532351933));
#518 = CARTESIAN_POINT('',(2.005599207544,6.428777349434));
#519 = CARTESIAN_POINT('',(2.006524349557,6.618120114122));
#520 = CARTESIAN_POINT('',(2.006987379284,6.809004765026));
#521 = CARTESIAN_POINT('',(2.006987379284,7.238460719504));
#522 = CARTESIAN_POINT('',(2.006265593819,7.476778196471));
#523 = CARTESIAN_POINT('',(2.004823646528,7.712181638069));
#524 = CARTESIAN_POINT('',(2.00263787846,7.941616988396));
#525 = CARTESIAN_POINT('',(1.999670090877,8.160806269006));
#526 = CARTESIAN_POINT('',(1.995872715162,8.363773094252));
#527 = CARTESIAN_POINT('',(1.987206820003,8.693422813938));
#528 = CARTESIAN_POINT('',(1.98240649872,8.832774190952));
#529 = CARTESIAN_POINT('',(1.976907685582,8.942507494207));
#530 = CARTESIAN_POINT('',(1.970910448103,9.01117983443));
#531 = CARTESIAN_POINT('',(1.964685915153,9.032594844908));
#532 = CARTESIAN_POINT('',(1.95852342072,9.006147082356));
#533 = CARTESIAN_POINT('',(1.948902345453,8.892521200731));
#534 = CARTESIAN_POINT('',(1.945223469708,8.82966532712));
#535 = CARTESIAN_POINT('',(1.94169607777,8.749193693226));
#536 = CARTESIAN_POINT('',(1.938367409344,8.652049932253));
#537 = CARTESIAN_POINT('',(1.935281396306,8.539512357544));
#538 = CARTESIAN_POINT('',(1.932477462995,8.413164190758));
#539 = CARTESIAN_POINT('',(1.927250646828,8.122693095876));
#540 = CARTESIAN_POINT('',(1.924893546511,7.956030062421));
#541 = CARTESIAN_POINT('',(1.92296142759,7.777308479569));
#542 = CARTESIAN_POINT('',(1.921488460381,7.589281183121));
#543 = CARTESIAN_POINT('',(1.92049834696,7.394948225146));
#544 = CARTESIAN_POINT('',(1.920003437704,7.197462926362));
#545 = CARTESIAN_POINT('',(1.920003437704,6.808996926844));
#546 = CARTESIAN_POINT('',(1.920466504796,6.618114346696));
#547 = CARTESIAN_POINT('',(1.921391638508,6.428776094977));
#548 = CARTESIAN_POINT('',(1.922787878335,6.242533622984));
#549 = CARTESIAN_POINT('',(1.924671759556,6.061304190055));
#550 = CARTESIAN_POINT('',(1.927064653416,5.887643160086));
#551 = CARTESIAN_POINT('',(1.933048593723,5.555096225764));
#552 = CARTESIAN_POINT('',(1.936775080828,5.392558682755));
#553 = CARTESIAN_POINT('',(1.941167069927,5.24758557412));
#554 = CARTESIAN_POINT('',(1.946163089535,5.1290540043));
#555 = CARTESIAN_POINT('',(1.951653279248,5.04450786882));
#556 = CARTESIAN_POINT('',(1.957490526277,5.));
#557 = CARTESIAN_POINT('',(1.963495408494,5.));
#558 = ( GEOMETRIC_REPRESENTATION_CONTEXT(2) 
PARAMETRIC_REPRESENTATION_CONTEXT() REPRESENTATION_CONTEXT('2D SPACE',''
  ) );
#559 = PCURVE('',#560,#565);
#560 = CYLINDRICAL_SURFACE('',#561,2.);
#561 = AXIS2_PLACEMENT_3D('',#562,#563,#564);
#562 = CARTESIAN_POINT('',(-17.02941274024,41.112639196752,-296.7));
#563 = DIRECTION('',(-0.382683432365,0.923879532511,2.22044604925E-16));
#564 = DIRECTION('',(-8.497279155086E-17,2.051424657948E-16,-1.));
#565 = DEFINITIONAL_REPRESENTATION('',(#566),#617);
#566 = B_SPLINE_CURVE_WITH_KNOTS('',7,(#567,#568,#569,#570,#571,#572,
    #573,#574,#575,#576,#577,#578,#579,#580,#581,#582,#583,#584,#585,
    #586,#587,#588,#589,#590,#591,#592,#593,#594,#595,#596,#597,#598,
    #599,#600,#601,#602,#603,#604,#605,#606,#607,#608,#609,#610,#611,
    #612,#613,#614,#615,#616),.UNSPECIFIED.,.F.,.F.,(8,6,6,6,6,6,6,6,8),
  (0.,0.142625613033,0.278850114863,0.448928665382,0.595156314095,
    0.689796488225,0.793905504438,0.894608671388,1.),.UNSPECIFIED.);
#567 = CARTESIAN_POINT('',(0.,1.5));
#568 = CARTESIAN_POINT('',(0.138178958025,1.5));
#569 = CARTESIAN_POINT('',(0.272445173447,1.498062979375));
#570 = CARTESIAN_POINT('',(0.402989946768,1.494386452948));
#571 = CARTESIAN_POINT('',(0.529663020966,1.489505051564));
#572 = CARTESIAN_POINT('',(0.652036804643,1.484137584005));
#573 = CARTESIAN_POINT('',(0.769247241383,1.478897687686));
#574 = CARTESIAN_POINT('',(0.985089893859,1.469674272058));
#575 = CARTESIAN_POINT('',(1.08705004288,1.465528243878));
#576 = CARTESIAN_POINT('',(1.186380531104,1.462007943555));
#577 = CARTESIAN_POINT('',(1.283762104435,1.459277538591));
#578 = CARTESIAN_POINT('',(1.379856488313,1.457427226494));
#579 = CARTESIAN_POINT('',(1.475298709308,1.456501172304));
#580 = CARTESIAN_POINT('',(1.690026686547,1.456501172304));
#581 = CARTESIAN_POINT('',(1.809184811517,1.45794464226));
#582 = CARTESIAN_POINT('',(1.929657950412,1.460829045772));
#583 = CARTESIAN_POINT('',(2.052659156196,1.465048497924));
#584 = CARTESIAN_POINT('',(2.179456395738,1.470384611056));
#585 = CARTESIAN_POINT('',(2.311403424267,1.476390610572));
#586 = CARTESIAN_POINT('',(2.569983054926,1.487438309506));
#587 = CARTESIAN_POINT('',(2.699444535055,1.492696408195));
#588 = CARTESIAN_POINT('',(2.834632895758,1.497372926647));
#589 = CARTESIAN_POINT('',(2.973286235652,1.500524920432));
#590 = CARTESIAN_POINT('',(3.113658228384,1.501449709569));
#591 = CARTESIAN_POINT('',(3.254231756341,1.500216045258));
#592 = CARTESIAN_POINT('',(3.48268069514,1.495430717013));
#593 = CARTESIAN_POINT('',(3.57244348518,1.492834093866));
#594 = CARTESIAN_POINT('',(3.662198156344,1.489619844777));
#595 = CARTESIAN_POINT('',(3.751954520054,1.485944059256));
#596 = CARTESIAN_POINT('',(3.841718163517,1.482004205487));
#597 = CARTESIAN_POINT('',(3.931482701704,1.478015576648));
#598 = CARTESIAN_POINT('',(4.119974656649,1.469960914499));
#599 = CARTESIAN_POINT('',(4.218715758818,1.465926590933));
#600 = CARTESIAN_POINT('',(4.317445579909,1.462346027455));
#601 = CARTESIAN_POINT('',(4.416175802467,1.459471447371));
#602 = CARTESIAN_POINT('',(4.514915160229,1.457490897873));
#603 = CARTESIAN_POINT('',(4.613657517204,1.456501172304));
#604 = CARTESIAN_POINT('',(4.807890516963,1.456501172304));
#605 = CARTESIAN_POINT('',(4.903331693158,1.457427300592));
#606 = CARTESIAN_POINT('',(4.999424018634,1.45927759842));
#607 = CARTESIAN_POINT('',(5.096804191063,1.462007917924));
#608 = CARTESIAN_POINT('',(5.196134744637,1.465528220233));
#609 = CARTESIAN_POINT('',(5.298095920401,1.469674293726));
#610 = CARTESIAN_POINT('',(5.513891649702,1.478895704228));
#611 = CARTESIAN_POINT('',(5.631118178957,1.484136092171));
#612 = CARTESIAN_POINT('',(5.753532314854,1.489505827486));
#613 = CARTESIAN_POINT('',(5.880246971427,1.494389090384));
#614 = CARTESIAN_POINT('',(6.010816415131,1.498064847007));
#615 = CARTESIAN_POINT('',(6.145073016199,1.5));
#616 = CARTESIAN_POINT('',(6.28318530718,1.5));
#617 = ( GEOMETRIC_REPRESENTATION_CONTEXT(2) 
PARAMETRIC_REPRESENTATION_CONTEXT() REPRESENTATION_CONTEXT('2D SPACE',''
  ) );
#618 = FACE_BOUND('',#619,.T.);
#619 = EDGE_LOOP('',(#620));
#620 = ORIENTED_EDGE('',*,*,#621,.F.);
#621 = EDGE_CURVE('',#622,#622,#624,.T.);
#622 = VERTEX_POINT('',#623);
#623 = CARTESIAN_POINT('',(-42.49845849551,17.603437888794,-298.7));
#624 = SURFACE_CURVE('',#625,(#676,#730),.PCURVE_S1.);
#625 = B_SPLINE_CURVE_WITH_KNOTS('',7,(#626,#627,#628,#629,#630,#631,
    #632,#633,#634,#635,#636,#637,#638,#639,#640,#641,#642,#643,#644,
    #645,#646,#647,#648,#649,#650,#651,#652,#653,#654,#655,#656,#657,
    #658,#659,#660,#661,#662,#663,#664,#665,#666,#667,#668,#669,#670,
    #671,#672,#673,#674,#675),.UNSPECIFIED.,.T.,.F.,(8,6,6,6,6,6,6,6,8),
  (0.,0.142625611425,0.278850113422,0.448928664151,0.595156313435,
    0.689796487718,0.793905504087,0.894608671201,1.),.UNSPECIFIED.);
#626 = CARTESIAN_POINT('',(-42.49845849551,17.603437888794,-298.7));
#627 = CARTESIAN_POINT('',(-42.60421609274,17.348116463252,-298.7));
#628 = CARTESIAN_POINT('',(-42.70518946868,17.099283490744,
    -298.6554491524));
#629 = CARTESIAN_POINT('',(-42.79840925973,16.864623780686,
    -298.5708854634));
#630 = CARTESIAN_POINT('',(-42.88179599598,16.650554673805,-298.4523842)
  );
#631 = CARTESIAN_POINT('',(-42.95410154325,16.461967773242,
    -298.3074728148));
#632 = CARTESIAN_POINT('',(-43.01482834265,16.30166780101,
    -298.1449753005));
#633 = CARTESIAN_POINT('',(-43.11160870436,16.043917392809,
    -297.8123560584));
#634 = CARTESIAN_POINT('',(-43.14987133485,15.940709137601,
    -297.6386964734));
#635 = CARTESIAN_POINT('',(-43.17975474211,15.85936522246,-297.457467648
    ));
#636 = CARTESIAN_POINT('',(-43.20178922597,15.799034380655,
    -297.2712226505));
#637 = CARTESIAN_POINT('',(-43.21635003854,15.759046370953,
    -297.0818798858));
#638 = CARTESIAN_POINT('',(-43.22363768365,15.739032543085,
    -296.8909952349));
#639 = CARTESIAN_POINT('',(-43.22363768365,15.739032543085,
    -296.4615392804));
#640 = CARTESIAN_POINT('',(-43.21227738383,15.770230701749,
    -296.2232218035));
#641 = CARTESIAN_POINT('',(-43.18958300776,15.832557081851,
    -295.9878183619));
#642 = CARTESIAN_POINT('',(-43.15503808615,15.926981859956,
    -295.7583830116));
#643 = CARTESIAN_POINT('',(-43.10776420184,16.055055048178,
    -295.5391937309));
#644 = CARTESIAN_POINT('',(-43.04650418995,16.218644232779,
    -295.3362269057));
#645 = CARTESIAN_POINT('',(-42.90421998118,16.591017727887,
    -295.0065771856));
#646 = CARTESIAN_POINT('',(-42.82459896068,16.796979949376,
    -294.8672258096));
#647 = CARTESIAN_POINT('',(-42.73213592182,17.032425803483,
    -294.7574925056));
#648 = CARTESIAN_POINT('',(-42.62947721919,17.288502392404,
    -294.6888201652));
#649 = CARTESIAN_POINT('',(-42.52075376588,17.553400618316,
    -294.6674051554));
#650 = CARTESIAN_POINT('',(-42.41113171605,17.814827937623,
    -294.6938529174));
#651 = CARTESIAN_POINT('',(-42.23735654877,18.221853637945,
    -294.8074787992));
#652 = CARTESIAN_POINT('',(-42.17020368031,18.377189700446,
    -294.8703346728));
#653 = CARTESIAN_POINT('',(-42.10515109888,18.525841287158,
    -294.9508063067));
#654 = CARTESIAN_POINT('',(-42.04317518261,18.6658590943,-295.0479500677
    ));
#655 = CARTESIAN_POINT('',(-41.98523126584,18.79545274999,
    -295.1604876424));
#656 = CARTESIAN_POINT('',(-41.93221083004,18.913032615739,
    -295.2868358092));
#657 = CARTESIAN_POINT('',(-41.83281100413,19.131957177032,
    -295.5773069041));
#658 = CARTESIAN_POINT('',(-41.78761914623,19.230517777762,
    -295.7439699375));
#659 = CARTESIAN_POINT('',(-41.75032664162,19.311193384905,
    -295.9226915204));
#660 = CARTESIAN_POINT('',(-41.72176489877,19.372635892093,
    -296.1107188168));
#661 = CARTESIAN_POINT('',(-41.7025222141,19.413916417157,
    -296.3050517748));
#662 = CARTESIAN_POINT('',(-41.69290395419,19.43455067313,
    -296.5025370736));
#663 = CARTESIAN_POINT('',(-41.69290395419,19.43455067313,
    -296.8910030731));
#664 = CARTESIAN_POINT('',(-41.70190344994,19.415244058283,
    -297.0818856533));
#665 = CARTESIAN_POINT('',(-41.71988303422,19.376672563286,
    -297.271223905));
#666 = CARTESIAN_POINT('',(-41.74696193875,19.318432973414,
    -297.457466377));
#667 = CARTESIAN_POINT('',(-41.78334981057,19.239783873007,
    -297.6386958099));
#668 = CARTESIAN_POINT('',(-41.82927391537,19.139747488514,
    -297.8123568399));
#669 = CARTESIAN_POINT('',(-41.94307218296,18.889110874413,
    -298.1449037742));
#670 = CARTESIAN_POINT('',(-42.01348228251,18.732819650774,
    -298.3074413172));
#671 = CARTESIAN_POINT('',(-42.09573106157,18.548285327448,
    -298.4524144258));
#672 = CARTESIAN_POINT('',(-42.18817247962,18.337872583166,
    -298.5709459956));
#673 = CARTESIAN_POINT('',(-42.28820846844,18.105969557194,
    -298.6554921311));
#674 = CARTESIAN_POINT('',(-42.3927519244,17.858636126416,-298.7));
#675 = CARTESIAN_POINT('',(-42.49845849551,17.603437888794,-298.7));
#676 = PCURVE('',#31,#677);
#677 = DEFINITIONAL_REPRESENTATION('',(#678),#729);
#678 = B_SPLINE_CURVE_WITH_KNOTS('',7,(#679,#680,#681,#682,#683,#684,
    #685,#686,#687,#688,#689,#690,#691,#692,#693,#694,#695,#696,#697,
    #698,#699,#700,#701,#702,#703,#704,#705,#706,#707,#708,#709,#710,
    #711,#712,#713,#714,#715,#716,#717,#718,#719,#720,#721,#722,#723,
    #724,#725,#726,#727,#728),.UNSPECIFIED.,.T.,.F.,(8,6,6,6,6,6,6,6,8),
  (0.,0.142625611425,0.278850113422,0.448928664151,0.595156313435,
    0.689796487718,0.793905504087,0.894608671201,1.),.UNSPECIFIED.);
#679 = CARTESIAN_POINT('',(2.748893571891,5.));
#680 = CARTESIAN_POINT('',(2.754901352751,5.));
#681 = CARTESIAN_POINT('',(2.760739016849,5.044550847528));
#682 = CARTESIAN_POINT('',(2.766227867954,5.12911453652));
#683 = CARTESIAN_POINT('',(2.771221995385,5.247615799984));
#684 = CARTESIAN_POINT('',(2.775612657112,5.392527185162));
#685 = CARTESIAN_POINT('',(2.779339099597,5.55502469946));
#686 = CARTESIAN_POINT('',(2.785324341029,5.88764394151));
#687 = CARTESIAN_POINT('',(2.787717202423,6.06130352657));
#688 = CARTESIAN_POINT('',(2.789601095226,6.242532351933));
#689 = CARTESIAN_POINT('',(2.790997370942,6.428777349434));
#690 = CARTESIAN_POINT('',(2.791922512954,6.618120114121));
#691 = CARTESIAN_POINT('',(2.792385542681,6.809004765026));
#692 = CARTESIAN_POINT('',(2.792385542681,7.238460719505));
#693 = CARTESIAN_POINT('',(2.791663757216,7.47677819647));
#694 = CARTESIAN_POINT('',(2.790221809925,7.71218163807));
#695 = CARTESIAN_POINT('',(2.788036041857,7.941616988395));
#696 = CARTESIAN_POINT('',(2.785068254274,8.160806269006));
#697 = CARTESIAN_POINT('',(2.78127087856,8.363773094252));
#698 = CARTESIAN_POINT('',(2.77260498339,8.693422814345));
#699 = CARTESIAN_POINT('',(2.767804662128,8.83277419034));
#700 = CARTESIAN_POINT('',(2.762305848992,8.942507494323));
#701 = CARTESIAN_POINT('',(2.756308611488,9.01117983479));
#702 = CARTESIAN_POINT('',(2.750084078538,9.032594844549));
#703 = CARTESIAN_POINT('',(2.74392158413,9.006147082514));
#704 = CARTESIAN_POINT('',(2.73430050885,8.892521200731));
#705 = CARTESIAN_POINT('',(2.730621633106,8.82966532712));
#706 = CARTESIAN_POINT('',(2.727094241168,8.749193693226));
#707 = CARTESIAN_POINT('',(2.723765572741,8.652049932253));
#708 = CARTESIAN_POINT('',(2.720679559703,8.539512357544));
#709 = CARTESIAN_POINT('',(2.717875626392,8.413164190758));
#710 = CARTESIAN_POINT('',(2.712648810225,8.122693095893));
#711 = CARTESIAN_POINT('',(2.710291709908,7.956030062407));
#712 = CARTESIAN_POINT('',(2.708359590987,7.777308479549));
#713 = CARTESIAN_POINT('',(2.706886623778,7.589281183134));
#714 = CARTESIAN_POINT('',(2.705896510358,7.394948225172));
#715 = CARTESIAN_POINT('',(2.705401601101,7.197462926339));
#716 = CARTESIAN_POINT('',(2.705401601101,6.808996926844));
#717 = CARTESIAN_POINT('',(2.705864668193,6.618114346696));
#718 = CARTESIAN_POINT('',(2.706789801906,6.428776094977));
#719 = CARTESIAN_POINT('',(2.708186041733,6.242533622984));
#720 = CARTESIAN_POINT('',(2.710069922954,6.061304190055));
#721 = CARTESIAN_POINT('',(2.712462816814,5.887643160086));
#722 = CARTESIAN_POINT('',(2.718446757121,5.555096225739));
#723 = CARTESIAN_POINT('',(2.722173244226,5.392558682761));
#724 = CARTESIAN_POINT('',(2.726565233324,5.247585574138));
#725 = CARTESIAN_POINT('',(2.731561252932,5.129054004304));
#726 = CARTESIAN_POINT('',(2.737051442646,5.04450786881));
#727 = CARTESIAN_POINT('',(2.742888689675,5.));
#728 = CARTESIAN_POINT('',(2.748893571891,5.));
#729 = ( GEOMETRIC_REPRESENTATION_CONTEXT(2) 
PARAMETRIC_REPRESENTATION_CONTEXT() REPRESENTATION_CONTEXT('2D SPACE',''
  ) );
#730 = PCURVE('',#731,#736);
#731 = CYLINDRICAL_SURFACE('',#732,2.);
#732 = AXIS2_PLACEMENT_3D('',#733,#734,#735);
#733 = CARTESIAN_POINT('',(-41.11263919675,17.029412740247,-296.7));
#734 = DIRECTION('',(-0.923879532511,0.382683432365,2.22044604925E-16));
#735 = DIRECTION('',(-2.051424657948E-16,8.497279155086E-17,-1.));
#736 = DEFINITIONAL_REPRESENTATION('',(#737),#788);
#737 = B_SPLINE_CURVE_WITH_KNOTS('',7,(#738,#739,#740,#741,#742,#743,
    #744,#745,#746,#747,#748,#749,#750,#751,#752,#753,#754,#755,#756,
    #757,#758,#759,#760,#761,#762,#763,#764,#765,#766,#767,#768,#769,
    #770,#771,#772,#773,#774,#775,#776,#777,#778,#779,#780,#781,#782,
    #783,#784,#785,#786,#787),.UNSPECIFIED.,.F.,.F.,(8,6,6,6,6,6,6,6,8),
  (0.,0.142625611425,0.278850113422,0.448928664151,0.595156313435,
    0.689796487718,0.793905504087,0.894608671201,1.),.UNSPECIFIED.);
#738 = CARTESIAN_POINT('',(0.,1.5));
#739 = CARTESIAN_POINT('',(0.138178959787,1.5));
#740 = CARTESIAN_POINT('',(0.272445169344,1.498062979359));
#741 = CARTESIAN_POINT('',(0.402989949499,1.49438645305));
#742 = CARTESIAN_POINT('',(0.529663022614,1.489505051364));
#743 = CARTESIAN_POINT('',(0.652036801439,1.484137584176));
#744 = CARTESIAN_POINT('',(0.769247242763,1.478897687627));
#745 = CARTESIAN_POINT('',(0.985089893859,1.469674272058));
#746 = CARTESIAN_POINT('',(1.08705004288,1.465528243878));
#747 = CARTESIAN_POINT('',(1.186380531104,1.462007943555));
#748 = CARTESIAN_POINT('',(1.283762104435,1.459277538591));
#749 = CARTESIAN_POINT('',(1.379856488313,1.457427226494));
#750 = CARTESIAN_POINT('',(1.475298709308,1.456501172304));
#751 = CARTESIAN_POINT('',(1.690026686547,1.456501172304));
#752 = CARTESIAN_POINT('',(1.809184811516,1.45794464226));
#753 = CARTESIAN_POINT('',(1.929657950413,1.460829045772));
#754 = CARTESIAN_POINT('',(2.052659156196,1.465048497925));
#755 = CARTESIAN_POINT('',(2.179456395738,1.470384611055));
#756 = CARTESIAN_POINT('',(2.311403424267,1.476390610572));
#757 = CARTESIAN_POINT('',(2.569983055246,1.48743830952));
#758 = CARTESIAN_POINT('',(2.699444534683,1.492696408177));
#759 = CARTESIAN_POINT('',(2.834632895594,1.497372926644));
#760 = CARTESIAN_POINT('',(2.973286235857,1.500524920452));
#761 = CARTESIAN_POINT('',(3.113658228709,1.501449709553));
#762 = CARTESIAN_POINT('',(3.254231756025,1.500216045265));
#763 = CARTESIAN_POINT('',(3.48268069514,1.495430717013));
#764 = CARTESIAN_POINT('',(3.57244348518,1.492834093866));
#765 = CARTESIAN_POINT('',(3.662198156344,1.489619844777));
#766 = CARTESIAN_POINT('',(3.751954520054,1.485944059256));
#767 = CARTESIAN_POINT('',(3.841718163517,1.482004205487));
#768 = CARTESIAN_POINT('',(3.931482701704,1.478015576648));
#769 = CARTESIAN_POINT('',(4.119974656638,1.4699609145));
#770 = CARTESIAN_POINT('',(4.218715758829,1.465926590933));
#771 = CARTESIAN_POINT('',(4.317445579918,1.462346027455));
#772 = CARTESIAN_POINT('',(4.416175802458,1.459471447371));
#773 = CARTESIAN_POINT('',(4.514915160217,1.457490897873));
#774 = CARTESIAN_POINT('',(4.613657517215,1.456501172304));
#775 = CARTESIAN_POINT('',(4.807890516963,1.456501172304));
#776 = CARTESIAN_POINT('',(4.903331693158,1.457427300592));
#777 = CARTESIAN_POINT('',(4.999424018635,1.45927759842));
#778 = CARTESIAN_POINT('',(5.096804191063,1.462007917925));
#779 = CARTESIAN_POINT('',(5.196134744638,1.465528220233));
#780 = CARTESIAN_POINT('',(5.298095920401,1.469674293726));
#781 = CARTESIAN_POINT('',(5.513891649718,1.478895704228));
#782 = CARTESIAN_POINT('',(5.631118178957,1.484136092171));
#783 = CARTESIAN_POINT('',(5.753532314841,1.489505827485));
#784 = CARTESIAN_POINT('',(5.880246971416,1.494389090383));
#785 = CARTESIAN_POINT('',(6.010816415133,1.498064847007));
#786 = CARTESIAN_POINT('',(6.145073016214,1.5));
#787 = CARTESIAN_POINT('',(6.28318530718,1.5));
#788 = ( GEOMETRIC_REPRESENTATION_CONTEXT(2) 
PARAMETRIC_REPRESENTATION_CONTEXT() REPRESENTATION_CONTEXT('2D SPACE',''
  ) );
#789 = FACE_BOUND('',#790,.T.);
#790 = EDGE_LOOP('',(#791));
#791 = ORIENTED_EDGE('',*,*,#792,.F.);
#792 = EDGE_CURVE('',#793,#793,#795,.T.);
#793 = VERTEX_POINT('',#794);
#794 = CARTESIAN_POINT('',(-17.60343788879,-42.49845849551,-298.7));
#795 = SURFACE_CURVE('',#796,(#847,#901),.PCURVE_S1.);
#796 = B_SPLINE_CURVE_WITH_KNOTS('',7,(#797,#798,#799,#800,#801,#802,
    #803,#804,#805,#806,#807,#808,#809,#810,#811,#812,#813,#814,#815,
    #816,#817,#818,#819,#820,#821,#822,#823,#824,#825,#826,#827,#828,
    #829,#830,#831,#832,#833,#834,#835,#836,#837,#838,#839,#840,#841,
    #842,#843,#844,#845,#846),.UNSPECIFIED.,.T.,.F.,(8,6,6,6,6,6,6,6,8),
  (0.,0.142625617631,0.278850122214,0.44892867251,0.595156321426,
    0.689796495438,0.793905511546,0.894608676209,1.),.UNSPECIFIED.);
#797 = CARTESIAN_POINT('',(-17.60343788879,-42.49845849551,-298.7));
#798 = CARTESIAN_POINT('',(-17.34811646325,-42.60421609274,-298.7));
#799 = CARTESIAN_POINT('',(-17.09928349074,-42.70518946868,
    -298.6554491524));
#800 = CARTESIAN_POINT('',(-16.86462378068,-42.79840925973,
    -298.5708854634));
#801 = CARTESIAN_POINT('',(-16.6505546738,-42.88179599597,-298.4523842)
  );
#802 = CARTESIAN_POINT('',(-16.46196777324,-42.95410154325,
    -298.3074728148));
#803 = CARTESIAN_POINT('',(-16.30166780101,-43.01482834265,
    -298.1449753005));
#804 = CARTESIAN_POINT('',(-16.04391739589,-43.1116087032,
    -297.8123560624));
#805 = CARTESIAN_POINT('',(-15.94070912967,-43.14987133782,
    -297.6386964647));
#806 = CARTESIAN_POINT('',(-15.859365231,-43.1797547389,-297.4574676517)
  );
#807 = CARTESIAN_POINT('',(-15.79903437628,-43.20178922762,
    -297.2712226582));
#808 = CARTESIAN_POINT('',(-15.75904637187,-43.21635003819,
    -297.0818798759));
#809 = CARTESIAN_POINT('',(-15.73903254308,-43.22363768365,
    -296.890995239));
#810 = CARTESIAN_POINT('',(-15.73903254308,-43.22363768365,
    -296.4615392804));
#811 = CARTESIAN_POINT('',(-15.77023070174,-43.21227738383,
    -296.2232218035));
#812 = CARTESIAN_POINT('',(-15.83255708185,-43.18958300776,
    -295.9878183619));
#813 = CARTESIAN_POINT('',(-15.92698185995,-43.15503808615,
    -295.7583830116));
#814 = CARTESIAN_POINT('',(-16.05505504817,-43.10776420184,
    -295.5391937309));
#815 = CARTESIAN_POINT('',(-16.21864423277,-43.04650418995,
    -295.3362269057));
#816 = CARTESIAN_POINT('',(-16.59101772789,-42.90421998118,
    -295.0065771856));
#817 = CARTESIAN_POINT('',(-16.79697994937,-42.82459896068,
    -294.8672258096));
#818 = CARTESIAN_POINT('',(-17.03242580347,-42.73213592182,
    -294.7574925056));
#819 = CARTESIAN_POINT('',(-17.28850239241,-42.62947721919,
    -294.6888201652));
#820 = CARTESIAN_POINT('',(-17.55340061832,-42.52075376588,
    -294.6674051554));
#821 = CARTESIAN_POINT('',(-17.81482793761,-42.41113171605,
    -294.6938529174));
#822 = CARTESIAN_POINT('',(-18.22185363789,-42.23735654879,
    -294.8074787992));
#823 = CARTESIAN_POINT('',(-18.3771897005,-42.17020368029,
    -294.8703346728));
#824 = CARTESIAN_POINT('',(-18.52584128718,-42.10515109887,
    -294.9508063068));
#825 = CARTESIAN_POINT('',(-18.66585909426,-42.04317518263,
    -295.0479500677));
#826 = CARTESIAN_POINT('',(-18.79545274995,-41.98523126585,
    -295.1604876423));
#827 = CARTESIAN_POINT('',(-18.91303261577,-41.93221083002,
    -295.2868358092));
#828 = CARTESIAN_POINT('',(-19.13195717703,-41.83281100413,
    -295.5773069041));
#829 = CARTESIAN_POINT('',(-19.23051777776,-41.78761914623,
    -295.7439699375));
#830 = CARTESIAN_POINT('',(-19.3111933849,-41.75032664162,
    -295.9226915204));
#831 = CARTESIAN_POINT('',(-19.37263589209,-41.72176489877,
    -296.1107188168));
#832 = CARTESIAN_POINT('',(-19.41391641715,-41.7025222141,
    -296.3050517748));
#833 = CARTESIAN_POINT('',(-19.43455067313,-41.69290395419,
    -296.5025370736));
#834 = CARTESIAN_POINT('',(-19.43455067313,-41.69290395419,
    -296.8910030689));
#835 = CARTESIAN_POINT('',(-19.4152440592,-41.70190344952,
    -297.0818856634));
#836 = CARTESIAN_POINT('',(-19.37667255891,-41.7198830362,
    -297.2712238977));
#837 = CARTESIAN_POINT('',(-19.31843298165,-41.74696193501,
    -297.4574663731));
#838 = CARTESIAN_POINT('',(-19.23978386558,-41.78334981394,
    -297.6386958183));
#839 = CARTESIAN_POINT('',(-19.13974749134,-41.82927391408,
    -297.8123568361));
#840 = CARTESIAN_POINT('',(-18.88911087442,-41.94307218296,
    -298.1449037742));
#841 = CARTESIAN_POINT('',(-18.73281965077,-42.0134822825,
    -298.3074413172));
#842 = CARTESIAN_POINT('',(-18.54828532744,-42.09573106158,
    -298.4524144258));
#843 = CARTESIAN_POINT('',(-18.33787258315,-42.18817247963,
    -298.5709459956));
#844 = CARTESIAN_POINT('',(-18.10596955719,-42.28820846844,
    -298.6554921311));
#845 = CARTESIAN_POINT('',(-17.85863612642,-42.39275192439,-298.7));
#846 = CARTESIAN_POINT('',(-17.60343788879,-42.49845849551,-298.7));
#847 = PCURVE('',#31,#848);
#848 = DEFINITIONAL_REPRESENTATION('',(#849),#900);
#849 = B_SPLINE_CURVE_WITH_KNOTS('',7,(#850,#851,#852,#853,#854,#855,
    #856,#857,#858,#859,#860,#861,#862,#863,#864,#865,#866,#867,#868,
    #869,#870,#871,#872,#873,#874,#875,#876,#877,#878,#879,#880,#881,
    #882,#883,#884,#885,#886,#887,#888,#889,#890,#891,#892,#893,#894,
    #895,#896,#897,#898,#899),.UNSPECIFIED.,.T.,.F.,(8,6,6,6,6,6,6,6,8),
  (0.,0.142625617631,0.278850122214,0.44892867251,0.595156321426,
    0.689796495438,0.793905511546,0.894608676209,1.),.UNSPECIFIED.);
#850 = CARTESIAN_POINT('',(4.319689898686,5.));
#851 = CARTESIAN_POINT('',(4.325697679546,5.));
#852 = CARTESIAN_POINT('',(4.331535343644,5.044550847528));
#853 = CARTESIAN_POINT('',(4.337024194749,5.12911453652));
#854 = CARTESIAN_POINT('',(4.34201832218,5.247615799984));
#855 = CARTESIAN_POINT('',(4.346408983907,5.392527185162));
#856 = CARTESIAN_POINT('',(4.350135426392,5.55502469946));
#857 = CARTESIAN_POINT('',(4.356120667753,5.887643937523));
#858 = CARTESIAN_POINT('',(4.358513529402,6.061303535257));
#859 = CARTESIAN_POINT('',(4.360397421822,6.242532348265));
#860 = CARTESIAN_POINT('',(4.361793697838,6.428777341798));
#861 = CARTESIAN_POINT('',(4.362718839728,6.618120124095));
#862 = CARTESIAN_POINT('',(4.363181869476,6.809004760915));
#863 = CARTESIAN_POINT('',(4.363181869476,7.238460719505));
#864 = CARTESIAN_POINT('',(4.362460084011,7.47677819647));
#865 = CARTESIAN_POINT('',(4.36101813672,7.71218163807));
#866 = CARTESIAN_POINT('',(4.358832368652,7.941616988395));
#867 = CARTESIAN_POINT('',(4.355864581069,8.160806269006));
#868 = CARTESIAN_POINT('',(4.352067205355,8.363773094252));
#869 = CARTESIAN_POINT('',(4.343401310185,8.693422814348));
#870 = CARTESIAN_POINT('',(4.338600988922,8.832774190335));
#871 = CARTESIAN_POINT('',(4.333102175788,8.942507494324));
#872 = CARTESIAN_POINT('',(4.327104938283,9.011179834793));
#873 = CARTESIAN_POINT('',(4.320880405333,9.032594844546));
#874 = CARTESIAN_POINT('',(4.314717910925,9.006147082515));
#875 = CARTESIAN_POINT('',(4.305096835646,8.892521200745));
#876 = CARTESIAN_POINT('',(4.301417959899,8.829665327118));
#877 = CARTESIAN_POINT('',(4.297890567962,8.749193693186));
#878 = CARTESIAN_POINT('',(4.294561899537,8.652049932264));
#879 = CARTESIAN_POINT('',(4.291475886499,8.539512357606));
#880 = CARTESIAN_POINT('',(4.288671953186,8.413164190709));
#881 = CARTESIAN_POINT('',(4.28344513702,8.122693095893));
#882 = CARTESIAN_POINT('',(4.281088036703,7.956030062406));
#883 = CARTESIAN_POINT('',(4.279155917782,7.77730847955));
#884 = CARTESIAN_POINT('',(4.277682950573,7.589281183134));
#885 = CARTESIAN_POINT('',(4.276692837153,7.394948225172));
#886 = CARTESIAN_POINT('',(4.276197927896,7.197462926339));
#887 = CARTESIAN_POINT('',(4.276197927896,6.808996931012));
#888 = CARTESIAN_POINT('',(4.276660994966,6.618114336508));
#889 = CARTESIAN_POINT('',(4.277586128805,6.428776102275));
#890 = CARTESIAN_POINT('',(4.278982368331,6.242533626867));
#891 = CARTESIAN_POINT('',(4.280866249926,6.061304181654));
#892 = CARTESIAN_POINT('',(4.283259143541,5.887643163845));
#893 = CARTESIAN_POINT('',(4.289243083916,5.555096225748));
#894 = CARTESIAN_POINT('',(4.29296957102,5.392558682759));
#895 = CARTESIAN_POINT('',(4.297361560119,5.247585574131));
#896 = CARTESIAN_POINT('',(4.302357579727,5.129054004303));
#897 = CARTESIAN_POINT('',(4.307847769441,5.044507868814));
#898 = CARTESIAN_POINT('',(4.31368501647,5.));
#899 = CARTESIAN_POINT('',(4.319689898686,5.));
#900 = ( GEOMETRIC_REPRESENTATION_CONTEXT(2) 
PARAMETRIC_REPRESENTATION_CONTEXT() REPRESENTATION_CONTEXT('2D SPACE',''
  ) );
#901 = PCURVE('',#902,#907);
#902 = CYLINDRICAL_SURFACE('',#903,2.);
#903 = AXIS2_PLACEMENT_3D('',#904,#905,#906);
#904 = CARTESIAN_POINT('',(-17.02941274024,-41.11263919675,-296.7));
#905 = DIRECTION('',(-0.382683432365,-0.923879532511,2.22044604925E-16)
  );
#906 = DIRECTION('',(-8.497279155086E-17,-2.051424657948E-16,-1.));
#907 = DEFINITIONAL_REPRESENTATION('',(#908),#959);
#908 = B_SPLINE_CURVE_WITH_KNOTS('',7,(#909,#910,#911,#912,#913,#914,
    #915,#916,#917,#918,#919,#920,#921,#922,#923,#924,#925,#926,#927,
    #928,#929,#930,#931,#932,#933,#934,#935,#936,#937,#938,#939,#940,
    #941,#942,#943,#944,#945,#946,#947,#948,#949,#950,#951,#952,#953,
    #954,#955,#956,#957,#958),.UNSPECIFIED.,.F.,.F.,(8,6,6,6,6,6,6,6,8),
  (0.,0.142625617631,0.278850122214,0.44892867251,0.595156321426,
    0.689796495438,0.793905511546,0.894608676209,1.),.UNSPECIFIED.);
#909 = CARTESIAN_POINT('',(0.,1.5));
#910 = CARTESIAN_POINT('',(0.138178959787,1.5));
#911 = CARTESIAN_POINT('',(0.272445169344,1.498062979359));
#912 = CARTESIAN_POINT('',(0.402989949499,1.49438645305));
#913 = CARTESIAN_POINT('',(0.529663022614,1.489505051364));
#914 = CARTESIAN_POINT('',(0.65203680144,1.484137584176));
#915 = CARTESIAN_POINT('',(0.769247242763,1.478897687627));
#916 = CARTESIAN_POINT('',(0.985089891272,1.469674272168));
#917 = CARTESIAN_POINT('',(1.087050048702,1.465528243591));
#918 = CARTESIAN_POINT('',(1.186380527648,1.462007943861));
#919 = CARTESIAN_POINT('',(1.283762101517,1.45927753844));
#920 = CARTESIAN_POINT('',(1.379856493078,1.457427226524));
#921 = CARTESIAN_POINT('',(1.475298707253,1.456501172304));
#922 = CARTESIAN_POINT('',(1.690026686547,1.456501172304));
#923 = CARTESIAN_POINT('',(1.809184811516,1.45794464226));
#924 = CARTESIAN_POINT('',(1.929657950413,1.460829045772));
#925 = CARTESIAN_POINT('',(2.052659156196,1.465048497925));
#926 = CARTESIAN_POINT('',(2.179456395739,1.470384611055));
#927 = CARTESIAN_POINT('',(2.311403424267,1.476390610572));
#928 = CARTESIAN_POINT('',(2.569983055248,1.48743830952));
#929 = CARTESIAN_POINT('',(2.69944453468,1.492696408177));
#930 = CARTESIAN_POINT('',(2.834632895592,1.497372926644));
#931 = CARTESIAN_POINT('',(2.97328623586,1.500524920452));
#932 = CARTESIAN_POINT('',(3.113658228711,1.501449709553));
#933 = CARTESIAN_POINT('',(3.254231756022,1.500216045265));
#934 = CARTESIAN_POINT('',(3.482680695111,1.495430717014));
#935 = CARTESIAN_POINT('',(3.572443485207,1.492834093865));
#936 = CARTESIAN_POINT('',(3.66219815637,1.489619844776));
#937 = CARTESIAN_POINT('',(3.751954520032,1.485944059257));
#938 = CARTESIAN_POINT('',(3.841718163484,1.482004205489));
#939 = CARTESIAN_POINT('',(3.931482701736,1.478015576647));
#940 = CARTESIAN_POINT('',(4.119974656638,1.4699609145));
#941 = CARTESIAN_POINT('',(4.218715758829,1.465926590933));
#942 = CARTESIAN_POINT('',(4.317445579918,1.462346027455));
#943 = CARTESIAN_POINT('',(4.416175802458,1.459471447371));
#944 = CARTESIAN_POINT('',(4.514915160217,1.457490897872));
#945 = CARTESIAN_POINT('',(4.613657517215,1.456501172304));
#946 = CARTESIAN_POINT('',(4.807890514879,1.456501172304));
#947 = CARTESIAN_POINT('',(4.903331698012,1.457427300563));
#948 = CARTESIAN_POINT('',(4.999424015921,1.459277598574));
#949 = CARTESIAN_POINT('',(5.096804187506,1.462007917621));
#950 = CARTESIAN_POINT('',(5.196134750265,1.465528220509));
#951 = CARTESIAN_POINT('',(5.298095917961,1.469674293622));
#952 = CARTESIAN_POINT('',(5.513891649712,1.478895704228));
#953 = CARTESIAN_POINT('',(5.631118178957,1.484136092171));
#954 = CARTESIAN_POINT('',(5.753532314846,1.489505827486));
#955 = CARTESIAN_POINT('',(5.88024697142,1.494389090383));
#956 = CARTESIAN_POINT('',(6.010816415132,1.498064847007));
#957 = CARTESIAN_POINT('',(6.145073016209,1.5));
#958 = CARTESIAN_POINT('',(6.28318530718,1.5));
#959 = ( GEOMETRIC_REPRESENTATION_CONTEXT(2) 
PARAMETRIC_REPRESENTATION_CONTEXT() REPRESENTATION_CONTEXT('2D SPACE',''
  ) );
#960 = FACE_BOUND('',#961,.T.);
#961 = EDGE_LOOP('',(#962));
#962 = ORIENTED_EDGE('',*,*,#963,.F.);
#963 = EDGE_CURVE('',#964,#964,#966,.T.);
#964 = VERTEX_POINT('',#965);
#965 = CARTESIAN_POINT('',(17.603437888794,-42.49845849551,-298.7));
#966 = SURFACE_CURVE('',#967,(#1018,#1072),.PCURVE_S1.);
#967 = B_SPLINE_CURVE_WITH_KNOTS('',7,(#968,#969,#970,#971,#972,#973,
    #974,#975,#976,#977,#978,#979,#980,#981,#982,#983,#984,#985,#986,
    #987,#988,#989,#990,#991,#992,#993,#994,#995,#996,#997,#998,#999,
    #1000,#1001,#1002,#1003,#1004,#1005,#1006,#1007,#1008,#1009,#1010,
    #1011,#1012,#1013,#1014,#1015,#1016,#1017),.UNSPECIFIED.,.T.,.F.,(8,
    6,6,6,6,6,6,6,8),(0.,0.142625611432,0.278850113436,0.448928664172,
    0.595156313466,0.689796487723,0.793905504088,0.89460867121,1.),
  .UNSPECIFIED.);
#968 = CARTESIAN_POINT('',(17.603437888794,-42.49845849551,-298.7));
#969 = CARTESIAN_POINT('',(17.858759314336,-42.39270089829,-298.7));
#970 = CARTESIAN_POINT('',(18.10610975543,-42.2881483749,-298.6554491524
    ));
#971 = CARTESIAN_POINT('',(18.337955574073,-42.18813524903,
    -298.5708854634));
#972 = CARTESIAN_POINT('',(18.548288617851,-42.09572885858,-298.4523842)
  );
#973 = CARTESIAN_POINT('',(18.73276743688,-42.01350552514,
    -298.3074728148));
#974 = CARTESIAN_POINT('',(18.889056965919,-41.9430966594,
    -298.1449753005));
#975 = CARTESIAN_POINT('',(19.139748077463,-41.82927364796,
    -297.8123560584));
#976 = CARTESIAN_POINT('',(19.239783100082,-41.78335015632,
    -297.6386964734));
#977 = CARTESIAN_POINT('',(19.318432694003,-41.74696208223,
    -297.457467648));
#978 = CARTESIAN_POINT('',(19.37667377432,-41.71988246784,
    -297.2712226505));
#979 = CARTESIAN_POINT('',(19.415245616454,-41.70190272432,
    -297.0818798858));
#980 = CARTESIAN_POINT('',(19.43455067313,-41.69290395419,
    -296.8909952349));
#981 = CARTESIAN_POINT('',(19.43455067313,-41.69290395419,
    -296.4615392804));
#982 = CARTESIAN_POINT('',(19.404457298541,-41.7069314387,
    -296.2232218035));
#983 = CARTESIAN_POINT('',(19.344338545311,-41.73495549751,
    -295.9878183619));
#984 = CARTESIAN_POINT('',(19.253143196072,-41.77729695009,
    -295.7583830116));
#985 = CARTESIAN_POINT('',(19.129154092026,-41.8344306858,
    -295.5391937309));
#986 = CARTESIAN_POINT('',(18.970161700445,-41.90678833774,
    -295.3362269057));
#987 = CARTESIAN_POINT('',(18.60624374804,-42.06948603239,
    -295.0065771856));
#988 = CARTESIAN_POINT('',(18.40430590104,-42.15882275235,
    -294.8672258096));
#989 = CARTESIAN_POINT('',(18.172439299211,-42.2599268706,
    -294.7574925056));
#990 = CARTESIAN_POINT('',(17.918775141901,-42.36840969836,
    -294.6888201652));
#991 = CARTESIAN_POINT('',(17.654584718923,-42.47884193912,
    -294.6674051554));
#992 = CARTESIAN_POINT('',(17.392213193857,-42.58618447458,
    -294.6938529174));
#993 = CARTESIAN_POINT('',(16.981524961902,-42.75111750818,
    -294.8074787992));
#994 = CARTESIAN_POINT('',(16.824201529974,-42.81347244272,
    -294.8703346728));
#995 = CARTESIAN_POINT('',(16.673089863541,-42.87258586625,
    -294.9508063068));
#996 = CARTESIAN_POINT('',(16.530258732031,-42.92776981647,
    -295.0479500677));
#997 = CARTESIAN_POINT('',(16.397649642809,-42.97843383274,
    -295.1604876423));
#998 = CARTESIAN_POINT('',(16.277017012638,-43.02408424347,
    -295.2868358092));
#999 = CARTESIAN_POINT('',(16.051927679882,-43.10860099436,
    -295.577306904));
#1000 = CARTESIAN_POINT('',(15.95027934154,-43.14633839433,
    -295.7439699376));
#1001 = CARTESIAN_POINT('',(15.866863289772,-43.17701488031,
    -295.9226915204));
#1002 = CARTESIAN_POINT('',(15.803220674249,-43.20026509174,
    -296.1107188168));
#1003 = CARTESIAN_POINT('',(15.760424302209,-43.21584819813,
    -296.3050517748));
#1004 = CARTESIAN_POINT('',(15.739032543085,-43.22363768365,
    -296.5025370736));
#1005 = CARTESIAN_POINT('',(15.739032543085,-43.22363768365,
    -296.8910030731));
#1006 = CARTESIAN_POINT('',(15.759047985837,-43.21634944984,
    -297.0818856533));
#1007 = CARTESIAN_POINT('',(15.799035637481,-43.20178877014,
    -297.271223905));
#1008 = CARTESIAN_POINT('',(15.859364923431,-43.17975483822,
    -297.457466377));
#1009 = CARTESIAN_POINT('',(15.940708346579,-43.14987163691,
    -297.6386958099));
#1010 = CARTESIAN_POINT('',(16.043917998343,-43.11160847699,
    -297.8123568399));
#1011 = CARTESIAN_POINT('',(16.301612374467,-43.01484915426,
    -298.1449037742));
#1012 = CARTESIAN_POINT('',(16.46191441741,-42.95412202903,
    -298.3074413172));
#1013 = CARTESIAN_POINT('',(16.650558558248,-42.88179522705,
    -298.4524144258));
#1014 = CARTESIAN_POINT('',(16.864708790146,-42.79837690229,
    -298.5709459957));
#1015 = CARTESIAN_POINT('',(17.099425118412,-42.70513282611,
    -298.6554921311));
#1016 = CARTESIAN_POINT('',(17.348239651141,-42.60416506664,-298.7));
#1017 = CARTESIAN_POINT('',(17.603437888794,-42.49845849551,-298.7));
#1018 = PCURVE('',#31,#1019);
#1019 = DEFINITIONAL_REPRESENTATION('',(#1020),#1071);
#1020 = B_SPLINE_CURVE_WITH_KNOTS('',7,(#1021,#1022,#1023,#1024,#1025,
    #1026,#1027,#1028,#1029,#1030,#1031,#1032,#1033,#1034,#1035,#1036,
    #1037,#1038,#1039,#1040,#1041,#1042,#1043,#1044,#1045,#1046,#1047,
    #1048,#1049,#1050,#1051,#1052,#1053,#1054,#1055,#1056,#1057,#1058,
    #1059,#1060,#1061,#1062,#1063,#1064,#1065,#1066,#1067,#1068,#1069,
    #1070),.UNSPECIFIED.,.T.,.F.,(8,6,6,6,6,6,6,6,8),(0.,0.142625611432,
    0.278850113436,0.448928664172,0.595156313466,0.689796487723,
    0.793905504088,0.89460867121,1.),.UNSPECIFIED.);
#1021 = CARTESIAN_POINT('',(5.105088062083,5.));
#1022 = CARTESIAN_POINT('',(5.111095842944,5.));
#1023 = CARTESIAN_POINT('',(5.116933507041,5.044550847528));
#1024 = CARTESIAN_POINT('',(5.122422358147,5.12911453652));
#1025 = CARTESIAN_POINT('',(5.127416485578,5.247615799984));
#1026 = CARTESIAN_POINT('',(5.131807147304,5.392527185162));
#1027 = CARTESIAN_POINT('',(5.13553358979,5.55502469946));
#1028 = CARTESIAN_POINT('',(5.141518831222,5.88764394151));
#1029 = CARTESIAN_POINT('',(5.143911692615,6.06130352657));
#1030 = CARTESIAN_POINT('',(5.145795585418,6.242532351933));
#1031 = CARTESIAN_POINT('',(5.147191861134,6.428777349434));
#1032 = CARTESIAN_POINT('',(5.148117003147,6.618120114121));
#1033 = CARTESIAN_POINT('',(5.148580032874,6.809004765026));
#1034 = CARTESIAN_POINT('',(5.148580032874,7.238460719504));
#1035 = CARTESIAN_POINT('',(5.147858247409,7.476778196471));
#1036 = CARTESIAN_POINT('',(5.146416300118,7.712181638068));
#1037 = CARTESIAN_POINT('',(5.14423053205,7.941616988396));
#1038 = CARTESIAN_POINT('',(5.141262744467,8.160806269006));
#1039 = CARTESIAN_POINT('',(5.137465368752,8.363773094252));
#1040 = CARTESIAN_POINT('',(5.128799473582,8.693422814347));
#1041 = CARTESIAN_POINT('',(5.12399915232,8.832774190336));
#1042 = CARTESIAN_POINT('',(5.118500339185,8.942507494325));
#1043 = CARTESIAN_POINT('',(5.11250310168,9.011179834792));
#1044 = CARTESIAN_POINT('',(5.10627856873,9.032594844546));
#1045 = CARTESIAN_POINT('',(5.100116074323,9.006147082515));
#1046 = CARTESIAN_POINT('',(5.090494999044,8.892521200745));
#1047 = CARTESIAN_POINT('',(5.086816123297,8.829665327118));
#1048 = CARTESIAN_POINT('',(5.083288731359,8.749193693186));
#1049 = CARTESIAN_POINT('',(5.079960062934,8.652049932264));
#1050 = CARTESIAN_POINT('',(5.076874049896,8.539512357606));
#1051 = CARTESIAN_POINT('',(5.074070116584,8.413164190709));
#1052 = CARTESIAN_POINT('',(5.068843300418,8.122693095911));
#1053 = CARTESIAN_POINT('',(5.0664862001,7.956030062391));
#1054 = CARTESIAN_POINT('',(5.06455408118,7.77730847953));
#1055 = CARTESIAN_POINT('',(5.063081113971,7.589281183148));
#1056 = CARTESIAN_POINT('',(5.06209100055,7.394948225199));
#1057 = CARTESIAN_POINT('',(5.061596091293,7.197462926315));
#1058 = CARTESIAN_POINT('',(5.061596091293,6.808996926844));
#1059 = CARTESIAN_POINT('',(5.062059158386,6.618114346696));
#1060 = CARTESIAN_POINT('',(5.062984292098,6.428776094977));
#1061 = CARTESIAN_POINT('',(5.064380531925,6.242533622984));
#1062 = CARTESIAN_POINT('',(5.066264413146,6.061304190055));
#1063 = CARTESIAN_POINT('',(5.068657307006,5.887643160086));
#1064 = CARTESIAN_POINT('',(5.074641247313,5.555096225767));
#1065 = CARTESIAN_POINT('',(5.078367734418,5.392558682755));
#1066 = CARTESIAN_POINT('',(5.082759723517,5.247585574118));
#1067 = CARTESIAN_POINT('',(5.087755743125,5.1290540043));
#1068 = CARTESIAN_POINT('',(5.093245932838,5.044507868821));
#1069 = CARTESIAN_POINT('',(5.099083179867,5.));
#1070 = CARTESIAN_POINT('',(5.105088062083,5.));
#1071 = ( GEOMETRIC_REPRESENTATION_CONTEXT(2) 
PARAMETRIC_REPRESENTATION_CONTEXT() REPRESENTATION_CONTEXT('2D SPACE',''
  ) );
#1072 = PCURVE('',#1073,#1078);
#1073 = CYLINDRICAL_SURFACE('',#1074,2.);
#1074 = AXIS2_PLACEMENT_3D('',#1075,#1076,#1077);
#1075 = CARTESIAN_POINT('',(17.029412740247,-41.11263919675,-296.7));
#1076 = DIRECTION('',(0.382683432365,-0.923879532511,2.22044604925E-16)
  );
#1077 = DIRECTION('',(8.497279155086E-17,-2.051424657948E-16,-1.));
#1078 = DEFINITIONAL_REPRESENTATION('',(#1079),#1130);
#1079 = B_SPLINE_CURVE_WITH_KNOTS('',7,(#1080,#1081,#1082,#1083,#1084,
    #1085,#1086,#1087,#1088,#1089,#1090,#1091,#1092,#1093,#1094,#1095,
    #1096,#1097,#1098,#1099,#1100,#1101,#1102,#1103,#1104,#1105,#1106,
    #1107,#1108,#1109,#1110,#1111,#1112,#1113,#1114,#1115,#1116,#1117,
    #1118,#1119,#1120,#1121,#1122,#1123,#1124,#1125,#1126,#1127,#1128,
    #1129),.UNSPECIFIED.,.F.,.F.,(8,6,6,6,6,6,6,6,8),(0.,0.142625611432,
    0.278850113436,0.448928664172,0.595156313466,0.689796487723,
    0.793905504088,0.89460867121,1.),.UNSPECIFIED.);
#1080 = CARTESIAN_POINT('',(0.,1.5));
#1081 = CARTESIAN_POINT('',(0.138178959787,1.5));
#1082 = CARTESIAN_POINT('',(0.272445169344,1.498062979359));
#1083 = CARTESIAN_POINT('',(0.402989949498,1.49438645305));
#1084 = CARTESIAN_POINT('',(0.529663022614,1.489505051364));
#1085 = CARTESIAN_POINT('',(0.652036801439,1.484137584176));
#1086 = CARTESIAN_POINT('',(0.769247242763,1.478897687627));
#1087 = CARTESIAN_POINT('',(0.985089893859,1.469674272058));
#1088 = CARTESIAN_POINT('',(1.087050042879,1.465528243878));
#1089 = CARTESIAN_POINT('',(1.186380531104,1.462007943555));
#1090 = CARTESIAN_POINT('',(1.283762104435,1.459277538591));
#1091 = CARTESIAN_POINT('',(1.379856488313,1.457427226494));
#1092 = CARTESIAN_POINT('',(1.475298709308,1.456501172304));
#1093 = CARTESIAN_POINT('',(1.690026686547,1.456501172304));
#1094 = CARTESIAN_POINT('',(1.809184811517,1.45794464226));
#1095 = CARTESIAN_POINT('',(1.929657950412,1.460829045772));
#1096 = CARTESIAN_POINT('',(2.052659156196,1.465048497925));
#1097 = CARTESIAN_POINT('',(2.179456395738,1.470384611055));
#1098 = CARTESIAN_POINT('',(2.311403424267,1.476390610572));
#1099 = CARTESIAN_POINT('',(2.569983055248,1.48743830952));
#1100 = CARTESIAN_POINT('',(2.699444534681,1.492696408177));
#1101 = CARTESIAN_POINT('',(2.834632895593,1.497372926644));
#1102 = CARTESIAN_POINT('',(2.973286235858,1.500524920452));
#1103 = CARTESIAN_POINT('',(3.113658228711,1.501449709553));
#1104 = CARTESIAN_POINT('',(3.254231756022,1.500216045265));
#1105 = CARTESIAN_POINT('',(3.482680695111,1.495430717014));
#1106 = CARTESIAN_POINT('',(3.572443485207,1.492834093865));
#1107 = CARTESIAN_POINT('',(3.66219815637,1.489619844776));
#1108 = CARTESIAN_POINT('',(3.751954520032,1.485944059257));
#1109 = CARTESIAN_POINT('',(3.841718163484,1.482004205489));
#1110 = CARTESIAN_POINT('',(3.931482701736,1.478015576647));
#1111 = CARTESIAN_POINT('',(4.119974656626,1.4699609145));
#1112 = CARTESIAN_POINT('',(4.21871575884,1.465926590932));
#1113 = CARTESIAN_POINT('',(4.317445579928,1.462346027455));
#1114 = CARTESIAN_POINT('',(4.416175802449,1.459471447371));
#1115 = CARTESIAN_POINT('',(4.514915160204,1.457490897872));
#1116 = CARTESIAN_POINT('',(4.613657517227,1.456501172304));
#1117 = CARTESIAN_POINT('',(4.807890516963,1.456501172304));
#1118 = CARTESIAN_POINT('',(4.903331693158,1.457427300592));
#1119 = CARTESIAN_POINT('',(4.999424018635,1.45927759842));
#1120 = CARTESIAN_POINT('',(5.096804191063,1.462007917924));
#1121 = CARTESIAN_POINT('',(5.196134744638,1.465528220233));
#1122 = CARTESIAN_POINT('',(5.298095920401,1.469674293727));
#1123 = CARTESIAN_POINT('',(5.5138916497,1.478895704228));
#1124 = CARTESIAN_POINT('',(5.631118178958,1.484136092171));
#1125 = CARTESIAN_POINT('',(5.753532314856,1.489505827486));
#1126 = CARTESIAN_POINT('',(5.880246971428,1.494389090383));
#1127 = CARTESIAN_POINT('',(6.010816415131,1.498064847007));
#1128 = CARTESIAN_POINT('',(6.145073016198,1.5));
#1129 = CARTESIAN_POINT('',(6.28318530718,1.5));
#1130 = ( GEOMETRIC_REPRESENTATION_CONTEXT(2) 
PARAMETRIC_REPRESENTATION_CONTEXT() REPRESENTATION_CONTEXT('2D SPACE',''
  ) );
#1131 = FACE_BOUND('',#1132,.T.);
#1132 = EDGE_LOOP('',(#1133));
#1133 = ORIENTED_EDGE('',*,*,#1134,.F.);
#1134 = EDGE_CURVE('',#1135,#1135,#1137,.T.);
#1135 = VERTEX_POINT('',#1136);
#1136 = CARTESIAN_POINT('',(42.498458495519,-17.60343788879,-298.7));
#1137 = SURFACE_CURVE('',#1138,(#1189,#1243),.PCURVE_S1.);
#1138 = B_SPLINE_CURVE_WITH_KNOTS('',7,(#1139,#1140,#1141,#1142,#1143,
    #1144,#1145,#1146,#1147,#1148,#1149,#1150,#1151,#1152,#1153,#1154,
    #1155,#1156,#1157,#1158,#1159,#1160,#1161,#1162,#1163,#1164,#1165,
    #1166,#1167,#1168,#1169,#1170,#1171,#1172,#1173,#1174,#1175,#1176,
    #1177,#1178,#1179,#1180,#1181,#1182,#1183,#1184,#1185,#1186,#1187,
    #1188),.UNSPECIFIED.,.T.,.F.,(8,6,6,6,6,6,6,6,8),(0.,0.142625613779,
    0.278850116321,0.448928667729,0.5951563176,0.689796492262,
    0.793905509047,0.894608674366,1.),.UNSPECIFIED.);
#1139 = CARTESIAN_POINT('',(42.498458495519,-17.60343788879,-298.7));
#1140 = CARTESIAN_POINT('',(42.604216091394,-17.3481164665,-298.7));
#1141 = CARTESIAN_POINT('',(42.705189472007,-17.09928348277,
    -298.6554491532));
#1142 = CARTESIAN_POINT('',(42.798409256886,-16.8646237873,
    -298.5708854597));
#1143 = CARTESIAN_POINT('',(42.881795996068,-16.65055467411,
    -298.4523842069));
#1144 = CARTESIAN_POINT('',(42.954101544538,-16.4619677697,
    -298.3074728088));
#1145 = CARTESIAN_POINT('',(43.014828342031,-16.30166780265,
    -298.1449753026));
#1146 = CARTESIAN_POINT('',(43.111608704362,-16.0439173928,
    -297.8123560584));
#1147 = CARTESIAN_POINT('',(43.149871334854,-15.9407091376,
    -297.6386964734));
#1148 = CARTESIAN_POINT('',(43.17975474211,-15.85936522245,
    -297.457467648));
#1149 = CARTESIAN_POINT('',(43.201789225978,-15.79903438065,
    -297.2712226505));
#1150 = CARTESIAN_POINT('',(43.216350038548,-15.75904637095,
    -297.0818798858));
#1151 = CARTESIAN_POINT('',(43.223637683653,-15.73903254308,
    -296.8909952349));
#1152 = CARTESIAN_POINT('',(43.223637683653,-15.73903254308,
    -296.4615392804));
#1153 = CARTESIAN_POINT('',(43.212277383835,-15.77023070174,
    -296.2232218035));
#1154 = CARTESIAN_POINT('',(43.189583007767,-15.83255708185,
    -295.9878183619));
#1155 = CARTESIAN_POINT('',(43.155038086151,-15.92698185995,
    -295.7583830116));
#1156 = CARTESIAN_POINT('',(43.107764201846,-16.05505504817,
    -295.5391937309));
#1157 = CARTESIAN_POINT('',(43.046504189958,-16.21864423277,
    -295.3362269057));
#1158 = CARTESIAN_POINT('',(42.904219981188,-16.59101772788,
    -295.0065771856));
#1159 = CARTESIAN_POINT('',(42.824598960687,-16.79697994937,
    -294.8672258096));
#1160 = CARTESIAN_POINT('',(42.732135921826,-17.03242580347,
    -294.7574925056));
#1161 = CARTESIAN_POINT('',(42.629477219198,-17.2885023924,
    -294.6888201652));
#1162 = CARTESIAN_POINT('',(42.520753765886,-17.55340061831,
    -294.6674051554));
#1163 = CARTESIAN_POINT('',(42.411131716055,-17.81482793761,
    -294.6938529174));
#1164 = CARTESIAN_POINT('',(42.23735654877,-18.22185363794,
    -294.8074787992));
#1165 = CARTESIAN_POINT('',(42.170203680314,-18.37718970044,
    -294.8703346728));
#1166 = CARTESIAN_POINT('',(42.105151098887,-18.52584128715,
    -294.9508063067));
#1167 = CARTESIAN_POINT('',(42.043175182617,-18.6658590943,
    -295.0479500677));
#1168 = CARTESIAN_POINT('',(41.985231265843,-18.79545274998,
    -295.1604876424));
#1169 = CARTESIAN_POINT('',(41.932210830042,-18.91303261573,
    -295.2868358092));
#1170 = CARTESIAN_POINT('',(41.832811004133,-19.13195717703,
    -295.5773069041));
#1171 = CARTESIAN_POINT('',(41.787619146232,-19.23051777776,
    -295.7439699375));
#1172 = CARTESIAN_POINT('',(41.75032664162,-19.3111933849,
    -295.9226915204));
#1173 = CARTESIAN_POINT('',(41.721764898775,-19.37263589209,
    -296.1107188168));
#1174 = CARTESIAN_POINT('',(41.702522214102,-19.41391641715,
    -296.3050517748));
#1175 = CARTESIAN_POINT('',(41.692903954193,-19.43455067313,
    -296.5025370736));
#1176 = CARTESIAN_POINT('',(41.692903954193,-19.43455067313,
    -296.8910030689));
#1177 = CARTESIAN_POINT('',(41.701903449528,-19.4152440592,
    -297.0818856634));
#1178 = CARTESIAN_POINT('',(41.719883036205,-19.37667255891,
    -297.2712238977));
#1179 = CARTESIAN_POINT('',(41.746961935013,-19.31843298165,
    -297.4574663731));
#1180 = CARTESIAN_POINT('',(41.783349813945,-19.23978386558,
    -297.6386958183));
#1181 = CARTESIAN_POINT('',(41.829273914086,-19.13974749134,
    -297.8123568361));
#1182 = CARTESIAN_POINT('',(41.943072183599,-18.88911087301,
    -298.1449037761));
#1183 = CARTESIAN_POINT('',(42.013482281091,-18.73281965379,
    -298.3074413119));
#1184 = CARTESIAN_POINT('',(42.095731061824,-18.54828532732,
    -298.452414432));
#1185 = CARTESIAN_POINT('',(42.188172482033,-18.33787257712,
    -298.5709459923));
#1186 = CARTESIAN_POINT('',(42.288208465483,-18.10596956437,
    -298.6554921318));
#1187 = CARTESIAN_POINT('',(42.39275192562,-17.85863612347,-298.7));
#1188 = CARTESIAN_POINT('',(42.498458495519,-17.60343788879,-298.7));
#1189 = PCURVE('',#31,#1190);
#1190 = DEFINITIONAL_REPRESENTATION('',(#1191),#1242);
#1191 = B_SPLINE_CURVE_WITH_KNOTS('',7,(#1192,#1193,#1194,#1195,#1196,
    #1197,#1198,#1199,#1200,#1201,#1202,#1203,#1204,#1205,#1206,#1207,
    #1208,#1209,#1210,#1211,#1212,#1213,#1214,#1215,#1216,#1217,#1218,
    #1219,#1220,#1221,#1222,#1223,#1224,#1225,#1226,#1227,#1228,#1229,
    #1230,#1231,#1232,#1233,#1234,#1235,#1236,#1237,#1238,#1239,#1240,
    #1241),.UNSPECIFIED.,.T.,.F.,(8,6,6,6,6,6,6,6,8),(0.,0.142625613779,
    0.278850116321,0.448928667729,0.5951563176,0.689796492262,
    0.793905509047,0.894608674366,1.),.UNSPECIFIED.);
#1192 = CARTESIAN_POINT('',(5.890486225481,5.));
#1193 = CARTESIAN_POINT('',(5.896494006265,5.));
#1194 = CARTESIAN_POINT('',(5.902331670626,5.044550846795));
#1195 = CARTESIAN_POINT('',(5.907820521388,5.129114540216));
#1196 = CARTESIAN_POINT('',(5.91281464897,5.247615793088));
#1197 = CARTESIAN_POINT('',(5.917205310783,5.392527191107));
#1198 = CARTESIAN_POINT('',(5.920931753149,5.555024697332));
#1199 = CARTESIAN_POINT('',(5.926916994619,5.88764394151));
#1200 = CARTESIAN_POINT('',(5.929309856013,6.061303526571));
#1201 = CARTESIAN_POINT('',(5.931193748816,6.242532351933));
#1202 = CARTESIAN_POINT('',(5.932590024531,6.428777349434));
#1203 = CARTESIAN_POINT('',(5.933515166544,6.618120114122));
#1204 = CARTESIAN_POINT('',(5.933978196271,6.809004765026));
#1205 = CARTESIAN_POINT('',(5.933978196271,7.238460719505));
#1206 = CARTESIAN_POINT('',(5.933256410806,7.47677819647));
#1207 = CARTESIAN_POINT('',(5.931814463515,7.71218163807));
#1208 = CARTESIAN_POINT('',(5.929628695447,7.941616988396));
#1209 = CARTESIAN_POINT('',(5.926660907864,8.160806269006));
#1210 = CARTESIAN_POINT('',(5.92286353215,8.363773094252));
#1211 = CARTESIAN_POINT('',(5.91419763698,8.693422814347));
#1212 = CARTESIAN_POINT('',(5.909397315717,8.832774190337));
#1213 = CARTESIAN_POINT('',(5.903898502582,8.942507494324));
#1214 = CARTESIAN_POINT('',(5.897901265078,9.011179834792));
#1215 = CARTESIAN_POINT('',(5.891676732127,9.032594844547));
#1216 = CARTESIAN_POINT('',(5.88551423772,9.006147082515));
#1217 = CARTESIAN_POINT('',(5.87589316244,8.892521200731));
#1218 = CARTESIAN_POINT('',(5.872214286696,8.82966532712));
#1219 = CARTESIAN_POINT('',(5.868686894757,8.749193693226));
#1220 = CARTESIAN_POINT('',(5.865358226331,8.652049932253));
#1221 = CARTESIAN_POINT('',(5.862272213293,8.539512357544));
#1222 = CARTESIAN_POINT('',(5.859468279982,8.413164190758));
#1223 = CARTESIAN_POINT('',(5.854241463815,8.122693095893));
#1224 = CARTESIAN_POINT('',(5.851884363498,7.956030062406));
#1225 = CARTESIAN_POINT('',(5.849952244577,7.77730847955));
#1226 = CARTESIAN_POINT('',(5.848479277368,7.589281183134));
#1227 = CARTESIAN_POINT('',(5.847489163948,7.394948225172));
#1228 = CARTESIAN_POINT('',(5.846994254691,7.197462926339));
#1229 = CARTESIAN_POINT('',(5.846994254691,6.808996931011));
#1230 = CARTESIAN_POINT('',(5.847457321761,6.618114336508));
#1231 = CARTESIAN_POINT('',(5.8483824556,6.428776102275));
#1232 = CARTESIAN_POINT('',(5.849778695126,6.242533626867));
#1233 = CARTESIAN_POINT('',(5.851662576721,6.061304181654));
#1234 = CARTESIAN_POINT('',(5.854055470336,5.887643163845));
#1235 = CARTESIAN_POINT('',(5.860039410745,5.555096223882));
#1236 = CARTESIAN_POINT('',(5.863765897743,5.392558688043));
#1237 = CARTESIAN_POINT('',(5.868157886919,5.24758556797));
#1238 = CARTESIAN_POINT('',(5.873153906663,5.129054007607));
#1239 = CARTESIAN_POINT('',(5.878644096067,5.044507868151));
#1240 = CARTESIAN_POINT('',(5.884481343334,5.));
#1241 = CARTESIAN_POINT('',(5.890486225481,5.));
#1242 = ( GEOMETRIC_REPRESENTATION_CONTEXT(2) 
PARAMETRIC_REPRESENTATION_CONTEXT() REPRESENTATION_CONTEXT('2D SPACE',''
  ) );
#1243 = PCURVE('',#1244,#1249);
#1244 = CYLINDRICAL_SURFACE('',#1245,2.);
#1245 = AXIS2_PLACEMENT_3D('',#1246,#1247,#1248);
#1246 = CARTESIAN_POINT('',(41.112639196752,-17.02941274024,-296.7));
#1247 = DIRECTION('',(0.923879532511,-0.382683432365,2.22044604925E-16)
  );
#1248 = DIRECTION('',(2.051424657948E-16,-8.497279155086E-17,-1.));
#1249 = DEFINITIONAL_REPRESENTATION('',(#1250),#1301);
#1250 = B_SPLINE_CURVE_WITH_KNOTS('',7,(#1251,#1252,#1253,#1254,#1255,
    #1256,#1257,#1258,#1259,#1260,#1261,#1262,#1263,#1264,#1265,#1266,
    #1267,#1268,#1269,#1270,#1271,#1272,#1273,#1274,#1275,#1276,#1277,
    #1278,#1279,#1280,#1281,#1282,#1283,#1284,#1285,#1286,#1287,#1288,
    #1289,#1290,#1291,#1292,#1293,#1294,#1295,#1296,#1297,#1298,#1299,
    #1300),.UNSPECIFIED.,.F.,.F.,(8,6,6,6,6,6,6,6,8),(0.,0.142625613779,
    0.278850116321,0.448928667729,0.5951563176,0.689796492262,
    0.793905509047,0.894608674366,1.),.UNSPECIFIED.);
#1251 = CARTESIAN_POINT('',(0.,1.5));
#1252 = CARTESIAN_POINT('',(0.138178958025,1.5));
#1253 = CARTESIAN_POINT('',(0.272445173447,1.498062979375));
#1254 = CARTESIAN_POINT('',(0.402989946768,1.494386452948));
#1255 = CARTESIAN_POINT('',(0.529663020966,1.489505051564));
#1256 = CARTESIAN_POINT('',(0.652036804643,1.484137584005));
#1257 = CARTESIAN_POINT('',(0.769247241383,1.478897687686));
#1258 = CARTESIAN_POINT('',(0.985089893859,1.469674272058));
#1259 = CARTESIAN_POINT('',(1.08705004288,1.465528243878));
#1260 = CARTESIAN_POINT('',(1.186380531104,1.462007943555));
#1261 = CARTESIAN_POINT('',(1.283762104435,1.459277538591));
#1262 = CARTESIAN_POINT('',(1.379856488313,1.457427226494));
#1263 = CARTESIAN_POINT('',(1.475298709308,1.456501172304));
#1264 = CARTESIAN_POINT('',(1.690026686547,1.456501172304));
#1265 = CARTESIAN_POINT('',(1.809184811516,1.45794464226));
#1266 = CARTESIAN_POINT('',(1.929657950413,1.460829045772));
#1267 = CARTESIAN_POINT('',(2.052659156196,1.465048497925));
#1268 = CARTESIAN_POINT('',(2.179456395738,1.470384611055));
#1269 = CARTESIAN_POINT('',(2.311403424267,1.476390610572));
#1270 = CARTESIAN_POINT('',(2.569983055248,1.48743830952));
#1271 = CARTESIAN_POINT('',(2.699444534681,1.492696408177));
#1272 = CARTESIAN_POINT('',(2.834632895593,1.497372926644));
#1273 = CARTESIAN_POINT('',(2.973286235859,1.500524920452));
#1274 = CARTESIAN_POINT('',(3.113658228711,1.501449709553));
#1275 = CARTESIAN_POINT('',(3.254231756023,1.500216045265));
#1276 = CARTESIAN_POINT('',(3.48268069514,1.495430717013));
#1277 = CARTESIAN_POINT('',(3.57244348518,1.492834093866));
#1278 = CARTESIAN_POINT('',(3.662198156344,1.489619844777));
#1279 = CARTESIAN_POINT('',(3.751954520054,1.485944059256));
#1280 = CARTESIAN_POINT('',(3.841718163517,1.482004205487));
#1281 = CARTESIAN_POINT('',(3.931482701704,1.478015576648));
#1282 = CARTESIAN_POINT('',(4.119974656638,1.4699609145));
#1283 = CARTESIAN_POINT('',(4.218715758829,1.465926590933));
#1284 = CARTESIAN_POINT('',(4.317445579918,1.462346027455));
#1285 = CARTESIAN_POINT('',(4.416175802458,1.459471447371));
#1286 = CARTESIAN_POINT('',(4.514915160217,1.457490897872));
#1287 = CARTESIAN_POINT('',(4.613657517215,1.456501172304));
#1288 = CARTESIAN_POINT('',(4.807890514879,1.456501172304));
#1289 = CARTESIAN_POINT('',(4.903331698012,1.457427300563));
#1290 = CARTESIAN_POINT('',(4.999424015921,1.459277598574));
#1291 = CARTESIAN_POINT('',(5.096804187506,1.462007917621));
#1292 = CARTESIAN_POINT('',(5.196134750266,1.465528220509));
#1293 = CARTESIAN_POINT('',(5.298095917961,1.469674293622));
#1294 = CARTESIAN_POINT('',(5.513891650923,1.47889570428));
#1295 = CARTESIAN_POINT('',(5.631118176116,1.484136092018));
#1296 = CARTESIAN_POINT('',(5.7535323163,1.489505827665));
#1297 = CARTESIAN_POINT('',(5.880246973898,1.494389090292));
#1298 = CARTESIAN_POINT('',(6.010816411438,1.498064847023));
#1299 = CARTESIAN_POINT('',(6.145073017805,1.5));
#1300 = CARTESIAN_POINT('',(6.28318530718,1.5));
#1301 = ( GEOMETRIC_REPRESENTATION_CONTEXT(2) 
PARAMETRIC_REPRESENTATION_CONTEXT() REPRESENTATION_CONTEXT('2D SPACE',''
  ) );
#1302 = FACE_BOUND('',#1303,.T.);
#1303 = EDGE_LOOP('',(#1304));
#1304 = ORIENTED_EDGE('',*,*,#1305,.F.);
#1305 = EDGE_CURVE('',#1306,#1306,#1308,.T.);
#1306 = VERTEX_POINT('',#1307);
#1307 = CARTESIAN_POINT('',(-42.49845849551,-17.60343788879,-298.7));
#1308 = SURFACE_CURVE('',#1309,(#1360,#1414),.PCURVE_S1.);
#1309 = B_SPLINE_CURVE_WITH_KNOTS('',7,(#1310,#1311,#1312,#1313,#1314,
    #1315,#1316,#1317,#1318,#1319,#1320,#1321,#1322,#1323,#1324,#1325,
    #1326,#1327,#1328,#1329,#1330,#1331,#1332,#1333,#1334,#1335,#1336,
    #1337,#1338,#1339,#1340,#1341,#1342,#1343,#1344,#1345,#1346,#1347,
    #1348,#1349,#1350,#1351,#1352,#1353,#1354,#1355,#1356,#1357,#1358,
    #1359),.UNSPECIFIED.,.T.,.F.,(8,6,6,6,6,6,6,6,8),(0.,0.142625616554,
    0.278850120109,0.448928669122,0.595156316541,0.689796489801,
    0.793905505084,0.894608671145,1.),.UNSPECIFIED.);
#1310 = CARTESIAN_POINT('',(-42.49845849551,-17.60343788879,-298.7));
#1311 = CARTESIAN_POINT('',(-42.39270089829,-17.85875931433,-298.7));
#1312 = CARTESIAN_POINT('',(-42.2881483749,-18.10610975542,
    -298.6554491524));
#1313 = CARTESIAN_POINT('',(-42.18813524903,-18.33795557407,
    -298.5708854634));
#1314 = CARTESIAN_POINT('',(-42.09572885858,-18.54828861785,-298.4523842
    ));
#1315 = CARTESIAN_POINT('',(-42.01350552514,-18.73276743688,
    -298.3074728148));
#1316 = CARTESIAN_POINT('',(-41.9430966594,-18.88905696591,
    -298.1449753005));
#1317 = CARTESIAN_POINT('',(-41.82927364933,-19.13974807445,
    -297.8123560624));
#1318 = CARTESIAN_POINT('',(-41.78335015281,-19.23978310779,
    -297.6386964647));
#1319 = CARTESIAN_POINT('',(-41.746962086,-19.31843268568,
    -297.4574676517));
#1320 = CARTESIAN_POINT('',(-41.71988246591,-19.37667377857,
    -297.2712226582));
#1321 = CARTESIAN_POINT('',(-41.70190272472,-19.41524561555,
    -297.0818798759));
#1322 = CARTESIAN_POINT('',(-41.69290395419,-19.43455067313,
    -296.890995239));
#1323 = CARTESIAN_POINT('',(-41.69290395419,-19.43455067313,
    -296.4615392804));
#1324 = CARTESIAN_POINT('',(-41.7069314387,-19.40445729854,
    -296.2232218035));
#1325 = CARTESIAN_POINT('',(-41.73495549751,-19.34433854531,
    -295.9878183619));
#1326 = CARTESIAN_POINT('',(-41.77729695009,-19.25314319607,
    -295.7583830116));
#1327 = CARTESIAN_POINT('',(-41.8344306858,-19.12915409202,
    -295.5391937309));
#1328 = CARTESIAN_POINT('',(-41.90678833774,-18.97016170044,
    -295.3362269057));
#1329 = CARTESIAN_POINT('',(-42.06948603219,-18.60624374849,
    -295.006577186));
#1330 = CARTESIAN_POINT('',(-42.15882275254,-18.40430590062,
    -294.867225809));
#1331 = CARTESIAN_POINT('',(-42.25992687083,-18.17243929866,
    -294.7574925057));
#1332 = CARTESIAN_POINT('',(-42.36840969812,-17.91877514242,
    -294.6888201655));
#1333 = CARTESIAN_POINT('',(-42.47884193891,-17.65458471946,
    -294.667405155));
#1334 = CARTESIAN_POINT('',(-42.58618447481,-17.39221319328,
    -294.6938529176));
#1335 = CARTESIAN_POINT('',(-42.75111750818,-16.9815249619,
    -294.8074787992));
#1336 = CARTESIAN_POINT('',(-42.81347244272,-16.82420152997,
    -294.8703346728));
#1337 = CARTESIAN_POINT('',(-42.87258586625,-16.67308986354,
    -294.9508063068));
#1338 = CARTESIAN_POINT('',(-42.92776981647,-16.53025873203,
    -295.0479500677));
#1339 = CARTESIAN_POINT('',(-42.97843383274,-16.3976496428,
    -295.1604876423));
#1340 = CARTESIAN_POINT('',(-43.02408424347,-16.27701701263,
    -295.2868358092));
#1341 = CARTESIAN_POINT('',(-43.10860099436,-16.05192767986,
    -295.5773069041));
#1342 = CARTESIAN_POINT('',(-43.14633839432,-15.95027934155,
    -295.7439699375));
#1343 = CARTESIAN_POINT('',(-43.17701488031,-15.86686328977,
    -295.9226915204));
#1344 = CARTESIAN_POINT('',(-43.20026509175,-15.80322067423,
    -296.1107188168));
#1345 = CARTESIAN_POINT('',(-43.21584819813,-15.76042430221,
    -296.3050517748));
#1346 = CARTESIAN_POINT('',(-43.22363768365,-15.73903254308,
    -296.5025370736));
#1347 = CARTESIAN_POINT('',(-43.22363768365,-15.73903254308,
    -296.8910030731));
#1348 = CARTESIAN_POINT('',(-43.21634944984,-15.75904798583,
    -297.0818856533));
#1349 = CARTESIAN_POINT('',(-43.20178877014,-15.79903563748,
    -297.271223905));
#1350 = CARTESIAN_POINT('',(-43.17975483822,-15.85936492343,
    -297.457466377));
#1351 = CARTESIAN_POINT('',(-43.14987163691,-15.94070834657,
    -297.6386958099));
#1352 = CARTESIAN_POINT('',(-43.11160847699,-16.04391799834,
    -297.8123568399));
#1353 = CARTESIAN_POINT('',(-43.0148491537,-16.30161237593,
    -298.1449037761));
#1354 = CARTESIAN_POINT('',(-42.95412203016,-16.46191441427,
    -298.3074413119));
#1355 = CARTESIAN_POINT('',(-42.88179522715,-16.65055855848,
    -298.452414432));
#1356 = CARTESIAN_POINT('',(-42.79837689973,-16.86470879608,
    -298.5709459923));
#1357 = CARTESIAN_POINT('',(-42.70513282909,-17.09942511124,
    -298.6554921318));
#1358 = CARTESIAN_POINT('',(-42.60416506541,-17.34823965412,-298.7));
#1359 = CARTESIAN_POINT('',(-42.49845849551,-17.60343788879,-298.7));
#1360 = PCURVE('',#31,#1361);
#1361 = DEFINITIONAL_REPRESENTATION('',(#1362),#1413);
#1362 = B_SPLINE_CURVE_WITH_KNOTS('',7,(#1363,#1364,#1365,#1366,#1367,
    #1368,#1369,#1370,#1371,#1372,#1373,#1374,#1375,#1376,#1377,#1378,
    #1379,#1380,#1381,#1382,#1383,#1384,#1385,#1386,#1387,#1388,#1389,
    #1390,#1391,#1392,#1393,#1394,#1395,#1396,#1397,#1398,#1399,#1400,
    #1401,#1402,#1403,#1404,#1405,#1406,#1407,#1408,#1409,#1410,#1411,
    #1412),.UNSPECIFIED.,.T.,.F.,(8,6,6,6,6,6,6,6,8),(0.,0.142625616554,
    0.278850120109,0.448928669122,0.595156316541,0.689796489801,
    0.793905505084,0.894608671145,1.),.UNSPECIFIED.);
#1363 = CARTESIAN_POINT('',(3.534291735289,5.));
#1364 = CARTESIAN_POINT('',(3.540299516149,5.));
#1365 = CARTESIAN_POINT('',(3.546137180246,5.044550847528));
#1366 = CARTESIAN_POINT('',(3.551626031352,5.12911453652));
#1367 = CARTESIAN_POINT('',(3.556620158783,5.247615799984));
#1368 = CARTESIAN_POINT('',(3.561010820509,5.392527185162));
#1369 = CARTESIAN_POINT('',(3.564737262995,5.55502469946));
#1370 = CARTESIAN_POINT('',(3.570722504355,5.887643937523));
#1371 = CARTESIAN_POINT('',(3.573115366004,6.061303535257));
#1372 = CARTESIAN_POINT('',(3.574999258425,6.242532348265));
#1373 = CARTESIAN_POINT('',(3.576395534441,6.428777341799));
#1374 = CARTESIAN_POINT('',(3.57732067633,6.618120124095));
#1375 = CARTESIAN_POINT('',(3.577783706079,6.809004760916));
#1376 = CARTESIAN_POINT('',(3.577783706079,7.238460719505));
#1377 = CARTESIAN_POINT('',(3.577061920614,7.476778196469));
#1378 = CARTESIAN_POINT('',(3.575619973323,7.712181638071));
#1379 = CARTESIAN_POINT('',(3.573434205255,7.941616988395));
#1380 = CARTESIAN_POINT('',(3.570466417672,8.160806269006));
#1381 = CARTESIAN_POINT('',(3.566669041957,8.363773094252));
#1382 = CARTESIAN_POINT('',(3.558003146798,8.693422813938));
#1383 = CARTESIAN_POINT('',(3.553202825515,8.83277419095));
#1384 = CARTESIAN_POINT('',(3.547704012377,8.942507494209));
#1385 = CARTESIAN_POINT('',(3.541706774898,9.011179834428));
#1386 = CARTESIAN_POINT('',(3.535482241948,9.032594844909));
#1387 = CARTESIAN_POINT('',(3.529319747515,9.006147082356));
#1388 = CARTESIAN_POINT('',(3.519698672249,8.892521200745));
#1389 = CARTESIAN_POINT('',(3.516019796502,8.829665327118));
#1390 = CARTESIAN_POINT('',(3.512492404564,8.749193693186));
#1391 = CARTESIAN_POINT('',(3.50916373614,8.652049932264));
#1392 = CARTESIAN_POINT('',(3.506077723101,8.539512357606));
#1393 = CARTESIAN_POINT('',(3.503273789789,8.413164190709));
#1394 = CARTESIAN_POINT('',(3.498046973623,8.122693095893));
#1395 = CARTESIAN_POINT('',(3.495689873306,7.956030062406));
#1396 = CARTESIAN_POINT('',(3.493757754385,7.77730847955));
#1397 = CARTESIAN_POINT('',(3.492284787176,7.589281183134));
#1398 = CARTESIAN_POINT('',(3.491294673755,7.394948225172));
#1399 = CARTESIAN_POINT('',(3.490799764498,7.197462926339));
#1400 = CARTESIAN_POINT('',(3.490799764498,6.808996926844));
#1401 = CARTESIAN_POINT('',(3.491262831591,6.618114346697));
#1402 = CARTESIAN_POINT('',(3.492187965303,6.428776094977));
#1403 = CARTESIAN_POINT('',(3.49358420513,6.242533622984));
#1404 = CARTESIAN_POINT('',(3.495468086351,6.061304190055));
#1405 = CARTESIAN_POINT('',(3.497860980211,5.887643160086));
#1406 = CARTESIAN_POINT('',(3.503844920552,5.555096223873));
#1407 = CARTESIAN_POINT('',(3.50757140755,5.392558688046));
#1408 = CARTESIAN_POINT('',(3.511963396726,5.247585567976));
#1409 = CARTESIAN_POINT('',(3.516959416471,5.129054007609));
#1410 = CARTESIAN_POINT('',(3.522449605875,5.044507868147));
#1411 = CARTESIAN_POINT('',(3.528286853142,5.));
#1412 = CARTESIAN_POINT('',(3.534291735289,5.));
#1413 = ( GEOMETRIC_REPRESENTATION_CONTEXT(2) 
PARAMETRIC_REPRESENTATION_CONTEXT() REPRESENTATION_CONTEXT('2D SPACE',''
  ) );
#1414 = PCURVE('',#1415,#1420);
#1415 = CYLINDRICAL_SURFACE('',#1416,2.);
#1416 = AXIS2_PLACEMENT_3D('',#1417,#1418,#1419);
#1417 = CARTESIAN_POINT('',(-41.11263919675,-17.02941274024,-296.7));
#1418 = DIRECTION('',(-0.923879532511,-0.382683432365,2.22044604925E-16)
  );
#1419 = DIRECTION('',(-2.051424657948E-16,-8.497279155086E-17,-1.));
#1420 = DEFINITIONAL_REPRESENTATION('',(#1421),#1472);
#1421 = B_SPLINE_CURVE_WITH_KNOTS('',7,(#1422,#1423,#1424,#1425,#1426,
    #1427,#1428,#1429,#1430,#1431,#1432,#1433,#1434,#1435,#1436,#1437,
    #1438,#1439,#1440,#1441,#1442,#1443,#1444,#1445,#1446,#1447,#1448,
    #1449,#1450,#1451,#1452,#1453,#1454,#1455,#1456,#1457,#1458,#1459,
    #1460,#1461,#1462,#1463,#1464,#1465,#1466,#1467,#1468,#1469,#1470,
    #1471),.UNSPECIFIED.,.F.,.F.,(8,6,6,6,6,6,6,6,8),(0.,0.142625616554,
    0.278850120109,0.448928669122,0.595156316541,0.689796489801,
    0.793905505084,0.894608671145,1.),.UNSPECIFIED.);
#1422 = CARTESIAN_POINT('',(0.,1.5));
#1423 = CARTESIAN_POINT('',(0.138178959787,1.5));
#1424 = CARTESIAN_POINT('',(0.272445169344,1.498062979359));
#1425 = CARTESIAN_POINT('',(0.402989949499,1.49438645305));
#1426 = CARTESIAN_POINT('',(0.529663022614,1.489505051364));
#1427 = CARTESIAN_POINT('',(0.652036801439,1.484137584176));
#1428 = CARTESIAN_POINT('',(0.769247242763,1.478897687627));
#1429 = CARTESIAN_POINT('',(0.985089891272,1.469674272168));
#1430 = CARTESIAN_POINT('',(1.087050048702,1.465528243591));
#1431 = CARTESIAN_POINT('',(1.186380527648,1.462007943861));
#1432 = CARTESIAN_POINT('',(1.283762101517,1.45927753844));
#1433 = CARTESIAN_POINT('',(1.379856493078,1.457427226524));
#1434 = CARTESIAN_POINT('',(1.475298707253,1.456501172304));
#1435 = CARTESIAN_POINT('',(1.690026686547,1.456501172304));
#1436 = CARTESIAN_POINT('',(1.809184811516,1.45794464226));
#1437 = CARTESIAN_POINT('',(1.929657950413,1.460829045772));
#1438 = CARTESIAN_POINT('',(2.052659156196,1.465048497925));
#1439 = CARTESIAN_POINT('',(2.179456395738,1.470384611055));
#1440 = CARTESIAN_POINT('',(2.311403424267,1.476390610572));
#1441 = CARTESIAN_POINT('',(2.569983054927,1.487438309506));
#1442 = CARTESIAN_POINT('',(2.699444535054,1.492696408195));
#1443 = CARTESIAN_POINT('',(2.834632895759,1.497372926647));
#1444 = CARTESIAN_POINT('',(2.973286235652,1.500524920432));
#1445 = CARTESIAN_POINT('',(3.113658228384,1.501449709569));
#1446 = CARTESIAN_POINT('',(3.254231756341,1.500216045258));
#1447 = CARTESIAN_POINT('',(3.482680695111,1.495430717014));
#1448 = CARTESIAN_POINT('',(3.572443485207,1.492834093866));
#1449 = CARTESIAN_POINT('',(3.66219815637,1.489619844776));
#1450 = CARTESIAN_POINT('',(3.751954520032,1.485944059257));
#1451 = CARTESIAN_POINT('',(3.841718163484,1.482004205489));
#1452 = CARTESIAN_POINT('',(3.931482701736,1.478015576647));
#1453 = CARTESIAN_POINT('',(4.119974656638,1.4699609145));
#1454 = CARTESIAN_POINT('',(4.218715758829,1.465926590933));
#1455 = CARTESIAN_POINT('',(4.317445579918,1.462346027455));
#1456 = CARTESIAN_POINT('',(4.416175802458,1.459471447371));
#1457 = CARTESIAN_POINT('',(4.514915160217,1.457490897872));
#1458 = CARTESIAN_POINT('',(4.613657517215,1.456501172304));
#1459 = CARTESIAN_POINT('',(4.807890516963,1.456501172304));
#1460 = CARTESIAN_POINT('',(4.903331693158,1.457427300592));
#1461 = CARTESIAN_POINT('',(4.999424018635,1.45927759842));
#1462 = CARTESIAN_POINT('',(5.096804191063,1.462007917924));
#1463 = CARTESIAN_POINT('',(5.196134744637,1.465528220233));
#1464 = CARTESIAN_POINT('',(5.298095920401,1.469674293727));
#1465 = CARTESIAN_POINT('',(5.513891650929,1.47889570428));
#1466 = CARTESIAN_POINT('',(5.631118176115,1.484136092018));
#1467 = CARTESIAN_POINT('',(5.753532316297,1.489505827665));
#1468 = CARTESIAN_POINT('',(5.880246973894,1.494389090292));
#1469 = CARTESIAN_POINT('',(6.010816411439,1.498064847023));
#1470 = CARTESIAN_POINT('',(6.14507301781,1.5));
#1471 = CARTESIAN_POINT('',(6.28318530718,1.5));
#1472 = ( GEOMETRIC_REPRESENTATION_CONTEXT(2) 
PARAMETRIC_REPRESENTATION_CONTEXT() REPRESENTATION_CONTEXT('2D SPACE',''
  ) );
#1473 = ADVANCED_FACE('',(#1474,#1477,#1508,#1539,#1570,#1601,#1632,
    #1663,#1694,#1725,#1858,#1889,#1920,#1951,#1982,#2013,#2044,#2075),
  #43,.T.);
#1474 = FACE_BOUND('',#1475,.T.);
#1475 = EDGE_LOOP('',(#1476));
#1476 = ORIENTED_EDGE('',*,*,#21,.T.);
#1477 = FACE_BOUND('',#1478,.T.);
#1478 = EDGE_LOOP('',(#1479));
#1479 = ORIENTED_EDGE('',*,*,#1480,.F.);
#1480 = EDGE_CURVE('',#1481,#1481,#1483,.T.);
#1481 = VERTEX_POINT('',#1482);
#1482 = CARTESIAN_POINT('',(-13.12741699797,-22.62741699797,-289.7));
#1483 = SURFACE_CURVE('',#1484,(#1489,#1496),.PCURVE_S1.);
#1484 = CIRCLE('',#1485,9.5);
#1485 = AXIS2_PLACEMENT_3D('',#1486,#1487,#1488);
#1486 = CARTESIAN_POINT('',(-22.62741699797,-22.62741699797,-289.7));
#1487 = DIRECTION('',(0.,0.,1.));
#1488 = DIRECTION('',(1.,0.,-0.));
#1489 = PCURVE('',#43,#1490);
#1490 = DEFINITIONAL_REPRESENTATION('',(#1491),#1495);
#1491 = CIRCLE('',#1492,9.5);
#1492 = AXIS2_PLACEMENT_2D('',#1493,#1494);
#1493 = CARTESIAN_POINT('',(-22.62741699797,-22.62741699797));
#1494 = DIRECTION('',(1.,0.));
#1495 = ( GEOMETRIC_REPRESENTATION_CONTEXT(2) 
PARAMETRIC_REPRESENTATION_CONTEXT() REPRESENTATION_CONTEXT('2D SPACE',''
  ) );
#1496 = PCURVE('',#1497,#1502);
#1497 = CONICAL_SURFACE('',#1498,7.5,0.785398163397);
#1498 = AXIS2_PLACEMENT_3D('',#1499,#1500,#1501);
#1499 = CARTESIAN_POINT('',(-22.62741699797,-22.62741699797,-291.7));
#1500 = DIRECTION('',(0.,0.,1.));
#1501 = DIRECTION('',(1.,0.,-0.));
#1502 = DEFINITIONAL_REPRESENTATION('',(#1503),#1507);
#1503 = LINE('',#1504,#1505);
#1504 = CARTESIAN_POINT('',(0.,2.));
#1505 = VECTOR('',#1506,1.);
#1506 = DIRECTION('',(1.,0.));
#1507 = ( GEOMETRIC_REPRESENTATION_CONTEXT(2) 
PARAMETRIC_REPRESENTATION_CONTEXT() REPRESENTATION_CONTEXT('2D SPACE',''
  ) );
#1508 = FACE_BOUND('',#1509,.T.);
#1509 = EDGE_LOOP('',(#1510));
#1510 = ORIENTED_EDGE('',*,*,#1511,.F.);
#1511 = EDGE_CURVE('',#1512,#1512,#1514,.T.);
#1512 = VERTEX_POINT('',#1513);
#1513 = CARTESIAN_POINT('',(9.5,-32.,-289.7));
#1514 = SURFACE_CURVE('',#1515,(#1520,#1527),.PCURVE_S1.);
#1515 = CIRCLE('',#1516,9.5);
#1516 = AXIS2_PLACEMENT_3D('',#1517,#1518,#1519);
#1517 = CARTESIAN_POINT('',(-5.878304635907E-15,-32.,-289.7));
#1518 = DIRECTION('',(0.,0.,1.));
#1519 = DIRECTION('',(1.,0.,-0.));
#1520 = PCURVE('',#43,#1521);
#1521 = DEFINITIONAL_REPRESENTATION('',(#1522),#1526);
#1522 = CIRCLE('',#1523,9.5);
#1523 = AXIS2_PLACEMENT_2D('',#1524,#1525);
#1524 = CARTESIAN_POINT('',(-5.878304635907E-15,-32.));
#1525 = DIRECTION('',(1.,0.));
#1526 = ( GEOMETRIC_REPRESENTATION_CONTEXT(2) 
PARAMETRIC_REPRESENTATION_CONTEXT() REPRESENTATION_CONTEXT('2D SPACE',''
  ) );
#1527 = PCURVE('',#1528,#1533);
#1528 = CONICAL_SURFACE('',#1529,7.5,0.785398163397);
#1529 = AXIS2_PLACEMENT_3D('',#1530,#1531,#1532);
#1530 = CARTESIAN_POINT('',(-5.878304635907E-15,-32.,-291.7));
#1531 = DIRECTION('',(0.,0.,1.));
#1532 = DIRECTION('',(1.,0.,-0.));
#1533 = DEFINITIONAL_REPRESENTATION('',(#1534),#1538);
#1534 = LINE('',#1535,#1536);
#1535 = CARTESIAN_POINT('',(0.,2.));
#1536 = VECTOR('',#1537,1.);
#1537 = DIRECTION('',(1.,0.));
#1538 = ( GEOMETRIC_REPRESENTATION_CONTEXT(2) 
PARAMETRIC_REPRESENTATION_CONTEXT() REPRESENTATION_CONTEXT('2D SPACE',''
  ) );
#1539 = FACE_BOUND('',#1540,.T.);
#1540 = EDGE_LOOP('',(#1541));
#1541 = ORIENTED_EDGE('',*,*,#1542,.F.);
#1542 = EDGE_CURVE('',#1543,#1543,#1545,.T.);
#1543 = VERTEX_POINT('',#1544);
#1544 = CARTESIAN_POINT('',(-4.579643498754,-17.09177135145,-289.7));
#1545 = SURFACE_CURVE('',#1546,(#1551,#1558),.PCURVE_S1.);
#1546 = CIRCLE('',#1547,2.5);
#1547 = AXIS2_PLACEMENT_3D('',#1548,#1549,#1550);
#1548 = CARTESIAN_POINT('',(-7.079643498754,-17.09177135145,-289.7));
#1549 = DIRECTION('',(0.,0.,1.));
#1550 = DIRECTION('',(1.,0.,-0.));
#1551 = PCURVE('',#43,#1552);
#1552 = DEFINITIONAL_REPRESENTATION('',(#1553),#1557);
#1553 = CIRCLE('',#1554,2.5);
#1554 = AXIS2_PLACEMENT_2D('',#1555,#1556);
#1555 = CARTESIAN_POINT('',(-7.079643498754,-17.09177135145));
#1556 = DIRECTION('',(1.,0.));
#1557 = ( GEOMETRIC_REPRESENTATION_CONTEXT(2) 
PARAMETRIC_REPRESENTATION_CONTEXT() REPRESENTATION_CONTEXT('2D SPACE',''
  ) );
#1558 = PCURVE('',#1559,#1564);
#1559 = CYLINDRICAL_SURFACE('',#1560,2.5);
#1560 = AXIS2_PLACEMENT_3D('',#1561,#1562,#1563);
#1561 = CARTESIAN_POINT('',(-7.079643498754,-17.09177135145,-304.7));
#1562 = DIRECTION('',(0.,0.,1.));
#1563 = DIRECTION('',(1.,0.,-0.));
#1564 = DEFINITIONAL_REPRESENTATION('',(#1565),#1569);
#1565 = LINE('',#1566,#1567);
#1566 = CARTESIAN_POINT('',(0.,15.));
#1567 = VECTOR('',#1568,1.);
#1568 = DIRECTION('',(1.,0.));
#1569 = ( GEOMETRIC_REPRESENTATION_CONTEXT(2) 
PARAMETRIC_REPRESENTATION_CONTEXT() REPRESENTATION_CONTEXT('2D SPACE',''
  ) );
#1570 = FACE_BOUND('',#1571,.T.);
#1571 = EDGE_LOOP('',(#1572));
#1572 = ORIENTED_EDGE('',*,*,#1573,.F.);
#1573 = EDGE_CURVE('',#1574,#1574,#1576,.T.);
#1574 = VERTEX_POINT('',#1575);
#1575 = CARTESIAN_POINT('',(-14.59177135145,-7.079643498754,-289.7));
#1576 = SURFACE_CURVE('',#1577,(#1582,#1589),.PCURVE_S1.);
#1577 = CIRCLE('',#1578,2.5);
#1578 = AXIS2_PLACEMENT_3D('',#1579,#1580,#1581);
#1579 = CARTESIAN_POINT('',(-17.09177135145,-7.079643498754,-289.7));
#1580 = DIRECTION('',(0.,0.,1.));
#1581 = DIRECTION('',(1.,0.,-0.));
#1582 = PCURVE('',#43,#1583);
#1583 = DEFINITIONAL_REPRESENTATION('',(#1584),#1588);
#1584 = CIRCLE('',#1585,2.5);
#1585 = AXIS2_PLACEMENT_2D('',#1586,#1587);
#1586 = CARTESIAN_POINT('',(-17.09177135145,-7.079643498754));
#1587 = DIRECTION('',(1.,0.));
#1588 = ( GEOMETRIC_REPRESENTATION_CONTEXT(2) 
PARAMETRIC_REPRESENTATION_CONTEXT() REPRESENTATION_CONTEXT('2D SPACE',''
  ) );
#1589 = PCURVE('',#1590,#1595);
#1590 = CYLINDRICAL_SURFACE('',#1591,2.5);
#1591 = AXIS2_PLACEMENT_3D('',#1592,#1593,#1594);
#1592 = CARTESIAN_POINT('',(-17.09177135145,-7.079643498754,-304.7));
#1593 = DIRECTION('',(0.,0.,1.));
#1594 = DIRECTION('',(1.,0.,-0.));
#1595 = DEFINITIONAL_REPRESENTATION('',(#1596),#1600);
#1596 = LINE('',#1597,#1598);
#1597 = CARTESIAN_POINT('',(0.,15.));
#1598 = VECTOR('',#1599,1.);
#1599 = DIRECTION('',(1.,0.));
#1600 = ( GEOMETRIC_REPRESENTATION_CONTEXT(2) 
PARAMETRIC_REPRESENTATION_CONTEXT() REPRESENTATION_CONTEXT('2D SPACE',''
  ) );
#1601 = FACE_BOUND('',#1602,.T.);
#1602 = EDGE_LOOP('',(#1603));
#1603 = ORIENTED_EDGE('',*,*,#1604,.F.);
#1604 = EDGE_CURVE('',#1605,#1605,#1607,.T.);
#1605 = VERTEX_POINT('',#1606);
#1606 = CARTESIAN_POINT('',(32.12741699797,-22.62741699797,-289.7));
#1607 = SURFACE_CURVE('',#1608,(#1613,#1620),.PCURVE_S1.);
#1608 = CIRCLE('',#1609,9.5);
#1609 = AXIS2_PLACEMENT_3D('',#1610,#1611,#1612);
#1610 = CARTESIAN_POINT('',(22.62741699797,-22.62741699797,-289.7));
#1611 = DIRECTION('',(0.,0.,1.));
#1612 = DIRECTION('',(1.,0.,-0.));
#1613 = PCURVE('',#43,#1614);
#1614 = DEFINITIONAL_REPRESENTATION('',(#1615),#1619);
#1615 = CIRCLE('',#1616,9.5);
#1616 = AXIS2_PLACEMENT_2D('',#1617,#1618);
#1617 = CARTESIAN_POINT('',(22.62741699797,-22.62741699797));
#1618 = DIRECTION('',(1.,0.));
#1619 = ( GEOMETRIC_REPRESENTATION_CONTEXT(2) 
PARAMETRIC_REPRESENTATION_CONTEXT() REPRESENTATION_CONTEXT('2D SPACE',''
  ) );
#1620 = PCURVE('',#1621,#1626);
#1621 = CONICAL_SURFACE('',#1622,7.5,0.785398163397);
#1622 = AXIS2_PLACEMENT_3D('',#1623,#1624,#1625);
#1623 = CARTESIAN_POINT('',(22.62741699797,-22.62741699797,-291.7));
#1624 = DIRECTION('',(0.,0.,1.));
#1625 = DIRECTION('',(1.,0.,-0.));
#1626 = DEFINITIONAL_REPRESENTATION('',(#1627),#1631);
#1627 = LINE('',#1628,#1629);
#1628 = CARTESIAN_POINT('',(0.,2.));
#1629 = VECTOR('',#1630,1.);
#1630 = DIRECTION('',(1.,0.));
#1631 = ( GEOMETRIC_REPRESENTATION_CONTEXT(2) 
PARAMETRIC_REPRESENTATION_CONTEXT() REPRESENTATION_CONTEXT('2D SPACE',''
  ) );
#1632 = FACE_BOUND('',#1633,.T.);
#1633 = EDGE_LOOP('',(#1634));
#1634 = ORIENTED_EDGE('',*,*,#1635,.F.);
#1635 = EDGE_CURVE('',#1636,#1636,#1638,.T.);
#1636 = VERTEX_POINT('',#1637);
#1637 = CARTESIAN_POINT('',(9.579643498754,-17.09177135145,-289.7));
#1638 = SURFACE_CURVE('',#1639,(#1644,#1651),.PCURVE_S1.);
#1639 = CIRCLE('',#1640,2.5);
#1640 = AXIS2_PLACEMENT_3D('',#1641,#1642,#1643);
#1641 = CARTESIAN_POINT('',(7.079643498754,-17.09177135145,-289.7));
#1642 = DIRECTION('',(0.,0.,1.));
#1643 = DIRECTION('',(1.,0.,-0.));
#1644 = PCURVE('',#43,#1645);
#1645 = DEFINITIONAL_REPRESENTATION('',(#1646),#1650);
#1646 = CIRCLE('',#1647,2.5);
#1647 = AXIS2_PLACEMENT_2D('',#1648,#1649);
#1648 = CARTESIAN_POINT('',(7.079643498754,-17.09177135145));
#1649 = DIRECTION('',(1.,0.));
#1650 = ( GEOMETRIC_REPRESENTATION_CONTEXT(2) 
PARAMETRIC_REPRESENTATION_CONTEXT() REPRESENTATION_CONTEXT('2D SPACE',''
  ) );
#1651 = PCURVE('',#1652,#1657);
#1652 = CYLINDRICAL_SURFACE('',#1653,2.5);
#1653 = AXIS2_PLACEMENT_3D('',#1654,#1655,#1656);
#1654 = CARTESIAN_POINT('',(7.079643498754,-17.09177135145,-304.7));
#1655 = DIRECTION('',(0.,0.,1.));
#1656 = DIRECTION('',(1.,0.,-0.));
#1657 = DEFINITIONAL_REPRESENTATION('',(#1658),#1662);
#1658 = LINE('',#1659,#1660);
#1659 = CARTESIAN_POINT('',(0.,15.));
#1660 = VECTOR('',#1661,1.);
#1661 = DIRECTION('',(1.,0.));
#1662 = ( GEOMETRIC_REPRESENTATION_CONTEXT(2) 
PARAMETRIC_REPRESENTATION_CONTEXT() REPRESENTATION_CONTEXT('2D SPACE',''
  ) );
#1663 = FACE_BOUND('',#1664,.T.);
#1664 = EDGE_LOOP('',(#1665));
#1665 = ORIENTED_EDGE('',*,*,#1666,.F.);
#1666 = EDGE_CURVE('',#1667,#1667,#1669,.T.);
#1667 = VERTEX_POINT('',#1668);
#1668 = CARTESIAN_POINT('',(19.591771351459,-7.079643498754,-289.7));
#1669 = SURFACE_CURVE('',#1670,(#1675,#1682),.PCURVE_S1.);
#1670 = CIRCLE('',#1671,2.5);
#1671 = AXIS2_PLACEMENT_3D('',#1672,#1673,#1674);
#1672 = CARTESIAN_POINT('',(17.091771351459,-7.079643498754,-289.7));
#1673 = DIRECTION('',(0.,0.,1.));
#1674 = DIRECTION('',(1.,0.,-0.));
#1675 = PCURVE('',#43,#1676);
#1676 = DEFINITIONAL_REPRESENTATION('',(#1677),#1681);
#1677 = CIRCLE('',#1678,2.5);
#1678 = AXIS2_PLACEMENT_2D('',#1679,#1680);
#1679 = CARTESIAN_POINT('',(17.091771351459,-7.079643498754));
#1680 = DIRECTION('',(1.,0.));
#1681 = ( GEOMETRIC_REPRESENTATION_CONTEXT(2) 
PARAMETRIC_REPRESENTATION_CONTEXT() REPRESENTATION_CONTEXT('2D SPACE',''
  ) );
#1682 = PCURVE('',#1683,#1688);
#1683 = CYLINDRICAL_SURFACE('',#1684,2.5);
#1684 = AXIS2_PLACEMENT_3D('',#1685,#1686,#1687);
#1685 = CARTESIAN_POINT('',(17.091771351459,-7.079643498754,-304.7));
#1686 = DIRECTION('',(0.,0.,1.));
#1687 = DIRECTION('',(1.,0.,-0.));
#1688 = DEFINITIONAL_REPRESENTATION('',(#1689),#1693);
#1689 = LINE('',#1690,#1691);
#1690 = CARTESIAN_POINT('',(0.,15.));
#1691 = VECTOR('',#1692,1.);
#1692 = DIRECTION('',(1.,0.));
#1693 = ( GEOMETRIC_REPRESENTATION_CONTEXT(2) 
PARAMETRIC_REPRESENTATION_CONTEXT() REPRESENTATION_CONTEXT('2D SPACE',''
  ) );
#1694 = FACE_BOUND('',#1695,.T.);
#1695 = EDGE_LOOP('',(#1696));
#1696 = ORIENTED_EDGE('',*,*,#1697,.F.);
#1697 = EDGE_CURVE('',#1698,#1698,#1700,.T.);
#1698 = VERTEX_POINT('',#1699);
#1699 = CARTESIAN_POINT('',(-22.5,1.592040838892E-15,-289.7));
#1700 = SURFACE_CURVE('',#1701,(#1706,#1713),.PCURVE_S1.);
#1701 = CIRCLE('',#1702,9.5);
#1702 = AXIS2_PLACEMENT_3D('',#1703,#1704,#1705);
#1703 = CARTESIAN_POINT('',(-32.,3.918869757272E-15,-289.7));
#1704 = DIRECTION('',(0.,0.,1.));
#1705 = DIRECTION('',(1.,0.,-0.));
#1706 = PCURVE('',#43,#1707);
#1707 = DEFINITIONAL_REPRESENTATION('',(#1708),#1712);
#1708 = CIRCLE('',#1709,9.5);
#1709 = AXIS2_PLACEMENT_2D('',#1710,#1711);
#1710 = CARTESIAN_POINT('',(-32.,3.918869757272E-15));
#1711 = DIRECTION('',(1.,0.));
#1712 = ( GEOMETRIC_REPRESENTATION_CONTEXT(2) 
PARAMETRIC_REPRESENTATION_CONTEXT() REPRESENTATION_CONTEXT('2D SPACE',''
  ) );
#1713 = PCURVE('',#1714,#1719);
#1714 = CONICAL_SURFACE('',#1715,7.5,0.785398163397);
#1715 = AXIS2_PLACEMENT_3D('',#1716,#1717,#1718);
#1716 = CARTESIAN_POINT('',(-32.,3.918869757272E-15,-291.7));
#1717 = DIRECTION('',(0.,0.,1.));
#1718 = DIRECTION('',(1.,0.,-0.));
#1719 = DEFINITIONAL_REPRESENTATION('',(#1720),#1724);
#1720 = LINE('',#1721,#1722);
#1721 = CARTESIAN_POINT('',(0.,2.));
#1722 = VECTOR('',#1723,1.);
#1723 = DIRECTION('',(1.,0.));
#1724 = ( GEOMETRIC_REPRESENTATION_CONTEXT(2) 
PARAMETRIC_REPRESENTATION_CONTEXT() REPRESENTATION_CONTEXT('2D SPACE',''
  ) );
#1725 = FACE_BOUND('',#1726,.T.);
#1726 = EDGE_LOOP('',(#1727,#1758,#1782,#1808,#1834));
#1727 = ORIENTED_EDGE('',*,*,#1728,.F.);
#1728 = EDGE_CURVE('',#1729,#1731,#1733,.T.);
#1729 = VERTEX_POINT('',#1730);
#1730 = CARTESIAN_POINT('',(-13.12741699797,22.62741699797,-289.7));
#1731 = VERTEX_POINT('',#1732);
#1732 = CARTESIAN_POINT('',(-22.79403340397,13.128878217017,-289.7));
#1733 = SURFACE_CURVE('',#1734,(#1739,#1746),.PCURVE_S1.);
#1734 = CIRCLE('',#1735,9.5);
#1735 = AXIS2_PLACEMENT_3D('',#1736,#1737,#1738);
#1736 = CARTESIAN_POINT('',(-22.62741699797,22.62741699797,-289.7));
#1737 = DIRECTION('',(0.,0.,1.));
#1738 = DIRECTION('',(1.,0.,-0.));
#1739 = PCURVE('',#43,#1740);
#1740 = DEFINITIONAL_REPRESENTATION('',(#1741),#1745);
#1741 = CIRCLE('',#1742,9.5);
#1742 = AXIS2_PLACEMENT_2D('',#1743,#1744);
#1743 = CARTESIAN_POINT('',(-22.62741699797,22.62741699797));
#1744 = DIRECTION('',(1.,0.));
#1745 = ( GEOMETRIC_REPRESENTATION_CONTEXT(2) 
PARAMETRIC_REPRESENTATION_CONTEXT() REPRESENTATION_CONTEXT('2D SPACE',''
  ) );
#1746 = PCURVE('',#1747,#1752);
#1747 = CONICAL_SURFACE('',#1748,7.5,0.785398163397);
#1748 = AXIS2_PLACEMENT_3D('',#1749,#1750,#1751);
#1749 = CARTESIAN_POINT('',(-22.62741699797,22.62741699797,-291.7));
#1750 = DIRECTION('',(0.,0.,1.));
#1751 = DIRECTION('',(1.,0.,-0.));
#1752 = DEFINITIONAL_REPRESENTATION('',(#1753),#1757);
#1753 = LINE('',#1754,#1755);
#1754 = CARTESIAN_POINT('',(0.,2.));
#1755 = VECTOR('',#1756,1.);
#1756 = DIRECTION('',(1.,0.));
#1757 = ( GEOMETRIC_REPRESENTATION_CONTEXT(2) 
PARAMETRIC_REPRESENTATION_CONTEXT() REPRESENTATION_CONTEXT('2D SPACE',''
  ) );
#1758 = ORIENTED_EDGE('',*,*,#1759,.F.);
#1759 = EDGE_CURVE('',#1760,#1729,#1762,.T.);
#1760 = VERTEX_POINT('',#1761);
#1761 = CARTESIAN_POINT('',(-21.76376304393,13.166756246855,-289.7));
#1762 = SURFACE_CURVE('',#1763,(#1768,#1775),.PCURVE_S1.);
#1763 = CIRCLE('',#1764,9.5);
#1764 = AXIS2_PLACEMENT_3D('',#1765,#1766,#1767);
#1765 = CARTESIAN_POINT('',(-22.62741699797,22.62741699797,-289.7));
#1766 = DIRECTION('',(0.,0.,1.));
#1767 = DIRECTION('',(1.,0.,-0.));
#1768 = PCURVE('',#43,#1769);
#1769 = DEFINITIONAL_REPRESENTATION('',(#1770),#1774);
#1770 = CIRCLE('',#1771,9.5);
#1771 = AXIS2_PLACEMENT_2D('',#1772,#1773);
#1772 = CARTESIAN_POINT('',(-22.62741699797,22.62741699797));
#1773 = DIRECTION('',(1.,0.));
#1774 = ( GEOMETRIC_REPRESENTATION_CONTEXT(2) 
PARAMETRIC_REPRESENTATION_CONTEXT() REPRESENTATION_CONTEXT('2D SPACE',''
  ) );
#1775 = PCURVE('',#1747,#1776);
#1776 = DEFINITIONAL_REPRESENTATION('',(#1777),#1781);
#1777 = LINE('',#1778,#1779);
#1778 = CARTESIAN_POINT('',(0.,2.));
#1779 = VECTOR('',#1780,1.);
#1780 = DIRECTION('',(1.,0.));
#1781 = ( GEOMETRIC_REPRESENTATION_CONTEXT(2) 
PARAMETRIC_REPRESENTATION_CONTEXT() REPRESENTATION_CONTEXT('2D SPACE',''
  ) );
#1782 = ORIENTED_EDGE('',*,*,#1783,.T.);
#1783 = EDGE_CURVE('',#1760,#1784,#1786,.T.);
#1784 = VERTEX_POINT('',#1785);
#1785 = CARTESIAN_POINT('',(-21.34161720101,8.839987287634,-289.7));
#1786 = SURFACE_CURVE('',#1787,(#1791,#1797),.PCURVE_S1.);
#1787 = LINE('',#1788,#1789);
#1788 = CARTESIAN_POINT('',(-20.81382303777,3.430379587755,-289.7));
#1789 = VECTOR('',#1790,1.);
#1790 = DIRECTION('',(9.7104986742E-02,-0.995274143917,0.));
#1791 = PCURVE('',#43,#1792);
#1792 = DEFINITIONAL_REPRESENTATION('',(#1793),#1796);
#1793 = B_SPLINE_CURVE_WITH_KNOTS('',1,(#1794,#1795),.UNSPECIFIED.,.F.,
  .F.,(2,2),(-10.53529411764,-5.435294117647),.PIECEWISE_BEZIER_KNOTS.);
#1794 = CARTESIAN_POINT('',(-21.83685263339,13.915885421611));
#1795 = CARTESIAN_POINT('',(-21.34161720101,8.839987287634));
#1796 = ( GEOMETRIC_REPRESENTATION_CONTEXT(2) 
PARAMETRIC_REPRESENTATION_CONTEXT() REPRESENTATION_CONTEXT('2D SPACE',''
  ) );
#1797 = PCURVE('',#1798,#1803);
#1798 = PLANE('',#1799);
#1799 = AXIS2_PLACEMENT_3D('',#1800,#1801,#1802);
#1800 = CARTESIAN_POINT('',(-21.34161720101,8.839987287634,-290.5));
#1801 = DIRECTION('',(-0.995274143917,-9.7104986742E-02,0.));
#1802 = DIRECTION('',(-9.7104986742E-02,0.995274143917,0.));
#1803 = DEFINITIONAL_REPRESENTATION('',(#1804),#1807);
#1804 = B_SPLINE_CURVE_WITH_KNOTS('',1,(#1805,#1806),.UNSPECIFIED.,.F.,
  .F.,(2,2),(-10.53529411764,-5.435294117647),.PIECEWISE_BEZIER_KNOTS.);
#1805 = CARTESIAN_POINT('',(5.1,-0.8));
#1806 = CARTESIAN_POINT('',(0.,-0.8));
#1807 = ( GEOMETRIC_REPRESENTATION_CONTEXT(2) 
PARAMETRIC_REPRESENTATION_CONTEXT() REPRESENTATION_CONTEXT('2D SPACE',''
  ) );
#1808 = ORIENTED_EDGE('',*,*,#1809,.T.);
#1809 = EDGE_CURVE('',#1784,#1810,#1812,.T.);
#1810 = VERTEX_POINT('',#1811);
#1811 = CARTESIAN_POINT('',(-25.77623895706,10.676867762986,-289.7));
#1812 = SURFACE_CURVE('',#1813,(#1817,#1823),.PCURVE_S1.);
#1813 = LINE('',#1814,#1815);
#1814 = CARTESIAN_POINT('',(-12.88811947853,5.338433881493,-289.7));
#1815 = VECTOR('',#1816,1.);
#1816 = DIRECTION('',(-0.923879532511,0.382683432365,0.));
#1817 = PCURVE('',#43,#1818);
#1818 = DEFINITIONAL_REPRESENTATION('',(#1819),#1822);
#1819 = B_SPLINE_CURVE_WITH_KNOTS('',1,(#1820,#1821),.UNSPECIFIED.,.F.,
  .F.,(2,2),(9.15,13.95),.PIECEWISE_BEZIER_KNOTS.);
#1820 = CARTESIAN_POINT('',(-21.34161720101,8.839987287634));
#1821 = CARTESIAN_POINT('',(-25.77623895706,10.676867762986));
#1822 = ( GEOMETRIC_REPRESENTATION_CONTEXT(2) 
PARAMETRIC_REPRESENTATION_CONTEXT() REPRESENTATION_CONTEXT('2D SPACE',''
  ) );
#1823 = PCURVE('',#1824,#1829);
#1824 = PLANE('',#1825);
#1825 = AXIS2_PLACEMENT_3D('',#1826,#1827,#1828);
#1826 = CARTESIAN_POINT('',(-25.77623895706,10.676867762986,-290.5));
#1827 = DIRECTION('',(0.382683432365,0.923879532511,0.));
#1828 = DIRECTION('',(0.923879532511,-0.382683432365,0.));
#1829 = DEFINITIONAL_REPRESENTATION('',(#1830),#1833);
#1830 = B_SPLINE_CURVE_WITH_KNOTS('',1,(#1831,#1832),.UNSPECIFIED.,.F.,
  .F.,(2,2),(9.15,13.95),.PIECEWISE_BEZIER_KNOTS.);
#1831 = CARTESIAN_POINT('',(4.8,-0.8));
#1832 = CARTESIAN_POINT('',(0.,-0.8));
#1833 = ( GEOMETRIC_REPRESENTATION_CONTEXT(2) 
PARAMETRIC_REPRESENTATION_CONTEXT() REPRESENTATION_CONTEXT('2D SPACE',''
  ) );
#1834 = ORIENTED_EDGE('',*,*,#1835,.T.);
#1835 = EDGE_CURVE('',#1810,#1731,#1836,.T.);
#1836 = SURFACE_CURVE('',#1837,(#1841,#1847),.PCURVE_S1.);
#1837 = LINE('',#1838,#1839);
#1838 = CARTESIAN_POINT('',(-18.73577862427,16.465631156341,-289.7));
#1839 = VECTOR('',#1840,1.);
#1840 = DIRECTION('',(0.772428690916,0.635101501691,-0.));
#1841 = PCURVE('',#43,#1842);
#1842 = DEFINITIONAL_REPRESENTATION('',(#1843),#1846);
#1843 = B_SPLINE_CURVE_WITH_KNOTS('',1,(#1844,#1845),.UNSPECIFIED.,.F.,
  .F.,(2,2),(-9.114705882353,-4.014705882353),.PIECEWISE_BEZIER_KNOTS.);
#1844 = CARTESIAN_POINT('',(-25.77623895706,10.676867762986));
#1845 = CARTESIAN_POINT('',(-21.83685263339,13.915885421611));
#1846 = ( GEOMETRIC_REPRESENTATION_CONTEXT(2) 
PARAMETRIC_REPRESENTATION_CONTEXT() REPRESENTATION_CONTEXT('2D SPACE',''
  ) );
#1847 = PCURVE('',#1848,#1853);
#1848 = PLANE('',#1849);
#1849 = AXIS2_PLACEMENT_3D('',#1850,#1851,#1852);
#1850 = CARTESIAN_POINT('',(-21.83685263339,13.915885421611,-290.5));
#1851 = DIRECTION('',(0.635101501691,-0.772428690916,0.));
#1852 = DIRECTION('',(-0.772428690916,-0.635101501691,0.));
#1853 = DEFINITIONAL_REPRESENTATION('',(#1854),#1857);
#1854 = B_SPLINE_CURVE_WITH_KNOTS('',1,(#1855,#1856),.UNSPECIFIED.,.F.,
  .F.,(2,2),(-9.114705882353,-4.014705882353),.PIECEWISE_BEZIER_KNOTS.);
#1855 = CARTESIAN_POINT('',(5.1,-0.8));
#1856 = CARTESIAN_POINT('',(0.,-0.8));
#1857 = ( GEOMETRIC_REPRESENTATION_CONTEXT(2) 
PARAMETRIC_REPRESENTATION_CONTEXT() REPRESENTATION_CONTEXT('2D SPACE',''
  ) );
#1858 = FACE_BOUND('',#1859,.T.);
#1859 = EDGE_LOOP('',(#1860));
#1860 = ORIENTED_EDGE('',*,*,#1861,.F.);
#1861 = EDGE_CURVE('',#1862,#1862,#1864,.T.);
#1862 = VERTEX_POINT('',#1863);
#1863 = CARTESIAN_POINT('',(-14.59177135145,7.079643498754,-289.7));
#1864 = SURFACE_CURVE('',#1865,(#1870,#1877),.PCURVE_S1.);
#1865 = CIRCLE('',#1866,2.5);
#1866 = AXIS2_PLACEMENT_3D('',#1867,#1868,#1869);
#1867 = CARTESIAN_POINT('',(-17.09177135145,7.079643498754,-289.7));
#1868 = DIRECTION('',(0.,0.,1.));
#1869 = DIRECTION('',(1.,0.,-0.));
#1870 = PCURVE('',#43,#1871);
#1871 = DEFINITIONAL_REPRESENTATION('',(#1872),#1876);
#1872 = CIRCLE('',#1873,2.5);
#1873 = AXIS2_PLACEMENT_2D('',#1874,#1875);
#1874 = CARTESIAN_POINT('',(-17.09177135145,7.079643498754));
#1875 = DIRECTION('',(1.,0.));
#1876 = ( GEOMETRIC_REPRESENTATION_CONTEXT(2) 
PARAMETRIC_REPRESENTATION_CONTEXT() REPRESENTATION_CONTEXT('2D SPACE',''
  ) );
#1877 = PCURVE('',#1878,#1883);
#1878 = CYLINDRICAL_SURFACE('',#1879,2.5);
#1879 = AXIS2_PLACEMENT_3D('',#1880,#1881,#1882);
#1880 = CARTESIAN_POINT('',(-17.09177135145,7.079643498754,-304.7));
#1881 = DIRECTION('',(0.,0.,1.));
#1882 = DIRECTION('',(1.,0.,-0.));
#1883 = DEFINITIONAL_REPRESENTATION('',(#1884),#1888);
#1884 = LINE('',#1885,#1886);
#1885 = CARTESIAN_POINT('',(0.,15.));
#1886 = VECTOR('',#1887,1.);
#1887 = DIRECTION('',(1.,0.));
#1888 = ( GEOMETRIC_REPRESENTATION_CONTEXT(2) 
PARAMETRIC_REPRESENTATION_CONTEXT() REPRESENTATION_CONTEXT('2D SPACE',''
  ) );
#1889 = FACE_BOUND('',#1890,.T.);
#1890 = EDGE_LOOP('',(#1891));
#1891 = ORIENTED_EDGE('',*,*,#1892,.F.);
#1892 = EDGE_CURVE('',#1893,#1893,#1895,.T.);
#1893 = VERTEX_POINT('',#1894);
#1894 = CARTESIAN_POINT('',(-4.579643498754,17.091771351459,-289.7));
#1895 = SURFACE_CURVE('',#1896,(#1901,#1908),.PCURVE_S1.);
#1896 = CIRCLE('',#1897,2.5);
#1897 = AXIS2_PLACEMENT_3D('',#1898,#1899,#1900);
#1898 = CARTESIAN_POINT('',(-7.079643498754,17.091771351459,-289.7));
#1899 = DIRECTION('',(0.,0.,1.));
#1900 = DIRECTION('',(1.,0.,-0.));
#1901 = PCURVE('',#43,#1902);
#1902 = DEFINITIONAL_REPRESENTATION('',(#1903),#1907);
#1903 = CIRCLE('',#1904,2.5);
#1904 = AXIS2_PLACEMENT_2D('',#1905,#1906);
#1905 = CARTESIAN_POINT('',(-7.079643498754,17.091771351459));
#1906 = DIRECTION('',(1.,0.));
#1907 = ( GEOMETRIC_REPRESENTATION_CONTEXT(2) 
PARAMETRIC_REPRESENTATION_CONTEXT() REPRESENTATION_CONTEXT('2D SPACE',''
  ) );
#1908 = PCURVE('',#1909,#1914);
#1909 = CYLINDRICAL_SURFACE('',#1910,2.5);
#1910 = AXIS2_PLACEMENT_3D('',#1911,#1912,#1913);
#1911 = CARTESIAN_POINT('',(-7.079643498754,17.091771351459,-304.7));
#1912 = DIRECTION('',(0.,0.,1.));
#1913 = DIRECTION('',(1.,0.,-0.));
#1914 = DEFINITIONAL_REPRESENTATION('',(#1915),#1919);
#1915 = LINE('',#1916,#1917);
#1916 = CARTESIAN_POINT('',(0.,15.));
#1917 = VECTOR('',#1918,1.);
#1918 = DIRECTION('',(1.,0.));
#1919 = ( GEOMETRIC_REPRESENTATION_CONTEXT(2) 
PARAMETRIC_REPRESENTATION_CONTEXT() REPRESENTATION_CONTEXT('2D SPACE',''
  ) );
#1920 = FACE_BOUND('',#1921,.T.);
#1921 = EDGE_LOOP('',(#1922));
#1922 = ORIENTED_EDGE('',*,*,#1923,.F.);
#1923 = EDGE_CURVE('',#1924,#1924,#1926,.T.);
#1924 = VERTEX_POINT('',#1925);
#1925 = CARTESIAN_POINT('',(10.,-2.449293598295E-15,-289.7));
#1926 = SURFACE_CURVE('',#1927,(#1932,#1939),.PCURVE_S1.);
#1927 = CIRCLE('',#1928,10.);
#1928 = AXIS2_PLACEMENT_3D('',#1929,#1930,#1931);
#1929 = CARTESIAN_POINT('',(0.,0.,-289.7));
#1930 = DIRECTION('',(0.,0.,1.));
#1931 = DIRECTION('',(1.,0.,-0.));
#1932 = PCURVE('',#43,#1933);
#1933 = DEFINITIONAL_REPRESENTATION('',(#1934),#1938);
#1934 = CIRCLE('',#1935,10.);
#1935 = AXIS2_PLACEMENT_2D('',#1936,#1937);
#1936 = CARTESIAN_POINT('',(0.,0.));
#1937 = DIRECTION('',(1.,0.));
#1938 = ( GEOMETRIC_REPRESENTATION_CONTEXT(2) 
PARAMETRIC_REPRESENTATION_CONTEXT() REPRESENTATION_CONTEXT('2D SPACE',''
  ) );
#1939 = PCURVE('',#1940,#1945);
#1940 = CYLINDRICAL_SURFACE('',#1941,10.);
#1941 = AXIS2_PLACEMENT_3D('',#1942,#1943,#1944);
#1942 = CARTESIAN_POINT('',(0.,0.,-289.7));
#1943 = DIRECTION('',(0.,0.,1.));
#1944 = DIRECTION('',(1.,0.,-0.));
#1945 = DEFINITIONAL_REPRESENTATION('',(#1946),#1950);
#1946 = LINE('',#1947,#1948);
#1947 = CARTESIAN_POINT('',(0.,0.));
#1948 = VECTOR('',#1949,1.);
#1949 = DIRECTION('',(1.,0.));
#1950 = ( GEOMETRIC_REPRESENTATION_CONTEXT(2) 
PARAMETRIC_REPRESENTATION_CONTEXT() REPRESENTATION_CONTEXT('2D SPACE',''
  ) );
#1951 = FACE_BOUND('',#1952,.T.);
#1952 = EDGE_LOOP('',(#1953));
#1953 = ORIENTED_EDGE('',*,*,#1954,.F.);
#1954 = EDGE_CURVE('',#1955,#1955,#1957,.T.);
#1955 = VERTEX_POINT('',#1956);
#1956 = CARTESIAN_POINT('',(19.591771351459,7.079643498754,-289.7));
#1957 = SURFACE_CURVE('',#1958,(#1963,#1970),.PCURVE_S1.);
#1958 = CIRCLE('',#1959,2.5);
#1959 = AXIS2_PLACEMENT_3D('',#1960,#1961,#1962);
#1960 = CARTESIAN_POINT('',(17.091771351459,7.079643498754,-289.7));
#1961 = DIRECTION('',(0.,0.,1.));
#1962 = DIRECTION('',(1.,0.,-0.));
#1963 = PCURVE('',#43,#1964);
#1964 = DEFINITIONAL_REPRESENTATION('',(#1965),#1969);
#1965 = CIRCLE('',#1966,2.5);
#1966 = AXIS2_PLACEMENT_2D('',#1967,#1968);
#1967 = CARTESIAN_POINT('',(17.091771351459,7.079643498754));
#1968 = DIRECTION('',(1.,0.));
#1969 = ( GEOMETRIC_REPRESENTATION_CONTEXT(2) 
PARAMETRIC_REPRESENTATION_CONTEXT() REPRESENTATION_CONTEXT('2D SPACE',''
  ) );
#1970 = PCURVE('',#1971,#1976);
#1971 = CYLINDRICAL_SURFACE('',#1972,2.5);
#1972 = AXIS2_PLACEMENT_3D('',#1973,#1974,#1975);
#1973 = CARTESIAN_POINT('',(17.091771351459,7.079643498754,-304.7));
#1974 = DIRECTION('',(0.,0.,1.));
#1975 = DIRECTION('',(1.,0.,-0.));
#1976 = DEFINITIONAL_REPRESENTATION('',(#1977),#1981);
#1977 = LINE('',#1978,#1979);
#1978 = CARTESIAN_POINT('',(0.,15.));
#1979 = VECTOR('',#1980,1.);
#1980 = DIRECTION('',(1.,0.));
#1981 = ( GEOMETRIC_REPRESENTATION_CONTEXT(2) 
PARAMETRIC_REPRESENTATION_CONTEXT() REPRESENTATION_CONTEXT('2D SPACE',''
  ) );
#1982 = FACE_BOUND('',#1983,.T.);
#1983 = EDGE_LOOP('',(#1984));
#1984 = ORIENTED_EDGE('',*,*,#1985,.F.);
#1985 = EDGE_CURVE('',#1986,#1986,#1988,.T.);
#1986 = VERTEX_POINT('',#1987);
#1987 = CARTESIAN_POINT('',(9.579643498754,17.091771351459,-289.7));
#1988 = SURFACE_CURVE('',#1989,(#1994,#2001),.PCURVE_S1.);
#1989 = CIRCLE('',#1990,2.5);
#1990 = AXIS2_PLACEMENT_3D('',#1991,#1992,#1993);
#1991 = CARTESIAN_POINT('',(7.079643498754,17.091771351459,-289.7));
#1992 = DIRECTION('',(0.,0.,1.));
#1993 = DIRECTION('',(1.,0.,-0.));
#1994 = PCURVE('',#43,#1995);
#1995 = DEFINITIONAL_REPRESENTATION('',(#1996),#2000);
#1996 = CIRCLE('',#1997,2.5);
#1997 = AXIS2_PLACEMENT_2D('',#1998,#1999);
#1998 = CARTESIAN_POINT('',(7.079643498754,17.091771351459));
#1999 = DIRECTION('',(1.,0.));
#2000 = ( GEOMETRIC_REPRESENTATION_CONTEXT(2) 
PARAMETRIC_REPRESENTATION_CONTEXT() REPRESENTATION_CONTEXT('2D SPACE',''
  ) );
#2001 = PCURVE('',#2002,#2007);
#2002 = CYLINDRICAL_SURFACE('',#2003,2.5);
#2003 = AXIS2_PLACEMENT_3D('',#2004,#2005,#2006);
#2004 = CARTESIAN_POINT('',(7.079643498754,17.091771351459,-304.7));
#2005 = DIRECTION('',(0.,0.,1.));
#2006 = DIRECTION('',(1.,0.,-0.));
#2007 = DEFINITIONAL_REPRESENTATION('',(#2008),#2012);
#2008 = LINE('',#2009,#2010);
#2009 = CARTESIAN_POINT('',(0.,15.));
#2010 = VECTOR('',#2011,1.);
#2011 = DIRECTION('',(1.,0.));
#2012 = ( GEOMETRIC_REPRESENTATION_CONTEXT(2) 
PARAMETRIC_REPRESENTATION_CONTEXT() REPRESENTATION_CONTEXT('2D SPACE',''
  ) );
#2013 = FACE_BOUND('',#2014,.T.);
#2014 = EDGE_LOOP('',(#2015));
#2015 = ORIENTED_EDGE('',*,*,#2016,.F.);
#2016 = EDGE_CURVE('',#2017,#2017,#2019,.T.);
#2017 = VERTEX_POINT('',#2018);
#2018 = CARTESIAN_POINT('',(41.5,-2.32682891838E-15,-289.7));
#2019 = SURFACE_CURVE('',#2020,(#2025,#2032),.PCURVE_S1.);
#2020 = CIRCLE('',#2021,9.5);
#2021 = AXIS2_PLACEMENT_3D('',#2022,#2023,#2024);
#2022 = CARTESIAN_POINT('',(32.,0.,-289.7));
#2023 = DIRECTION('',(0.,0.,1.));
#2024 = DIRECTION('',(1.,0.,-0.));
#2025 = PCURVE('',#43,#2026);
#2026 = DEFINITIONAL_REPRESENTATION('',(#2027),#2031);
#2027 = CIRCLE('',#2028,9.5);
#2028 = AXIS2_PLACEMENT_2D('',#2029,#2030);
#2029 = CARTESIAN_POINT('',(32.,0.));
#2030 = DIRECTION('',(1.,0.));
#2031 = ( GEOMETRIC_REPRESENTATION_CONTEXT(2) 
PARAMETRIC_REPRESENTATION_CONTEXT() REPRESENTATION_CONTEXT('2D SPACE',''
  ) );
#2032 = PCURVE('',#2033,#2038);
#2033 = CONICAL_SURFACE('',#2034,7.5,0.785398163397);
#2034 = AXIS2_PLACEMENT_3D('',#2035,#2036,#2037);
#2035 = CARTESIAN_POINT('',(32.,0.,-291.7));
#2036 = DIRECTION('',(0.,0.,1.));
#2037 = DIRECTION('',(1.,0.,-0.));
#2038 = DEFINITIONAL_REPRESENTATION('',(#2039),#2043);
#2039 = LINE('',#2040,#2041);
#2040 = CARTESIAN_POINT('',(0.,2.));
#2041 = VECTOR('',#2042,1.);
#2042 = DIRECTION('',(1.,0.));
#2043 = ( GEOMETRIC_REPRESENTATION_CONTEXT(2) 
PARAMETRIC_REPRESENTATION_CONTEXT() REPRESENTATION_CONTEXT('2D SPACE',''
  ) );
#2044 = FACE_BOUND('',#2045,.T.);
#2045 = EDGE_LOOP('',(#2046));
#2046 = ORIENTED_EDGE('',*,*,#2047,.F.);
#2047 = EDGE_CURVE('',#2048,#2048,#2050,.T.);
#2048 = VERTEX_POINT('',#2049);
#2049 = CARTESIAN_POINT('',(9.5,32.,-289.7));
#2050 = SURFACE_CURVE('',#2051,(#2056,#2063),.PCURVE_S1.);
#2051 = CIRCLE('',#2052,9.5);
#2052 = AXIS2_PLACEMENT_3D('',#2053,#2054,#2055);
#2053 = CARTESIAN_POINT('',(1.959434878636E-15,32.,-289.7));
#2054 = DIRECTION('',(0.,0.,1.));
#2055 = DIRECTION('',(1.,0.,-0.));
#2056 = PCURVE('',#43,#2057);
#2057 = DEFINITIONAL_REPRESENTATION('',(#2058),#2062);
#2058 = CIRCLE('',#2059,9.5);
#2059 = AXIS2_PLACEMENT_2D('',#2060,#2061);
#2060 = CARTESIAN_POINT('',(1.959434878636E-15,32.));
#2061 = DIRECTION('',(1.,0.));
#2062 = ( GEOMETRIC_REPRESENTATION_CONTEXT(2) 
PARAMETRIC_REPRESENTATION_CONTEXT() REPRESENTATION_CONTEXT('2D SPACE',''
  ) );
#2063 = PCURVE('',#2064,#2069);
#2064 = CONICAL_SURFACE('',#2065,7.5,0.785398163397);
#2065 = AXIS2_PLACEMENT_3D('',#2066,#2067,#2068);
#2066 = CARTESIAN_POINT('',(1.959434878636E-15,32.,-291.7));
#2067 = DIRECTION('',(0.,0.,1.));
#2068 = DIRECTION('',(1.,0.,-0.));
#2069 = DEFINITIONAL_REPRESENTATION('',(#2070),#2074);
#2070 = LINE('',#2071,#2072);
#2071 = CARTESIAN_POINT('',(0.,2.));
#2072 = VECTOR('',#2073,1.);
#2073 = DIRECTION('',(1.,0.));
#2074 = ( GEOMETRIC_REPRESENTATION_CONTEXT(2) 
PARAMETRIC_REPRESENTATION_CONTEXT() REPRESENTATION_CONTEXT('2D SPACE',''
  ) );
#2075 = FACE_BOUND('',#2076,.T.);
#2076 = EDGE_LOOP('',(#2077));
#2077 = ORIENTED_EDGE('',*,*,#2078,.F.);
#2078 = EDGE_CURVE('',#2079,#2079,#2081,.T.);
#2079 = VERTEX_POINT('',#2080);
#2080 = CARTESIAN_POINT('',(32.12741699797,22.62741699797,-289.7));
#2081 = SURFACE_CURVE('',#2082,(#2087,#2094),.PCURVE_S1.);
#2082 = CIRCLE('',#2083,9.5);
#2083 = AXIS2_PLACEMENT_3D('',#2084,#2085,#2086);
#2084 = CARTESIAN_POINT('',(22.62741699797,22.62741699797,-289.7));
#2085 = DIRECTION('',(0.,0.,1.));
#2086 = DIRECTION('',(1.,0.,-0.));
#2087 = PCURVE('',#43,#2088);
#2088 = DEFINITIONAL_REPRESENTATION('',(#2089),#2093);
#2089 = CIRCLE('',#2090,9.5);
#2090 = AXIS2_PLACEMENT_2D('',#2091,#2092);
#2091 = CARTESIAN_POINT('',(22.62741699797,22.62741699797));
#2092 = DIRECTION('',(1.,0.));
#2093 = ( GEOMETRIC_REPRESENTATION_CONTEXT(2) 
PARAMETRIC_REPRESENTATION_CONTEXT() REPRESENTATION_CONTEXT('2D SPACE',''
  ) );
#2094 = PCURVE('',#2095,#2100);
#2095 = CONICAL_SURFACE('',#2096,7.5,0.785398163397);
#2096 = AXIS2_PLACEMENT_3D('',#2097,#2098,#2099);
#2097 = CARTESIAN_POINT('',(22.62741699797,22.62741699797,-291.7));
#2098 = DIRECTION('',(0.,0.,1.));
#2099 = DIRECTION('',(1.,0.,-0.));
#2100 = DEFINITIONAL_REPRESENTATION('',(#2101),#2105);
#2101 = LINE('',#2102,#2103);
#2102 = CARTESIAN_POINT('',(0.,2.));
#2103 = VECTOR('',#2104,1.);
#2104 = DIRECTION('',(1.,0.));
#2105 = ( GEOMETRIC_REPRESENTATION_CONTEXT(2) 
PARAMETRIC_REPRESENTATION_CONTEXT() REPRESENTATION_CONTEXT('2D SPACE',''
  ) );
#2106 = ADVANCED_FACE('',(#2107,#2110,#2141,#2172,#2203,#2234,#2260,
    #2286,#2317,#2348,#2374,#2400,#2431,#2462,#2488,#2514,#2545,#2576,
    #2607,#2633,#2659,#2690,#2721,#2752,#2783,#2814,#2845),#93,.F.);
#2107 = FACE_BOUND('',#2108,.F.);
#2108 = EDGE_LOOP('',(#2109));
#2109 = ORIENTED_EDGE('',*,*,#78,.T.);
#2110 = FACE_BOUND('',#2111,.F.);
#2111 = EDGE_LOOP('',(#2112));
#2112 = ORIENTED_EDGE('',*,*,#2113,.F.);
#2113 = EDGE_CURVE('',#2114,#2114,#2116,.T.);
#2114 = VERTEX_POINT('',#2115);
#2115 = CARTESIAN_POINT('',(-28.55203820042,-30.05203820042,-303.7));
#2116 = SURFACE_CURVE('',#2117,(#2122,#2129),.PCURVE_S1.);
#2117 = CIRCLE('',#2118,1.5);
#2118 = AXIS2_PLACEMENT_3D('',#2119,#2120,#2121);
#2119 = CARTESIAN_POINT('',(-30.05203820042,-30.05203820042,-303.7));
#2120 = DIRECTION('',(0.,0.,1.));
#2121 = DIRECTION('',(1.,0.,-0.));
#2122 = PCURVE('',#93,#2123);
#2123 = DEFINITIONAL_REPRESENTATION('',(#2124),#2128);
#2124 = CIRCLE('',#2125,1.5);
#2125 = AXIS2_PLACEMENT_2D('',#2126,#2127);
#2126 = CARTESIAN_POINT('',(-30.05203820042,-30.05203820042));
#2127 = DIRECTION('',(1.,0.));
#2128 = ( GEOMETRIC_REPRESENTATION_CONTEXT(2) 
PARAMETRIC_REPRESENTATION_CONTEXT() REPRESENTATION_CONTEXT('2D SPACE',''
  ) );
#2129 = PCURVE('',#2130,#2135);
#2130 = CYLINDRICAL_SURFACE('',#2131,1.5);
#2131 = AXIS2_PLACEMENT_3D('',#2132,#2133,#2134);
#2132 = CARTESIAN_POINT('',(-30.05203820042,-30.05203820042,-303.71));
#2133 = DIRECTION('',(0.,0.,1.));
#2134 = DIRECTION('',(1.,0.,-0.));
#2135 = DEFINITIONAL_REPRESENTATION('',(#2136),#2140);
#2136 = LINE('',#2137,#2138);
#2137 = CARTESIAN_POINT('',(0.,9.999999999991E-03));
#2138 = VECTOR('',#2139,1.);
#2139 = DIRECTION('',(1.,0.));
#2140 = ( GEOMETRIC_REPRESENTATION_CONTEXT(2) 
PARAMETRIC_REPRESENTATION_CONTEXT() REPRESENTATION_CONTEXT('2D SPACE',''
  ) );
#2141 = FACE_BOUND('',#2142,.F.);
#2142 = EDGE_LOOP('',(#2143));
#2143 = ORIENTED_EDGE('',*,*,#2144,.F.);
#2144 = EDGE_CURVE('',#2145,#2145,#2147,.T.);
#2145 = VERTEX_POINT('',#2146);
#2146 = CARTESIAN_POINT('',(-15.12741699797,-22.62741699797,-303.7));
#2147 = SURFACE_CURVE('',#2148,(#2153,#2160),.PCURVE_S1.);
#2148 = CIRCLE('',#2149,7.5);
#2149 = AXIS2_PLACEMENT_3D('',#2150,#2151,#2152);
#2150 = CARTESIAN_POINT('',(-22.62741699797,-22.62741699797,-303.7));
#2151 = DIRECTION('',(0.,0.,1.));
#2152 = DIRECTION('',(1.,0.,-0.));
#2153 = PCURVE('',#93,#2154);
#2154 = DEFINITIONAL_REPRESENTATION('',(#2155),#2159);
#2155 = CIRCLE('',#2156,7.5);
#2156 = AXIS2_PLACEMENT_2D('',#2157,#2158);
#2157 = CARTESIAN_POINT('',(-22.62741699797,-22.62741699797));
#2158 = DIRECTION('',(1.,0.));
#2159 = ( GEOMETRIC_REPRESENTATION_CONTEXT(2) 
PARAMETRIC_REPRESENTATION_CONTEXT() REPRESENTATION_CONTEXT('2D SPACE',''
  ) );
#2160 = PCURVE('',#2161,#2166);
#2161 = CYLINDRICAL_SURFACE('',#2162,7.5);
#2162 = AXIS2_PLACEMENT_3D('',#2163,#2164,#2165);
#2163 = CARTESIAN_POINT('',(-22.62741699797,-22.62741699797,-304.7));
#2164 = DIRECTION('',(0.,0.,1.));
#2165 = DIRECTION('',(1.,0.,-0.));
#2166 = DEFINITIONAL_REPRESENTATION('',(#2167),#2171);
#2167 = LINE('',#2168,#2169);
#2168 = CARTESIAN_POINT('',(0.,1.));
#2169 = VECTOR('',#2170,1.);
#2170 = DIRECTION('',(1.,0.));
#2171 = ( GEOMETRIC_REPRESENTATION_CONTEXT(2) 
PARAMETRIC_REPRESENTATION_CONTEXT() REPRESENTATION_CONTEXT('2D SPACE',''
  ) );
#2172 = FACE_BOUND('',#2173,.F.);
#2173 = EDGE_LOOP('',(#2174));
#2174 = ORIENTED_EDGE('',*,*,#2175,.F.);
#2175 = EDGE_CURVE('',#2176,#2176,#2178,.T.);
#2176 = VERTEX_POINT('',#2177);
#2177 = CARTESIAN_POINT('',(1.5,-42.5,-303.7));
#2178 = SURFACE_CURVE('',#2179,(#2184,#2191),.PCURVE_S1.);
#2179 = CIRCLE('',#2180,1.5);
#2180 = AXIS2_PLACEMENT_3D('',#2181,#2182,#2183);
#2181 = CARTESIAN_POINT('',(-7.807123344564E-15,-42.5,-303.7));
#2182 = DIRECTION('',(0.,0.,1.));
#2183 = DIRECTION('',(1.,0.,-0.));
#2184 = PCURVE('',#93,#2185);
#2185 = DEFINITIONAL_REPRESENTATION('',(#2186),#2190);
#2186 = CIRCLE('',#2187,1.5);
#2187 = AXIS2_PLACEMENT_2D('',#2188,#2189);
#2188 = CARTESIAN_POINT('',(-7.807123344564E-15,-42.5));
#2189 = DIRECTION('',(1.,0.));
#2190 = ( GEOMETRIC_REPRESENTATION_CONTEXT(2) 
PARAMETRIC_REPRESENTATION_CONTEXT() REPRESENTATION_CONTEXT('2D SPACE',''
  ) );
#2191 = PCURVE('',#2192,#2197);
#2192 = CYLINDRICAL_SURFACE('',#2193,1.5);
#2193 = AXIS2_PLACEMENT_3D('',#2194,#2195,#2196);
#2194 = CARTESIAN_POINT('',(-7.807123344564E-15,-42.5,-303.71));
#2195 = DIRECTION('',(0.,0.,1.));
#2196 = DIRECTION('',(1.,0.,-0.));
#2197 = DEFINITIONAL_REPRESENTATION('',(#2198),#2202);
#2198 = LINE('',#2199,#2200);
#2199 = CARTESIAN_POINT('',(0.,9.999999999991E-03));
#2200 = VECTOR('',#2201,1.);
#2201 = DIRECTION('',(1.,0.));
#2202 = ( GEOMETRIC_REPRESENTATION_CONTEXT(2) 
PARAMETRIC_REPRESENTATION_CONTEXT() REPRESENTATION_CONTEXT('2D SPACE',''
  ) );
#2203 = FACE_BOUND('',#2204,.F.);
#2204 = EDGE_LOOP('',(#2205));
#2205 = ORIENTED_EDGE('',*,*,#2206,.F.);
#2206 = EDGE_CURVE('',#2207,#2207,#2209,.T.);
#2207 = VERTEX_POINT('',#2208);
#2208 = CARTESIAN_POINT('',(7.5,-32.,-303.7));
#2209 = SURFACE_CURVE('',#2210,(#2215,#2222),.PCURVE_S1.);
#2210 = CIRCLE('',#2211,7.5);
#2211 = AXIS2_PLACEMENT_3D('',#2212,#2213,#2214);
#2212 = CARTESIAN_POINT('',(-5.878304635907E-15,-32.,-303.7));
#2213 = DIRECTION('',(0.,0.,1.));
#2214 = DIRECTION('',(1.,0.,-0.));
#2215 = PCURVE('',#93,#2216);
#2216 = DEFINITIONAL_REPRESENTATION('',(#2217),#2221);
#2217 = CIRCLE('',#2218,7.5);
#2218 = AXIS2_PLACEMENT_2D('',#2219,#2220);
#2219 = CARTESIAN_POINT('',(-5.878304635907E-15,-32.));
#2220 = DIRECTION('',(1.,0.));
#2221 = ( GEOMETRIC_REPRESENTATION_CONTEXT(2) 
PARAMETRIC_REPRESENTATION_CONTEXT() REPRESENTATION_CONTEXT('2D SPACE',''
  ) );
#2222 = PCURVE('',#2223,#2228);
#2223 = CYLINDRICAL_SURFACE('',#2224,7.5);
#2224 = AXIS2_PLACEMENT_3D('',#2225,#2226,#2227);
#2225 = CARTESIAN_POINT('',(-5.878304635907E-15,-32.,-304.7));
#2226 = DIRECTION('',(0.,0.,1.));
#2227 = DIRECTION('',(1.,0.,-0.));
#2228 = DEFINITIONAL_REPRESENTATION('',(#2229),#2233);
#2229 = LINE('',#2230,#2231);
#2230 = CARTESIAN_POINT('',(0.,1.));
#2231 = VECTOR('',#2232,1.);
#2232 = DIRECTION('',(1.,0.));
#2233 = ( GEOMETRIC_REPRESENTATION_CONTEXT(2) 
PARAMETRIC_REPRESENTATION_CONTEXT() REPRESENTATION_CONTEXT('2D SPACE',''
  ) );
#2234 = FACE_BOUND('',#2235,.F.);
#2235 = EDGE_LOOP('',(#2236));
#2236 = ORIENTED_EDGE('',*,*,#2237,.F.);
#2237 = EDGE_CURVE('',#2238,#2238,#2240,.T.);
#2238 = VERTEX_POINT('',#2239);
#2239 = CARTESIAN_POINT('',(-4.579643498754,-17.09177135145,-303.7));
#2240 = SURFACE_CURVE('',#2241,(#2246,#2253),.PCURVE_S1.);
#2241 = CIRCLE('',#2242,2.5);
#2242 = AXIS2_PLACEMENT_3D('',#2243,#2244,#2245);
#2243 = CARTESIAN_POINT('',(-7.079643498754,-17.09177135145,-303.7));
#2244 = DIRECTION('',(0.,0.,1.));
#2245 = DIRECTION('',(1.,0.,-0.));
#2246 = PCURVE('',#93,#2247);
#2247 = DEFINITIONAL_REPRESENTATION('',(#2248),#2252);
#2248 = CIRCLE('',#2249,2.5);
#2249 = AXIS2_PLACEMENT_2D('',#2250,#2251);
#2250 = CARTESIAN_POINT('',(-7.079643498754,-17.09177135145));
#2251 = DIRECTION('',(1.,0.));
#2252 = ( GEOMETRIC_REPRESENTATION_CONTEXT(2) 
PARAMETRIC_REPRESENTATION_CONTEXT() REPRESENTATION_CONTEXT('2D SPACE',''
  ) );
#2253 = PCURVE('',#1559,#2254);
#2254 = DEFINITIONAL_REPRESENTATION('',(#2255),#2259);
#2255 = LINE('',#2256,#2257);
#2256 = CARTESIAN_POINT('',(0.,1.));
#2257 = VECTOR('',#2258,1.);
#2258 = DIRECTION('',(1.,0.));
#2259 = ( GEOMETRIC_REPRESENTATION_CONTEXT(2) 
PARAMETRIC_REPRESENTATION_CONTEXT() REPRESENTATION_CONTEXT('2D SPACE',''
  ) );
#2260 = FACE_BOUND('',#2261,.F.);
#2261 = EDGE_LOOP('',(#2262));
#2262 = ORIENTED_EDGE('',*,*,#2263,.F.);
#2263 = EDGE_CURVE('',#2264,#2264,#2266,.T.);
#2264 = VERTEX_POINT('',#2265);
#2265 = CARTESIAN_POINT('',(-14.59177135145,-7.079643498754,-303.7));
#2266 = SURFACE_CURVE('',#2267,(#2272,#2279),.PCURVE_S1.);
#2267 = CIRCLE('',#2268,2.5);
#2268 = AXIS2_PLACEMENT_3D('',#2269,#2270,#2271);
#2269 = CARTESIAN_POINT('',(-17.09177135145,-7.079643498754,-303.7));
#2270 = DIRECTION('',(0.,0.,1.));
#2271 = DIRECTION('',(1.,0.,-0.));
#2272 = PCURVE('',#93,#2273);
#2273 = DEFINITIONAL_REPRESENTATION('',(#2274),#2278);
#2274 = CIRCLE('',#2275,2.5);
#2275 = AXIS2_PLACEMENT_2D('',#2276,#2277);
#2276 = CARTESIAN_POINT('',(-17.09177135145,-7.079643498754));
#2277 = DIRECTION('',(1.,0.));
#2278 = ( GEOMETRIC_REPRESENTATION_CONTEXT(2) 
PARAMETRIC_REPRESENTATION_CONTEXT() REPRESENTATION_CONTEXT('2D SPACE',''
  ) );
#2279 = PCURVE('',#1590,#2280);
#2280 = DEFINITIONAL_REPRESENTATION('',(#2281),#2285);
#2281 = LINE('',#2282,#2283);
#2282 = CARTESIAN_POINT('',(0.,1.));
#2283 = VECTOR('',#2284,1.);
#2284 = DIRECTION('',(1.,0.));
#2285 = ( GEOMETRIC_REPRESENTATION_CONTEXT(2) 
PARAMETRIC_REPRESENTATION_CONTEXT() REPRESENTATION_CONTEXT('2D SPACE',''
  ) );
#2286 = FACE_BOUND('',#2287,.F.);
#2287 = EDGE_LOOP('',(#2288));
#2288 = ORIENTED_EDGE('',*,*,#2289,.F.);
#2289 = EDGE_CURVE('',#2290,#2290,#2292,.T.);
#2290 = VERTEX_POINT('',#2291);
#2291 = CARTESIAN_POINT('',(31.552038200428,-30.05203820042,-303.7));
#2292 = SURFACE_CURVE('',#2293,(#2298,#2305),.PCURVE_S1.);
#2293 = CIRCLE('',#2294,1.5);
#2294 = AXIS2_PLACEMENT_3D('',#2295,#2296,#2297);
#2295 = CARTESIAN_POINT('',(30.052038200428,-30.05203820042,-303.7));
#2296 = DIRECTION('',(0.,0.,1.));
#2297 = DIRECTION('',(1.,0.,-0.));
#2298 = PCURVE('',#93,#2299);
#2299 = DEFINITIONAL_REPRESENTATION('',(#2300),#2304);
#2300 = CIRCLE('',#2301,1.5);
#2301 = AXIS2_PLACEMENT_2D('',#2302,#2303);
#2302 = CARTESIAN_POINT('',(30.052038200428,-30.05203820042));
#2303 = DIRECTION('',(1.,0.));
#2304 = ( GEOMETRIC_REPRESENTATION_CONTEXT(2) 
PARAMETRIC_REPRESENTATION_CONTEXT() REPRESENTATION_CONTEXT('2D SPACE',''
  ) );
#2305 = PCURVE('',#2306,#2311);
#2306 = CYLINDRICAL_SURFACE('',#2307,1.5);
#2307 = AXIS2_PLACEMENT_3D('',#2308,#2309,#2310);
#2308 = CARTESIAN_POINT('',(30.052038200428,-30.05203820042,-303.71));
#2309 = DIRECTION('',(0.,0.,1.));
#2310 = DIRECTION('',(1.,0.,-0.));
#2311 = DEFINITIONAL_REPRESENTATION('',(#2312),#2316);
#2312 = LINE('',#2313,#2314);
#2313 = CARTESIAN_POINT('',(0.,9.999999999991E-03));
#2314 = VECTOR('',#2315,1.);
#2315 = DIRECTION('',(1.,0.));
#2316 = ( GEOMETRIC_REPRESENTATION_CONTEXT(2) 
PARAMETRIC_REPRESENTATION_CONTEXT() REPRESENTATION_CONTEXT('2D SPACE',''
  ) );
#2317 = FACE_BOUND('',#2318,.F.);
#2318 = EDGE_LOOP('',(#2319));
#2319 = ORIENTED_EDGE('',*,*,#2320,.F.);
#2320 = EDGE_CURVE('',#2321,#2321,#2323,.T.);
#2321 = VERTEX_POINT('',#2322);
#2322 = CARTESIAN_POINT('',(30.12741699797,-22.62741699797,-303.7));
#2323 = SURFACE_CURVE('',#2324,(#2329,#2336),.PCURVE_S1.);
#2324 = CIRCLE('',#2325,7.5);
#2325 = AXIS2_PLACEMENT_3D('',#2326,#2327,#2328);
#2326 = CARTESIAN_POINT('',(22.62741699797,-22.62741699797,-303.7));
#2327 = DIRECTION('',(0.,0.,1.));
#2328 = DIRECTION('',(1.,0.,-0.));
#2329 = PCURVE('',#93,#2330);
#2330 = DEFINITIONAL_REPRESENTATION('',(#2331),#2335);
#2331 = CIRCLE('',#2332,7.5);
#2332 = AXIS2_PLACEMENT_2D('',#2333,#2334);
#2333 = CARTESIAN_POINT('',(22.62741699797,-22.62741699797));
#2334 = DIRECTION('',(1.,0.));
#2335 = ( GEOMETRIC_REPRESENTATION_CONTEXT(2) 
PARAMETRIC_REPRESENTATION_CONTEXT() REPRESENTATION_CONTEXT('2D SPACE',''
  ) );
#2336 = PCURVE('',#2337,#2342);
#2337 = CYLINDRICAL_SURFACE('',#2338,7.5);
#2338 = AXIS2_PLACEMENT_3D('',#2339,#2340,#2341);
#2339 = CARTESIAN_POINT('',(22.62741699797,-22.62741699797,-304.7));
#2340 = DIRECTION('',(0.,0.,1.));
#2341 = DIRECTION('',(1.,0.,-0.));
#2342 = DEFINITIONAL_REPRESENTATION('',(#2343),#2347);
#2343 = LINE('',#2344,#2345);
#2344 = CARTESIAN_POINT('',(0.,1.));
#2345 = VECTOR('',#2346,1.);
#2346 = DIRECTION('',(1.,0.));
#2347 = ( GEOMETRIC_REPRESENTATION_CONTEXT(2) 
PARAMETRIC_REPRESENTATION_CONTEXT() REPRESENTATION_CONTEXT('2D SPACE',''
  ) );
#2348 = FACE_BOUND('',#2349,.F.);
#2349 = EDGE_LOOP('',(#2350));
#2350 = ORIENTED_EDGE('',*,*,#2351,.F.);
#2351 = EDGE_CURVE('',#2352,#2352,#2354,.T.);
#2352 = VERTEX_POINT('',#2353);
#2353 = CARTESIAN_POINT('',(9.579643498754,-17.09177135145,-303.7));
#2354 = SURFACE_CURVE('',#2355,(#2360,#2367),.PCURVE_S1.);
#2355 = CIRCLE('',#2356,2.5);
#2356 = AXIS2_PLACEMENT_3D('',#2357,#2358,#2359);
#2357 = CARTESIAN_POINT('',(7.079643498754,-17.09177135145,-303.7));
#2358 = DIRECTION('',(0.,0.,1.));
#2359 = DIRECTION('',(1.,0.,-0.));
#2360 = PCURVE('',#93,#2361);
#2361 = DEFINITIONAL_REPRESENTATION('',(#2362),#2366);
#2362 = CIRCLE('',#2363,2.5);
#2363 = AXIS2_PLACEMENT_2D('',#2364,#2365);
#2364 = CARTESIAN_POINT('',(7.079643498754,-17.09177135145));
#2365 = DIRECTION('',(1.,0.));
#2366 = ( GEOMETRIC_REPRESENTATION_CONTEXT(2) 
PARAMETRIC_REPRESENTATION_CONTEXT() REPRESENTATION_CONTEXT('2D SPACE',''
  ) );
#2367 = PCURVE('',#1652,#2368);
#2368 = DEFINITIONAL_REPRESENTATION('',(#2369),#2373);
#2369 = LINE('',#2370,#2371);
#2370 = CARTESIAN_POINT('',(0.,1.));
#2371 = VECTOR('',#2372,1.);
#2372 = DIRECTION('',(1.,0.));
#2373 = ( GEOMETRIC_REPRESENTATION_CONTEXT(2) 
PARAMETRIC_REPRESENTATION_CONTEXT() REPRESENTATION_CONTEXT('2D SPACE',''
  ) );
#2374 = FACE_BOUND('',#2375,.F.);
#2375 = EDGE_LOOP('',(#2376));
#2376 = ORIENTED_EDGE('',*,*,#2377,.F.);
#2377 = EDGE_CURVE('',#2378,#2378,#2380,.T.);
#2378 = VERTEX_POINT('',#2379);
#2379 = CARTESIAN_POINT('',(19.591771351459,-7.079643498754,-303.7));
#2380 = SURFACE_CURVE('',#2381,(#2386,#2393),.PCURVE_S1.);
#2381 = CIRCLE('',#2382,2.5);
#2382 = AXIS2_PLACEMENT_3D('',#2383,#2384,#2385);
#2383 = CARTESIAN_POINT('',(17.091771351459,-7.079643498754,-303.7));
#2384 = DIRECTION('',(0.,0.,1.));
#2385 = DIRECTION('',(1.,0.,-0.));
#2386 = PCURVE('',#93,#2387);
#2387 = DEFINITIONAL_REPRESENTATION('',(#2388),#2392);
#2388 = CIRCLE('',#2389,2.5);
#2389 = AXIS2_PLACEMENT_2D('',#2390,#2391);
#2390 = CARTESIAN_POINT('',(17.091771351459,-7.079643498754));
#2391 = DIRECTION('',(1.,0.));
#2392 = ( GEOMETRIC_REPRESENTATION_CONTEXT(2) 
PARAMETRIC_REPRESENTATION_CONTEXT() REPRESENTATION_CONTEXT('2D SPACE',''
  ) );
#2393 = PCURVE('',#1683,#2394);
#2394 = DEFINITIONAL_REPRESENTATION('',(#2395),#2399);
#2395 = LINE('',#2396,#2397);
#2396 = CARTESIAN_POINT('',(0.,1.));
#2397 = VECTOR('',#2398,1.);
#2398 = DIRECTION('',(1.,0.));
#2399 = ( GEOMETRIC_REPRESENTATION_CONTEXT(2) 
PARAMETRIC_REPRESENTATION_CONTEXT() REPRESENTATION_CONTEXT('2D SPACE',''
  ) );
#2400 = FACE_BOUND('',#2401,.F.);
#2401 = EDGE_LOOP('',(#2402));
#2402 = ORIENTED_EDGE('',*,*,#2403,.F.);
#2403 = EDGE_CURVE('',#2404,#2404,#2406,.T.);
#2404 = VERTEX_POINT('',#2405);
#2405 = CARTESIAN_POINT('',(-41.,4.837354856632E-15,-303.7));
#2406 = SURFACE_CURVE('',#2407,(#2412,#2419),.PCURVE_S1.);
#2407 = CIRCLE('',#2408,1.5);
#2408 = AXIS2_PLACEMENT_3D('',#2409,#2410,#2411);
#2409 = CARTESIAN_POINT('',(-42.5,5.204748896376E-15,-303.7));
#2410 = DIRECTION('',(0.,0.,1.));
#2411 = DIRECTION('',(1.,0.,-0.));
#2412 = PCURVE('',#93,#2413);
#2413 = DEFINITIONAL_REPRESENTATION('',(#2414),#2418);
#2414 = CIRCLE('',#2415,1.5);
#2415 = AXIS2_PLACEMENT_2D('',#2416,#2417);
#2416 = CARTESIAN_POINT('',(-42.5,5.204748896376E-15));
#2417 = DIRECTION('',(1.,0.));
#2418 = ( GEOMETRIC_REPRESENTATION_CONTEXT(2) 
PARAMETRIC_REPRESENTATION_CONTEXT() REPRESENTATION_CONTEXT('2D SPACE',''
  ) );
#2419 = PCURVE('',#2420,#2425);
#2420 = CYLINDRICAL_SURFACE('',#2421,1.5);
#2421 = AXIS2_PLACEMENT_3D('',#2422,#2423,#2424);
#2422 = CARTESIAN_POINT('',(-42.5,5.204748896376E-15,-303.71));
#2423 = DIRECTION('',(0.,0.,1.));
#2424 = DIRECTION('',(1.,0.,-0.));
#2425 = DEFINITIONAL_REPRESENTATION('',(#2426),#2430);
#2426 = LINE('',#2427,#2428);
#2427 = CARTESIAN_POINT('',(0.,9.999999999991E-03));
#2428 = VECTOR('',#2429,1.);
#2429 = DIRECTION('',(1.,0.));
#2430 = ( GEOMETRIC_REPRESENTATION_CONTEXT(2) 
PARAMETRIC_REPRESENTATION_CONTEXT() REPRESENTATION_CONTEXT('2D SPACE',''
  ) );
#2431 = FACE_BOUND('',#2432,.F.);
#2432 = EDGE_LOOP('',(#2433));
#2433 = ORIENTED_EDGE('',*,*,#2434,.F.);
#2434 = EDGE_CURVE('',#2435,#2435,#2437,.T.);
#2435 = VERTEX_POINT('',#2436);
#2436 = CARTESIAN_POINT('',(-24.5,2.081899558551E-15,-303.7));
#2437 = SURFACE_CURVE('',#2438,(#2443,#2450),.PCURVE_S1.);
#2438 = CIRCLE('',#2439,7.5);
#2439 = AXIS2_PLACEMENT_3D('',#2440,#2441,#2442);
#2440 = CARTESIAN_POINT('',(-32.,3.918869757272E-15,-303.7));
#2441 = DIRECTION('',(0.,0.,1.));
#2442 = DIRECTION('',(1.,0.,-0.));
#2443 = PCURVE('',#93,#2444);
#2444 = DEFINITIONAL_REPRESENTATION('',(#2445),#2449);
#2445 = CIRCLE('',#2446,7.5);
#2446 = AXIS2_PLACEMENT_2D('',#2447,#2448);
#2447 = CARTESIAN_POINT('',(-32.,3.918869757272E-15));
#2448 = DIRECTION('',(1.,0.));
#2449 = ( GEOMETRIC_REPRESENTATION_CONTEXT(2) 
PARAMETRIC_REPRESENTATION_CONTEXT() REPRESENTATION_CONTEXT('2D SPACE',''
  ) );
#2450 = PCURVE('',#2451,#2456);
#2451 = CYLINDRICAL_SURFACE('',#2452,7.5);
#2452 = AXIS2_PLACEMENT_3D('',#2453,#2454,#2455);
#2453 = CARTESIAN_POINT('',(-32.,3.918869757272E-15,-304.7));
#2454 = DIRECTION('',(0.,0.,1.));
#2455 = DIRECTION('',(1.,0.,-0.));
#2456 = DEFINITIONAL_REPRESENTATION('',(#2457),#2461);
#2457 = LINE('',#2458,#2459);
#2458 = CARTESIAN_POINT('',(0.,1.));
#2459 = VECTOR('',#2460,1.);
#2460 = DIRECTION('',(1.,0.));
#2461 = ( GEOMETRIC_REPRESENTATION_CONTEXT(2) 
PARAMETRIC_REPRESENTATION_CONTEXT() REPRESENTATION_CONTEXT('2D SPACE',''
  ) );
#2462 = FACE_BOUND('',#2463,.F.);
#2463 = EDGE_LOOP('',(#2464));
#2464 = ORIENTED_EDGE('',*,*,#2465,.F.);
#2465 = EDGE_CURVE('',#2466,#2466,#2468,.T.);
#2466 = VERTEX_POINT('',#2467);
#2467 = CARTESIAN_POINT('',(-14.59177135145,7.079643498754,-303.7));
#2468 = SURFACE_CURVE('',#2469,(#2474,#2481),.PCURVE_S1.);
#2469 = CIRCLE('',#2470,2.5);
#2470 = AXIS2_PLACEMENT_3D('',#2471,#2472,#2473);
#2471 = CARTESIAN_POINT('',(-17.09177135145,7.079643498754,-303.7));
#2472 = DIRECTION('',(0.,0.,1.));
#2473 = DIRECTION('',(1.,0.,-0.));
#2474 = PCURVE('',#93,#2475);
#2475 = DEFINITIONAL_REPRESENTATION('',(#2476),#2480);
#2476 = CIRCLE('',#2477,2.5);
#2477 = AXIS2_PLACEMENT_2D('',#2478,#2479);
#2478 = CARTESIAN_POINT('',(-17.09177135145,7.079643498754));
#2479 = DIRECTION('',(1.,0.));
#2480 = ( GEOMETRIC_REPRESENTATION_CONTEXT(2) 
PARAMETRIC_REPRESENTATION_CONTEXT() REPRESENTATION_CONTEXT('2D SPACE',''
  ) );
#2481 = PCURVE('',#1878,#2482);
#2482 = DEFINITIONAL_REPRESENTATION('',(#2483),#2487);
#2483 = LINE('',#2484,#2485);
#2484 = CARTESIAN_POINT('',(0.,1.));
#2485 = VECTOR('',#2486,1.);
#2486 = DIRECTION('',(1.,0.));
#2487 = ( GEOMETRIC_REPRESENTATION_CONTEXT(2) 
PARAMETRIC_REPRESENTATION_CONTEXT() REPRESENTATION_CONTEXT('2D SPACE',''
  ) );
#2488 = FACE_BOUND('',#2489,.F.);
#2489 = EDGE_LOOP('',(#2490));
#2490 = ORIENTED_EDGE('',*,*,#2491,.F.);
#2491 = EDGE_CURVE('',#2492,#2492,#2494,.T.);
#2492 = VERTEX_POINT('',#2493);
#2493 = CARTESIAN_POINT('',(-4.579643498754,17.091771351459,-303.7));
#2494 = SURFACE_CURVE('',#2495,(#2500,#2507),.PCURVE_S1.);
#2495 = CIRCLE('',#2496,2.5);
#2496 = AXIS2_PLACEMENT_3D('',#2497,#2498,#2499);
#2497 = CARTESIAN_POINT('',(-7.079643498754,17.091771351459,-303.7));
#2498 = DIRECTION('',(0.,0.,1.));
#2499 = DIRECTION('',(1.,0.,-0.));
#2500 = PCURVE('',#93,#2501);
#2501 = DEFINITIONAL_REPRESENTATION('',(#2502),#2506);
#2502 = CIRCLE('',#2503,2.5);
#2503 = AXIS2_PLACEMENT_2D('',#2504,#2505);
#2504 = CARTESIAN_POINT('',(-7.079643498754,17.091771351459));
#2505 = DIRECTION('',(1.,0.));
#2506 = ( GEOMETRIC_REPRESENTATION_CONTEXT(2) 
PARAMETRIC_REPRESENTATION_CONTEXT() REPRESENTATION_CONTEXT('2D SPACE',''
  ) );
#2507 = PCURVE('',#1909,#2508);
#2508 = DEFINITIONAL_REPRESENTATION('',(#2509),#2513);
#2509 = LINE('',#2510,#2511);
#2510 = CARTESIAN_POINT('',(0.,1.));
#2511 = VECTOR('',#2512,1.);
#2512 = DIRECTION('',(1.,0.));
#2513 = ( GEOMETRIC_REPRESENTATION_CONTEXT(2) 
PARAMETRIC_REPRESENTATION_CONTEXT() REPRESENTATION_CONTEXT('2D SPACE',''
  ) );
#2514 = FACE_BOUND('',#2515,.F.);
#2515 = EDGE_LOOP('',(#2516));
#2516 = ORIENTED_EDGE('',*,*,#2517,.F.);
#2517 = EDGE_CURVE('',#2518,#2518,#2520,.T.);
#2518 = VERTEX_POINT('',#2519);
#2519 = CARTESIAN_POINT('',(-15.12741699797,22.62741699797,-303.7));
#2520 = SURFACE_CURVE('',#2521,(#2526,#2533),.PCURVE_S1.);
#2521 = CIRCLE('',#2522,7.5);
#2522 = AXIS2_PLACEMENT_3D('',#2523,#2524,#2525);
#2523 = CARTESIAN_POINT('',(-22.62741699797,22.62741699797,-303.7));
#2524 = DIRECTION('',(0.,0.,1.));
#2525 = DIRECTION('',(1.,0.,-0.));
#2526 = PCURVE('',#93,#2527);
#2527 = DEFINITIONAL_REPRESENTATION('',(#2528),#2532);
#2528 = CIRCLE('',#2529,7.5);
#2529 = AXIS2_PLACEMENT_2D('',#2530,#2531);
#2530 = CARTESIAN_POINT('',(-22.62741699797,22.62741699797));
#2531 = DIRECTION('',(1.,0.));
#2532 = ( GEOMETRIC_REPRESENTATION_CONTEXT(2) 
PARAMETRIC_REPRESENTATION_CONTEXT() REPRESENTATION_CONTEXT('2D SPACE',''
  ) );
#2533 = PCURVE('',#2534,#2539);
#2534 = CYLINDRICAL_SURFACE('',#2535,7.5);
#2535 = AXIS2_PLACEMENT_3D('',#2536,#2537,#2538);
#2536 = CARTESIAN_POINT('',(-22.62741699797,22.62741699797,-304.7));
#2537 = DIRECTION('',(0.,0.,1.));
#2538 = DIRECTION('',(1.,0.,-0.));
#2539 = DEFINITIONAL_REPRESENTATION('',(#2540),#2544);
#2540 = LINE('',#2541,#2542);
#2541 = CARTESIAN_POINT('',(0.,1.));
#2542 = VECTOR('',#2543,1.);
#2543 = DIRECTION('',(1.,0.));
#2544 = ( GEOMETRIC_REPRESENTATION_CONTEXT(2) 
PARAMETRIC_REPRESENTATION_CONTEXT() REPRESENTATION_CONTEXT('2D SPACE',''
  ) );
#2545 = FACE_BOUND('',#2546,.F.);
#2546 = EDGE_LOOP('',(#2547));
#2547 = ORIENTED_EDGE('',*,*,#2548,.F.);
#2548 = EDGE_CURVE('',#2549,#2549,#2551,.T.);
#2549 = VERTEX_POINT('',#2550);
#2550 = CARTESIAN_POINT('',(-28.55203820042,30.052038200428,-303.7));
#2551 = SURFACE_CURVE('',#2552,(#2557,#2564),.PCURVE_S1.);
#2552 = CIRCLE('',#2553,1.5);
#2553 = AXIS2_PLACEMENT_3D('',#2554,#2555,#2556);
#2554 = CARTESIAN_POINT('',(-30.05203820042,30.052038200428,-303.7));
#2555 = DIRECTION('',(0.,0.,1.));
#2556 = DIRECTION('',(1.,0.,-0.));
#2557 = PCURVE('',#93,#2558);
#2558 = DEFINITIONAL_REPRESENTATION('',(#2559),#2563);
#2559 = CIRCLE('',#2560,1.5);
#2560 = AXIS2_PLACEMENT_2D('',#2561,#2562);
#2561 = CARTESIAN_POINT('',(-30.05203820042,30.052038200428));
#2562 = DIRECTION('',(1.,0.));
#2563 = ( GEOMETRIC_REPRESENTATION_CONTEXT(2) 
PARAMETRIC_REPRESENTATION_CONTEXT() REPRESENTATION_CONTEXT('2D SPACE',''
  ) );
#2564 = PCURVE('',#2565,#2570);
#2565 = CYLINDRICAL_SURFACE('',#2566,1.5);
#2566 = AXIS2_PLACEMENT_3D('',#2567,#2568,#2569);
#2567 = CARTESIAN_POINT('',(-30.05203820042,30.052038200428,-303.71));
#2568 = DIRECTION('',(0.,0.,1.));
#2569 = DIRECTION('',(1.,0.,-0.));
#2570 = DEFINITIONAL_REPRESENTATION('',(#2571),#2575);
#2571 = LINE('',#2572,#2573);
#2572 = CARTESIAN_POINT('',(0.,9.999999999991E-03));
#2573 = VECTOR('',#2574,1.);
#2574 = DIRECTION('',(1.,0.));
#2575 = ( GEOMETRIC_REPRESENTATION_CONTEXT(2) 
PARAMETRIC_REPRESENTATION_CONTEXT() REPRESENTATION_CONTEXT('2D SPACE',''
  ) );
#2576 = FACE_BOUND('',#2577,.F.);
#2577 = EDGE_LOOP('',(#2578));
#2578 = ORIENTED_EDGE('',*,*,#2579,.F.);
#2579 = EDGE_CURVE('',#2580,#2580,#2582,.T.);
#2580 = VERTEX_POINT('',#2581);
#2581 = CARTESIAN_POINT('',(2.6,-6.368163355566E-16,-303.7));
#2582 = SURFACE_CURVE('',#2583,(#2588,#2595),.PCURVE_S1.);
#2583 = CIRCLE('',#2584,2.6);
#2584 = AXIS2_PLACEMENT_3D('',#2585,#2586,#2587);
#2585 = CARTESIAN_POINT('',(0.,0.,-303.7));
#2586 = DIRECTION('',(0.,0.,1.));
#2587 = DIRECTION('',(1.,0.,-0.));
#2588 = PCURVE('',#93,#2589);
#2589 = DEFINITIONAL_REPRESENTATION('',(#2590),#2594);
#2590 = CIRCLE('',#2591,2.6);
#2591 = AXIS2_PLACEMENT_2D('',#2592,#2593);
#2592 = CARTESIAN_POINT('',(0.,0.));
#2593 = DIRECTION('',(1.,0.));
#2594 = ( GEOMETRIC_REPRESENTATION_CONTEXT(2) 
PARAMETRIC_REPRESENTATION_CONTEXT() REPRESENTATION_CONTEXT('2D SPACE',''
  ) );
#2595 = PCURVE('',#2596,#2601);
#2596 = CYLINDRICAL_SURFACE('',#2597,2.6);
#2597 = AXIS2_PLACEMENT_3D('',#2598,#2599,#2600);
#2598 = CARTESIAN_POINT('',(0.,0.,-304.7));
#2599 = DIRECTION('',(0.,0.,1.));
#2600 = DIRECTION('',(1.,0.,-0.));
#2601 = DEFINITIONAL_REPRESENTATION('',(#2602),#2606);
#2602 = LINE('',#2603,#2604);
#2603 = CARTESIAN_POINT('',(0.,1.));
#2604 = VECTOR('',#2605,1.);
#2605 = DIRECTION('',(1.,0.));
#2606 = ( GEOMETRIC_REPRESENTATION_CONTEXT(2) 
PARAMETRIC_REPRESENTATION_CONTEXT() REPRESENTATION_CONTEXT('2D SPACE',''
  ) );
#2607 = FACE_BOUND('',#2608,.F.);
#2608 = EDGE_LOOP('',(#2609));
#2609 = ORIENTED_EDGE('',*,*,#2610,.F.);
#2610 = EDGE_CURVE('',#2611,#2611,#2613,.T.);
#2611 = VERTEX_POINT('',#2612);
#2612 = CARTESIAN_POINT('',(19.591771351459,7.079643498754,-303.7));
#2613 = SURFACE_CURVE('',#2614,(#2619,#2626),.PCURVE_S1.);
#2614 = CIRCLE('',#2615,2.5);
#2615 = AXIS2_PLACEMENT_3D('',#2616,#2617,#2618);
#2616 = CARTESIAN_POINT('',(17.091771351459,7.079643498754,-303.7));
#2617 = DIRECTION('',(0.,0.,1.));
#2618 = DIRECTION('',(1.,0.,-0.));
#2619 = PCURVE('',#93,#2620);
#2620 = DEFINITIONAL_REPRESENTATION('',(#2621),#2625);
#2621 = CIRCLE('',#2622,2.5);
#2622 = AXIS2_PLACEMENT_2D('',#2623,#2624);
#2623 = CARTESIAN_POINT('',(17.091771351459,7.079643498754));
#2624 = DIRECTION('',(1.,0.));
#2625 = ( GEOMETRIC_REPRESENTATION_CONTEXT(2) 
PARAMETRIC_REPRESENTATION_CONTEXT() REPRESENTATION_CONTEXT('2D SPACE',''
  ) );
#2626 = PCURVE('',#1971,#2627);
#2627 = DEFINITIONAL_REPRESENTATION('',(#2628),#2632);
#2628 = LINE('',#2629,#2630);
#2629 = CARTESIAN_POINT('',(0.,1.));
#2630 = VECTOR('',#2631,1.);
#2631 = DIRECTION('',(1.,0.));
#2632 = ( GEOMETRIC_REPRESENTATION_CONTEXT(2) 
PARAMETRIC_REPRESENTATION_CONTEXT() REPRESENTATION_CONTEXT('2D SPACE',''
  ) );
#2633 = FACE_BOUND('',#2634,.F.);
#2634 = EDGE_LOOP('',(#2635));
#2635 = ORIENTED_EDGE('',*,*,#2636,.F.);
#2636 = EDGE_CURVE('',#2637,#2637,#2639,.T.);
#2637 = VERTEX_POINT('',#2638);
#2638 = CARTESIAN_POINT('',(9.579643498754,17.091771351459,-303.7));
#2639 = SURFACE_CURVE('',#2640,(#2645,#2652),.PCURVE_S1.);
#2640 = CIRCLE('',#2641,2.5);
#2641 = AXIS2_PLACEMENT_3D('',#2642,#2643,#2644);
#2642 = CARTESIAN_POINT('',(7.079643498754,17.091771351459,-303.7));
#2643 = DIRECTION('',(0.,0.,1.));
#2644 = DIRECTION('',(1.,0.,-0.));
#2645 = PCURVE('',#93,#2646);
#2646 = DEFINITIONAL_REPRESENTATION('',(#2647),#2651);
#2647 = CIRCLE('',#2648,2.5);
#2648 = AXIS2_PLACEMENT_2D('',#2649,#2650);
#2649 = CARTESIAN_POINT('',(7.079643498754,17.091771351459));
#2650 = DIRECTION('',(1.,0.));
#2651 = ( GEOMETRIC_REPRESENTATION_CONTEXT(2) 
PARAMETRIC_REPRESENTATION_CONTEXT() REPRESENTATION_CONTEXT('2D SPACE',''
  ) );
#2652 = PCURVE('',#2002,#2653);
#2653 = DEFINITIONAL_REPRESENTATION('',(#2654),#2658);
#2654 = LINE('',#2655,#2656);
#2655 = CARTESIAN_POINT('',(0.,1.));
#2656 = VECTOR('',#2657,1.);
#2657 = DIRECTION('',(1.,0.));
#2658 = ( GEOMETRIC_REPRESENTATION_CONTEXT(2) 
PARAMETRIC_REPRESENTATION_CONTEXT() REPRESENTATION_CONTEXT('2D SPACE',''
  ) );
#2659 = FACE_BOUND('',#2660,.F.);
#2660 = EDGE_LOOP('',(#2661));
#2661 = ORIENTED_EDGE('',*,*,#2662,.F.);
#2662 = EDGE_CURVE('',#2663,#2663,#2665,.T.);
#2663 = VERTEX_POINT('',#2664);
#2664 = CARTESIAN_POINT('',(39.5,-1.836970198721E-15,-303.7));
#2665 = SURFACE_CURVE('',#2666,(#2671,#2678),.PCURVE_S1.);
#2666 = CIRCLE('',#2667,7.5);
#2667 = AXIS2_PLACEMENT_3D('',#2668,#2669,#2670);
#2668 = CARTESIAN_POINT('',(32.,0.,-303.7));
#2669 = DIRECTION('',(0.,0.,1.));
#2670 = DIRECTION('',(1.,0.,-0.));
#2671 = PCURVE('',#93,#2672);
#2672 = DEFINITIONAL_REPRESENTATION('',(#2673),#2677);
#2673 = CIRCLE('',#2674,7.5);
#2674 = AXIS2_PLACEMENT_2D('',#2675,#2676);
#2675 = CARTESIAN_POINT('',(32.,0.));
#2676 = DIRECTION('',(1.,0.));
#2677 = ( GEOMETRIC_REPRESENTATION_CONTEXT(2) 
PARAMETRIC_REPRESENTATION_CONTEXT() REPRESENTATION_CONTEXT('2D SPACE',''
  ) );
#2678 = PCURVE('',#2679,#2684);
#2679 = CYLINDRICAL_SURFACE('',#2680,7.5);
#2680 = AXIS2_PLACEMENT_3D('',#2681,#2682,#2683);
#2681 = CARTESIAN_POINT('',(32.,0.,-304.7));
#2682 = DIRECTION('',(0.,0.,1.));
#2683 = DIRECTION('',(1.,0.,-0.));
#2684 = DEFINITIONAL_REPRESENTATION('',(#2685),#2689);
#2685 = LINE('',#2686,#2687);
#2686 = CARTESIAN_POINT('',(0.,1.));
#2687 = VECTOR('',#2688,1.);
#2688 = DIRECTION('',(1.,0.));
#2689 = ( GEOMETRIC_REPRESENTATION_CONTEXT(2) 
PARAMETRIC_REPRESENTATION_CONTEXT() REPRESENTATION_CONTEXT('2D SPACE',''
  ) );
#2690 = FACE_BOUND('',#2691,.F.);
#2691 = EDGE_LOOP('',(#2692));
#2692 = ORIENTED_EDGE('',*,*,#2693,.F.);
#2693 = EDGE_CURVE('',#2694,#2694,#2696,.T.);
#2694 = VERTEX_POINT('',#2695);
#2695 = CARTESIAN_POINT('',(44.,-3.673940397442E-16,-303.7));
#2696 = SURFACE_CURVE('',#2697,(#2702,#2709),.PCURVE_S1.);
#2697 = CIRCLE('',#2698,1.5);
#2698 = AXIS2_PLACEMENT_3D('',#2699,#2700,#2701);
#2699 = CARTESIAN_POINT('',(42.5,0.,-303.7));
#2700 = DIRECTION('',(0.,0.,1.));
#2701 = DIRECTION('',(1.,0.,-0.));
#2702 = PCURVE('',#93,#2703);
#2703 = DEFINITIONAL_REPRESENTATION('',(#2704),#2708);
#2704 = CIRCLE('',#2705,1.5);
#2705 = AXIS2_PLACEMENT_2D('',#2706,#2707);
#2706 = CARTESIAN_POINT('',(42.5,0.));
#2707 = DIRECTION('',(1.,0.));
#2708 = ( GEOMETRIC_REPRESENTATION_CONTEXT(2) 
PARAMETRIC_REPRESENTATION_CONTEXT() REPRESENTATION_CONTEXT('2D SPACE',''
  ) );
#2709 = PCURVE('',#2710,#2715);
#2710 = CYLINDRICAL_SURFACE('',#2711,1.5);
#2711 = AXIS2_PLACEMENT_3D('',#2712,#2713,#2714);
#2712 = CARTESIAN_POINT('',(42.5,0.,-303.71));
#2713 = DIRECTION('',(0.,0.,1.));
#2714 = DIRECTION('',(1.,0.,-0.));
#2715 = DEFINITIONAL_REPRESENTATION('',(#2716),#2720);
#2716 = LINE('',#2717,#2718);
#2717 = CARTESIAN_POINT('',(0.,9.999999999991E-03));
#2718 = VECTOR('',#2719,1.);
#2719 = DIRECTION('',(1.,0.));
#2720 = ( GEOMETRIC_REPRESENTATION_CONTEXT(2) 
PARAMETRIC_REPRESENTATION_CONTEXT() REPRESENTATION_CONTEXT('2D SPACE',''
  ) );
#2721 = FACE_BOUND('',#2722,.F.);
#2722 = EDGE_LOOP('',(#2723));
#2723 = ORIENTED_EDGE('',*,*,#2724,.F.);
#2724 = EDGE_CURVE('',#2725,#2725,#2727,.T.);
#2725 = VERTEX_POINT('',#2726);
#2726 = CARTESIAN_POINT('',(40.76488013173,16.264045875516,-303.7));
#2727 = SURFACE_CURVE('',#2728,(#2733,#2740),.PCURVE_S1.);
#2728 = CIRCLE('',#2729,1.5);
#2729 = AXIS2_PLACEMENT_3D('',#2730,#2731,#2732);
#2730 = CARTESIAN_POINT('',(39.26488013173,16.264045875516,-303.7));
#2731 = DIRECTION('',(0.,0.,1.));
#2732 = DIRECTION('',(1.,0.,-0.));
#2733 = PCURVE('',#93,#2734);
#2734 = DEFINITIONAL_REPRESENTATION('',(#2735),#2739);
#2735 = CIRCLE('',#2736,1.5);
#2736 = AXIS2_PLACEMENT_2D('',#2737,#2738);
#2737 = CARTESIAN_POINT('',(39.26488013173,16.264045875516));
#2738 = DIRECTION('',(1.,0.));
#2739 = ( GEOMETRIC_REPRESENTATION_CONTEXT(2) 
PARAMETRIC_REPRESENTATION_CONTEXT() REPRESENTATION_CONTEXT('2D SPACE',''
  ) );
#2740 = PCURVE('',#2741,#2746);
#2741 = CYLINDRICAL_SURFACE('',#2742,1.5);
#2742 = AXIS2_PLACEMENT_3D('',#2743,#2744,#2745);
#2743 = CARTESIAN_POINT('',(39.26488013173,16.264045875516,-303.71));
#2744 = DIRECTION('',(0.,0.,1.));
#2745 = DIRECTION('',(1.,0.,-0.));
#2746 = DEFINITIONAL_REPRESENTATION('',(#2747),#2751);
#2747 = LINE('',#2748,#2749);
#2748 = CARTESIAN_POINT('',(0.,9.999999999991E-03));
#2749 = VECTOR('',#2750,1.);
#2750 = DIRECTION('',(1.,0.));
#2751 = ( GEOMETRIC_REPRESENTATION_CONTEXT(2) 
PARAMETRIC_REPRESENTATION_CONTEXT() REPRESENTATION_CONTEXT('2D SPACE',''
  ) );
#2752 = FACE_BOUND('',#2753,.F.);
#2753 = EDGE_LOOP('',(#2754));
#2754 = ORIENTED_EDGE('',*,*,#2755,.F.);
#2755 = EDGE_CURVE('',#2756,#2756,#2758,.T.);
#2756 = VERTEX_POINT('',#2757);
#2757 = CARTESIAN_POINT('',(7.5,32.,-303.7));
#2758 = SURFACE_CURVE('',#2759,(#2764,#2771),.PCURVE_S1.);
#2759 = CIRCLE('',#2760,7.5);
#2760 = AXIS2_PLACEMENT_3D('',#2761,#2762,#2763);
#2761 = CARTESIAN_POINT('',(1.959434878636E-15,32.,-303.7));
#2762 = DIRECTION('',(0.,0.,1.));
#2763 = DIRECTION('',(1.,0.,-0.));
#2764 = PCURVE('',#93,#2765);
#2765 = DEFINITIONAL_REPRESENTATION('',(#2766),#2770);
#2766 = CIRCLE('',#2767,7.5);
#2767 = AXIS2_PLACEMENT_2D('',#2768,#2769);
#2768 = CARTESIAN_POINT('',(1.959434878636E-15,32.));
#2769 = DIRECTION('',(1.,0.));
#2770 = ( GEOMETRIC_REPRESENTATION_CONTEXT(2) 
PARAMETRIC_REPRESENTATION_CONTEXT() REPRESENTATION_CONTEXT('2D SPACE',''
  ) );
#2771 = PCURVE('',#2772,#2777);
#2772 = CYLINDRICAL_SURFACE('',#2773,7.5);
#2773 = AXIS2_PLACEMENT_3D('',#2774,#2775,#2776);
#2774 = CARTESIAN_POINT('',(1.959434878636E-15,32.,-304.7));
#2775 = DIRECTION('',(0.,0.,1.));
#2776 = DIRECTION('',(1.,0.,-0.));
#2777 = DEFINITIONAL_REPRESENTATION('',(#2778),#2782);
#2778 = LINE('',#2779,#2780);
#2779 = CARTESIAN_POINT('',(0.,1.));
#2780 = VECTOR('',#2781,1.);
#2781 = DIRECTION('',(1.,0.));
#2782 = ( GEOMETRIC_REPRESENTATION_CONTEXT(2) 
PARAMETRIC_REPRESENTATION_CONTEXT() REPRESENTATION_CONTEXT('2D SPACE',''
  ) );
#2783 = FACE_BOUND('',#2784,.F.);
#2784 = EDGE_LOOP('',(#2785));
#2785 = ORIENTED_EDGE('',*,*,#2786,.F.);
#2786 = EDGE_CURVE('',#2787,#2787,#2789,.T.);
#2787 = VERTEX_POINT('',#2788);
#2788 = CARTESIAN_POINT('',(1.5,42.5,-303.7));
#2789 = SURFACE_CURVE('',#2790,(#2795,#2802),.PCURVE_S1.);
#2790 = CIRCLE('',#2791,1.5);
#2791 = AXIS2_PLACEMENT_3D('',#2792,#2793,#2794);
#2792 = CARTESIAN_POINT('',(2.602374448188E-15,42.5,-303.7));
#2793 = DIRECTION('',(0.,0.,1.));
#2794 = DIRECTION('',(1.,0.,-0.));
#2795 = PCURVE('',#93,#2796);
#2796 = DEFINITIONAL_REPRESENTATION('',(#2797),#2801);
#2797 = CIRCLE('',#2798,1.5);
#2798 = AXIS2_PLACEMENT_2D('',#2799,#2800);
#2799 = CARTESIAN_POINT('',(2.602374448188E-15,42.5));
#2800 = DIRECTION('',(1.,0.));
#2801 = ( GEOMETRIC_REPRESENTATION_CONTEXT(2) 
PARAMETRIC_REPRESENTATION_CONTEXT() REPRESENTATION_CONTEXT('2D SPACE',''
  ) );
#2802 = PCURVE('',#2803,#2808);
#2803 = CYLINDRICAL_SURFACE('',#2804,1.5);
#2804 = AXIS2_PLACEMENT_3D('',#2805,#2806,#2807);
#2805 = CARTESIAN_POINT('',(2.602374448188E-15,42.5,-303.71));
#2806 = DIRECTION('',(0.,0.,1.));
#2807 = DIRECTION('',(1.,0.,-0.));
#2808 = DEFINITIONAL_REPRESENTATION('',(#2809),#2813);
#2809 = LINE('',#2810,#2811);
#2810 = CARTESIAN_POINT('',(0.,9.999999999991E-03));
#2811 = VECTOR('',#2812,1.);
#2812 = DIRECTION('',(1.,0.));
#2813 = ( GEOMETRIC_REPRESENTATION_CONTEXT(2) 
PARAMETRIC_REPRESENTATION_CONTEXT() REPRESENTATION_CONTEXT('2D SPACE',''
  ) );
#2814 = FACE_BOUND('',#2815,.F.);
#2815 = EDGE_LOOP('',(#2816));
#2816 = ORIENTED_EDGE('',*,*,#2817,.F.);
#2817 = EDGE_CURVE('',#2818,#2818,#2820,.T.);
#2818 = VERTEX_POINT('',#2819);
#2819 = CARTESIAN_POINT('',(30.12741699797,22.62741699797,-303.7));
#2820 = SURFACE_CURVE('',#2821,(#2826,#2833),.PCURVE_S1.);
#2821 = CIRCLE('',#2822,7.5);
#2822 = AXIS2_PLACEMENT_3D('',#2823,#2824,#2825);
#2823 = CARTESIAN_POINT('',(22.62741699797,22.62741699797,-303.7));
#2824 = DIRECTION('',(0.,0.,1.));
#2825 = DIRECTION('',(1.,0.,-0.));
#2826 = PCURVE('',#93,#2827);
#2827 = DEFINITIONAL_REPRESENTATION('',(#2828),#2832);
#2828 = CIRCLE('',#2829,7.5);
#2829 = AXIS2_PLACEMENT_2D('',#2830,#2831);
#2830 = CARTESIAN_POINT('',(22.62741699797,22.62741699797));
#2831 = DIRECTION('',(1.,0.));
#2832 = ( GEOMETRIC_REPRESENTATION_CONTEXT(2) 
PARAMETRIC_REPRESENTATION_CONTEXT() REPRESENTATION_CONTEXT('2D SPACE',''
  ) );
#2833 = PCURVE('',#2834,#2839);
#2834 = CYLINDRICAL_SURFACE('',#2835,7.5);
#2835 = AXIS2_PLACEMENT_3D('',#2836,#2837,#2838);
#2836 = CARTESIAN_POINT('',(22.62741699797,22.62741699797,-304.7));
#2837 = DIRECTION('',(0.,0.,1.));
#2838 = DIRECTION('',(1.,0.,-0.));
#2839 = DEFINITIONAL_REPRESENTATION('',(#2840),#2844);
#2840 = LINE('',#2841,#2842);
#2841 = CARTESIAN_POINT('',(0.,1.));
#2842 = VECTOR('',#2843,1.);
#2843 = DIRECTION('',(1.,0.));
#2844 = ( GEOMETRIC_REPRESENTATION_CONTEXT(2) 
PARAMETRIC_REPRESENTATION_CONTEXT() REPRESENTATION_CONTEXT('2D SPACE',''
  ) );
#2845 = FACE_BOUND('',#2846,.F.);
#2846 = EDGE_LOOP('',(#2847));
#2847 = ORIENTED_EDGE('',*,*,#2848,.F.);
#2848 = EDGE_CURVE('',#2849,#2849,#2851,.T.);
#2849 = VERTEX_POINT('',#2850);
#2850 = CARTESIAN_POINT('',(31.552038200428,30.052038200428,-303.7));
#2851 = SURFACE_CURVE('',#2852,(#2857,#2864),.PCURVE_S1.);
#2852 = CIRCLE('',#2853,1.5);
#2853 = AXIS2_PLACEMENT_3D('',#2854,#2855,#2856);
#2854 = CARTESIAN_POINT('',(30.052038200428,30.052038200428,-303.7));
#2855 = DIRECTION('',(0.,0.,1.));
#2856 = DIRECTION('',(1.,0.,-0.));
#2857 = PCURVE('',#93,#2858);
#2858 = DEFINITIONAL_REPRESENTATION('',(#2859),#2863);
#2859 = CIRCLE('',#2860,1.5);
#2860 = AXIS2_PLACEMENT_2D('',#2861,#2862);
#2861 = CARTESIAN_POINT('',(30.052038200428,30.052038200428));
#2862 = DIRECTION('',(1.,0.));
#2863 = ( GEOMETRIC_REPRESENTATION_CONTEXT(2) 
PARAMETRIC_REPRESENTATION_CONTEXT() REPRESENTATION_CONTEXT('2D SPACE',''
  ) );
#2864 = PCURVE('',#2865,#2870);
#2865 = CYLINDRICAL_SURFACE('',#2866,1.5);
#2866 = AXIS2_PLACEMENT_3D('',#2867,#2868,#2869);
#2867 = CARTESIAN_POINT('',(30.052038200428,30.052038200428,-303.71));
#2868 = DIRECTION('',(0.,0.,1.));
#2869 = DIRECTION('',(1.,0.,-0.));
#2870 = DEFINITIONAL_REPRESENTATION('',(#2871),#2875);
#2871 = LINE('',#2872,#2873);
#2872 = CARTESIAN_POINT('',(0.,9.999999999991E-03));
#2873 = VECTOR('',#2874,1.);
#2874 = DIRECTION('',(1.,0.));
#2875 = ( GEOMETRIC_REPRESENTATION_CONTEXT(2) 
PARAMETRIC_REPRESENTATION_CONTEXT() REPRESENTATION_CONTEXT('2D SPACE',''
  ) );
#2876 = ADVANCED_FACE('',(#2877),#218,.F.);
#2877 = FACE_BOUND('',#2878,.F.);
#2878 = EDGE_LOOP('',(#2879,#2880,#2903,#2930));
#2879 = ORIENTED_EDGE('',*,*,#108,.F.);
#2880 = ORIENTED_EDGE('',*,*,#2881,.F.);
#2881 = EDGE_CURVE('',#2882,#109,#2884,.T.);
#2882 = VERTEX_POINT('',#2883);
#2883 = CARTESIAN_POINT('',(41.112639196752,17.029412740246,-298.7));
#2884 = SEAM_CURVE('',#2885,(#2889,#2896),.PCURVE_S1.);
#2885 = LINE('',#2886,#2887);
#2886 = CARTESIAN_POINT('',(41.112639196752,17.029412740246,-298.7));
#2887 = VECTOR('',#2888,1.);
#2888 = DIRECTION('',(0.923879532511,0.382683432365,2.22044604925E-16));
#2889 = PCURVE('',#218,#2890);
#2890 = DEFINITIONAL_REPRESENTATION('',(#2891),#2895);
#2891 = LINE('',#2892,#2893);
#2892 = CARTESIAN_POINT('',(6.28318530718,-0.));
#2893 = VECTOR('',#2894,1.);
#2894 = DIRECTION('',(0.,1.));
#2895 = ( GEOMETRIC_REPRESENTATION_CONTEXT(2) 
PARAMETRIC_REPRESENTATION_CONTEXT() REPRESENTATION_CONTEXT('2D SPACE',''
  ) );
#2896 = PCURVE('',#218,#2897);
#2897 = DEFINITIONAL_REPRESENTATION('',(#2898),#2902);
#2898 = LINE('',#2899,#2900);
#2899 = CARTESIAN_POINT('',(0.,-0.));
#2900 = VECTOR('',#2901,1.);
#2901 = DIRECTION('',(0.,1.));
#2902 = ( GEOMETRIC_REPRESENTATION_CONTEXT(2) 
PARAMETRIC_REPRESENTATION_CONTEXT() REPRESENTATION_CONTEXT('2D SPACE',''
  ) );
#2903 = ORIENTED_EDGE('',*,*,#2904,.T.);
#2904 = EDGE_CURVE('',#2882,#2882,#2905,.T.);
#2905 = SURFACE_CURVE('',#2906,(#2911,#2918),.PCURVE_S1.);
#2906 = CIRCLE('',#2907,2.);
#2907 = AXIS2_PLACEMENT_3D('',#2908,#2909,#2910);
#2908 = CARTESIAN_POINT('',(41.112639196752,17.029412740246,-296.7));
#2909 = DIRECTION('',(0.923879532511,0.382683432365,2.22044604925E-16));
#2910 = DIRECTION('',(2.051424657948E-16,8.497279155086E-17,-1.));
#2911 = PCURVE('',#218,#2912);
#2912 = DEFINITIONAL_REPRESENTATION('',(#2913),#2917);
#2913 = LINE('',#2914,#2915);
#2914 = CARTESIAN_POINT('',(0.,0.));
#2915 = VECTOR('',#2916,1.);
#2916 = DIRECTION('',(1.,0.));
#2917 = ( GEOMETRIC_REPRESENTATION_CONTEXT(2) 
PARAMETRIC_REPRESENTATION_CONTEXT() REPRESENTATION_CONTEXT('2D SPACE',''
  ) );
#2918 = PCURVE('',#2919,#2924);
#2919 = PLANE('',#2920);
#2920 = AXIS2_PLACEMENT_3D('',#2921,#2922,#2923);
#2921 = CARTESIAN_POINT('',(41.112639196752,17.029412740246,-296.7));
#2922 = DIRECTION('',(0.923879532511,0.382683432365,2.22044604925E-16));
#2923 = DIRECTION('',(2.051424657948E-16,8.497279155086E-17,-1.));
#2924 = DEFINITIONAL_REPRESENTATION('',(#2925),#2929);
#2925 = CIRCLE('',#2926,2.);
#2926 = AXIS2_PLACEMENT_2D('',#2927,#2928);
#2927 = CARTESIAN_POINT('',(0.,0.));
#2928 = DIRECTION('',(1.,0.));
#2929 = ( GEOMETRIC_REPRESENTATION_CONTEXT(2) 
PARAMETRIC_REPRESENTATION_CONTEXT() REPRESENTATION_CONTEXT('2D SPACE',''
  ) );
#2930 = ORIENTED_EDGE('',*,*,#2881,.T.);
#2931 = ADVANCED_FACE('',(#2932),#389,.F.);
#2932 = FACE_BOUND('',#2933,.F.);
#2933 = EDGE_LOOP('',(#2934,#2935,#2958,#2985));
#2934 = ORIENTED_EDGE('',*,*,#279,.F.);
#2935 = ORIENTED_EDGE('',*,*,#2936,.F.);
#2936 = EDGE_CURVE('',#2937,#280,#2939,.T.);
#2937 = VERTEX_POINT('',#2938);
#2938 = CARTESIAN_POINT('',(17.029412740246,41.112639196752,-298.7));
#2939 = SEAM_CURVE('',#2940,(#2944,#2951),.PCURVE_S1.);
#2940 = LINE('',#2941,#2942);
#2941 = CARTESIAN_POINT('',(17.029412740246,41.112639196752,-298.7));
#2942 = VECTOR('',#2943,1.);
#2943 = DIRECTION('',(0.382683432365,0.923879532511,2.22044604925E-16));
#2944 = PCURVE('',#389,#2945);
#2945 = DEFINITIONAL_REPRESENTATION('',(#2946),#2950);
#2946 = LINE('',#2947,#2948);
#2947 = CARTESIAN_POINT('',(6.28318530718,-0.));
#2948 = VECTOR('',#2949,1.);
#2949 = DIRECTION('',(0.,1.));
#2950 = ( GEOMETRIC_REPRESENTATION_CONTEXT(2) 
PARAMETRIC_REPRESENTATION_CONTEXT() REPRESENTATION_CONTEXT('2D SPACE',''
  ) );
#2951 = PCURVE('',#389,#2952);
#2952 = DEFINITIONAL_REPRESENTATION('',(#2953),#2957);
#2953 = LINE('',#2954,#2955);
#2954 = CARTESIAN_POINT('',(0.,-0.));
#2955 = VECTOR('',#2956,1.);
#2956 = DIRECTION('',(0.,1.));
#2957 = ( GEOMETRIC_REPRESENTATION_CONTEXT(2) 
PARAMETRIC_REPRESENTATION_CONTEXT() REPRESENTATION_CONTEXT('2D SPACE',''
  ) );
#2958 = ORIENTED_EDGE('',*,*,#2959,.T.);
#2959 = EDGE_CURVE('',#2937,#2937,#2960,.T.);
#2960 = SURFACE_CURVE('',#2961,(#2966,#2973),.PCURVE_S1.);
#2961 = CIRCLE('',#2962,2.);
#2962 = AXIS2_PLACEMENT_3D('',#2963,#2964,#2965);
#2963 = CARTESIAN_POINT('',(17.029412740246,41.112639196752,-296.7));
#2964 = DIRECTION('',(0.382683432365,0.923879532511,2.22044604925E-16));
#2965 = DIRECTION('',(8.497279155086E-17,2.051424657948E-16,-1.));
#2966 = PCURVE('',#389,#2967);
#2967 = DEFINITIONAL_REPRESENTATION('',(#2968),#2972);
#2968 = LINE('',#2969,#2970);
#2969 = CARTESIAN_POINT('',(0.,0.));
#2970 = VECTOR('',#2971,1.);
#2971 = DIRECTION('',(1.,0.));
#2972 = ( GEOMETRIC_REPRESENTATION_CONTEXT(2) 
PARAMETRIC_REPRESENTATION_CONTEXT() REPRESENTATION_CONTEXT('2D SPACE',''
  ) );
#2973 = PCURVE('',#2974,#2979);
#2974 = PLANE('',#2975);
#2975 = AXIS2_PLACEMENT_3D('',#2976,#2977,#2978);
#2976 = CARTESIAN_POINT('',(17.029412740246,41.112639196752,-296.7));
#2977 = DIRECTION('',(0.382683432365,0.923879532511,2.22044604925E-16));
#2978 = DIRECTION('',(8.497279155086E-17,2.051424657948E-16,-1.));
#2979 = DEFINITIONAL_REPRESENTATION('',(#2980),#2984);
#2980 = CIRCLE('',#2981,2.);
#2981 = AXIS2_PLACEMENT_2D('',#2982,#2983);
#2982 = CARTESIAN_POINT('',(0.,0.));
#2983 = DIRECTION('',(1.,0.));
#2984 = ( GEOMETRIC_REPRESENTATION_CONTEXT(2) 
PARAMETRIC_REPRESENTATION_CONTEXT() REPRESENTATION_CONTEXT('2D SPACE',''
  ) );
#2985 = ORIENTED_EDGE('',*,*,#2936,.T.);
#2986 = ADVANCED_FACE('',(#2987),#560,.F.);
#2987 = FACE_BOUND('',#2988,.F.);
#2988 = EDGE_LOOP('',(#2989,#2990,#3013,#3040));
#2989 = ORIENTED_EDGE('',*,*,#450,.F.);
#2990 = ORIENTED_EDGE('',*,*,#2991,.F.);
#2991 = EDGE_CURVE('',#2992,#451,#2994,.T.);
#2992 = VERTEX_POINT('',#2993);
#2993 = CARTESIAN_POINT('',(-17.02941274024,41.112639196752,-298.7));
#2994 = SEAM_CURVE('',#2995,(#2999,#3006),.PCURVE_S1.);
#2995 = LINE('',#2996,#2997);
#2996 = CARTESIAN_POINT('',(-17.02941274024,41.112639196752,-298.7));
#2997 = VECTOR('',#2998,1.);
#2998 = DIRECTION('',(-0.382683432365,0.923879532511,2.22044604925E-16)
  );
#2999 = PCURVE('',#560,#3000);
#3000 = DEFINITIONAL_REPRESENTATION('',(#3001),#3005);
#3001 = LINE('',#3002,#3003);
#3002 = CARTESIAN_POINT('',(6.28318530718,-0.));
#3003 = VECTOR('',#3004,1.);
#3004 = DIRECTION('',(0.,1.));
#3005 = ( GEOMETRIC_REPRESENTATION_CONTEXT(2) 
PARAMETRIC_REPRESENTATION_CONTEXT() REPRESENTATION_CONTEXT('2D SPACE',''
  ) );
#3006 = PCURVE('',#560,#3007);
#3007 = DEFINITIONAL_REPRESENTATION('',(#3008),#3012);
#3008 = LINE('',#3009,#3010);
#3009 = CARTESIAN_POINT('',(0.,-0.));
#3010 = VECTOR('',#3011,1.);
#3011 = DIRECTION('',(0.,1.));
#3012 = ( GEOMETRIC_REPRESENTATION_CONTEXT(2) 
PARAMETRIC_REPRESENTATION_CONTEXT() REPRESENTATION_CONTEXT('2D SPACE',''
  ) );
#3013 = ORIENTED_EDGE('',*,*,#3014,.T.);
#3014 = EDGE_CURVE('',#2992,#2992,#3015,.T.);
#3015 = SURFACE_CURVE('',#3016,(#3021,#3028),.PCURVE_S1.);
#3016 = CIRCLE('',#3017,2.);
#3017 = AXIS2_PLACEMENT_3D('',#3018,#3019,#3020);
#3018 = CARTESIAN_POINT('',(-17.02941274024,41.112639196752,-296.7));
#3019 = DIRECTION('',(-0.382683432365,0.923879532511,2.22044604925E-16)
  );
#3020 = DIRECTION('',(-8.497279155086E-17,2.051424657948E-16,-1.));
#3021 = PCURVE('',#560,#3022);
#3022 = DEFINITIONAL_REPRESENTATION('',(#3023),#3027);
#3023 = LINE('',#3024,#3025);
#3024 = CARTESIAN_POINT('',(0.,0.));
#3025 = VECTOR('',#3026,1.);
#3026 = DIRECTION('',(1.,0.));
#3027 = ( GEOMETRIC_REPRESENTATION_CONTEXT(2) 
PARAMETRIC_REPRESENTATION_CONTEXT() REPRESENTATION_CONTEXT('2D SPACE',''
  ) );
#3028 = PCURVE('',#3029,#3034);
#3029 = PLANE('',#3030);
#3030 = AXIS2_PLACEMENT_3D('',#3031,#3032,#3033);
#3031 = CARTESIAN_POINT('',(-17.02941274024,41.112639196752,-296.7));
#3032 = DIRECTION('',(-0.382683432365,0.923879532511,2.22044604925E-16)
  );
#3033 = DIRECTION('',(-8.497279155086E-17,2.051424657948E-16,-1.));
#3034 = DEFINITIONAL_REPRESENTATION('',(#3035),#3039);
#3035 = CIRCLE('',#3036,2.);
#3036 = AXIS2_PLACEMENT_2D('',#3037,#3038);
#3037 = CARTESIAN_POINT('',(0.,0.));
#3038 = DIRECTION('',(1.,0.));
#3039 = ( GEOMETRIC_REPRESENTATION_CONTEXT(2) 
PARAMETRIC_REPRESENTATION_CONTEXT() REPRESENTATION_CONTEXT('2D SPACE',''
  ) );
#3040 = ORIENTED_EDGE('',*,*,#2991,.T.);
#3041 = ADVANCED_FACE('',(#3042),#731,.F.);
#3042 = FACE_BOUND('',#3043,.F.);
#3043 = EDGE_LOOP('',(#3044,#3045,#3068,#3095));
#3044 = ORIENTED_EDGE('',*,*,#621,.F.);
#3045 = ORIENTED_EDGE('',*,*,#3046,.F.);
#3046 = EDGE_CURVE('',#3047,#622,#3049,.T.);
#3047 = VERTEX_POINT('',#3048);
#3048 = CARTESIAN_POINT('',(-41.11263919675,17.029412740247,-298.7));
#3049 = SEAM_CURVE('',#3050,(#3054,#3061),.PCURVE_S1.);
#3050 = LINE('',#3051,#3052);
#3051 = CARTESIAN_POINT('',(-41.11263919675,17.029412740247,-298.7));
#3052 = VECTOR('',#3053,1.);
#3053 = DIRECTION('',(-0.923879532511,0.382683432365,2.22044604925E-16)
  );
#3054 = PCURVE('',#731,#3055);
#3055 = DEFINITIONAL_REPRESENTATION('',(#3056),#3060);
#3056 = LINE('',#3057,#3058);
#3057 = CARTESIAN_POINT('',(6.28318530718,-0.));
#3058 = VECTOR('',#3059,1.);
#3059 = DIRECTION('',(0.,1.));
#3060 = ( GEOMETRIC_REPRESENTATION_CONTEXT(2) 
PARAMETRIC_REPRESENTATION_CONTEXT() REPRESENTATION_CONTEXT('2D SPACE',''
  ) );
#3061 = PCURVE('',#731,#3062);
#3062 = DEFINITIONAL_REPRESENTATION('',(#3063),#3067);
#3063 = LINE('',#3064,#3065);
#3064 = CARTESIAN_POINT('',(0.,-0.));
#3065 = VECTOR('',#3066,1.);
#3066 = DIRECTION('',(0.,1.));
#3067 = ( GEOMETRIC_REPRESENTATION_CONTEXT(2) 
PARAMETRIC_REPRESENTATION_CONTEXT() REPRESENTATION_CONTEXT('2D SPACE',''
  ) );
#3068 = ORIENTED_EDGE('',*,*,#3069,.T.);
#3069 = EDGE_CURVE('',#3047,#3047,#3070,.T.);
#3070 = SURFACE_CURVE('',#3071,(#3076,#3083),.PCURVE_S1.);
#3071 = CIRCLE('',#3072,2.);
#3072 = AXIS2_PLACEMENT_3D('',#3073,#3074,#3075);
#3073 = CARTESIAN_POINT('',(-41.11263919675,17.029412740247,-296.7));
#3074 = DIRECTION('',(-0.923879532511,0.382683432365,2.22044604925E-16)
  );
#3075 = DIRECTION('',(-2.051424657948E-16,8.497279155086E-17,-1.));
#3076 = PCURVE('',#731,#3077);
#3077 = DEFINITIONAL_REPRESENTATION('',(#3078),#3082);
#3078 = LINE('',#3079,#3080);
#3079 = CARTESIAN_POINT('',(0.,0.));
#3080 = VECTOR('',#3081,1.);
#3081 = DIRECTION('',(1.,0.));
#3082 = ( GEOMETRIC_REPRESENTATION_CONTEXT(2) 
PARAMETRIC_REPRESENTATION_CONTEXT() REPRESENTATION_CONTEXT('2D SPACE',''
  ) );
#3083 = PCURVE('',#3084,#3089);
#3084 = PLANE('',#3085);
#3085 = AXIS2_PLACEMENT_3D('',#3086,#3087,#3088);
#3086 = CARTESIAN_POINT('',(-41.11263919675,17.029412740247,-296.7));
#3087 = DIRECTION('',(-0.923879532511,0.382683432365,2.22044604925E-16)
  );
#3088 = DIRECTION('',(-2.051424657948E-16,8.497279155086E-17,-1.));
#3089 = DEFINITIONAL_REPRESENTATION('',(#3090),#3094);
#3090 = CIRCLE('',#3091,2.);
#3091 = AXIS2_PLACEMENT_2D('',#3092,#3093);
#3092 = CARTESIAN_POINT('',(0.,0.));
#3093 = DIRECTION('',(1.,0.));
#3094 = ( GEOMETRIC_REPRESENTATION_CONTEXT(2) 
PARAMETRIC_REPRESENTATION_CONTEXT() REPRESENTATION_CONTEXT('2D SPACE',''
  ) );
#3095 = ORIENTED_EDGE('',*,*,#3046,.T.);
#3096 = ADVANCED_FACE('',(#3097),#902,.F.);
#3097 = FACE_BOUND('',#3098,.F.);
#3098 = EDGE_LOOP('',(#3099,#3100,#3123,#3150));
#3099 = ORIENTED_EDGE('',*,*,#792,.F.);
#3100 = ORIENTED_EDGE('',*,*,#3101,.F.);
#3101 = EDGE_CURVE('',#3102,#793,#3104,.T.);
#3102 = VERTEX_POINT('',#3103);
#3103 = CARTESIAN_POINT('',(-17.02941274024,-41.11263919675,-298.7));
#3104 = SEAM_CURVE('',#3105,(#3109,#3116),.PCURVE_S1.);
#3105 = LINE('',#3106,#3107);
#3106 = CARTESIAN_POINT('',(-17.02941274024,-41.11263919675,-298.7));
#3107 = VECTOR('',#3108,1.);
#3108 = DIRECTION('',(-0.382683432365,-0.923879532511,2.22044604925E-16)
  );
#3109 = PCURVE('',#902,#3110);
#3110 = DEFINITIONAL_REPRESENTATION('',(#3111),#3115);
#3111 = LINE('',#3112,#3113);
#3112 = CARTESIAN_POINT('',(6.28318530718,-0.));
#3113 = VECTOR('',#3114,1.);
#3114 = DIRECTION('',(0.,1.));
#3115 = ( GEOMETRIC_REPRESENTATION_CONTEXT(2) 
PARAMETRIC_REPRESENTATION_CONTEXT() REPRESENTATION_CONTEXT('2D SPACE',''
  ) );
#3116 = PCURVE('',#902,#3117);
#3117 = DEFINITIONAL_REPRESENTATION('',(#3118),#3122);
#3118 = LINE('',#3119,#3120);
#3119 = CARTESIAN_POINT('',(0.,-0.));
#3120 = VECTOR('',#3121,1.);
#3121 = DIRECTION('',(0.,1.));
#3122 = ( GEOMETRIC_REPRESENTATION_CONTEXT(2) 
PARAMETRIC_REPRESENTATION_CONTEXT() REPRESENTATION_CONTEXT('2D SPACE',''
  ) );
#3123 = ORIENTED_EDGE('',*,*,#3124,.T.);
#3124 = EDGE_CURVE('',#3102,#3102,#3125,.T.);
#3125 = SURFACE_CURVE('',#3126,(#3131,#3138),.PCURVE_S1.);
#3126 = CIRCLE('',#3127,2.);
#3127 = AXIS2_PLACEMENT_3D('',#3128,#3129,#3130);
#3128 = CARTESIAN_POINT('',(-17.02941274024,-41.11263919675,-296.7));
#3129 = DIRECTION('',(-0.382683432365,-0.923879532511,2.22044604925E-16)
  );
#3130 = DIRECTION('',(-8.497279155086E-17,-2.051424657948E-16,-1.));
#3131 = PCURVE('',#902,#3132);
#3132 = DEFINITIONAL_REPRESENTATION('',(#3133),#3137);
#3133 = LINE('',#3134,#3135);
#3134 = CARTESIAN_POINT('',(0.,0.));
#3135 = VECTOR('',#3136,1.);
#3136 = DIRECTION('',(1.,0.));
#3137 = ( GEOMETRIC_REPRESENTATION_CONTEXT(2) 
PARAMETRIC_REPRESENTATION_CONTEXT() REPRESENTATION_CONTEXT('2D SPACE',''
  ) );
#3138 = PCURVE('',#3139,#3144);
#3139 = PLANE('',#3140);
#3140 = AXIS2_PLACEMENT_3D('',#3141,#3142,#3143);
#3141 = CARTESIAN_POINT('',(-17.02941274024,-41.11263919675,-296.7));
#3142 = DIRECTION('',(-0.382683432365,-0.923879532511,2.22044604925E-16)
  );
#3143 = DIRECTION('',(-8.497279155086E-17,-2.051424657948E-16,-1.));
#3144 = DEFINITIONAL_REPRESENTATION('',(#3145),#3149);
#3145 = CIRCLE('',#3146,2.);
#3146 = AXIS2_PLACEMENT_2D('',#3147,#3148);
#3147 = CARTESIAN_POINT('',(0.,0.));
#3148 = DIRECTION('',(1.,0.));
#3149 = ( GEOMETRIC_REPRESENTATION_CONTEXT(2) 
PARAMETRIC_REPRESENTATION_CONTEXT() REPRESENTATION_CONTEXT('2D SPACE',''
  ) );
#3150 = ORIENTED_EDGE('',*,*,#3101,.T.);
#3151 = ADVANCED_FACE('',(#3152),#1073,.F.);
#3152 = FACE_BOUND('',#3153,.F.);
#3153 = EDGE_LOOP('',(#3154,#3155,#3178,#3205));
#3154 = ORIENTED_EDGE('',*,*,#963,.F.);
#3155 = ORIENTED_EDGE('',*,*,#3156,.F.);
#3156 = EDGE_CURVE('',#3157,#964,#3159,.T.);
#3157 = VERTEX_POINT('',#3158);
#3158 = CARTESIAN_POINT('',(17.029412740247,-41.11263919675,-298.7));
#3159 = SEAM_CURVE('',#3160,(#3164,#3171),.PCURVE_S1.);
#3160 = LINE('',#3161,#3162);
#3161 = CARTESIAN_POINT('',(17.029412740247,-41.11263919675,-298.7));
#3162 = VECTOR('',#3163,1.);
#3163 = DIRECTION('',(0.382683432365,-0.923879532511,2.22044604925E-16)
  );
#3164 = PCURVE('',#1073,#3165);
#3165 = DEFINITIONAL_REPRESENTATION('',(#3166),#3170);
#3166 = LINE('',#3167,#3168);
#3167 = CARTESIAN_POINT('',(6.28318530718,-0.));
#3168 = VECTOR('',#3169,1.);
#3169 = DIRECTION('',(0.,1.));
#3170 = ( GEOMETRIC_REPRESENTATION_CONTEXT(2) 
PARAMETRIC_REPRESENTATION_CONTEXT() REPRESENTATION_CONTEXT('2D SPACE',''
  ) );
#3171 = PCURVE('',#1073,#3172);
#3172 = DEFINITIONAL_REPRESENTATION('',(#3173),#3177);
#3173 = LINE('',#3174,#3175);
#3174 = CARTESIAN_POINT('',(0.,-0.));
#3175 = VECTOR('',#3176,1.);
#3176 = DIRECTION('',(0.,1.));
#3177 = ( GEOMETRIC_REPRESENTATION_CONTEXT(2) 
PARAMETRIC_REPRESENTATION_CONTEXT() REPRESENTATION_CONTEXT('2D SPACE',''
  ) );
#3178 = ORIENTED_EDGE('',*,*,#3179,.T.);
#3179 = EDGE_CURVE('',#3157,#3157,#3180,.T.);
#3180 = SURFACE_CURVE('',#3181,(#3186,#3193),.PCURVE_S1.);
#3181 = CIRCLE('',#3182,2.);
#3182 = AXIS2_PLACEMENT_3D('',#3183,#3184,#3185);
#3183 = CARTESIAN_POINT('',(17.029412740247,-41.11263919675,-296.7));
#3184 = DIRECTION('',(0.382683432365,-0.923879532511,2.22044604925E-16)
  );
#3185 = DIRECTION('',(8.497279155086E-17,-2.051424657948E-16,-1.));
#3186 = PCURVE('',#1073,#3187);
#3187 = DEFINITIONAL_REPRESENTATION('',(#3188),#3192);
#3188 = LINE('',#3189,#3190);
#3189 = CARTESIAN_POINT('',(0.,0.));
#3190 = VECTOR('',#3191,1.);
#3191 = DIRECTION('',(1.,0.));
#3192 = ( GEOMETRIC_REPRESENTATION_CONTEXT(2) 
PARAMETRIC_REPRESENTATION_CONTEXT() REPRESENTATION_CONTEXT('2D SPACE',''
  ) );
#3193 = PCURVE('',#3194,#3199);
#3194 = PLANE('',#3195);
#3195 = AXIS2_PLACEMENT_3D('',#3196,#3197,#3198);
#3196 = CARTESIAN_POINT('',(17.029412740247,-41.11263919675,-296.7));
#3197 = DIRECTION('',(0.382683432365,-0.923879532511,2.22044604925E-16)
  );
#3198 = DIRECTION('',(8.497279155086E-17,-2.051424657948E-16,-1.));
#3199 = DEFINITIONAL_REPRESENTATION('',(#3200),#3204);
#3200 = CIRCLE('',#3201,2.);
#3201 = AXIS2_PLACEMENT_2D('',#3202,#3203);
#3202 = CARTESIAN_POINT('',(0.,0.));
#3203 = DIRECTION('',(1.,0.));
#3204 = ( GEOMETRIC_REPRESENTATION_CONTEXT(2) 
PARAMETRIC_REPRESENTATION_CONTEXT() REPRESENTATION_CONTEXT('2D SPACE',''
  ) );
#3205 = ORIENTED_EDGE('',*,*,#3156,.T.);
#3206 = ADVANCED_FACE('',(#3207),#1244,.F.);
#3207 = FACE_BOUND('',#3208,.F.);
#3208 = EDGE_LOOP('',(#3209,#3210,#3233,#3260));
#3209 = ORIENTED_EDGE('',*,*,#1134,.F.);
#3210 = ORIENTED_EDGE('',*,*,#3211,.F.);
#3211 = EDGE_CURVE('',#3212,#1135,#3214,.T.);
#3212 = VERTEX_POINT('',#3213);
#3213 = CARTESIAN_POINT('',(41.112639196752,-17.02941274024,-298.7));
#3214 = SEAM_CURVE('',#3215,(#3219,#3226),.PCURVE_S1.);
#3215 = LINE('',#3216,#3217);
#3216 = CARTESIAN_POINT('',(41.112639196752,-17.02941274024,-298.7));
#3217 = VECTOR('',#3218,1.);
#3218 = DIRECTION('',(0.923879532511,-0.382683432365,2.22044604925E-16)
  );
#3219 = PCURVE('',#1244,#3220);
#3220 = DEFINITIONAL_REPRESENTATION('',(#3221),#3225);
#3221 = LINE('',#3222,#3223);
#3222 = CARTESIAN_POINT('',(6.28318530718,-0.));
#3223 = VECTOR('',#3224,1.);
#3224 = DIRECTION('',(0.,1.));
#3225 = ( GEOMETRIC_REPRESENTATION_CONTEXT(2) 
PARAMETRIC_REPRESENTATION_CONTEXT() REPRESENTATION_CONTEXT('2D SPACE',''
  ) );
#3226 = PCURVE('',#1244,#3227);
#3227 = DEFINITIONAL_REPRESENTATION('',(#3228),#3232);
#3228 = LINE('',#3229,#3230);
#3229 = CARTESIAN_POINT('',(0.,-0.));
#3230 = VECTOR('',#3231,1.);
#3231 = DIRECTION('',(0.,1.));
#3232 = ( GEOMETRIC_REPRESENTATION_CONTEXT(2) 
PARAMETRIC_REPRESENTATION_CONTEXT() REPRESENTATION_CONTEXT('2D SPACE',''
  ) );
#3233 = ORIENTED_EDGE('',*,*,#3234,.T.);
#3234 = EDGE_CURVE('',#3212,#3212,#3235,.T.);
#3235 = SURFACE_CURVE('',#3236,(#3241,#3248),.PCURVE_S1.);
#3236 = CIRCLE('',#3237,2.);
#3237 = AXIS2_PLACEMENT_3D('',#3238,#3239,#3240);
#3238 = CARTESIAN_POINT('',(41.112639196752,-17.02941274024,-296.7));
#3239 = DIRECTION('',(0.923879532511,-0.382683432365,2.22044604925E-16)
  );
#3240 = DIRECTION('',(2.051424657948E-16,-8.497279155086E-17,-1.));
#3241 = PCURVE('',#1244,#3242);
#3242 = DEFINITIONAL_REPRESENTATION('',(#3243),#3247);
#3243 = LINE('',#3244,#3245);
#3244 = CARTESIAN_POINT('',(0.,0.));
#3245 = VECTOR('',#3246,1.);
#3246 = DIRECTION('',(1.,0.));
#3247 = ( GEOMETRIC_REPRESENTATION_CONTEXT(2) 
PARAMETRIC_REPRESENTATION_CONTEXT() REPRESENTATION_CONTEXT('2D SPACE',''
  ) );
#3248 = PCURVE('',#3249,#3254);
#3249 = PLANE('',#3250);
#3250 = AXIS2_PLACEMENT_3D('',#3251,#3252,#3253);
#3251 = CARTESIAN_POINT('',(41.112639196752,-17.02941274024,-296.7));
#3252 = DIRECTION('',(0.923879532511,-0.382683432365,2.22044604925E-16)
  );
#3253 = DIRECTION('',(2.051424657948E-16,-8.497279155086E-17,-1.));
#3254 = DEFINITIONAL_REPRESENTATION('',(#3255),#3259);
#3255 = CIRCLE('',#3256,2.);
#3256 = AXIS2_PLACEMENT_2D('',#3257,#3258);
#3257 = CARTESIAN_POINT('',(0.,0.));
#3258 = DIRECTION('',(1.,0.));
#3259 = ( GEOMETRIC_REPRESENTATION_CONTEXT(2) 
PARAMETRIC_REPRESENTATION_CONTEXT() REPRESENTATION_CONTEXT('2D SPACE',''
  ) );
#3260 = ORIENTED_EDGE('',*,*,#3211,.T.);
#3261 = ADVANCED_FACE('',(#3262),#1415,.F.);
#3262 = FACE_BOUND('',#3263,.F.);
#3263 = EDGE_LOOP('',(#3264,#3265,#3288,#3315));
#3264 = ORIENTED_EDGE('',*,*,#1305,.F.);
#3265 = ORIENTED_EDGE('',*,*,#3266,.F.);
#3266 = EDGE_CURVE('',#3267,#1306,#3269,.T.);
#3267 = VERTEX_POINT('',#3268);
#3268 = CARTESIAN_POINT('',(-41.11263919675,-17.02941274024,-298.7));
#3269 = SEAM_CURVE('',#3270,(#3274,#3281),.PCURVE_S1.);
#3270 = LINE('',#3271,#3272);
#3271 = CARTESIAN_POINT('',(-41.11263919675,-17.02941274024,-298.7));
#3272 = VECTOR('',#3273,1.);
#3273 = DIRECTION('',(-0.923879532511,-0.382683432365,2.22044604925E-16)
  );
#3274 = PCURVE('',#1415,#3275);
#3275 = DEFINITIONAL_REPRESENTATION('',(#3276),#3280);
#3276 = LINE('',#3277,#3278);
#3277 = CARTESIAN_POINT('',(6.28318530718,-0.));
#3278 = VECTOR('',#3279,1.);
#3279 = DIRECTION('',(0.,1.));
#3280 = ( GEOMETRIC_REPRESENTATION_CONTEXT(2) 
PARAMETRIC_REPRESENTATION_CONTEXT() REPRESENTATION_CONTEXT('2D SPACE',''
  ) );
#3281 = PCURVE('',#1415,#3282);
#3282 = DEFINITIONAL_REPRESENTATION('',(#3283),#3287);
#3283 = LINE('',#3284,#3285);
#3284 = CARTESIAN_POINT('',(0.,-0.));
#3285 = VECTOR('',#3286,1.);
#3286 = DIRECTION('',(0.,1.));
#3287 = ( GEOMETRIC_REPRESENTATION_CONTEXT(2) 
PARAMETRIC_REPRESENTATION_CONTEXT() REPRESENTATION_CONTEXT('2D SPACE',''
  ) );
#3288 = ORIENTED_EDGE('',*,*,#3289,.T.);
#3289 = EDGE_CURVE('',#3267,#3267,#3290,.T.);
#3290 = SURFACE_CURVE('',#3291,(#3296,#3303),.PCURVE_S1.);
#3291 = CIRCLE('',#3292,2.);
#3292 = AXIS2_PLACEMENT_3D('',#3293,#3294,#3295);
#3293 = CARTESIAN_POINT('',(-41.11263919675,-17.02941274024,-296.7));
#3294 = DIRECTION('',(-0.923879532511,-0.382683432365,2.22044604925E-16)
  );
#3295 = DIRECTION('',(-2.051424657948E-16,-8.497279155086E-17,-1.));
#3296 = PCURVE('',#1415,#3297);
#3297 = DEFINITIONAL_REPRESENTATION('',(#3298),#3302);
#3298 = LINE('',#3299,#3300);
#3299 = CARTESIAN_POINT('',(0.,0.));
#3300 = VECTOR('',#3301,1.);
#3301 = DIRECTION('',(1.,0.));
#3302 = ( GEOMETRIC_REPRESENTATION_CONTEXT(2) 
PARAMETRIC_REPRESENTATION_CONTEXT() REPRESENTATION_CONTEXT('2D SPACE',''
  ) );
#3303 = PCURVE('',#3304,#3309);
#3304 = PLANE('',#3305);
#3305 = AXIS2_PLACEMENT_3D('',#3306,#3307,#3308);
#3306 = CARTESIAN_POINT('',(-41.11263919675,-17.02941274024,-296.7));
#3307 = DIRECTION('',(-0.923879532511,-0.382683432365,2.22044604925E-16)
  );
#3308 = DIRECTION('',(-2.051424657948E-16,-8.497279155086E-17,-1.));
#3309 = DEFINITIONAL_REPRESENTATION('',(#3310),#3314);
#3310 = CIRCLE('',#3311,2.);
#3311 = AXIS2_PLACEMENT_2D('',#3312,#3313);
#3312 = CARTESIAN_POINT('',(0.,0.));
#3313 = DIRECTION('',(1.,0.));
#3314 = ( GEOMETRIC_REPRESENTATION_CONTEXT(2) 
PARAMETRIC_REPRESENTATION_CONTEXT() REPRESENTATION_CONTEXT('2D SPACE',''
  ) );
#3315 = ORIENTED_EDGE('',*,*,#3266,.T.);
#3316 = ADVANCED_FACE('',(#3317),#1497,.F.);
#3317 = FACE_BOUND('',#3318,.F.);
#3318 = EDGE_LOOP('',(#3319,#3320,#3343,#3365));
#3319 = ORIENTED_EDGE('',*,*,#1480,.F.);
#3320 = ORIENTED_EDGE('',*,*,#3321,.F.);
#3321 = EDGE_CURVE('',#3322,#1481,#3324,.T.);
#3322 = VERTEX_POINT('',#3323);
#3323 = CARTESIAN_POINT('',(-15.12741699797,-22.62741699797,-291.7));
#3324 = SEAM_CURVE('',#3325,(#3329,#3336),.PCURVE_S1.);
#3325 = LINE('',#3326,#3327);
#3326 = CARTESIAN_POINT('',(-15.12741699797,-22.62741699797,-291.7));
#3327 = VECTOR('',#3328,1.);
#3328 = DIRECTION('',(0.707106781187,-1.731912112471E-16,0.707106781187)
  );
#3329 = PCURVE('',#1497,#3330);
#3330 = DEFINITIONAL_REPRESENTATION('',(#3331),#3335);
#3331 = LINE('',#3332,#3333);
#3332 = CARTESIAN_POINT('',(6.28318530718,-0.));
#3333 = VECTOR('',#3334,1.);
#3334 = DIRECTION('',(0.,1.));
#3335 = ( GEOMETRIC_REPRESENTATION_CONTEXT(2) 
PARAMETRIC_REPRESENTATION_CONTEXT() REPRESENTATION_CONTEXT('2D SPACE',''
  ) );
#3336 = PCURVE('',#1497,#3337);
#3337 = DEFINITIONAL_REPRESENTATION('',(#3338),#3342);
#3338 = LINE('',#3339,#3340);
#3339 = CARTESIAN_POINT('',(0.,-0.));
#3340 = VECTOR('',#3341,1.);
#3341 = DIRECTION('',(0.,1.));
#3342 = ( GEOMETRIC_REPRESENTATION_CONTEXT(2) 
PARAMETRIC_REPRESENTATION_CONTEXT() REPRESENTATION_CONTEXT('2D SPACE',''
  ) );
#3343 = ORIENTED_EDGE('',*,*,#3344,.T.);
#3344 = EDGE_CURVE('',#3322,#3322,#3345,.T.);
#3345 = SURFACE_CURVE('',#3346,(#3351,#3358),.PCURVE_S1.);
#3346 = CIRCLE('',#3347,7.5);
#3347 = AXIS2_PLACEMENT_3D('',#3348,#3349,#3350);
#3348 = CARTESIAN_POINT('',(-22.62741699797,-22.62741699797,-291.7));
#3349 = DIRECTION('',(0.,0.,1.));
#3350 = DIRECTION('',(1.,0.,-0.));
#3351 = PCURVE('',#1497,#3352);
#3352 = DEFINITIONAL_REPRESENTATION('',(#3353),#3357);
#3353 = LINE('',#3354,#3355);
#3354 = CARTESIAN_POINT('',(0.,0.));
#3355 = VECTOR('',#3356,1.);
#3356 = DIRECTION('',(1.,0.));
#3357 = ( GEOMETRIC_REPRESENTATION_CONTEXT(2) 
PARAMETRIC_REPRESENTATION_CONTEXT() REPRESENTATION_CONTEXT('2D SPACE',''
  ) );
#3358 = PCURVE('',#2161,#3359);
#3359 = DEFINITIONAL_REPRESENTATION('',(#3360),#3364);
#3360 = LINE('',#3361,#3362);
#3361 = CARTESIAN_POINT('',(0.,13.));
#3362 = VECTOR('',#3363,1.);
#3363 = DIRECTION('',(1.,0.));
#3364 = ( GEOMETRIC_REPRESENTATION_CONTEXT(2) 
PARAMETRIC_REPRESENTATION_CONTEXT() REPRESENTATION_CONTEXT('2D SPACE',''
  ) );
#3365 = ORIENTED_EDGE('',*,*,#3321,.T.);
#3366 = ADVANCED_FACE('',(#3367),#1528,.F.);
#3367 = FACE_BOUND('',#3368,.F.);
#3368 = EDGE_LOOP('',(#3369,#3370,#3393,#3415));
#3369 = ORIENTED_EDGE('',*,*,#1511,.F.);
#3370 = ORIENTED_EDGE('',*,*,#3371,.F.);
#3371 = EDGE_CURVE('',#3372,#1512,#3374,.T.);
#3372 = VERTEX_POINT('',#3373);
#3373 = CARTESIAN_POINT('',(7.5,-32.,-291.7));
#3374 = SEAM_CURVE('',#3375,(#3379,#3386),.PCURVE_S1.);
#3375 = LINE('',#3376,#3377);
#3376 = CARTESIAN_POINT('',(7.5,-32.,-291.7));
#3377 = VECTOR('',#3378,1.);
#3378 = DIRECTION('',(0.707106781187,-1.731912112471E-16,0.707106781187)
  );
#3379 = PCURVE('',#1528,#3380);
#3380 = DEFINITIONAL_REPRESENTATION('',(#3381),#3385);
#3381 = LINE('',#3382,#3383);
#3382 = CARTESIAN_POINT('',(6.28318530718,-0.));
#3383 = VECTOR('',#3384,1.);
#3384 = DIRECTION('',(0.,1.));
#3385 = ( GEOMETRIC_REPRESENTATION_CONTEXT(2) 
PARAMETRIC_REPRESENTATION_CONTEXT() REPRESENTATION_CONTEXT('2D SPACE',''
  ) );
#3386 = PCURVE('',#1528,#3387);
#3387 = DEFINITIONAL_REPRESENTATION('',(#3388),#3392);
#3388 = LINE('',#3389,#3390);
#3389 = CARTESIAN_POINT('',(0.,-0.));
#3390 = VECTOR('',#3391,1.);
#3391 = DIRECTION('',(0.,1.));
#3392 = ( GEOMETRIC_REPRESENTATION_CONTEXT(2) 
PARAMETRIC_REPRESENTATION_CONTEXT() REPRESENTATION_CONTEXT('2D SPACE',''
  ) );
#3393 = ORIENTED_EDGE('',*,*,#3394,.T.);
#3394 = EDGE_CURVE('',#3372,#3372,#3395,.T.);
#3395 = SURFACE_CURVE('',#3396,(#3401,#3408),.PCURVE_S1.);
#3396 = CIRCLE('',#3397,7.5);
#3397 = AXIS2_PLACEMENT_3D('',#3398,#3399,#3400);
#3398 = CARTESIAN_POINT('',(-5.878304635907E-15,-32.,-291.7));
#3399 = DIRECTION('',(0.,0.,1.));
#3400 = DIRECTION('',(1.,0.,-0.));
#3401 = PCURVE('',#1528,#3402);
#3402 = DEFINITIONAL_REPRESENTATION('',(#3403),#3407);
#3403 = LINE('',#3404,#3405);
#3404 = CARTESIAN_POINT('',(0.,0.));
#3405 = VECTOR('',#3406,1.);
#3406 = DIRECTION('',(1.,0.));
#3407 = ( GEOMETRIC_REPRESENTATION_CONTEXT(2) 
PARAMETRIC_REPRESENTATION_CONTEXT() REPRESENTATION_CONTEXT('2D SPACE',''
  ) );
#3408 = PCURVE('',#2223,#3409);
#3409 = DEFINITIONAL_REPRESENTATION('',(#3410),#3414);
#3410 = LINE('',#3411,#3412);
#3411 = CARTESIAN_POINT('',(0.,13.));
#3412 = VECTOR('',#3413,1.);
#3413 = DIRECTION('',(1.,0.));
#3414 = ( GEOMETRIC_REPRESENTATION_CONTEXT(2) 
PARAMETRIC_REPRESENTATION_CONTEXT() REPRESENTATION_CONTEXT('2D SPACE',''
  ) );
#3415 = ORIENTED_EDGE('',*,*,#3371,.T.);
#3416 = ADVANCED_FACE('',(#3417),#1559,.F.);
#3417 = FACE_BOUND('',#3418,.F.);
#3418 = EDGE_LOOP('',(#3419,#3420,#3441,#3442));
#3419 = ORIENTED_EDGE('',*,*,#1542,.F.);
#3420 = ORIENTED_EDGE('',*,*,#3421,.F.);
#3421 = EDGE_CURVE('',#2238,#1543,#3422,.T.);
#3422 = SEAM_CURVE('',#3423,(#3427,#3434),.PCURVE_S1.);
#3423 = LINE('',#3424,#3425);
#3424 = CARTESIAN_POINT('',(-4.579643498754,-17.09177135145,-304.7));
#3425 = VECTOR('',#3426,1.);
#3426 = DIRECTION('',(0.,0.,1.));
#3427 = PCURVE('',#1559,#3428);
#3428 = DEFINITIONAL_REPRESENTATION('',(#3429),#3433);
#3429 = LINE('',#3430,#3431);
#3430 = CARTESIAN_POINT('',(6.28318530718,-0.));
#3431 = VECTOR('',#3432,1.);
#3432 = DIRECTION('',(0.,1.));
#3433 = ( GEOMETRIC_REPRESENTATION_CONTEXT(2) 
PARAMETRIC_REPRESENTATION_CONTEXT() REPRESENTATION_CONTEXT('2D SPACE',''
  ) );
#3434 = PCURVE('',#1559,#3435);
#3435 = DEFINITIONAL_REPRESENTATION('',(#3436),#3440);
#3436 = LINE('',#3437,#3438);
#3437 = CARTESIAN_POINT('',(0.,-0.));
#3438 = VECTOR('',#3439,1.);
#3439 = DIRECTION('',(0.,1.));
#3440 = ( GEOMETRIC_REPRESENTATION_CONTEXT(2) 
PARAMETRIC_REPRESENTATION_CONTEXT() REPRESENTATION_CONTEXT('2D SPACE',''
  ) );
#3441 = ORIENTED_EDGE('',*,*,#2237,.T.);
#3442 = ORIENTED_EDGE('',*,*,#3421,.T.);
#3443 = ADVANCED_FACE('',(#3444),#1590,.F.);
#3444 = FACE_BOUND('',#3445,.F.);
#3445 = EDGE_LOOP('',(#3446,#3447,#3468,#3469));
#3446 = ORIENTED_EDGE('',*,*,#1573,.F.);
#3447 = ORIENTED_EDGE('',*,*,#3448,.F.);
#3448 = EDGE_CURVE('',#2264,#1574,#3449,.T.);
#3449 = SEAM_CURVE('',#3450,(#3454,#3461),.PCURVE_S1.);
#3450 = LINE('',#3451,#3452);
#3451 = CARTESIAN_POINT('',(-14.59177135145,-7.079643498754,-304.7));
#3452 = VECTOR('',#3453,1.);
#3453 = DIRECTION('',(0.,0.,1.));
#3454 = PCURVE('',#1590,#3455);
#3455 = DEFINITIONAL_REPRESENTATION('',(#3456),#3460);
#3456 = LINE('',#3457,#3458);
#3457 = CARTESIAN_POINT('',(6.28318530718,-0.));
#3458 = VECTOR('',#3459,1.);
#3459 = DIRECTION('',(0.,1.));
#3460 = ( GEOMETRIC_REPRESENTATION_CONTEXT(2) 
PARAMETRIC_REPRESENTATION_CONTEXT() REPRESENTATION_CONTEXT('2D SPACE',''
  ) );
#3461 = PCURVE('',#1590,#3462);
#3462 = DEFINITIONAL_REPRESENTATION('',(#3463),#3467);
#3463 = LINE('',#3464,#3465);
#3464 = CARTESIAN_POINT('',(0.,-0.));
#3465 = VECTOR('',#3466,1.);
#3466 = DIRECTION('',(0.,1.));
#3467 = ( GEOMETRIC_REPRESENTATION_CONTEXT(2) 
PARAMETRIC_REPRESENTATION_CONTEXT() REPRESENTATION_CONTEXT('2D SPACE',''
  ) );
#3468 = ORIENTED_EDGE('',*,*,#2263,.T.);
#3469 = ORIENTED_EDGE('',*,*,#3448,.T.);
#3470 = ADVANCED_FACE('',(#3471),#1621,.F.);
#3471 = FACE_BOUND('',#3472,.F.);
#3472 = EDGE_LOOP('',(#3473,#3474,#3497,#3519));
#3473 = ORIENTED_EDGE('',*,*,#1604,.F.);
#3474 = ORIENTED_EDGE('',*,*,#3475,.F.);
#3475 = EDGE_CURVE('',#3476,#1605,#3478,.T.);
#3476 = VERTEX_POINT('',#3477);
#3477 = CARTESIAN_POINT('',(30.12741699797,-22.62741699797,-291.7));
#3478 = SEAM_CURVE('',#3479,(#3483,#3490),.PCURVE_S1.);
#3479 = LINE('',#3480,#3481);
#3480 = CARTESIAN_POINT('',(30.12741699797,-22.62741699797,-291.7));
#3481 = VECTOR('',#3482,1.);
#3482 = DIRECTION('',(0.707106781187,-1.731912112471E-16,0.707106781187)
  );
#3483 = PCURVE('',#1621,#3484);
#3484 = DEFINITIONAL_REPRESENTATION('',(#3485),#3489);
#3485 = LINE('',#3486,#3487);
#3486 = CARTESIAN_POINT('',(6.28318530718,-0.));
#3487 = VECTOR('',#3488,1.);
#3488 = DIRECTION('',(0.,1.));
#3489 = ( GEOMETRIC_REPRESENTATION_CONTEXT(2) 
PARAMETRIC_REPRESENTATION_CONTEXT() REPRESENTATION_CONTEXT('2D SPACE',''
  ) );
#3490 = PCURVE('',#1621,#3491);
#3491 = DEFINITIONAL_REPRESENTATION('',(#3492),#3496);
#3492 = LINE('',#3493,#3494);
#3493 = CARTESIAN_POINT('',(0.,-0.));
#3494 = VECTOR('',#3495,1.);
#3495 = DIRECTION('',(0.,1.));
#3496 = ( GEOMETRIC_REPRESENTATION_CONTEXT(2) 
PARAMETRIC_REPRESENTATION_CONTEXT() REPRESENTATION_CONTEXT('2D SPACE',''
  ) );
#3497 = ORIENTED_EDGE('',*,*,#3498,.T.);
#3498 = EDGE_CURVE('',#3476,#3476,#3499,.T.);
#3499 = SURFACE_CURVE('',#3500,(#3505,#3512),.PCURVE_S1.);
#3500 = CIRCLE('',#3501,7.5);
#3501 = AXIS2_PLACEMENT_3D('',#3502,#3503,#3504);
#3502 = CARTESIAN_POINT('',(22.62741699797,-22.62741699797,-291.7));
#3503 = DIRECTION('',(0.,0.,1.));
#3504 = DIRECTION('',(1.,0.,-0.));
#3505 = PCURVE('',#1621,#3506);
#3506 = DEFINITIONAL_REPRESENTATION('',(#3507),#3511);
#3507 = LINE('',#3508,#3509);
#3508 = CARTESIAN_POINT('',(0.,0.));
#3509 = VECTOR('',#3510,1.);
#3510 = DIRECTION('',(1.,0.));
#3511 = ( GEOMETRIC_REPRESENTATION_CONTEXT(2) 
PARAMETRIC_REPRESENTATION_CONTEXT() REPRESENTATION_CONTEXT('2D SPACE',''
  ) );
#3512 = PCURVE('',#2337,#3513);
#3513 = DEFINITIONAL_REPRESENTATION('',(#3514),#3518);
#3514 = LINE('',#3515,#3516);
#3515 = CARTESIAN_POINT('',(0.,13.));
#3516 = VECTOR('',#3517,1.);
#3517 = DIRECTION('',(1.,0.));
#3518 = ( GEOMETRIC_REPRESENTATION_CONTEXT(2) 
PARAMETRIC_REPRESENTATION_CONTEXT() REPRESENTATION_CONTEXT('2D SPACE',''
  ) );
#3519 = ORIENTED_EDGE('',*,*,#3475,.T.);
#3520 = ADVANCED_FACE('',(#3521),#1652,.F.);
#3521 = FACE_BOUND('',#3522,.F.);
#3522 = EDGE_LOOP('',(#3523,#3524,#3545,#3546));
#3523 = ORIENTED_EDGE('',*,*,#1635,.F.);
#3524 = ORIENTED_EDGE('',*,*,#3525,.F.);
#3525 = EDGE_CURVE('',#2352,#1636,#3526,.T.);
#3526 = SEAM_CURVE('',#3527,(#3531,#3538),.PCURVE_S1.);
#3527 = LINE('',#3528,#3529);
#3528 = CARTESIAN_POINT('',(9.579643498754,-17.09177135145,-304.7));
#3529 = VECTOR('',#3530,1.);
#3530 = DIRECTION('',(0.,0.,1.));
#3531 = PCURVE('',#1652,#3532);
#3532 = DEFINITIONAL_REPRESENTATION('',(#3533),#3537);
#3533 = LINE('',#3534,#3535);
#3534 = CARTESIAN_POINT('',(6.28318530718,-0.));
#3535 = VECTOR('',#3536,1.);
#3536 = DIRECTION('',(0.,1.));
#3537 = ( GEOMETRIC_REPRESENTATION_CONTEXT(2) 
PARAMETRIC_REPRESENTATION_CONTEXT() REPRESENTATION_CONTEXT('2D SPACE',''
  ) );
#3538 = PCURVE('',#1652,#3539);
#3539 = DEFINITIONAL_REPRESENTATION('',(#3540),#3544);
#3540 = LINE('',#3541,#3542);
#3541 = CARTESIAN_POINT('',(0.,-0.));
#3542 = VECTOR('',#3543,1.);
#3543 = DIRECTION('',(0.,1.));
#3544 = ( GEOMETRIC_REPRESENTATION_CONTEXT(2) 
PARAMETRIC_REPRESENTATION_CONTEXT() REPRESENTATION_CONTEXT('2D SPACE',''
  ) );
#3545 = ORIENTED_EDGE('',*,*,#2351,.T.);
#3546 = ORIENTED_EDGE('',*,*,#3525,.T.);
#3547 = ADVANCED_FACE('',(#3548),#1683,.F.);
#3548 = FACE_BOUND('',#3549,.F.);
#3549 = EDGE_LOOP('',(#3550,#3551,#3572,#3573));
#3550 = ORIENTED_EDGE('',*,*,#1666,.F.);
#3551 = ORIENTED_EDGE('',*,*,#3552,.F.);
#3552 = EDGE_CURVE('',#2378,#1667,#3553,.T.);
#3553 = SEAM_CURVE('',#3554,(#3558,#3565),.PCURVE_S1.);
#3554 = LINE('',#3555,#3556);
#3555 = CARTESIAN_POINT('',(19.591771351459,-7.079643498754,-304.7));
#3556 = VECTOR('',#3557,1.);
#3557 = DIRECTION('',(0.,0.,1.));
#3558 = PCURVE('',#1683,#3559);
#3559 = DEFINITIONAL_REPRESENTATION('',(#3560),#3564);
#3560 = LINE('',#3561,#3562);
#3561 = CARTESIAN_POINT('',(6.28318530718,-0.));
#3562 = VECTOR('',#3563,1.);
#3563 = DIRECTION('',(0.,1.));
#3564 = ( GEOMETRIC_REPRESENTATION_CONTEXT(2) 
PARAMETRIC_REPRESENTATION_CONTEXT() REPRESENTATION_CONTEXT('2D SPACE',''
  ) );
#3565 = PCURVE('',#1683,#3566);
#3566 = DEFINITIONAL_REPRESENTATION('',(#3567),#3571);
#3567 = LINE('',#3568,#3569);
#3568 = CARTESIAN_POINT('',(0.,-0.));
#3569 = VECTOR('',#3570,1.);
#3570 = DIRECTION('',(0.,1.));
#3571 = ( GEOMETRIC_REPRESENTATION_CONTEXT(2) 
PARAMETRIC_REPRESENTATION_CONTEXT() REPRESENTATION_CONTEXT('2D SPACE',''
  ) );
#3572 = ORIENTED_EDGE('',*,*,#2377,.T.);
#3573 = ORIENTED_EDGE('',*,*,#3552,.T.);
#3574 = ADVANCED_FACE('',(#3575),#1714,.F.);
#3575 = FACE_BOUND('',#3576,.F.);
#3576 = EDGE_LOOP('',(#3577,#3578,#3601,#3623));
#3577 = ORIENTED_EDGE('',*,*,#1697,.F.);
#3578 = ORIENTED_EDGE('',*,*,#3579,.F.);
#3579 = EDGE_CURVE('',#3580,#1698,#3582,.T.);
#3580 = VERTEX_POINT('',#3581);
#3581 = CARTESIAN_POINT('',(-24.5,2.081899558551E-15,-291.7));
#3582 = SEAM_CURVE('',#3583,(#3587,#3594),.PCURVE_S1.);
#3583 = LINE('',#3584,#3585);
#3584 = CARTESIAN_POINT('',(-24.5,2.081899558551E-15,-291.7));
#3585 = VECTOR('',#3586,1.);
#3586 = DIRECTION('',(0.707106781187,-1.731912112471E-16,0.707106781187)
  );
#3587 = PCURVE('',#1714,#3588);
#3588 = DEFINITIONAL_REPRESENTATION('',(#3589),#3593);
#3589 = LINE('',#3590,#3591);
#3590 = CARTESIAN_POINT('',(6.28318530718,-0.));
#3591 = VECTOR('',#3592,1.);
#3592 = DIRECTION('',(0.,1.));
#3593 = ( GEOMETRIC_REPRESENTATION_CONTEXT(2) 
PARAMETRIC_REPRESENTATION_CONTEXT() REPRESENTATION_CONTEXT('2D SPACE',''
  ) );
#3594 = PCURVE('',#1714,#3595);
#3595 = DEFINITIONAL_REPRESENTATION('',(#3596),#3600);
#3596 = LINE('',#3597,#3598);
#3597 = CARTESIAN_POINT('',(0.,-0.));
#3598 = VECTOR('',#3599,1.);
#3599 = DIRECTION('',(0.,1.));
#3600 = ( GEOMETRIC_REPRESENTATION_CONTEXT(2) 
PARAMETRIC_REPRESENTATION_CONTEXT() REPRESENTATION_CONTEXT('2D SPACE',''
  ) );
#3601 = ORIENTED_EDGE('',*,*,#3602,.T.);
#3602 = EDGE_CURVE('',#3580,#3580,#3603,.T.);
#3603 = SURFACE_CURVE('',#3604,(#3609,#3616),.PCURVE_S1.);
#3604 = CIRCLE('',#3605,7.5);
#3605 = AXIS2_PLACEMENT_3D('',#3606,#3607,#3608);
#3606 = CARTESIAN_POINT('',(-32.,3.918869757272E-15,-291.7));
#3607 = DIRECTION('',(0.,0.,1.));
#3608 = DIRECTION('',(1.,0.,-0.));
#3609 = PCURVE('',#1714,#3610);
#3610 = DEFINITIONAL_REPRESENTATION('',(#3611),#3615);
#3611 = LINE('',#3612,#3613);
#3612 = CARTESIAN_POINT('',(0.,0.));
#3613 = VECTOR('',#3614,1.);
#3614 = DIRECTION('',(1.,0.));
#3615 = ( GEOMETRIC_REPRESENTATION_CONTEXT(2) 
PARAMETRIC_REPRESENTATION_CONTEXT() REPRESENTATION_CONTEXT('2D SPACE',''
  ) );
#3616 = PCURVE('',#2451,#3617);
#3617 = DEFINITIONAL_REPRESENTATION('',(#3618),#3622);
#3618 = LINE('',#3619,#3620);
#3619 = CARTESIAN_POINT('',(0.,13.));
#3620 = VECTOR('',#3621,1.);
#3621 = DIRECTION('',(1.,0.));
#3622 = ( GEOMETRIC_REPRESENTATION_CONTEXT(2) 
PARAMETRIC_REPRESENTATION_CONTEXT() REPRESENTATION_CONTEXT('2D SPACE',''
  ) );
#3623 = ORIENTED_EDGE('',*,*,#3579,.T.);
#3624 = ADVANCED_FACE('',(#3625),#1747,.F.);
#3625 = FACE_BOUND('',#3626,.F.);
#3626 = EDGE_LOOP('',(#3627,#3650,#3651,#3678,#3703,#3704,#3705));
#3627 = ORIENTED_EDGE('',*,*,#3628,.T.);
#3628 = EDGE_CURVE('',#3629,#1729,#3631,.T.);
#3629 = VERTEX_POINT('',#3630);
#3630 = CARTESIAN_POINT('',(-15.12741699797,22.62741699797,-291.7));
#3631 = SEAM_CURVE('',#3632,(#3636,#3643),.PCURVE_S1.);
#3632 = LINE('',#3633,#3634);
#3633 = CARTESIAN_POINT('',(-15.12741699797,22.62741699797,-291.7));
#3634 = VECTOR('',#3635,1.);
#3635 = DIRECTION('',(0.707106781187,-1.731912112471E-16,0.707106781187)
  );
#3636 = PCURVE('',#1747,#3637);
#3637 = DEFINITIONAL_REPRESENTATION('',(#3638),#3642);
#3638 = LINE('',#3639,#3640);
#3639 = CARTESIAN_POINT('',(6.28318530718,-0.));
#3640 = VECTOR('',#3641,1.);
#3641 = DIRECTION('',(0.,1.));
#3642 = ( GEOMETRIC_REPRESENTATION_CONTEXT(2) 
PARAMETRIC_REPRESENTATION_CONTEXT() REPRESENTATION_CONTEXT('2D SPACE',''
  ) );
#3643 = PCURVE('',#1747,#3644);
#3644 = DEFINITIONAL_REPRESENTATION('',(#3645),#3649);
#3645 = LINE('',#3646,#3647);
#3646 = CARTESIAN_POINT('',(0.,-0.));
#3647 = VECTOR('',#3648,1.);
#3648 = DIRECTION('',(0.,1.));
#3649 = ( GEOMETRIC_REPRESENTATION_CONTEXT(2) 
PARAMETRIC_REPRESENTATION_CONTEXT() REPRESENTATION_CONTEXT('2D SPACE',''
  ) );
#3650 = ORIENTED_EDGE('',*,*,#1759,.F.);
#3651 = ORIENTED_EDGE('',*,*,#3652,.T.);
#3652 = EDGE_CURVE('',#1760,#3653,#3655,.T.);
#3653 = VERTEX_POINT('',#3654);
#3654 = CARTESIAN_POINT('',(-21.83685263339,13.915885421611,
    -290.4526704406));
#3655 = SURFACE_CURVE('',#3656,(#3661,#3671),.PCURVE_S1.);
#3656 = HYPERBOLA('',#3657,5.910488706149E-02,5.910488706149E-02);
#3657 = AXIS2_PLACEMENT_3D('',#3658,#3659,#3660);
#3658 = CARTESIAN_POINT('',(-22.68624256384,22.621677618695,-299.2));
#3659 = DIRECTION('',(-0.995274143917,-9.7104986742E-02,0.));
#3660 = DIRECTION('',(0.,0.,1.));
#3661 = PCURVE('',#1747,#3662);
#3662 = DEFINITIONAL_REPRESENTATION('',(#3663),#3670);
#3663 = B_SPLINE_CURVE_WITH_KNOTS('',5,(#3664,#3665,#3666,#3667,#3668,
    #3669),.UNSPECIFIED.,.F.,.F.,(6,6),(-5.772870968645,-5.671010896959)
  ,.PIECEWISE_BEZIER_KNOTS.);
#3664 = CARTESIAN_POINT('',(4.803425617743,2.));
#3665 = CARTESIAN_POINT('',(4.803298871889,1.806469609482));
#3666 = CARTESIAN_POINT('',(4.803168898513,1.617867568903));
#3667 = CARTESIAN_POINT('',(4.803035588034,1.434026549495));
#3668 = CARTESIAN_POINT('',(4.802898825298,1.254787735684));
#3669 = CARTESIAN_POINT('',(4.80275848898,1.08));
#3670 = ( GEOMETRIC_REPRESENTATION_CONTEXT(2) 
PARAMETRIC_REPRESENTATION_CONTEXT() REPRESENTATION_CONTEXT('2D SPACE',''
  ) );
#3671 = PCURVE('',#1798,#3672);
#3672 = DEFINITIONAL_REPRESENTATION('',(#3673),#3677);
#3673 = ( BOUNDED_CURVE() B_SPLINE_CURVE(2,(#3674,#3675,#3676),
.UNSPECIFIED.,.F.,.F.) B_SPLINE_CURVE_WITH_KNOTS((3,3),(-5.772870968645,
-5.671010896959),.PIECEWISE_BEZIER_KNOTS.) CURVE() 
GEOMETRIC_REPRESENTATION_ITEM() RATIONAL_B_SPLINE_CURVE((1.,
1.001297214639,1.)) REPRESENTATION_ITEM('') );
#3674 = CARTESIAN_POINT('',(4.347313738296,-0.8));
#3675 = CARTESIAN_POINT('',(4.830731177302,-0.316591917121));
#3676 = CARTESIAN_POINT('',(5.267333453793,0.12));
#3677 = ( GEOMETRIC_REPRESENTATION_CONTEXT(2) 
PARAMETRIC_REPRESENTATION_CONTEXT() REPRESENTATION_CONTEXT('2D SPACE',''
  ) );
#3678 = ORIENTED_EDGE('',*,*,#3679,.T.);
#3679 = EDGE_CURVE('',#3653,#1731,#3680,.T.);
#3680 = SURFACE_CURVE('',#3681,(#3686,#3696),.PCURVE_S1.);
#3681 = HYPERBOLA('',#3682,7.231125546522,7.231125546522);
#3682 = AXIS2_PLACEMENT_3D('',#3683,#3684,#3685);
#3683 = CARTESIAN_POINT('',(-18.03491830445,17.041888158222,-299.2));
#3684 = DIRECTION('',(0.635101501691,-0.772428690916,0.));
#3685 = DIRECTION('',(0.,0.,1.));
#3686 = PCURVE('',#1747,#3687);
#3687 = DEFINITIONAL_REPRESENTATION('',(#3688),#3695);
#3688 = B_SPLINE_CURVE_WITH_KNOTS('',5,(#3689,#3690,#3691,#3692,#3693,
    #3694),.UNSPECIFIED.,.F.,.F.,(6,6),(0.60168126071,0.772793883721),
  .PIECEWISE_BEZIER_KNOTS.);
#3689 = CARTESIAN_POINT('',(4.832175747558,1.08));
#3690 = CARTESIAN_POINT('',(4.803333396519,1.238044433001));
#3691 = CARTESIAN_POINT('',(4.775155139423,1.40864977743));
#3692 = CARTESIAN_POINT('',(4.747670606168,1.592201700293));
#3693 = CARTESIAN_POINT('',(4.720898709103,1.789146965288));
#3694 = CARTESIAN_POINT('',(4.694849512059,2.));
#3695 = ( GEOMETRIC_REPRESENTATION_CONTEXT(2) 
PARAMETRIC_REPRESENTATION_CONTEXT() REPRESENTATION_CONTEXT('2D SPACE',''
  ) );
#3696 = PCURVE('',#1848,#3697);
#3697 = DEFINITIONAL_REPRESENTATION('',(#3698),#3702);
#3698 = ( BOUNDED_CURVE() B_SPLINE_CURVE(2,(#3699,#3700,#3701),
.UNSPECIFIED.,.F.,.F.) B_SPLINE_CURVE_WITH_KNOTS((3,3),(0.60168126071,
0.772793883721),.PIECEWISE_BEZIER_KNOTS.) CURVE() 
GEOMETRIC_REPRESENTATION_ITEM() RATIONAL_B_SPLINE_CURVE((1.,
1.003662174292,1.)) REPRESENTATION_ITEM('') );
#3699 = CARTESIAN_POINT('',(-0.303911510027,0.12));
#3700 = CARTESIAN_POINT('',(0.428375761758,-0.274149841317));
#3701 = CARTESIAN_POINT('',(1.239183347067,-0.8));
#3702 = ( GEOMETRIC_REPRESENTATION_CONTEXT(2) 
PARAMETRIC_REPRESENTATION_CONTEXT() REPRESENTATION_CONTEXT('2D SPACE',''
  ) );
#3703 = ORIENTED_EDGE('',*,*,#1728,.F.);
#3704 = ORIENTED_EDGE('',*,*,#3628,.F.);
#3705 = ORIENTED_EDGE('',*,*,#3706,.T.);
#3706 = EDGE_CURVE('',#3629,#3629,#3707,.T.);
#3707 = SURFACE_CURVE('',#3708,(#3713,#3720),.PCURVE_S1.);
#3708 = CIRCLE('',#3709,7.5);
#3709 = AXIS2_PLACEMENT_3D('',#3710,#3711,#3712);
#3710 = CARTESIAN_POINT('',(-22.62741699797,22.62741699797,-291.7));
#3711 = DIRECTION('',(0.,0.,1.));
#3712 = DIRECTION('',(1.,0.,-0.));
#3713 = PCURVE('',#1747,#3714);
#3714 = DEFINITIONAL_REPRESENTATION('',(#3715),#3719);
#3715 = LINE('',#3716,#3717);
#3716 = CARTESIAN_POINT('',(0.,0.));
#3717 = VECTOR('',#3718,1.);
#3718 = DIRECTION('',(1.,0.));
#3719 = ( GEOMETRIC_REPRESENTATION_CONTEXT(2) 
PARAMETRIC_REPRESENTATION_CONTEXT() REPRESENTATION_CONTEXT('2D SPACE',''
  ) );
#3720 = PCURVE('',#2534,#3721);
#3721 = DEFINITIONAL_REPRESENTATION('',(#3722),#3726);
#3722 = LINE('',#3723,#3724);
#3723 = CARTESIAN_POINT('',(0.,13.));
#3724 = VECTOR('',#3725,1.);
#3725 = DIRECTION('',(1.,0.));
#3726 = ( GEOMETRIC_REPRESENTATION_CONTEXT(2) 
PARAMETRIC_REPRESENTATION_CONTEXT() REPRESENTATION_CONTEXT('2D SPACE',''
  ) );
#3727 = ADVANCED_FACE('',(#3728),#1848,.T.);
#3728 = FACE_BOUND('',#3729,.T.);
#3729 = EDGE_LOOP('',(#3730,#3760,#3781,#3782,#3783));
#3730 = ORIENTED_EDGE('',*,*,#3731,.F.);
#3731 = EDGE_CURVE('',#3732,#3734,#3736,.T.);
#3732 = VERTEX_POINT('',#3733);
#3733 = CARTESIAN_POINT('',(-21.83685263339,13.915885421611,-290.5));
#3734 = VERTEX_POINT('',#3735);
#3735 = CARTESIAN_POINT('',(-25.77623895706,10.676867762986,-290.5));
#3736 = SURFACE_CURVE('',#3737,(#3741,#3748),.PCURVE_S1.);
#3737 = LINE('',#3738,#3739);
#3738 = CARTESIAN_POINT('',(-21.83685263339,13.915885421611,-290.5));
#3739 = VECTOR('',#3740,1.);
#3740 = DIRECTION('',(-0.772428690916,-0.635101501691,0.));
#3741 = PCURVE('',#1848,#3742);
#3742 = DEFINITIONAL_REPRESENTATION('',(#3743),#3747);
#3743 = LINE('',#3744,#3745);
#3744 = CARTESIAN_POINT('',(0.,0.));
#3745 = VECTOR('',#3746,1.);
#3746 = DIRECTION('',(1.,0.));
#3747 = ( GEOMETRIC_REPRESENTATION_CONTEXT(2) 
PARAMETRIC_REPRESENTATION_CONTEXT() REPRESENTATION_CONTEXT('2D SPACE',''
  ) );
#3748 = PCURVE('',#3749,#3754);
#3749 = PLANE('',#3750);
#3750 = AXIS2_PLACEMENT_3D('',#3751,#3752,#3753);
#3751 = CARTESIAN_POINT('',(-22.97342242751,11.171963210052,-290.5));
#3752 = DIRECTION('',(0.,0.,1.));
#3753 = DIRECTION('',(-0.923879532511,0.382683432365,0.));
#3754 = DEFINITIONAL_REPRESENTATION('',(#3755),#3759);
#3755 = LINE('',#3756,#3757);
#3756 = CARTESIAN_POINT('',(1.898481372109E-17,-2.97));
#3757 = VECTOR('',#3758,1.);
#3758 = DIRECTION('',(0.470588235294,0.882352941176));
#3759 = ( GEOMETRIC_REPRESENTATION_CONTEXT(2) 
PARAMETRIC_REPRESENTATION_CONTEXT() REPRESENTATION_CONTEXT('2D SPACE',''
  ) );
#3760 = ORIENTED_EDGE('',*,*,#3761,.T.);
#3761 = EDGE_CURVE('',#3732,#3653,#3762,.T.);
#3762 = SURFACE_CURVE('',#3763,(#3767,#3774),.PCURVE_S1.);
#3763 = LINE('',#3764,#3765);
#3764 = CARTESIAN_POINT('',(-21.83685263339,13.915885421611,-290.5));
#3765 = VECTOR('',#3766,1.);
#3766 = DIRECTION('',(0.,0.,1.));
#3767 = PCURVE('',#1848,#3768);
#3768 = DEFINITIONAL_REPRESENTATION('',(#3769),#3773);
#3769 = LINE('',#3770,#3771);
#3770 = CARTESIAN_POINT('',(0.,0.));
#3771 = VECTOR('',#3772,1.);
#3772 = DIRECTION('',(0.,-1.));
#3773 = ( GEOMETRIC_REPRESENTATION_CONTEXT(2) 
PARAMETRIC_REPRESENTATION_CONTEXT() REPRESENTATION_CONTEXT('2D SPACE',''
  ) );
#3774 = PCURVE('',#1798,#3775);
#3775 = DEFINITIONAL_REPRESENTATION('',(#3776),#3780);
#3776 = LINE('',#3777,#3778);
#3777 = CARTESIAN_POINT('',(5.1,0.));
#3778 = VECTOR('',#3779,1.);
#3779 = DIRECTION('',(0.,-1.));
#3780 = ( GEOMETRIC_REPRESENTATION_CONTEXT(2) 
PARAMETRIC_REPRESENTATION_CONTEXT() REPRESENTATION_CONTEXT('2D SPACE',''
  ) );
#3781 = ORIENTED_EDGE('',*,*,#3679,.T.);
#3782 = ORIENTED_EDGE('',*,*,#1835,.F.);
#3783 = ORIENTED_EDGE('',*,*,#3784,.F.);
#3784 = EDGE_CURVE('',#3734,#1810,#3785,.T.);
#3785 = SURFACE_CURVE('',#3786,(#3790,#3797),.PCURVE_S1.);
#3786 = LINE('',#3787,#3788);
#3787 = CARTESIAN_POINT('',(-25.77623895706,10.676867762986,-290.5));
#3788 = VECTOR('',#3789,1.);
#3789 = DIRECTION('',(0.,0.,1.));
#3790 = PCURVE('',#1848,#3791);
#3791 = DEFINITIONAL_REPRESENTATION('',(#3792),#3796);
#3792 = LINE('',#3793,#3794);
#3793 = CARTESIAN_POINT('',(5.1,0.));
#3794 = VECTOR('',#3795,1.);
#3795 = DIRECTION('',(0.,-1.));
#3796 = ( GEOMETRIC_REPRESENTATION_CONTEXT(2) 
PARAMETRIC_REPRESENTATION_CONTEXT() REPRESENTATION_CONTEXT('2D SPACE',''
  ) );
#3797 = PCURVE('',#1824,#3798);
#3798 = DEFINITIONAL_REPRESENTATION('',(#3799),#3803);
#3799 = LINE('',#3800,#3801);
#3800 = CARTESIAN_POINT('',(0.,-0.));
#3801 = VECTOR('',#3802,1.);
#3802 = DIRECTION('',(0.,-1.));
#3803 = ( GEOMETRIC_REPRESENTATION_CONTEXT(2) 
PARAMETRIC_REPRESENTATION_CONTEXT() REPRESENTATION_CONTEXT('2D SPACE',''
  ) );
#3804 = ADVANCED_FACE('',(#3805),#1798,.T.);
#3805 = FACE_BOUND('',#3806,.T.);
#3806 = EDGE_LOOP('',(#3807,#3830,#3851,#3852,#3853));
#3807 = ORIENTED_EDGE('',*,*,#3808,.F.);
#3808 = EDGE_CURVE('',#3809,#3732,#3811,.T.);
#3809 = VERTEX_POINT('',#3810);
#3810 = CARTESIAN_POINT('',(-21.34161720101,8.839987287634,-290.5));
#3811 = SURFACE_CURVE('',#3812,(#3816,#3823),.PCURVE_S1.);
#3812 = LINE('',#3813,#3814);
#3813 = CARTESIAN_POINT('',(-21.34161720101,8.839987287634,-290.5));
#3814 = VECTOR('',#3815,1.);
#3815 = DIRECTION('',(-9.7104986742E-02,0.995274143917,0.));
#3816 = PCURVE('',#1798,#3817);
#3817 = DEFINITIONAL_REPRESENTATION('',(#3818),#3822);
#3818 = LINE('',#3819,#3820);
#3819 = CARTESIAN_POINT('',(0.,0.));
#3820 = VECTOR('',#3821,1.);
#3821 = DIRECTION('',(1.,0.));
#3822 = ( GEOMETRIC_REPRESENTATION_CONTEXT(2) 
PARAMETRIC_REPRESENTATION_CONTEXT() REPRESENTATION_CONTEXT('2D SPACE',''
  ) );
#3823 = PCURVE('',#3749,#3824);
#3824 = DEFINITIONAL_REPRESENTATION('',(#3825),#3829);
#3825 = LINE('',#3826,#3827);
#3826 = CARTESIAN_POINT('',(-2.4,1.53));
#3827 = VECTOR('',#3828,1.);
#3828 = DIRECTION('',(0.470588235294,-0.882352941176));
#3829 = ( GEOMETRIC_REPRESENTATION_CONTEXT(2) 
PARAMETRIC_REPRESENTATION_CONTEXT() REPRESENTATION_CONTEXT('2D SPACE',''
  ) );
#3830 = ORIENTED_EDGE('',*,*,#3831,.T.);
#3831 = EDGE_CURVE('',#3809,#1784,#3832,.T.);
#3832 = SURFACE_CURVE('',#3833,(#3837,#3844),.PCURVE_S1.);
#3833 = LINE('',#3834,#3835);
#3834 = CARTESIAN_POINT('',(-21.34161720101,8.839987287634,-290.5));
#3835 = VECTOR('',#3836,1.);
#3836 = DIRECTION('',(0.,0.,1.));
#3837 = PCURVE('',#1798,#3838);
#3838 = DEFINITIONAL_REPRESENTATION('',(#3839),#3843);
#3839 = LINE('',#3840,#3841);
#3840 = CARTESIAN_POINT('',(0.,0.));
#3841 = VECTOR('',#3842,1.);
#3842 = DIRECTION('',(0.,-1.));
#3843 = ( GEOMETRIC_REPRESENTATION_CONTEXT(2) 
PARAMETRIC_REPRESENTATION_CONTEXT() REPRESENTATION_CONTEXT('2D SPACE',''
  ) );
#3844 = PCURVE('',#1824,#3845);
#3845 = DEFINITIONAL_REPRESENTATION('',(#3846),#3850);
#3846 = LINE('',#3847,#3848);
#3847 = CARTESIAN_POINT('',(4.8,0.));
#3848 = VECTOR('',#3849,1.);
#3849 = DIRECTION('',(0.,-1.));
#3850 = ( GEOMETRIC_REPRESENTATION_CONTEXT(2) 
PARAMETRIC_REPRESENTATION_CONTEXT() REPRESENTATION_CONTEXT('2D SPACE',''
  ) );
#3851 = ORIENTED_EDGE('',*,*,#1783,.F.);
#3852 = ORIENTED_EDGE('',*,*,#3652,.T.);
#3853 = ORIENTED_EDGE('',*,*,#3761,.F.);
#3854 = ADVANCED_FACE('',(#3855),#1824,.T.);
#3855 = FACE_BOUND('',#3856,.T.);
#3856 = EDGE_LOOP('',(#3857,#3878,#3879,#3880));
#3857 = ORIENTED_EDGE('',*,*,#3858,.F.);
#3858 = EDGE_CURVE('',#3734,#3809,#3859,.T.);
#3859 = SURFACE_CURVE('',#3860,(#3864,#3871),.PCURVE_S1.);
#3860 = LINE('',#3861,#3862);
#3861 = CARTESIAN_POINT('',(-25.77623895706,10.676867762986,-290.5));
#3862 = VECTOR('',#3863,1.);
#3863 = DIRECTION('',(0.923879532511,-0.382683432365,0.));
#3864 = PCURVE('',#1824,#3865);
#3865 = DEFINITIONAL_REPRESENTATION('',(#3866),#3870);
#3866 = LINE('',#3867,#3868);
#3867 = CARTESIAN_POINT('',(0.,-0.));
#3868 = VECTOR('',#3869,1.);
#3869 = DIRECTION('',(1.,0.));
#3870 = ( GEOMETRIC_REPRESENTATION_CONTEXT(2) 
PARAMETRIC_REPRESENTATION_CONTEXT() REPRESENTATION_CONTEXT('2D SPACE',''
  ) );
#3871 = PCURVE('',#3749,#3872);
#3872 = DEFINITIONAL_REPRESENTATION('',(#3873),#3877);
#3873 = LINE('',#3874,#3875);
#3874 = CARTESIAN_POINT('',(2.4,1.53));
#3875 = VECTOR('',#3876,1.);
#3876 = DIRECTION('',(-1.,0.));
#3877 = ( GEOMETRIC_REPRESENTATION_CONTEXT(2) 
PARAMETRIC_REPRESENTATION_CONTEXT() REPRESENTATION_CONTEXT('2D SPACE',''
  ) );
#3878 = ORIENTED_EDGE('',*,*,#3784,.T.);
#3879 = ORIENTED_EDGE('',*,*,#1809,.F.);
#3880 = ORIENTED_EDGE('',*,*,#3831,.F.);
#3881 = ADVANCED_FACE('',(#3882),#1878,.F.);
#3882 = FACE_BOUND('',#3883,.F.);
#3883 = EDGE_LOOP('',(#3884,#3885,#3906,#3907));
#3884 = ORIENTED_EDGE('',*,*,#1861,.F.);
#3885 = ORIENTED_EDGE('',*,*,#3886,.F.);
#3886 = EDGE_CURVE('',#2466,#1862,#3887,.T.);
#3887 = SEAM_CURVE('',#3888,(#3892,#3899),.PCURVE_S1.);
#3888 = LINE('',#3889,#3890);
#3889 = CARTESIAN_POINT('',(-14.59177135145,7.079643498754,-304.7));
#3890 = VECTOR('',#3891,1.);
#3891 = DIRECTION('',(0.,0.,1.));
#3892 = PCURVE('',#1878,#3893);
#3893 = DEFINITIONAL_REPRESENTATION('',(#3894),#3898);
#3894 = LINE('',#3895,#3896);
#3895 = CARTESIAN_POINT('',(6.28318530718,-0.));
#3896 = VECTOR('',#3897,1.);
#3897 = DIRECTION('',(0.,1.));
#3898 = ( GEOMETRIC_REPRESENTATION_CONTEXT(2) 
PARAMETRIC_REPRESENTATION_CONTEXT() REPRESENTATION_CONTEXT('2D SPACE',''
  ) );
#3899 = PCURVE('',#1878,#3900);
#3900 = DEFINITIONAL_REPRESENTATION('',(#3901),#3905);
#3901 = LINE('',#3902,#3903);
#3902 = CARTESIAN_POINT('',(0.,-0.));
#3903 = VECTOR('',#3904,1.);
#3904 = DIRECTION('',(0.,1.));
#3905 = ( GEOMETRIC_REPRESENTATION_CONTEXT(2) 
PARAMETRIC_REPRESENTATION_CONTEXT() REPRESENTATION_CONTEXT('2D SPACE',''
  ) );
#3906 = ORIENTED_EDGE('',*,*,#2465,.T.);
#3907 = ORIENTED_EDGE('',*,*,#3886,.T.);
#3908 = ADVANCED_FACE('',(#3909),#1909,.F.);
#3909 = FACE_BOUND('',#3910,.F.);
#3910 = EDGE_LOOP('',(#3911,#3912,#3933,#3934));
#3911 = ORIENTED_EDGE('',*,*,#1892,.F.);
#3912 = ORIENTED_EDGE('',*,*,#3913,.F.);
#3913 = EDGE_CURVE('',#2492,#1893,#3914,.T.);
#3914 = SEAM_CURVE('',#3915,(#3919,#3926),.PCURVE_S1.);
#3915 = LINE('',#3916,#3917);
#3916 = CARTESIAN_POINT('',(-4.579643498754,17.091771351459,-304.7));
#3917 = VECTOR('',#3918,1.);
#3918 = DIRECTION('',(0.,0.,1.));
#3919 = PCURVE('',#1909,#3920);
#3920 = DEFINITIONAL_REPRESENTATION('',(#3921),#3925);
#3921 = LINE('',#3922,#3923);
#3922 = CARTESIAN_POINT('',(6.28318530718,-0.));
#3923 = VECTOR('',#3924,1.);
#3924 = DIRECTION('',(0.,1.));
#3925 = ( GEOMETRIC_REPRESENTATION_CONTEXT(2) 
PARAMETRIC_REPRESENTATION_CONTEXT() REPRESENTATION_CONTEXT('2D SPACE',''
  ) );
#3926 = PCURVE('',#1909,#3927);
#3927 = DEFINITIONAL_REPRESENTATION('',(#3928),#3932);
#3928 = LINE('',#3929,#3930);
#3929 = CARTESIAN_POINT('',(0.,-0.));
#3930 = VECTOR('',#3931,1.);
#3931 = DIRECTION('',(0.,1.));
#3932 = ( GEOMETRIC_REPRESENTATION_CONTEXT(2) 
PARAMETRIC_REPRESENTATION_CONTEXT() REPRESENTATION_CONTEXT('2D SPACE',''
  ) );
#3933 = ORIENTED_EDGE('',*,*,#2491,.T.);
#3934 = ORIENTED_EDGE('',*,*,#3913,.T.);
#3935 = ADVANCED_FACE('',(#3936,#3990),#1940,.T.);
#3936 = FACE_BOUND('',#3937,.T.);
#3937 = EDGE_LOOP('',(#3938,#3961,#3988,#3989));
#3938 = ORIENTED_EDGE('',*,*,#3939,.T.);
#3939 = EDGE_CURVE('',#1924,#3940,#3942,.T.);
#3940 = VERTEX_POINT('',#3941);
#3941 = CARTESIAN_POINT('',(10.,-2.449293598295E-15,-282.7));
#3942 = SEAM_CURVE('',#3943,(#3947,#3954),.PCURVE_S1.);
#3943 = LINE('',#3944,#3945);
#3944 = CARTESIAN_POINT('',(10.,-2.449293598295E-15,-289.7));
#3945 = VECTOR('',#3946,1.);
#3946 = DIRECTION('',(0.,0.,1.));
#3947 = PCURVE('',#1940,#3948);
#3948 = DEFINITIONAL_REPRESENTATION('',(#3949),#3953);
#3949 = LINE('',#3950,#3951);
#3950 = CARTESIAN_POINT('',(6.28318530718,-0.));
#3951 = VECTOR('',#3952,1.);
#3952 = DIRECTION('',(0.,1.));
#3953 = ( GEOMETRIC_REPRESENTATION_CONTEXT(2) 
PARAMETRIC_REPRESENTATION_CONTEXT() REPRESENTATION_CONTEXT('2D SPACE',''
  ) );
#3954 = PCURVE('',#1940,#3955);
#3955 = DEFINITIONAL_REPRESENTATION('',(#3956),#3960);
#3956 = LINE('',#3957,#3958);
#3957 = CARTESIAN_POINT('',(0.,-0.));
#3958 = VECTOR('',#3959,1.);
#3959 = DIRECTION('',(0.,1.));
#3960 = ( GEOMETRIC_REPRESENTATION_CONTEXT(2) 
PARAMETRIC_REPRESENTATION_CONTEXT() REPRESENTATION_CONTEXT('2D SPACE',''
  ) );
#3961 = ORIENTED_EDGE('',*,*,#3962,.F.);
#3962 = EDGE_CURVE('',#3940,#3940,#3963,.T.);
#3963 = SURFACE_CURVE('',#3964,(#3969,#3976),.PCURVE_S1.);
#3964 = CIRCLE('',#3965,10.);
#3965 = AXIS2_PLACEMENT_3D('',#3966,#3967,#3968);
#3966 = CARTESIAN_POINT('',(0.,0.,-282.7));
#3967 = DIRECTION('',(0.,0.,1.));
#3968 = DIRECTION('',(1.,0.,-0.));
#3969 = PCURVE('',#1940,#3970);
#3970 = DEFINITIONAL_REPRESENTATION('',(#3971),#3975);
#3971 = LINE('',#3972,#3973);
#3972 = CARTESIAN_POINT('',(0.,7.));
#3973 = VECTOR('',#3974,1.);
#3974 = DIRECTION('',(1.,0.));
#3975 = ( GEOMETRIC_REPRESENTATION_CONTEXT(2) 
PARAMETRIC_REPRESENTATION_CONTEXT() REPRESENTATION_CONTEXT('2D SPACE',''
  ) );
#3976 = PCURVE('',#3977,#3982);
#3977 = PLANE('',#3978);
#3978 = AXIS2_PLACEMENT_3D('',#3979,#3980,#3981);
#3979 = CARTESIAN_POINT('',(0.,0.,-282.7));
#3980 = DIRECTION('',(0.,0.,1.));
#3981 = DIRECTION('',(1.,0.,-0.));
#3982 = DEFINITIONAL_REPRESENTATION('',(#3983),#3987);
#3983 = CIRCLE('',#3984,10.);
#3984 = AXIS2_PLACEMENT_2D('',#3985,#3986);
#3985 = CARTESIAN_POINT('',(0.,0.));
#3986 = DIRECTION('',(1.,0.));
#3987 = ( GEOMETRIC_REPRESENTATION_CONTEXT(2) 
PARAMETRIC_REPRESENTATION_CONTEXT() REPRESENTATION_CONTEXT('2D SPACE',''
  ) );
#3988 = ORIENTED_EDGE('',*,*,#3939,.F.);
#3989 = ORIENTED_EDGE('',*,*,#1923,.T.);
#3990 = FACE_BOUND('',#3991,.T.);
#3991 = EDGE_LOOP('',(#3992));
#3992 = ORIENTED_EDGE('',*,*,#3993,.F.);
#3993 = EDGE_CURVE('',#3994,#3994,#3996,.T.);
#3994 = VERTEX_POINT('',#3995);
#3995 = CARTESIAN_POINT('',(-2.477621877071E-15,-10.,-289.35));
#3996 = SURFACE_CURVE('',#3997,(#4049,#4104),.PCURVE_S1.);
#3997 = B_SPLINE_CURVE_WITH_KNOTS('',8,(#3998,#3999,#4000,#4001,#4002,
    #4003,#4004,#4005,#4006,#4007,#4008,#4009,#4010,#4011,#4012,#4013,
    #4014,#4015,#4016,#4017,#4018,#4019,#4020,#4021,#4022,#4023,#4024,
    #4025,#4026,#4027,#4028,#4029,#4030,#4031,#4032,#4033,#4034,#4035,
    #4036,#4037,#4038,#4039,#4040,#4041,#4042,#4043,#4044,#4045,#4046,
    #4047,#4048),.UNSPECIFIED.,.T.,.F.,(9,7,7,7,7,7,7,9),(0.,
    0.13632218113,0.249837710405,0.398667273273,0.5352950601,
    0.749416455355,0.863287071237,1.),.UNSPECIFIED.);
#3998 = CARTESIAN_POINT('',(-2.22044604925E-15,-10.,-289.35));
#3999 = CARTESIAN_POINT('',(0.127940844498,-10.,-289.35));
#4000 = CARTESIAN_POINT('',(0.253759920541,-9.998129212244,
    -289.3321836679));
#4001 = CARTESIAN_POINT('',(0.374599409995,-9.994496602764,
    -289.2975844688));
#4002 = CARTESIAN_POINT('',(0.487887300465,-9.989439212839,
    -289.2477498952));
#4003 = CARTESIAN_POINT('',(0.591425108154,-9.983473423545,
    -289.1847164291));
#4004 = CARTESIAN_POINT('',(0.683495716379,-9.977179286349,
    -289.1109846294));
#4005 = CARTESIAN_POINT('',(0.763003982121,-9.971073117473,
    -289.0294883888));
#4006 = CARTESIAN_POINT('',(0.885169553811,-9.960902429982,
    -288.8719934828));
#4007 = CARTESIAN_POINT('',(0.932548901545,-9.956602098857,
    -288.796347737));
#4008 = CARTESIAN_POINT('',(0.971863664311,-9.952799281743,-288.71751855
    ));
#4009 = CARTESIAN_POINT('',(1.003193616758,-9.949629633226,
    -288.6362814853));
#4010 = CARTESIAN_POINT('',(1.026619323937,-9.947190746855,
    -288.5533161197));
#4011 = CARTESIAN_POINT('',(1.042207806895,-9.945544997222,
    -288.4692352083));
#4012 = CARTESIAN_POINT('',(1.05,-9.944722218343,-288.3846111853));
#4013 = CARTESIAN_POINT('',(1.05,-9.944722218343,-288.1890667575));
#4014 = CARTESIAN_POINT('',(1.036605668802,-9.946136397084,
    -288.0780355895));
#4015 = CARTESIAN_POINT('',(1.009774699337,-9.948969480948,
    -287.9681744079));
#4016 = CARTESIAN_POINT('',(0.96936849227,-9.953133292288,
    -287.8608303817));
#4017 = CARTESIAN_POINT('',(0.91521513933,-9.958440899772,
    -287.7575105935));
#4018 = CARTESIAN_POINT('',(0.847158484988,-9.964589176094,
    -287.6599558065));
#4019 = CARTESIAN_POINT('',(0.765131873617,-9.971148339809,
    -287.5702440954));
#4020 = CARTESIAN_POINT('',(0.581315665334,-9.983478718536,
    -287.4181781031));
#4021 = CARTESIAN_POINT('',(0.48011912615,-9.989376045596,
    -287.3528774454));
#4022 = CARTESIAN_POINT('',(0.367261073839,-9.994700577953,
    -287.2994085364));
#4023 = CARTESIAN_POINT('',(0.245395890138,-9.998794528382,
    -287.2610147653));
#4024 = CARTESIAN_POINT('',(0.117885451502,-10.00111303686,
    -287.239810363));
#4025 = CARTESIAN_POINT('',(-1.152465135155E-02,-10.00140410168,
    -287.2367584313));
#4026 = CARTESIAN_POINT('',(-0.139025291256,-9.999779513992,
    -287.2516379627));
#4027 = CARTESIAN_POINT('',(-0.452476581355,-9.991591744636,
    -287.3321185751));
#4028 = CARTESIAN_POINT('',(-0.622393529969,-9.982964132682,
    -287.4196040672));
#4029 = CARTESIAN_POINT('',(-0.765829489622,-9.972474847234,
    -287.5354352566));
#4030 = CARTESIAN_POINT('',(-0.880745679717,-9.962163120897,
    -287.6717888151));
#4031 = CARTESIAN_POINT('',(-0.966256212017,-9.95356314197,
    -287.8219198338));
#4032 = CARTESIAN_POINT('',(-1.022449500731,-9.947631321785,
    -287.9800051179));
#4033 = CARTESIAN_POINT('',(-1.05,-9.944722218343,-288.1409016909));
#4034 = CARTESIAN_POINT('',(-1.05,-9.944722218343,-288.3846091182));
#4035 = CARTESIAN_POINT('',(-1.042208184098,-9.945544963756,
    -288.4692324866));
#4036 = CARTESIAN_POINT('',(-1.026620001863,-9.94719067476,
    -288.5533139795));
#4037 = CARTESIAN_POINT('',(-1.003194201221,-9.949629569975,
    -288.6362807156));
#4038 = CARTESIAN_POINT('',(-0.971863654879,-9.952799288887,
    -288.717519326));
#4039 = CARTESIAN_POINT('',(-0.932548017739,-9.956602192388,
    -288.796349557));
#4040 = CARTESIAN_POINT('',(-0.885168215291,-9.960902541418,
    -288.8719952084));
#4041 = CARTESIAN_POINT('',(-0.763022981634,-9.971071535701,
    -289.0294638947));
#4042 = CARTESIAN_POINT('',(-0.683517781186,-9.977177740752,
    -289.1109681742));
#4043 = CARTESIAN_POINT('',(-0.591433015813,-9.983473313825,
    -289.1847189597));
#4044 = CARTESIAN_POINT('',(-0.487869824579,-9.989440805974,
    -289.2477675121));
#4045 = CARTESIAN_POINT('',(-0.374555978101,-9.994498819383,
    -289.29760554));
#4046 = CARTESIAN_POINT('',(-0.253702979022,-9.998130536869,
    -289.3321962861));
#4047 = CARTESIAN_POINT('',(-0.127895532135,-10.,-289.35));
#4048 = CARTESIAN_POINT('',(-2.22044604925E-15,-10.,-289.35));
#4049 = PCURVE('',#1940,#4050);
#4050 = DEFINITIONAL_REPRESENTATION('',(#4051),#4103);
#4051 = B_SPLINE_CURVE_WITH_KNOTS('',8,(#4052,#4053,#4054,#4055,#4056,
    #4057,#4058,#4059,#4060,#4061,#4062,#4063,#4064,#4065,#4066,#4067,
    #4068,#4069,#4070,#4071,#4072,#4073,#4074,#4075,#4076,#4077,#4078,
    #4079,#4080,#4081,#4082,#4083,#4084,#4085,#4086,#4087,#4088,#4089,
    #4090,#4091,#4092,#4093,#4094,#4095,#4096,#4097,#4098,#4099,#4100,
    #4101,#4102),.UNSPECIFIED.,.T.,.F.,(9,7,7,7,7,7,7,9),(0.,
    0.13632218113,0.249837710405,0.398667273273,0.5352950601,
    0.749416455355,0.863287071237,1.),.UNSPECIFIED.);
#4052 = CARTESIAN_POINT('',(4.712388980385,0.35));
#4053 = CARTESIAN_POINT('',(4.725183064834,0.35));
#4054 = CARTESIAN_POINT('',(4.737764978821,0.367816332043));
#4055 = CARTESIAN_POINT('',(4.749852091734,0.402415531106));
#4056 = CARTESIAN_POINT('',(4.761190061028,0.452250104776));
#4057 = CARTESIAN_POINT('',(4.771559708621,0.515283570892));
#4058 = CARTESIAN_POINT('',(4.780787725249,0.589015370578));
#4059 = CARTESIAN_POINT('',(4.788761795273,0.670511611182));
#4060 = CARTESIAN_POINT('',(4.801020616501,0.828006517196));
#4061 = CARTESIAN_POINT('',(4.805777895186,0.903652262922));
#4062 = CARTESIAN_POINT('',(4.809727630102,0.982481449935));
#4063 = CARTESIAN_POINT('',(4.81287658877,1.063718514605));
#4064 = CARTESIAN_POINT('',(4.81523181905,1.146683880254));
#4065 = CARTESIAN_POINT('',(4.816799330031,1.230764791698));
#4066 = CARTESIAN_POINT('',(4.817582881425,1.315388814652));
#4067 = CARTESIAN_POINT('',(4.817582881425,1.510933242434));
#4068 = CARTESIAN_POINT('',(4.816236002513,1.621964410476));
#4069 = CARTESIAN_POINT('',(4.813537993612,1.731825592052));
#4070 = CARTESIAN_POINT('',(4.809475982901,1.839169618253));
#4071 = CARTESIAN_POINT('',(4.804034854054,1.942489406448));
#4072 = CARTESIAN_POINT('',(4.797201942894,2.04004419342));
#4073 = CARTESIAN_POINT('',(4.78897377558,2.129755904531));
#4074 = CARTESIAN_POINT('',(4.770550845122,2.281821896859));
#4075 = CARTESIAN_POINT('',(4.760414423895,2.347122554516));
#4076 = CARTESIAN_POINT('',(4.749117191283,2.400591463505));
#4077 = CARTESIAN_POINT('',(4.736926252525,2.438985234675));
#4078 = CARTESIAN_POINT('',(4.724176184798,2.460189636969));
#4079 = CARTESIAN_POINT('',(4.711237618357,2.463241568617));
#4080 = CARTESIAN_POINT('',(4.698487647697,2.448362037206));
#4081 = CARTESIAN_POINT('',(4.667131826733,2.367881424808));
#4082 = CARTESIAN_POINT('',(4.650123402041,2.280395932768));
#4083 = CARTESIAN_POINT('',(4.635746588074,2.164564743333));
#4084 = CARTESIAN_POINT('',(4.624210008176,2.028211184866));
#4085 = CARTESIAN_POINT('',(4.615616024766,1.878080166182));
#4086 = CARTESIAN_POINT('',(4.609965439569,1.719994882097));
#4087 = CARTESIAN_POINT('',(4.607195079344,1.559098309095));
#4088 = CARTESIAN_POINT('',(4.607195079344,1.31539088179));
#4089 = CARTESIAN_POINT('',(4.607978592897,1.230767513389));
#4090 = CARTESIAN_POINT('',(4.609546073553,1.146686020468));
#4091 = CARTESIAN_POINT('',(4.611901313194,1.063719284314));
#4092 = CARTESIAN_POINT('',(4.615050331661,0.982480673904));
#4093 = CARTESIAN_POINT('',(4.619000154466,0.903650442905));
#4094 = CARTESIAN_POINT('',(4.623757478583,0.828004791586));
#4095 = CARTESIAN_POINT('',(4.636014258972,0.670536105206));
#4096 = CARTESIAN_POINT('',(4.643988023692,0.589031825778));
#4097 = CARTESIAN_POINT('',(4.653217463186,0.5152810403));
#4098 = CARTESIAN_POINT('',(4.663589653051,0.452232487875));
#4099 = CARTESIAN_POINT('',(4.674930215843,0.402394459922));
#4100 = CARTESIAN_POINT('',(4.68701867611,0.367803713834));
#4101 = CARTESIAN_POINT('',(4.699599427171,0.35));
#4102 = CARTESIAN_POINT('',(4.712388980385,0.35));
#4103 = ( GEOMETRIC_REPRESENTATION_CONTEXT(2) 
PARAMETRIC_REPRESENTATION_CONTEXT() REPRESENTATION_CONTEXT('2D SPACE',''
  ) );
#4104 = PCURVE('',#4105,#4110);
#4105 = CYLINDRICAL_SURFACE('',#4106,1.05);
#4106 = AXIS2_PLACEMENT_3D('',#4107,#4108,#4109);
#4107 = CARTESIAN_POINT('',(-3.330669073875E-16,-1.5,-288.3));
#4108 = DIRECTION('',(-2.22044604925E-16,-1.,2.22044604925E-16));
#4109 = DIRECTION('',(-4.930380657631E-32,-2.22044604925E-16,-1.));
#4110 = DEFINITIONAL_REPRESENTATION('',(#4111),#4163);
#4111 = B_SPLINE_CURVE_WITH_KNOTS('',8,(#4112,#4113,#4114,#4115,#4116,
    #4117,#4118,#4119,#4120,#4121,#4122,#4123,#4124,#4125,#4126,#4127,
    #4128,#4129,#4130,#4131,#4132,#4133,#4134,#4135,#4136,#4137,#4138,
    #4139,#4140,#4141,#4142,#4143,#4144,#4145,#4146,#4147,#4148,#4149,
    #4150,#4151,#4152,#4153,#4154,#4155,#4156,#4157,#4158,#4159,#4160,
    #4161,#4162),.UNSPECIFIED.,.F.,.F.,(9,7,7,7,7,7,7,9),(0.,
    0.13632218113,0.249837710405,0.398667273273,0.5352950601,
    0.749416455355,0.863287071237,1.),.UNSPECIFIED.);
#4112 = CARTESIAN_POINT('',(0.,8.5));
#4113 = CARTESIAN_POINT('',(0.121848423331,8.5));
#4114 = CARTESIAN_POINT('',(0.241676107166,8.498129212244));
#4115 = CARTESIAN_POINT('',(0.35951798456,8.494496602764));
#4116 = CARTESIAN_POINT('',(0.475297754034,8.489439212839));
#4117 = CARTESIAN_POINT('',(0.588821453217,8.483473423545));
#4118 = CARTESIAN_POINT('',(0.699743567753,8.477179286349));
#4119 = CARTESIAN_POINT('',(0.807482455934,8.471073117473));
#4120 = CARTESIAN_POINT('',(0.997312484518,8.460902429982));
#4121 = CARTESIAN_POINT('',(1.081894892217,8.456602098857));
#4122 = CARTESIAN_POINT('',(1.165141317759,8.452799281743));
#4123 = CARTESIAN_POINT('',(1.247337920893,8.449629633226));
#4124 = CARTESIAN_POINT('',(1.328746225299,8.447190746855));
#4125 = CARTESIAN_POINT('',(1.409619521807,8.445544997222));
#4126 = CARTESIAN_POINT('',(1.490214245512,8.444722218343));
#4127 = CARTESIAN_POINT('',(1.676447033875,8.444722218343));
#4128 = CARTESIAN_POINT('',(1.782190763923,8.446136397084));
#4129 = CARTESIAN_POINT('',(1.888618295871,8.448969480948));
#4130 = CARTESIAN_POINT('',(1.996254162816,8.453133292288));
#4131 = CARTESIAN_POINT('',(2.105634636874,8.458440899772));
#4132 = CARTESIAN_POINT('',(2.217330274712,8.464589176094));
#4133 = CARTESIAN_POINT('',(2.33198482134,8.471148339809));
#4134 = CARTESIAN_POINT('',(2.55918799682,8.483478718536));
#4135 = CARTESIAN_POINT('',(2.673090701945,8.489376045596));
#4136 = CARTESIAN_POINT('',(2.790325669481,8.494700577953));
#4137 = CARTESIAN_POINT('',(2.909724949289,8.498794528382));
#4138 = CARTESIAN_POINT('',(3.030434125653,8.501113036865));
#4139 = CARTESIAN_POINT('',(3.15172540724,8.501404101681));
#4140 = CARTESIAN_POINT('',(3.27286341763,8.499779513992));
#4141 = CARTESIAN_POINT('',(3.581071375573,8.491591744636));
#4142 = CARTESIAN_POINT('',(3.758535470099,8.482964132682));
#4143 = CARTESIAN_POINT('',(3.928421618137,8.472474847234));
#4144 = CARTESIAN_POINT('',(4.092372653862,8.462163120897));
#4145 = CARTESIAN_POINT('',(4.251778972425,8.45356314197));
#4146 = CARTESIAN_POINT('',(4.407630741368,8.447631321785));
#4147 = CARTESIAN_POINT('',(4.560866781246,8.444722218343));
#4148 = CARTESIAN_POINT('',(4.792969092965,8.444722218343));
#4149 = CARTESIAN_POINT('',(4.873563239049,8.445544963756));
#4150 = CARTESIAN_POINT('',(4.954436995323,8.44719067476));
#4151 = CARTESIAN_POINT('',(5.035846494121,8.449629569975));
#4152 = CARTESIAN_POINT('',(5.118044629376,8.452799288887));
#4153 = CARTESIAN_POINT('',(5.201292330265,8.456602192388));
#4154 = CARTESIAN_POINT('',(5.285874902555,8.460902541418));
#4155 = CARTESIAN_POINT('',(5.475673328377,8.471071535701));
#4156 = CARTESIAN_POINT('',(5.583416483569,8.477177740752));
#4157 = CARTESIAN_POINT('',(5.694359669662,8.483473313825));
#4158 = CARTESIAN_POINT('',(5.807909582619,8.489440805974));
#4159 = CARTESIAN_POINT('',(5.923711587161,8.494498819383));
#4160 = CARTESIAN_POINT('',(6.04156343746,8.498130536869));
#4161 = CARTESIAN_POINT('',(6.161380038479,8.5));
#4162 = CARTESIAN_POINT('',(6.28318530718,8.5));
#4163 = ( GEOMETRIC_REPRESENTATION_CONTEXT(2) 
PARAMETRIC_REPRESENTATION_CONTEXT() REPRESENTATION_CONTEXT('2D SPACE',''
  ) );
#4164 = ADVANCED_FACE('',(#4165),#1971,.F.);
#4165 = FACE_BOUND('',#4166,.F.);
#4166 = EDGE_LOOP('',(#4167,#4168,#4189,#4190));
#4167 = ORIENTED_EDGE('',*,*,#1954,.F.);
#4168 = ORIENTED_EDGE('',*,*,#4169,.F.);
#4169 = EDGE_CURVE('',#2611,#1955,#4170,.T.);
#4170 = SEAM_CURVE('',#4171,(#4175,#4182),.PCURVE_S1.);
#4171 = LINE('',#4172,#4173);
#4172 = CARTESIAN_POINT('',(19.591771351459,7.079643498754,-304.7));
#4173 = VECTOR('',#4174,1.);
#4174 = DIRECTION('',(0.,0.,1.));
#4175 = PCURVE('',#1971,#4176);
#4176 = DEFINITIONAL_REPRESENTATION('',(#4177),#4181);
#4177 = LINE('',#4178,#4179);
#4178 = CARTESIAN_POINT('',(6.28318530718,-0.));
#4179 = VECTOR('',#4180,1.);
#4180 = DIRECTION('',(0.,1.));
#4181 = ( GEOMETRIC_REPRESENTATION_CONTEXT(2) 
PARAMETRIC_REPRESENTATION_CONTEXT() REPRESENTATION_CONTEXT('2D SPACE',''
  ) );
#4182 = PCURVE('',#1971,#4183);
#4183 = DEFINITIONAL_REPRESENTATION('',(#4184),#4188);
#4184 = LINE('',#4185,#4186);
#4185 = CARTESIAN_POINT('',(0.,-0.));
#4186 = VECTOR('',#4187,1.);
#4187 = DIRECTION('',(0.,1.));
#4188 = ( GEOMETRIC_REPRESENTATION_CONTEXT(2) 
PARAMETRIC_REPRESENTATION_CONTEXT() REPRESENTATION_CONTEXT('2D SPACE',''
  ) );
#4189 = ORIENTED_EDGE('',*,*,#2610,.T.);
#4190 = ORIENTED_EDGE('',*,*,#4169,.T.);
#4191 = ADVANCED_FACE('',(#4192),#2002,.F.);
#4192 = FACE_BOUND('',#4193,.F.);
#4193 = EDGE_LOOP('',(#4194,#4195,#4216,#4217));
#4194 = ORIENTED_EDGE('',*,*,#1985,.F.);
#4195 = ORIENTED_EDGE('',*,*,#4196,.F.);
#4196 = EDGE_CURVE('',#2637,#1986,#4197,.T.);
#4197 = SEAM_CURVE('',#4198,(#4202,#4209),.PCURVE_S1.);
#4198 = LINE('',#4199,#4200);
#4199 = CARTESIAN_POINT('',(9.579643498754,17.091771351459,-304.7));
#4200 = VECTOR('',#4201,1.);
#4201 = DIRECTION('',(0.,0.,1.));
#4202 = PCURVE('',#2002,#4203);
#4203 = DEFINITIONAL_REPRESENTATION('',(#4204),#4208);
#4204 = LINE('',#4205,#4206);
#4205 = CARTESIAN_POINT('',(6.28318530718,-0.));
#4206 = VECTOR('',#4207,1.);
#4207 = DIRECTION('',(0.,1.));
#4208 = ( GEOMETRIC_REPRESENTATION_CONTEXT(2) 
PARAMETRIC_REPRESENTATION_CONTEXT() REPRESENTATION_CONTEXT('2D SPACE',''
  ) );
#4209 = PCURVE('',#2002,#4210);
#4210 = DEFINITIONAL_REPRESENTATION('',(#4211),#4215);
#4211 = LINE('',#4212,#4213);
#4212 = CARTESIAN_POINT('',(0.,-0.));
#4213 = VECTOR('',#4214,1.);
#4214 = DIRECTION('',(0.,1.));
#4215 = ( GEOMETRIC_REPRESENTATION_CONTEXT(2) 
PARAMETRIC_REPRESENTATION_CONTEXT() REPRESENTATION_CONTEXT('2D SPACE',''
  ) );
#4216 = ORIENTED_EDGE('',*,*,#2636,.T.);
#4217 = ORIENTED_EDGE('',*,*,#4196,.T.);
#4218 = ADVANCED_FACE('',(#4219),#2033,.F.);
#4219 = FACE_BOUND('',#4220,.F.);
#4220 = EDGE_LOOP('',(#4221,#4222,#4245,#4267));
#4221 = ORIENTED_EDGE('',*,*,#2016,.F.);
#4222 = ORIENTED_EDGE('',*,*,#4223,.F.);
#4223 = EDGE_CURVE('',#4224,#2017,#4226,.T.);
#4224 = VERTEX_POINT('',#4225);
#4225 = CARTESIAN_POINT('',(39.5,-1.836970198721E-15,-291.7));
#4226 = SEAM_CURVE('',#4227,(#4231,#4238),.PCURVE_S1.);
#4227 = LINE('',#4228,#4229);
#4228 = CARTESIAN_POINT('',(39.5,-1.836970198721E-15,-291.7));
#4229 = VECTOR('',#4230,1.);
#4230 = DIRECTION('',(0.707106781187,-1.731912112471E-16,0.707106781187)
  );
#4231 = PCURVE('',#2033,#4232);
#4232 = DEFINITIONAL_REPRESENTATION('',(#4233),#4237);
#4233 = LINE('',#4234,#4235);
#4234 = CARTESIAN_POINT('',(6.28318530718,-0.));
#4235 = VECTOR('',#4236,1.);
#4236 = DIRECTION('',(0.,1.));
#4237 = ( GEOMETRIC_REPRESENTATION_CONTEXT(2) 
PARAMETRIC_REPRESENTATION_CONTEXT() REPRESENTATION_CONTEXT('2D SPACE',''
  ) );
#4238 = PCURVE('',#2033,#4239);
#4239 = DEFINITIONAL_REPRESENTATION('',(#4240),#4244);
#4240 = LINE('',#4241,#4242);
#4241 = CARTESIAN_POINT('',(0.,-0.));
#4242 = VECTOR('',#4243,1.);
#4243 = DIRECTION('',(0.,1.));
#4244 = ( GEOMETRIC_REPRESENTATION_CONTEXT(2) 
PARAMETRIC_REPRESENTATION_CONTEXT() REPRESENTATION_CONTEXT('2D SPACE',''
  ) );
#4245 = ORIENTED_EDGE('',*,*,#4246,.T.);
#4246 = EDGE_CURVE('',#4224,#4224,#4247,.T.);
#4247 = SURFACE_CURVE('',#4248,(#4253,#4260),.PCURVE_S1.);
#4248 = CIRCLE('',#4249,7.5);
#4249 = AXIS2_PLACEMENT_3D('',#4250,#4251,#4252);
#4250 = CARTESIAN_POINT('',(32.,0.,-291.7));
#4251 = DIRECTION('',(0.,0.,1.));
#4252 = DIRECTION('',(1.,0.,-0.));
#4253 = PCURVE('',#2033,#4254);
#4254 = DEFINITIONAL_REPRESENTATION('',(#4255),#4259);
#4255 = LINE('',#4256,#4257);
#4256 = CARTESIAN_POINT('',(0.,0.));
#4257 = VECTOR('',#4258,1.);
#4258 = DIRECTION('',(1.,0.));
#4259 = ( GEOMETRIC_REPRESENTATION_CONTEXT(2) 
PARAMETRIC_REPRESENTATION_CONTEXT() REPRESENTATION_CONTEXT('2D SPACE',''
  ) );
#4260 = PCURVE('',#2679,#4261);
#4261 = DEFINITIONAL_REPRESENTATION('',(#4262),#4266);
#4262 = LINE('',#4263,#4264);
#4263 = CARTESIAN_POINT('',(0.,13.));
#4264 = VECTOR('',#4265,1.);
#4265 = DIRECTION('',(1.,0.));
#4266 = ( GEOMETRIC_REPRESENTATION_CONTEXT(2) 
PARAMETRIC_REPRESENTATION_CONTEXT() REPRESENTATION_CONTEXT('2D SPACE',''
  ) );
#4267 = ORIENTED_EDGE('',*,*,#4223,.T.);
#4268 = ADVANCED_FACE('',(#4269),#2064,.F.);
#4269 = FACE_BOUND('',#4270,.F.);
#4270 = EDGE_LOOP('',(#4271,#4272,#4295,#4317));
#4271 = ORIENTED_EDGE('',*,*,#2047,.F.);
#4272 = ORIENTED_EDGE('',*,*,#4273,.F.);
#4273 = EDGE_CURVE('',#4274,#2048,#4276,.T.);
#4274 = VERTEX_POINT('',#4275);
#4275 = CARTESIAN_POINT('',(7.5,32.,-291.7));
#4276 = SEAM_CURVE('',#4277,(#4281,#4288),.PCURVE_S1.);
#4277 = LINE('',#4278,#4279);
#4278 = CARTESIAN_POINT('',(7.5,32.,-291.7));
#4279 = VECTOR('',#4280,1.);
#4280 = DIRECTION('',(0.707106781187,-1.731912112471E-16,0.707106781187)
  );
#4281 = PCURVE('',#2064,#4282);
#4282 = DEFINITIONAL_REPRESENTATION('',(#4283),#4287);
#4283 = LINE('',#4284,#4285);
#4284 = CARTESIAN_POINT('',(6.28318530718,-0.));
#4285 = VECTOR('',#4286,1.);
#4286 = DIRECTION('',(0.,1.));
#4287 = ( GEOMETRIC_REPRESENTATION_CONTEXT(2) 
PARAMETRIC_REPRESENTATION_CONTEXT() REPRESENTATION_CONTEXT('2D SPACE',''
  ) );
#4288 = PCURVE('',#2064,#4289);
#4289 = DEFINITIONAL_REPRESENTATION('',(#4290),#4294);
#4290 = LINE('',#4291,#4292);
#4291 = CARTESIAN_POINT('',(0.,-0.));
#4292 = VECTOR('',#4293,1.);
#4293 = DIRECTION('',(0.,1.));
#4294 = ( GEOMETRIC_REPRESENTATION_CONTEXT(2) 
PARAMETRIC_REPRESENTATION_CONTEXT() REPRESENTATION_CONTEXT('2D SPACE',''
  ) );
#4295 = ORIENTED_EDGE('',*,*,#4296,.T.);
#4296 = EDGE_CURVE('',#4274,#4274,#4297,.T.);
#4297 = SURFACE_CURVE('',#4298,(#4303,#4310),.PCURVE_S1.);
#4298 = CIRCLE('',#4299,7.5);
#4299 = AXIS2_PLACEMENT_3D('',#4300,#4301,#4302);
#4300 = CARTESIAN_POINT('',(1.959434878636E-15,32.,-291.7));
#4301 = DIRECTION('',(0.,0.,1.));
#4302 = DIRECTION('',(1.,0.,-0.));
#4303 = PCURVE('',#2064,#4304);
#4304 = DEFINITIONAL_REPRESENTATION('',(#4305),#4309);
#4305 = LINE('',#4306,#4307);
#4306 = CARTESIAN_POINT('',(0.,0.));
#4307 = VECTOR('',#4308,1.);
#4308 = DIRECTION('',(1.,0.));
#4309 = ( GEOMETRIC_REPRESENTATION_CONTEXT(2) 
PARAMETRIC_REPRESENTATION_CONTEXT() REPRESENTATION_CONTEXT('2D SPACE',''
  ) );
#4310 = PCURVE('',#2772,#4311);
#4311 = DEFINITIONAL_REPRESENTATION('',(#4312),#4316);
#4312 = LINE('',#4313,#4314);
#4313 = CARTESIAN_POINT('',(0.,13.));
#4314 = VECTOR('',#4315,1.);
#4315 = DIRECTION('',(1.,0.));
#4316 = ( GEOMETRIC_REPRESENTATION_CONTEXT(2) 
PARAMETRIC_REPRESENTATION_CONTEXT() REPRESENTATION_CONTEXT('2D SPACE',''
  ) );
#4317 = ORIENTED_EDGE('',*,*,#4273,.T.);
#4318 = ADVANCED_FACE('',(#4319),#2095,.F.);
#4319 = FACE_BOUND('',#4320,.F.);
#4320 = EDGE_LOOP('',(#4321,#4322,#4345,#4367));
#4321 = ORIENTED_EDGE('',*,*,#2078,.F.);
#4322 = ORIENTED_EDGE('',*,*,#4323,.F.);
#4323 = EDGE_CURVE('',#4324,#2079,#4326,.T.);
#4324 = VERTEX_POINT('',#4325);
#4325 = CARTESIAN_POINT('',(30.12741699797,22.62741699797,-291.7));
#4326 = SEAM_CURVE('',#4327,(#4331,#4338),.PCURVE_S1.);
#4327 = LINE('',#4328,#4329);
#4328 = CARTESIAN_POINT('',(30.12741699797,22.62741699797,-291.7));
#4329 = VECTOR('',#4330,1.);
#4330 = DIRECTION('',(0.707106781187,-1.731912112471E-16,0.707106781187)
  );
#4331 = PCURVE('',#2095,#4332);
#4332 = DEFINITIONAL_REPRESENTATION('',(#4333),#4337);
#4333 = LINE('',#4334,#4335);
#4334 = CARTESIAN_POINT('',(6.28318530718,-0.));
#4335 = VECTOR('',#4336,1.);
#4336 = DIRECTION('',(0.,1.));
#4337 = ( GEOMETRIC_REPRESENTATION_CONTEXT(2) 
PARAMETRIC_REPRESENTATION_CONTEXT() REPRESENTATION_CONTEXT('2D SPACE',''
  ) );
#4338 = PCURVE('',#2095,#4339);
#4339 = DEFINITIONAL_REPRESENTATION('',(#4340),#4344);
#4340 = LINE('',#4341,#4342);
#4341 = CARTESIAN_POINT('',(0.,-0.));
#4342 = VECTOR('',#4343,1.);
#4343 = DIRECTION('',(0.,1.));
#4344 = ( GEOMETRIC_REPRESENTATION_CONTEXT(2) 
PARAMETRIC_REPRESENTATION_CONTEXT() REPRESENTATION_CONTEXT('2D SPACE',''
  ) );
#4345 = ORIENTED_EDGE('',*,*,#4346,.T.);
#4346 = EDGE_CURVE('',#4324,#4324,#4347,.T.);
#4347 = SURFACE_CURVE('',#4348,(#4353,#4360),.PCURVE_S1.);
#4348 = CIRCLE('',#4349,7.5);
#4349 = AXIS2_PLACEMENT_3D('',#4350,#4351,#4352);
#4350 = CARTESIAN_POINT('',(22.62741699797,22.62741699797,-291.7));
#4351 = DIRECTION('',(0.,0.,1.));
#4352 = DIRECTION('',(1.,0.,-0.));
#4353 = PCURVE('',#2095,#4354);
#4354 = DEFINITIONAL_REPRESENTATION('',(#4355),#4359);
#4355 = LINE('',#4356,#4357);
#4356 = CARTESIAN_POINT('',(0.,0.));
#4357 = VECTOR('',#4358,1.);
#4358 = DIRECTION('',(1.,0.));
#4359 = ( GEOMETRIC_REPRESENTATION_CONTEXT(2) 
PARAMETRIC_REPRESENTATION_CONTEXT() REPRESENTATION_CONTEXT('2D SPACE',''
  ) );
#4360 = PCURVE('',#2834,#4361);
#4361 = DEFINITIONAL_REPRESENTATION('',(#4362),#4366);
#4362 = LINE('',#4363,#4364);
#4363 = CARTESIAN_POINT('',(0.,13.));
#4364 = VECTOR('',#4365,1.);
#4365 = DIRECTION('',(1.,0.));
#4366 = ( GEOMETRIC_REPRESENTATION_CONTEXT(2) 
PARAMETRIC_REPRESENTATION_CONTEXT() REPRESENTATION_CONTEXT('2D SPACE',''
  ) );
#4367 = ORIENTED_EDGE('',*,*,#4323,.T.);
#4368 = ADVANCED_FACE('',(#4369),#2130,.F.);
#4369 = FACE_BOUND('',#4370,.F.);
#4370 = EDGE_LOOP('',(#4371,#4394,#4421,#4422));
#4371 = ORIENTED_EDGE('',*,*,#4372,.T.);
#4372 = EDGE_CURVE('',#2114,#4373,#4375,.T.);
#4373 = VERTEX_POINT('',#4374);
#4374 = CARTESIAN_POINT('',(-28.55203820042,-30.05203820042,-301.71));
#4375 = SEAM_CURVE('',#4376,(#4380,#4387),.PCURVE_S1.);
#4376 = LINE('',#4377,#4378);
#4377 = CARTESIAN_POINT('',(-28.55203820042,-30.05203820042,-303.71));
#4378 = VECTOR('',#4379,1.);
#4379 = DIRECTION('',(0.,0.,1.));
#4380 = PCURVE('',#2130,#4381);
#4381 = DEFINITIONAL_REPRESENTATION('',(#4382),#4386);
#4382 = LINE('',#4383,#4384);
#4383 = CARTESIAN_POINT('',(6.28318530718,-0.));
#4384 = VECTOR('',#4385,1.);
#4385 = DIRECTION('',(0.,1.));
#4386 = ( GEOMETRIC_REPRESENTATION_CONTEXT(2) 
PARAMETRIC_REPRESENTATION_CONTEXT() REPRESENTATION_CONTEXT('2D SPACE',''
  ) );
#4387 = PCURVE('',#2130,#4388);
#4388 = DEFINITIONAL_REPRESENTATION('',(#4389),#4393);
#4389 = LINE('',#4390,#4391);
#4390 = CARTESIAN_POINT('',(0.,-0.));
#4391 = VECTOR('',#4392,1.);
#4392 = DIRECTION('',(0.,1.));
#4393 = ( GEOMETRIC_REPRESENTATION_CONTEXT(2) 
PARAMETRIC_REPRESENTATION_CONTEXT() REPRESENTATION_CONTEXT('2D SPACE',''
  ) );
#4394 = ORIENTED_EDGE('',*,*,#4395,.F.);
#4395 = EDGE_CURVE('',#4373,#4373,#4396,.T.);
#4396 = SURFACE_CURVE('',#4397,(#4402,#4409),.PCURVE_S1.);
#4397 = CIRCLE('',#4398,1.5);
#4398 = AXIS2_PLACEMENT_3D('',#4399,#4400,#4401);
#4399 = CARTESIAN_POINT('',(-30.05203820042,-30.05203820042,-301.71));
#4400 = DIRECTION('',(0.,0.,1.));
#4401 = DIRECTION('',(1.,0.,-0.));
#4402 = PCURVE('',#2130,#4403);
#4403 = DEFINITIONAL_REPRESENTATION('',(#4404),#4408);
#4404 = LINE('',#4405,#4406);
#4405 = CARTESIAN_POINT('',(0.,2.));
#4406 = VECTOR('',#4407,1.);
#4407 = DIRECTION('',(1.,0.));
#4408 = ( GEOMETRIC_REPRESENTATION_CONTEXT(2) 
PARAMETRIC_REPRESENTATION_CONTEXT() REPRESENTATION_CONTEXT('2D SPACE',''
  ) );
#4409 = PCURVE('',#4410,#4415);
#4410 = PLANE('',#4411);
#4411 = AXIS2_PLACEMENT_3D('',#4412,#4413,#4414);
#4412 = CARTESIAN_POINT('',(-30.05203820042,-30.05203820042,-301.71));
#4413 = DIRECTION('',(0.,0.,1.));
#4414 = DIRECTION('',(1.,0.,-0.));
#4415 = DEFINITIONAL_REPRESENTATION('',(#4416),#4420);
#4416 = CIRCLE('',#4417,1.5);
#4417 = AXIS2_PLACEMENT_2D('',#4418,#4419);
#4418 = CARTESIAN_POINT('',(0.,0.));
#4419 = DIRECTION('',(1.,0.));
#4420 = ( GEOMETRIC_REPRESENTATION_CONTEXT(2) 
PARAMETRIC_REPRESENTATION_CONTEXT() REPRESENTATION_CONTEXT('2D SPACE',''
  ) );
#4421 = ORIENTED_EDGE('',*,*,#4372,.F.);
#4422 = ORIENTED_EDGE('',*,*,#2113,.T.);
#4423 = ADVANCED_FACE('',(#4424),#2161,.F.);
#4424 = FACE_BOUND('',#4425,.F.);
#4425 = EDGE_LOOP('',(#4426,#4427,#4448,#4449));
#4426 = ORIENTED_EDGE('',*,*,#3344,.F.);
#4427 = ORIENTED_EDGE('',*,*,#4428,.F.);
#4428 = EDGE_CURVE('',#2145,#3322,#4429,.T.);
#4429 = SEAM_CURVE('',#4430,(#4434,#4441),.PCURVE_S1.);
#4430 = LINE('',#4431,#4432);
#4431 = CARTESIAN_POINT('',(-15.12741699797,-22.62741699797,-304.7));
#4432 = VECTOR('',#4433,1.);
#4433 = DIRECTION('',(0.,0.,1.));
#4434 = PCURVE('',#2161,#4435);
#4435 = DEFINITIONAL_REPRESENTATION('',(#4436),#4440);
#4436 = LINE('',#4437,#4438);
#4437 = CARTESIAN_POINT('',(6.28318530718,-0.));
#4438 = VECTOR('',#4439,1.);
#4439 = DIRECTION('',(0.,1.));
#4440 = ( GEOMETRIC_REPRESENTATION_CONTEXT(2) 
PARAMETRIC_REPRESENTATION_CONTEXT() REPRESENTATION_CONTEXT('2D SPACE',''
  ) );
#4441 = PCURVE('',#2161,#4442);
#4442 = DEFINITIONAL_REPRESENTATION('',(#4443),#4447);
#4443 = LINE('',#4444,#4445);
#4444 = CARTESIAN_POINT('',(0.,-0.));
#4445 = VECTOR('',#4446,1.);
#4446 = DIRECTION('',(0.,1.));
#4447 = ( GEOMETRIC_REPRESENTATION_CONTEXT(2) 
PARAMETRIC_REPRESENTATION_CONTEXT() REPRESENTATION_CONTEXT('2D SPACE',''
  ) );
#4448 = ORIENTED_EDGE('',*,*,#2144,.T.);
#4449 = ORIENTED_EDGE('',*,*,#4428,.T.);
#4450 = ADVANCED_FACE('',(#4451),#2192,.F.);
#4451 = FACE_BOUND('',#4452,.F.);
#4452 = EDGE_LOOP('',(#4453,#4476,#4503,#4504));
#4453 = ORIENTED_EDGE('',*,*,#4454,.T.);
#4454 = EDGE_CURVE('',#2176,#4455,#4457,.T.);
#4455 = VERTEX_POINT('',#4456);
#4456 = CARTESIAN_POINT('',(1.5,-42.5,-301.71));
#4457 = SEAM_CURVE('',#4458,(#4462,#4469),.PCURVE_S1.);
#4458 = LINE('',#4459,#4460);
#4459 = CARTESIAN_POINT('',(1.5,-42.5,-303.71));
#4460 = VECTOR('',#4461,1.);
#4461 = DIRECTION('',(0.,0.,1.));
#4462 = PCURVE('',#2192,#4463);
#4463 = DEFINITIONAL_REPRESENTATION('',(#4464),#4468);
#4464 = LINE('',#4465,#4466);
#4465 = CARTESIAN_POINT('',(6.28318530718,-0.));
#4466 = VECTOR('',#4467,1.);
#4467 = DIRECTION('',(0.,1.));
#4468 = ( GEOMETRIC_REPRESENTATION_CONTEXT(2) 
PARAMETRIC_REPRESENTATION_CONTEXT() REPRESENTATION_CONTEXT('2D SPACE',''
  ) );
#4469 = PCURVE('',#2192,#4470);
#4470 = DEFINITIONAL_REPRESENTATION('',(#4471),#4475);
#4471 = LINE('',#4472,#4473);
#4472 = CARTESIAN_POINT('',(0.,-0.));
#4473 = VECTOR('',#4474,1.);
#4474 = DIRECTION('',(0.,1.));
#4475 = ( GEOMETRIC_REPRESENTATION_CONTEXT(2) 
PARAMETRIC_REPRESENTATION_CONTEXT() REPRESENTATION_CONTEXT('2D SPACE',''
  ) );
#4476 = ORIENTED_EDGE('',*,*,#4477,.F.);
#4477 = EDGE_CURVE('',#4455,#4455,#4478,.T.);
#4478 = SURFACE_CURVE('',#4479,(#4484,#4491),.PCURVE_S1.);
#4479 = CIRCLE('',#4480,1.5);
#4480 = AXIS2_PLACEMENT_3D('',#4481,#4482,#4483);
#4481 = CARTESIAN_POINT('',(-7.807123344564E-15,-42.5,-301.71));
#4482 = DIRECTION('',(0.,0.,1.));
#4483 = DIRECTION('',(1.,0.,-0.));
#4484 = PCURVE('',#2192,#4485);
#4485 = DEFINITIONAL_REPRESENTATION('',(#4486),#4490);
#4486 = LINE('',#4487,#4488);
#4487 = CARTESIAN_POINT('',(0.,2.));
#4488 = VECTOR('',#4489,1.);
#4489 = DIRECTION('',(1.,0.));
#4490 = ( GEOMETRIC_REPRESENTATION_CONTEXT(2) 
PARAMETRIC_REPRESENTATION_CONTEXT() REPRESENTATION_CONTEXT('2D SPACE',''
  ) );
#4491 = PCURVE('',#4492,#4497);
#4492 = PLANE('',#4493);
#4493 = AXIS2_PLACEMENT_3D('',#4494,#4495,#4496);
#4494 = CARTESIAN_POINT('',(-7.807123344564E-15,-42.5,-301.71));
#4495 = DIRECTION('',(0.,0.,1.));
#4496 = DIRECTION('',(1.,0.,-0.));
#4497 = DEFINITIONAL_REPRESENTATION('',(#4498),#4502);
#4498 = CIRCLE('',#4499,1.5);
#4499 = AXIS2_PLACEMENT_2D('',#4500,#4501);
#4500 = CARTESIAN_POINT('',(0.,0.));
#4501 = DIRECTION('',(1.,0.));
#4502 = ( GEOMETRIC_REPRESENTATION_CONTEXT(2) 
PARAMETRIC_REPRESENTATION_CONTEXT() REPRESENTATION_CONTEXT('2D SPACE',''
  ) );
#4503 = ORIENTED_EDGE('',*,*,#4454,.F.);
#4504 = ORIENTED_EDGE('',*,*,#2175,.T.);
#4505 = ADVANCED_FACE('',(#4506),#2223,.F.);
#4506 = FACE_BOUND('',#4507,.F.);
#4507 = EDGE_LOOP('',(#4508,#4509,#4530,#4531));
#4508 = ORIENTED_EDGE('',*,*,#3394,.F.);
#4509 = ORIENTED_EDGE('',*,*,#4510,.F.);
#4510 = EDGE_CURVE('',#2207,#3372,#4511,.T.);
#4511 = SEAM_CURVE('',#4512,(#4516,#4523),.PCURVE_S1.);
#4512 = LINE('',#4513,#4514);
#4513 = CARTESIAN_POINT('',(7.5,-32.,-304.7));
#4514 = VECTOR('',#4515,1.);
#4515 = DIRECTION('',(0.,0.,1.));
#4516 = PCURVE('',#2223,#4517);
#4517 = DEFINITIONAL_REPRESENTATION('',(#4518),#4522);
#4518 = LINE('',#4519,#4520);
#4519 = CARTESIAN_POINT('',(6.28318530718,-0.));
#4520 = VECTOR('',#4521,1.);
#4521 = DIRECTION('',(0.,1.));
#4522 = ( GEOMETRIC_REPRESENTATION_CONTEXT(2) 
PARAMETRIC_REPRESENTATION_CONTEXT() REPRESENTATION_CONTEXT('2D SPACE',''
  ) );
#4523 = PCURVE('',#2223,#4524);
#4524 = DEFINITIONAL_REPRESENTATION('',(#4525),#4529);
#4525 = LINE('',#4526,#4527);
#4526 = CARTESIAN_POINT('',(0.,-0.));
#4527 = VECTOR('',#4528,1.);
#4528 = DIRECTION('',(0.,1.));
#4529 = ( GEOMETRIC_REPRESENTATION_CONTEXT(2) 
PARAMETRIC_REPRESENTATION_CONTEXT() REPRESENTATION_CONTEXT('2D SPACE',''
  ) );
#4530 = ORIENTED_EDGE('',*,*,#2206,.T.);
#4531 = ORIENTED_EDGE('',*,*,#4510,.T.);
#4532 = ADVANCED_FACE('',(#4533),#2306,.F.);
#4533 = FACE_BOUND('',#4534,.F.);
#4534 = EDGE_LOOP('',(#4535,#4558,#4585,#4586));
#4535 = ORIENTED_EDGE('',*,*,#4536,.T.);
#4536 = EDGE_CURVE('',#2290,#4537,#4539,.T.);
#4537 = VERTEX_POINT('',#4538);
#4538 = CARTESIAN_POINT('',(31.552038200428,-30.05203820042,-301.71));
#4539 = SEAM_CURVE('',#4540,(#4544,#4551),.PCURVE_S1.);
#4540 = LINE('',#4541,#4542);
#4541 = CARTESIAN_POINT('',(31.552038200428,-30.05203820042,-303.71));
#4542 = VECTOR('',#4543,1.);
#4543 = DIRECTION('',(0.,0.,1.));
#4544 = PCURVE('',#2306,#4545);
#4545 = DEFINITIONAL_REPRESENTATION('',(#4546),#4550);
#4546 = LINE('',#4547,#4548);
#4547 = CARTESIAN_POINT('',(6.28318530718,-0.));
#4548 = VECTOR('',#4549,1.);
#4549 = DIRECTION('',(0.,1.));
#4550 = ( GEOMETRIC_REPRESENTATION_CONTEXT(2) 
PARAMETRIC_REPRESENTATION_CONTEXT() REPRESENTATION_CONTEXT('2D SPACE',''
  ) );
#4551 = PCURVE('',#2306,#4552);
#4552 = DEFINITIONAL_REPRESENTATION('',(#4553),#4557);
#4553 = LINE('',#4554,#4555);
#4554 = CARTESIAN_POINT('',(0.,-0.));
#4555 = VECTOR('',#4556,1.);
#4556 = DIRECTION('',(0.,1.));
#4557 = ( GEOMETRIC_REPRESENTATION_CONTEXT(2) 
PARAMETRIC_REPRESENTATION_CONTEXT() REPRESENTATION_CONTEXT('2D SPACE',''
  ) );
#4558 = ORIENTED_EDGE('',*,*,#4559,.F.);
#4559 = EDGE_CURVE('',#4537,#4537,#4560,.T.);
#4560 = SURFACE_CURVE('',#4561,(#4566,#4573),.PCURVE_S1.);
#4561 = CIRCLE('',#4562,1.5);
#4562 = AXIS2_PLACEMENT_3D('',#4563,#4564,#4565);
#4563 = CARTESIAN_POINT('',(30.052038200428,-30.05203820042,-301.71));
#4564 = DIRECTION('',(0.,0.,1.));
#4565 = DIRECTION('',(1.,0.,-0.));
#4566 = PCURVE('',#2306,#4567);
#4567 = DEFINITIONAL_REPRESENTATION('',(#4568),#4572);
#4568 = LINE('',#4569,#4570);
#4569 = CARTESIAN_POINT('',(0.,2.));
#4570 = VECTOR('',#4571,1.);
#4571 = DIRECTION('',(1.,0.));
#4572 = ( GEOMETRIC_REPRESENTATION_CONTEXT(2) 
PARAMETRIC_REPRESENTATION_CONTEXT() REPRESENTATION_CONTEXT('2D SPACE',''
  ) );
#4573 = PCURVE('',#4574,#4579);
#4574 = PLANE('',#4575);
#4575 = AXIS2_PLACEMENT_3D('',#4576,#4577,#4578);
#4576 = CARTESIAN_POINT('',(30.052038200428,-30.05203820042,-301.71));
#4577 = DIRECTION('',(0.,0.,1.));
#4578 = DIRECTION('',(1.,0.,-0.));
#4579 = DEFINITIONAL_REPRESENTATION('',(#4580),#4584);
#4580 = CIRCLE('',#4581,1.5);
#4581 = AXIS2_PLACEMENT_2D('',#4582,#4583);
#4582 = CARTESIAN_POINT('',(0.,0.));
#4583 = DIRECTION('',(1.,0.));
#4584 = ( GEOMETRIC_REPRESENTATION_CONTEXT(2) 
PARAMETRIC_REPRESENTATION_CONTEXT() REPRESENTATION_CONTEXT('2D SPACE',''
  ) );
#4585 = ORIENTED_EDGE('',*,*,#4536,.F.);
#4586 = ORIENTED_EDGE('',*,*,#2289,.T.);
#4587 = ADVANCED_FACE('',(#4588),#2337,.F.);
#4588 = FACE_BOUND('',#4589,.F.);
#4589 = EDGE_LOOP('',(#4590,#4591,#4612,#4613));
#4590 = ORIENTED_EDGE('',*,*,#3498,.F.);
#4591 = ORIENTED_EDGE('',*,*,#4592,.F.);
#4592 = EDGE_CURVE('',#2321,#3476,#4593,.T.);
#4593 = SEAM_CURVE('',#4594,(#4598,#4605),.PCURVE_S1.);
#4594 = LINE('',#4595,#4596);
#4595 = CARTESIAN_POINT('',(30.12741699797,-22.62741699797,-304.7));
#4596 = VECTOR('',#4597,1.);
#4597 = DIRECTION('',(0.,0.,1.));
#4598 = PCURVE('',#2337,#4599);
#4599 = DEFINITIONAL_REPRESENTATION('',(#4600),#4604);
#4600 = LINE('',#4601,#4602);
#4601 = CARTESIAN_POINT('',(6.28318530718,-0.));
#4602 = VECTOR('',#4603,1.);
#4603 = DIRECTION('',(0.,1.));
#4604 = ( GEOMETRIC_REPRESENTATION_CONTEXT(2) 
PARAMETRIC_REPRESENTATION_CONTEXT() REPRESENTATION_CONTEXT('2D SPACE',''
  ) );
#4605 = PCURVE('',#2337,#4606);
#4606 = DEFINITIONAL_REPRESENTATION('',(#4607),#4611);
#4607 = LINE('',#4608,#4609);
#4608 = CARTESIAN_POINT('',(0.,-0.));
#4609 = VECTOR('',#4610,1.);
#4610 = DIRECTION('',(0.,1.));
#4611 = ( GEOMETRIC_REPRESENTATION_CONTEXT(2) 
PARAMETRIC_REPRESENTATION_CONTEXT() REPRESENTATION_CONTEXT('2D SPACE',''
  ) );
#4612 = ORIENTED_EDGE('',*,*,#2320,.T.);
#4613 = ORIENTED_EDGE('',*,*,#4592,.T.);
#4614 = ADVANCED_FACE('',(#4615),#2420,.F.);
#4615 = FACE_BOUND('',#4616,.F.);
#4616 = EDGE_LOOP('',(#4617,#4640,#4667,#4668));
#4617 = ORIENTED_EDGE('',*,*,#4618,.T.);
#4618 = EDGE_CURVE('',#2404,#4619,#4621,.T.);
#4619 = VERTEX_POINT('',#4620);
#4620 = CARTESIAN_POINT('',(-41.,4.837354856632E-15,-301.71));
#4621 = SEAM_CURVE('',#4622,(#4626,#4633),.PCURVE_S1.);
#4622 = LINE('',#4623,#4624);
#4623 = CARTESIAN_POINT('',(-41.,4.837354856632E-15,-303.71));
#4624 = VECTOR('',#4625,1.);
#4625 = DIRECTION('',(0.,0.,1.));
#4626 = PCURVE('',#2420,#4627);
#4627 = DEFINITIONAL_REPRESENTATION('',(#4628),#4632);
#4628 = LINE('',#4629,#4630);
#4629 = CARTESIAN_POINT('',(6.28318530718,-0.));
#4630 = VECTOR('',#4631,1.);
#4631 = DIRECTION('',(0.,1.));
#4632 = ( GEOMETRIC_REPRESENTATION_CONTEXT(2) 
PARAMETRIC_REPRESENTATION_CONTEXT() REPRESENTATION_CONTEXT('2D SPACE',''
  ) );
#4633 = PCURVE('',#2420,#4634);
#4634 = DEFINITIONAL_REPRESENTATION('',(#4635),#4639);
#4635 = LINE('',#4636,#4637);
#4636 = CARTESIAN_POINT('',(0.,-0.));
#4637 = VECTOR('',#4638,1.);
#4638 = DIRECTION('',(0.,1.));
#4639 = ( GEOMETRIC_REPRESENTATION_CONTEXT(2) 
PARAMETRIC_REPRESENTATION_CONTEXT() REPRESENTATION_CONTEXT('2D SPACE',''
  ) );
#4640 = ORIENTED_EDGE('',*,*,#4641,.F.);
#4641 = EDGE_CURVE('',#4619,#4619,#4642,.T.);
#4642 = SURFACE_CURVE('',#4643,(#4648,#4655),.PCURVE_S1.);
#4643 = CIRCLE('',#4644,1.5);
#4644 = AXIS2_PLACEMENT_3D('',#4645,#4646,#4647);
#4645 = CARTESIAN_POINT('',(-42.5,5.204748896376E-15,-301.71));
#4646 = DIRECTION('',(0.,0.,1.));
#4647 = DIRECTION('',(1.,0.,-0.));
#4648 = PCURVE('',#2420,#4649);
#4649 = DEFINITIONAL_REPRESENTATION('',(#4650),#4654);
#4650 = LINE('',#4651,#4652);
#4651 = CARTESIAN_POINT('',(0.,2.));
#4652 = VECTOR('',#4653,1.);
#4653 = DIRECTION('',(1.,0.));
#4654 = ( GEOMETRIC_REPRESENTATION_CONTEXT(2) 
PARAMETRIC_REPRESENTATION_CONTEXT() REPRESENTATION_CONTEXT('2D SPACE',''
  ) );
#4655 = PCURVE('',#4656,#4661);
#4656 = PLANE('',#4657);
#4657 = AXIS2_PLACEMENT_3D('',#4658,#4659,#4660);
#4658 = CARTESIAN_POINT('',(-42.5,5.204748896376E-15,-301.71));
#4659 = DIRECTION('',(0.,0.,1.));
#4660 = DIRECTION('',(1.,0.,-0.));
#4661 = DEFINITIONAL_REPRESENTATION('',(#4662),#4666);
#4662 = CIRCLE('',#4663,1.5);
#4663 = AXIS2_PLACEMENT_2D('',#4664,#4665);
#4664 = CARTESIAN_POINT('',(0.,0.));
#4665 = DIRECTION('',(1.,0.));
#4666 = ( GEOMETRIC_REPRESENTATION_CONTEXT(2) 
PARAMETRIC_REPRESENTATION_CONTEXT() REPRESENTATION_CONTEXT('2D SPACE',''
  ) );
#4667 = ORIENTED_EDGE('',*,*,#4618,.F.);
#4668 = ORIENTED_EDGE('',*,*,#2403,.T.);
#4669 = ADVANCED_FACE('',(#4670),#2451,.F.);
#4670 = FACE_BOUND('',#4671,.F.);
#4671 = EDGE_LOOP('',(#4672,#4673,#4694,#4695));
#4672 = ORIENTED_EDGE('',*,*,#3602,.F.);
#4673 = ORIENTED_EDGE('',*,*,#4674,.F.);
#4674 = EDGE_CURVE('',#2435,#3580,#4675,.T.);
#4675 = SEAM_CURVE('',#4676,(#4680,#4687),.PCURVE_S1.);
#4676 = LINE('',#4677,#4678);
#4677 = CARTESIAN_POINT('',(-24.5,2.081899558551E-15,-304.7));
#4678 = VECTOR('',#4679,1.);
#4679 = DIRECTION('',(0.,0.,1.));
#4680 = PCURVE('',#2451,#4681);
#4681 = DEFINITIONAL_REPRESENTATION('',(#4682),#4686);
#4682 = LINE('',#4683,#4684);
#4683 = CARTESIAN_POINT('',(6.28318530718,-0.));
#4684 = VECTOR('',#4685,1.);
#4685 = DIRECTION('',(0.,1.));
#4686 = ( GEOMETRIC_REPRESENTATION_CONTEXT(2) 
PARAMETRIC_REPRESENTATION_CONTEXT() REPRESENTATION_CONTEXT('2D SPACE',''
  ) );
#4687 = PCURVE('',#2451,#4688);
#4688 = DEFINITIONAL_REPRESENTATION('',(#4689),#4693);
#4689 = LINE('',#4690,#4691);
#4690 = CARTESIAN_POINT('',(0.,-0.));
#4691 = VECTOR('',#4692,1.);
#4692 = DIRECTION('',(0.,1.));
#4693 = ( GEOMETRIC_REPRESENTATION_CONTEXT(2) 
PARAMETRIC_REPRESENTATION_CONTEXT() REPRESENTATION_CONTEXT('2D SPACE',''
  ) );
#4694 = ORIENTED_EDGE('',*,*,#2434,.T.);
#4695 = ORIENTED_EDGE('',*,*,#4674,.T.);
#4696 = ADVANCED_FACE('',(#4697),#2534,.F.);
#4697 = FACE_BOUND('',#4698,.F.);
#4698 = EDGE_LOOP('',(#4699,#4700,#4721,#4722));
#4699 = ORIENTED_EDGE('',*,*,#3706,.F.);
#4700 = ORIENTED_EDGE('',*,*,#4701,.F.);
#4701 = EDGE_CURVE('',#2518,#3629,#4702,.T.);
#4702 = SEAM_CURVE('',#4703,(#4707,#4714),.PCURVE_S1.);
#4703 = LINE('',#4704,#4705);
#4704 = CARTESIAN_POINT('',(-15.12741699797,22.62741699797,-304.7));
#4705 = VECTOR('',#4706,1.);
#4706 = DIRECTION('',(0.,0.,1.));
#4707 = PCURVE('',#2534,#4708);
#4708 = DEFINITIONAL_REPRESENTATION('',(#4709),#4713);
#4709 = LINE('',#4710,#4711);
#4710 = CARTESIAN_POINT('',(6.28318530718,-0.));
#4711 = VECTOR('',#4712,1.);
#4712 = DIRECTION('',(0.,1.));
#4713 = ( GEOMETRIC_REPRESENTATION_CONTEXT(2) 
PARAMETRIC_REPRESENTATION_CONTEXT() REPRESENTATION_CONTEXT('2D SPACE',''
  ) );
#4714 = PCURVE('',#2534,#4715);
#4715 = DEFINITIONAL_REPRESENTATION('',(#4716),#4720);
#4716 = LINE('',#4717,#4718);
#4717 = CARTESIAN_POINT('',(0.,-0.));
#4718 = VECTOR('',#4719,1.);
#4719 = DIRECTION('',(0.,1.));
#4720 = ( GEOMETRIC_REPRESENTATION_CONTEXT(2) 
PARAMETRIC_REPRESENTATION_CONTEXT() REPRESENTATION_CONTEXT('2D SPACE',''
  ) );
#4721 = ORIENTED_EDGE('',*,*,#2517,.T.);
#4722 = ORIENTED_EDGE('',*,*,#4701,.T.);
#4723 = ADVANCED_FACE('',(#4724),#2565,.F.);
#4724 = FACE_BOUND('',#4725,.F.);
#4725 = EDGE_LOOP('',(#4726,#4749,#4776,#4777));
#4726 = ORIENTED_EDGE('',*,*,#4727,.T.);
#4727 = EDGE_CURVE('',#2549,#4728,#4730,.T.);
#4728 = VERTEX_POINT('',#4729);
#4729 = CARTESIAN_POINT('',(-28.55203820042,30.052038200428,-301.71));
#4730 = SEAM_CURVE('',#4731,(#4735,#4742),.PCURVE_S1.);
#4731 = LINE('',#4732,#4733);
#4732 = CARTESIAN_POINT('',(-28.55203820042,30.052038200428,-303.71));
#4733 = VECTOR('',#4734,1.);
#4734 = DIRECTION('',(0.,0.,1.));
#4735 = PCURVE('',#2565,#4736);
#4736 = DEFINITIONAL_REPRESENTATION('',(#4737),#4741);
#4737 = LINE('',#4738,#4739);
#4738 = CARTESIAN_POINT('',(6.28318530718,-0.));
#4739 = VECTOR('',#4740,1.);
#4740 = DIRECTION('',(0.,1.));
#4741 = ( GEOMETRIC_REPRESENTATION_CONTEXT(2) 
PARAMETRIC_REPRESENTATION_CONTEXT() REPRESENTATION_CONTEXT('2D SPACE',''
  ) );
#4742 = PCURVE('',#2565,#4743);
#4743 = DEFINITIONAL_REPRESENTATION('',(#4744),#4748);
#4744 = LINE('',#4745,#4746);
#4745 = CARTESIAN_POINT('',(0.,-0.));
#4746 = VECTOR('',#4747,1.);
#4747 = DIRECTION('',(0.,1.));
#4748 = ( GEOMETRIC_REPRESENTATION_CONTEXT(2) 
PARAMETRIC_REPRESENTATION_CONTEXT() REPRESENTATION_CONTEXT('2D SPACE',''
  ) );
#4749 = ORIENTED_EDGE('',*,*,#4750,.F.);
#4750 = EDGE_CURVE('',#4728,#4728,#4751,.T.);
#4751 = SURFACE_CURVE('',#4752,(#4757,#4764),.PCURVE_S1.);
#4752 = CIRCLE('',#4753,1.5);
#4753 = AXIS2_PLACEMENT_3D('',#4754,#4755,#4756);
#4754 = CARTESIAN_POINT('',(-30.05203820042,30.052038200428,-301.71));
#4755 = DIRECTION('',(0.,0.,1.));
#4756 = DIRECTION('',(1.,0.,-0.));
#4757 = PCURVE('',#2565,#4758);
#4758 = DEFINITIONAL_REPRESENTATION('',(#4759),#4763);
#4759 = LINE('',#4760,#4761);
#4760 = CARTESIAN_POINT('',(0.,2.));
#4761 = VECTOR('',#4762,1.);
#4762 = DIRECTION('',(1.,0.));
#4763 = ( GEOMETRIC_REPRESENTATION_CONTEXT(2) 
PARAMETRIC_REPRESENTATION_CONTEXT() REPRESENTATION_CONTEXT('2D SPACE',''
  ) );
#4764 = PCURVE('',#4765,#4770);
#4765 = PLANE('',#4766);
#4766 = AXIS2_PLACEMENT_3D('',#4767,#4768,#4769);
#4767 = CARTESIAN_POINT('',(-30.05203820042,30.052038200428,-301.71));
#4768 = DIRECTION('',(0.,0.,1.));
#4769 = DIRECTION('',(1.,0.,-0.));
#4770 = DEFINITIONAL_REPRESENTATION('',(#4771),#4775);
#4771 = CIRCLE('',#4772,1.5);
#4772 = AXIS2_PLACEMENT_2D('',#4773,#4774);
#4773 = CARTESIAN_POINT('',(0.,0.));
#4774 = DIRECTION('',(1.,0.));
#4775 = ( GEOMETRIC_REPRESENTATION_CONTEXT(2) 
PARAMETRIC_REPRESENTATION_CONTEXT() REPRESENTATION_CONTEXT('2D SPACE',''
  ) );
#4776 = ORIENTED_EDGE('',*,*,#4727,.F.);
#4777 = ORIENTED_EDGE('',*,*,#2548,.T.);
#4778 = ADVANCED_FACE('',(#4779,#4833),#2596,.F.);
#4779 = FACE_BOUND('',#4780,.F.);
#4780 = EDGE_LOOP('',(#4781,#4782,#4805,#4832));
#4781 = ORIENTED_EDGE('',*,*,#2579,.T.);
#4782 = ORIENTED_EDGE('',*,*,#4783,.T.);
#4783 = EDGE_CURVE('',#2580,#4784,#4786,.T.);
#4784 = VERTEX_POINT('',#4785);
#4785 = CARTESIAN_POINT('',(2.6,-6.368163355566E-16,-276.7));
#4786 = SEAM_CURVE('',#4787,(#4791,#4798),.PCURVE_S1.);
#4787 = LINE('',#4788,#4789);
#4788 = CARTESIAN_POINT('',(2.6,-6.368163355566E-16,-304.7));
#4789 = VECTOR('',#4790,1.);
#4790 = DIRECTION('',(0.,0.,1.));
#4791 = PCURVE('',#2596,#4792);
#4792 = DEFINITIONAL_REPRESENTATION('',(#4793),#4797);
#4793 = LINE('',#4794,#4795);
#4794 = CARTESIAN_POINT('',(0.,-0.));
#4795 = VECTOR('',#4796,1.);
#4796 = DIRECTION('',(0.,1.));
#4797 = ( GEOMETRIC_REPRESENTATION_CONTEXT(2) 
PARAMETRIC_REPRESENTATION_CONTEXT() REPRESENTATION_CONTEXT('2D SPACE',''
  ) );
#4798 = PCURVE('',#2596,#4799);
#4799 = DEFINITIONAL_REPRESENTATION('',(#4800),#4804);
#4800 = LINE('',#4801,#4802);
#4801 = CARTESIAN_POINT('',(6.28318530718,-0.));
#4802 = VECTOR('',#4803,1.);
#4803 = DIRECTION('',(0.,1.));
#4804 = ( GEOMETRIC_REPRESENTATION_CONTEXT(2) 
PARAMETRIC_REPRESENTATION_CONTEXT() REPRESENTATION_CONTEXT('2D SPACE',''
  ) );
#4805 = ORIENTED_EDGE('',*,*,#4806,.F.);
#4806 = EDGE_CURVE('',#4784,#4784,#4807,.T.);
#4807 = SURFACE_CURVE('',#4808,(#4813,#4820),.PCURVE_S1.);
#4808 = CIRCLE('',#4809,2.6);
#4809 = AXIS2_PLACEMENT_3D('',#4810,#4811,#4812);
#4810 = CARTESIAN_POINT('',(0.,0.,-276.7));
#4811 = DIRECTION('',(0.,0.,1.));
#4812 = DIRECTION('',(1.,0.,-0.));
#4813 = PCURVE('',#2596,#4814);
#4814 = DEFINITIONAL_REPRESENTATION('',(#4815),#4819);
#4815 = LINE('',#4816,#4817);
#4816 = CARTESIAN_POINT('',(0.,28.));
#4817 = VECTOR('',#4818,1.);
#4818 = DIRECTION('',(1.,0.));
#4819 = ( GEOMETRIC_REPRESENTATION_CONTEXT(2) 
PARAMETRIC_REPRESENTATION_CONTEXT() REPRESENTATION_CONTEXT('2D SPACE',''
  ) );
#4820 = PCURVE('',#4821,#4826);
#4821 = PLANE('',#4822);
#4822 = AXIS2_PLACEMENT_3D('',#4823,#4824,#4825);
#4823 = CARTESIAN_POINT('',(0.,0.,-276.7));
#4824 = DIRECTION('',(0.,0.,1.));
#4825 = DIRECTION('',(1.,0.,-0.));
#4826 = DEFINITIONAL_REPRESENTATION('',(#4827),#4831);
#4827 = CIRCLE('',#4828,2.6);
#4828 = AXIS2_PLACEMENT_2D('',#4829,#4830);
#4829 = CARTESIAN_POINT('',(0.,0.));
#4830 = DIRECTION('',(1.,0.));
#4831 = ( GEOMETRIC_REPRESENTATION_CONTEXT(2) 
PARAMETRIC_REPRESENTATION_CONTEXT() REPRESENTATION_CONTEXT('2D SPACE',''
  ) );
#4832 = ORIENTED_EDGE('',*,*,#4783,.F.);
#4833 = FACE_BOUND('',#4834,.F.);
#4834 = EDGE_LOOP('',(#4835));
#4835 = ORIENTED_EDGE('',*,*,#4836,.F.);
#4836 = EDGE_CURVE('',#4837,#4837,#4839,.T.);
#4837 = VERTEX_POINT('',#4838);
#4838 = CARTESIAN_POINT('',(-8.34491800626E-16,-2.6,-289.35));
#4839 = SURFACE_CURVE('',#4840,(#4923,#5009),.PCURVE_S1.);
#4840 = B_SPLINE_CURVE_WITH_KNOTS('',6,(#4841,#4842,#4843,#4844,#4845,
    #4846,#4847,#4848,#4849,#4850,#4851,#4852,#4853,#4854,#4855,#4856,
    #4857,#4858,#4859,#4860,#4861,#4862,#4863,#4864,#4865,#4866,#4867,
    #4868,#4869,#4870,#4871,#4872,#4873,#4874,#4875,#4876,#4877,#4878,
    #4879,#4880,#4881,#4882,#4883,#4884,#4885,#4886,#4887,#4888,#4889,
    #4890,#4891,#4892,#4893,#4894,#4895,#4896,#4897,#4898,#4899,#4900,
    #4901,#4902,#4903,#4904,#4905,#4906,#4907,#4908,#4909,#4910,#4911,
    #4912,#4913,#4914,#4915,#4916,#4917,#4918,#4919,#4920,#4921,#4922),
  .UNSPECIFIED.,.T.,.F.,(7,5,5,5,5,5,5,5,5,5,5,5,5,5,5,5,7),(0.,
    7.304656199614E-02,0.103144981415,0.186756540834,0.25024152848,
    0.313009167522,0.396662347357,0.427487391454,0.500488155742,
    0.54826662184,0.603474845718,0.687823077139,0.750268269683,
    0.812906893637,0.897623025395,0.92714951333,1.),.UNSPECIFIED.);
#4841 = CARTESIAN_POINT('',(-6.661338147751E-16,-2.6,-289.35));
#4842 = CARTESIAN_POINT('',(8.919474541794E-02,-2.6,-289.35));
#4843 = CARTESIAN_POINT('',(0.178008317338,-2.596328085836,
    -289.3409077655));
#4844 = CARTESIAN_POINT('',(0.264979001602,-2.589043461069,
    -289.3228690463));
#4845 = CARTESIAN_POINT('',(0.348681204933,-2.578565535519,
    -289.2964310465));
#4846 = CARTESIAN_POINT('',(0.427818463751,-2.565655327821,
    -289.2625358287));
#4847 = CARTESIAN_POINT('',(0.531650166193,-2.545250787441,
    -289.2061110415));
#4848 = CARTESIAN_POINT('',(0.561063669543,-2.539021916752,
    -289.1885803278));
#4849 = CARTESIAN_POINT('',(0.58956072088,-2.53256945364,-289.1700461465
    ));
#4850 = CARTESIAN_POINT('',(0.617113739966,-2.525944271261,
    -289.1505702723));
#4851 = CARTESIAN_POINT('',(0.643698712324,-2.519197023751,
    -289.1302141521));
#4852 = CARTESIAN_POINT('',(0.740400629043,-2.493435723547,
    -289.0502153693));
#4853 = CARTESIAN_POINT('',(0.803884623648,-2.473936844768,
    -288.9850651828));
#4854 = CARTESIAN_POINT('',(0.85950524312,-2.454900151256,-288.914732984
    ));
#4855 = CARTESIAN_POINT('',(0.907136782806,-2.437248056976,
    -288.8401944068));
#4856 = CARTESIAN_POINT('',(0.946706388255,-2.421755004108,
    -288.7622944368));
#4857 = CARTESIAN_POINT('',(1.001990667905,-2.399307786939,
    -288.6206567577));
#4858 = CARTESIAN_POINT('',(1.021156723695,-2.39119505307,
    -288.5580190683));
#4859 = CARTESIAN_POINT('',(1.035567076232,-2.384921987265,
    -288.4942641436));
#4860 = CARTESIAN_POINT('',(1.045186933099,-2.380674322966,
    -288.4297683828));
#4861 = CARTESIAN_POINT('',(1.05,-2.378549978453,-288.3648956858));
#4862 = CARTESIAN_POINT('',(1.05,-2.378549978453,-288.2358376029));
#4863 = CARTESIAN_POINT('',(1.04529508807,-2.380626600586,
    -288.1716970102));
#4864 = CARTESIAN_POINT('',(1.035891152167,-2.384778884609,
    -288.1079207921));
#4865 = CARTESIAN_POINT('',(1.021803873879,-2.390913273786,
    -288.044860945));
#4866 = CARTESIAN_POINT('',(1.003066678126,-2.398852120505,
    -287.9828812794));
#4867 = CARTESIAN_POINT('',(0.948648442539,-2.420990025424,
    -287.841700198));
#4868 = CARTESIAN_POINT('',(0.909401843749,-2.436394114583,
    -287.7636255276));
#4869 = CARTESIAN_POINT('',(0.8620824742,-2.453983924867,-287.6888874802
    ));
#4870 = CARTESIAN_POINT('',(0.806762528314,-2.472988082053,
    -287.6183295332));
#4871 = CARTESIAN_POINT('',(0.743566153143,-2.492486057235,
    -287.552925367));
#4872 = CARTESIAN_POINT('',(0.646631677576,-2.518451433732,
    -287.4720367563));
#4873 = CARTESIAN_POINT('',(0.619492196671,-2.525372483162,
    -287.4511099749));
#4874 = CARTESIAN_POINT('',(0.591335969658,-2.532168928955,
    -287.4311023959));
#4875 = CARTESIAN_POINT('',(0.562188506921,-2.538786429064,
    -287.4120798785));
#4876 = CARTESIAN_POINT('',(0.532079211148,-2.545170370585,
    -287.3941086753));
#4877 = CARTESIAN_POINT('',(0.427536678225,-2.565701407865,
    -287.3373430909));
#4878 = CARTESIAN_POINT('',(0.348442187195,-2.578595442902,
    -287.3034935602));
#4879 = CARTESIAN_POINT('',(0.264794430519,-2.589058721697,
    -287.2770931778));
#4880 = CARTESIAN_POINT('',(0.177885373888,-2.596332987622,
    -287.2590800921));
#4881 = CARTESIAN_POINT('',(8.913516948671E-02,-2.6,-287.25));
#4882 = CARTESIAN_POINT('',(-5.833831624822E-02,-2.6,-287.25));
#4883 = CARTESIAN_POINT('',(-0.116622340616,-2.598429499702,
    -287.2538897121));
#4884 = CARTESIAN_POINT('',(-0.174389254561,-2.595292633984,
    -287.2616548038));
#4885 = CARTESIAN_POINT('',(-0.231180419707,-2.590673468749,
    -287.2731855318));
#4886 = CARTESIAN_POINT('',(-0.28655661754,-2.584725045174,
    -287.288273826));
#4887 = CARTESIAN_POINT('',(-0.401998254356,-2.569492912618,
    -287.3277983326));
#4888 = CARTESIAN_POINT('',(-0.461440616243,-2.559835811547,
    -287.3533186942));
#4889 = CARTESIAN_POINT('',(-0.518130315695,-2.548970411382,
    -287.3827959006));
#4890 = CARTESIAN_POINT('',(-0.571804320361,-2.537217410026,
    -287.4158397794));
#4891 = CARTESIAN_POINT('',(-0.622247781225,-2.52491153174,
    -287.4520400943));
#4892 = CARTESIAN_POINT('',(-0.741175162543,-2.493229388547,
    -287.5504253804));
#4893 = CARTESIAN_POINT('',(-0.805267084455,-2.473511873995,
    -287.6163551802));
#4894 = CARTESIAN_POINT('',(-0.861320713062,-2.454278014707,
    -287.6875679862));
#4895 = CARTESIAN_POINT('',(-0.909207213137,-2.436479664077,
    -287.7630575524));
#4896 = CARTESIAN_POINT('',(-0.948852411432,-2.420913542219,
    -287.8419534883));
#4897 = CARTESIAN_POINT('',(-1.003355316927,-2.398729813589,
    -287.9838376817));
#4898 = CARTESIAN_POINT('',(-1.021977468015,-2.390837672892,
    -288.0456392759));
#4899 = CARTESIAN_POINT('',(-1.035978084013,-2.384740498312,
    -288.1085111879));
#4900 = CARTESIAN_POINT('',(-1.045324100642,-2.380613799016,
    -288.1720929522));
#4901 = CARTESIAN_POINT('',(-1.05,-2.378549978453,-288.2360357375));
#4902 = CARTESIAN_POINT('',(-1.05,-2.378549978453,-288.3641623993));
#4903 = CARTESIAN_POINT('',(-1.045295087734,-2.38062660073,
    -288.428302995));
#4904 = CARTESIAN_POINT('',(-1.035891150973,-2.384778885144,
    -288.4920792155));
#4905 = CARTESIAN_POINT('',(-1.021803871693,-2.390913274734,
    -288.5551390633));
#4906 = CARTESIAN_POINT('',(-1.003066675803,-2.39885212145,
    -288.6171187265));
#4907 = CARTESIAN_POINT('',(-0.948188543377,-2.421177117193,
    -288.7594929509));
#4908 = CARTESIAN_POINT('',(-0.908239100229,-2.436850909147,
    -288.8386839384));
#4909 = CARTESIAN_POINT('',(-0.859976331402,-2.454765319077,
    -288.914427952));
#4910 = CARTESIAN_POINT('',(-0.803478346604,-2.474115143454,
    -288.985840593));
#4911 = CARTESIAN_POINT('',(-0.738873989425,-2.493929389784,
    -289.0519014051));
#4912 = CARTESIAN_POINT('',(-0.64116854521,-2.519838371767,
    -289.1321482638));
#4913 = CARTESIAN_POINT('',(-0.614962160998,-2.52646190088,
    -289.1520926833));
#4914 = CARTESIAN_POINT('',(-0.587821504891,-2.532964679738,
    -289.1711831539));
#4915 = CARTESIAN_POINT('',(-0.559769650792,-2.539298534185,
    -289.1893611792));
#4916 = CARTESIAN_POINT('',(-0.530833019223,-2.545415109373,
    -289.2065679947));
#4917 = CARTESIAN_POINT('',(-0.427536678225,-2.565701407865,
    -289.262656909));
#4918 = CARTESIAN_POINT('',(-0.348442187195,-2.578595442902,
    -289.2965064397));
#4919 = CARTESIAN_POINT('',(-0.264794430519,-2.589058721697,
    -289.3229068221));
#4920 = CARTESIAN_POINT('',(-0.177885373888,-2.596332987622,
    -289.3409199078));
#4921 = CARTESIAN_POINT('',(-8.913516948676E-02,-2.6,-289.35));
#4922 = CARTESIAN_POINT('',(-6.661338147751E-16,-2.6,-289.35));
#4923 = PCURVE('',#2596,#4924);
#4924 = DEFINITIONAL_REPRESENTATION('',(#4925),#5008);
#4925 = B_SPLINE_CURVE_WITH_KNOTS('',6,(#4926,#4927,#4928,#4929,#4930,
    #4931,#4932,#4933,#4934,#4935,#4936,#4937,#4938,#4939,#4940,#4941,
    #4942,#4943,#4944,#4945,#4946,#4947,#4948,#4949,#4950,#4951,#4952,
    #4953,#4954,#4955,#4956,#4957,#4958,#4959,#4960,#4961,#4962,#4963,
    #4964,#4965,#4966,#4967,#4968,#4969,#4970,#4971,#4972,#4973,#4974,
    #4975,#4976,#4977,#4978,#4979,#4980,#4981,#4982,#4983,#4984,#4985,
    #4986,#4987,#4988,#4989,#4990,#4991,#4992,#4993,#4994,#4995,#4996,
    #4997,#4998,#4999,#5000,#5001,#5002,#5003,#5004,#5005,#5006,#5007),
  .UNSPECIFIED.,.T.,.F.,(7,5,5,5,5,5,5,5,5,5,5,5,5,5,5,5,7),(0.,
    7.304656199614E-02,0.103144981415,0.186756540834,0.25024152848,
    0.313009167522,0.396662347357,0.427487391454,0.500488155742,
    0.54826662184,0.603474845718,0.687823077139,0.750268269683,
    0.812906893637,0.897623025395,0.92714951333,1.),.UNSPECIFIED.);
#4926 = CARTESIAN_POINT('',(4.712388980385,15.35));
#4927 = CARTESIAN_POINT('',(4.746694651699,15.35));
#4928 = CARTESIAN_POINT('',(4.780853778737,15.359092234415));
#4929 = CARTESIAN_POINT('',(4.814376411819,15.377130953612));
#4930 = CARTESIAN_POINT('',(4.84678531965,15.403568953417));
#4931 = CARTESIAN_POINT('',(4.877609030141,15.43746417128));
#4932 = CARTESIAN_POINT('',(4.918308112935,15.49388895847));
#4933 = CARTESIAN_POINT('',(4.929870658804,15.511419672169));
#4934 = CARTESIAN_POINT('',(4.941106914354,15.529953853481));
#4935 = CARTESIAN_POINT('',(4.952004930924,15.549429727645));
#4936 = CARTESIAN_POINT('',(4.96255337335,15.56978584782));
#4937 = CARTESIAN_POINT('',(5.001043565149,15.649784630644));
#4938 = CARTESIAN_POINT('',(5.026568139141,15.714934817116));
#4939 = CARTESIAN_POINT('',(5.049165462285,15.785267015902));
#4940 = CARTESIAN_POINT('',(5.068697641355,15.859805593122));
#4941 = CARTESIAN_POINT('',(5.085040430389,15.93770556315));
#4942 = CARTESIAN_POINT('',(5.10798952873,16.079343242209));
#4943 = CARTESIAN_POINT('',(5.115993468634,16.141980931697));
#4944 = CARTESIAN_POINT('',(5.122038023749,16.205735856347));
#4945 = CARTESIAN_POINT('',(5.126082770659,16.270231617171));
#4946 = CARTESIAN_POINT('',(5.128106186711,16.335104314165));
#4947 = CARTESIAN_POINT('',(5.128106186711,16.464162397047));
#4948 = CARTESIAN_POINT('',(5.126128234647,16.52830298979));
#4949 = CARTESIAN_POINT('',(5.122174286368,16.592079207836));
#4950 = CARTESIAN_POINT('',(5.116264934834,16.655139054996));
#4951 = CARTESIAN_POINT('',(5.108438910425,16.717118720507));
#4952 = CARTESIAN_POINT('',(5.085843186375,16.858299801955));
#4953 = CARTESIAN_POINT('',(5.069628509664,16.936374472389));
#4954 = CARTESIAN_POINT('',(5.050217092358,17.011112519706));
#4955 = CARTESIAN_POINT('',(5.02773301815,17.081670466792));
#4956 = CARTESIAN_POINT('',(5.002314095044,17.147074632998));
#4957 = CARTESIAN_POINT('',(4.963717230557,17.22796324363));
#4958 = CARTESIAN_POINT('',(4.9529456612,17.248890025086));
#4959 = CARTESIAN_POINT('',(4.941806757263,17.268897604096));
#4960 = CARTESIAN_POINT('',(4.930312614725,17.287920121401));
#4961 = CARTESIAN_POINT('',(4.918475997451,17.305891324615));
#4962 = CARTESIAN_POINT('',(4.877499267365,17.362656909033));
#4963 = CARTESIAN_POINT('',(4.846692778572,17.396506439707));
#4964 = CARTESIAN_POINT('',(4.814305275856,17.422906822194));
#4965 = CARTESIAN_POINT('',(4.78080649382,17.440919907821));
#4966 = CARTESIAN_POINT('',(4.74667173788,17.45));
#4967 = CARTESIAN_POINT('',(4.689951166443,17.45));
#4968 = CARTESIAN_POINT('',(4.667534273394,17.446110287818));
#4969 = CARTESIAN_POINT('',(4.645295795169,17.438345196151));
#4970 = CARTESIAN_POINT('',(4.623392289702,17.426814468162));
#4971 = CARTESIAN_POINT('',(4.601977453553,17.41172617391));
#4972 = CARTESIAN_POINT('',(4.557191986346,17.372201667372));
#4973 = CARTESIAN_POINT('',(4.534040195835,17.346681305707));
#4974 = CARTESIAN_POINT('',(4.511852043685,17.317204099387));
#4975 = CARTESIAN_POINT('',(4.490728622005,17.284160220589));
#4976 = CARTESIAN_POINT('',(4.470762685528,17.247959905693));
#4977 = CARTESIAN_POINT('',(4.423426108629,17.149574619521));
#4978 = CARTESIAN_POINT('',(4.397653949587,17.083644819792));
#4979 = CARTESIAN_POINT('',(4.374874823803,17.012432013794));
#4980 = CARTESIAN_POINT('',(4.355231154874,16.936942447522));
#4981 = CARTESIAN_POINT('',(4.338851023057,16.85804651169));
#4982 = CARTESIAN_POINT('',(4.316218492524,16.716162318232));
#4983 = CARTESIAN_POINT('',(4.308440204324,16.654360724044));
#4984 = CARTESIAN_POINT('',(4.302567122692,16.591488812074));
#4985 = CARTESIAN_POINT('',(4.298637530397,16.527907047752));
#4986 = CARTESIAN_POINT('',(4.296671774059,16.463964262435));
#4987 = CARTESIAN_POINT('',(4.296671774059,16.335837600656));
#4988 = CARTESIAN_POINT('',(4.298649726263,16.271697004958));
#4989 = CARTESIAN_POINT('',(4.302603674905,16.207920784471));
#4990 = CARTESIAN_POINT('',(4.308513026851,16.144860936668));
#4991 = CARTESIAN_POINT('',(4.316339051309,16.082881273465));
#4992 = CARTESIAN_POINT('',(4.339125735282,15.940507049087));
#4993 = CARTESIAN_POINT('',(4.355629873603,15.861316061568));
#4994 = CARTESIAN_POINT('',(4.375424684737,15.785572047904));
#4995 = CARTESIAN_POINT('',(4.398379573976,15.714159406999));
#4996 = CARTESIAN_POINT('',(4.424350635064,15.648098594813));
#4997 = CARTESIAN_POINT('',(4.463228438577,15.567851736178));
#4998 = CARTESIAN_POINT('',(4.473624072444,15.547907316676));
#4999 = CARTESIAN_POINT('',(4.48435693984,15.528816846039));
#5000 = CARTESIAN_POINT('',(4.495416196894,15.510638820753));
#5001 = CARTESIAN_POINT('',(4.506790423553,15.493432005221));
#5002 = CARTESIAN_POINT('',(4.547278693404,15.437343090967));
#5003 = CARTESIAN_POINT('',(4.578085182198,15.403493560293));
#5004 = CARTESIAN_POINT('',(4.610472684913,15.377093177806));
#5005 = CARTESIAN_POINT('',(4.64397146695,15.359080092179));
#5006 = CARTESIAN_POINT('',(4.67810622289,15.35));
#5007 = CARTESIAN_POINT('',(4.712388980385,15.35));
#5008 = ( GEOMETRIC_REPRESENTATION_CONTEXT(2) 
PARAMETRIC_REPRESENTATION_CONTEXT() REPRESENTATION_CONTEXT('2D SPACE',''
  ) );
#5009 = PCURVE('',#4105,#5010);
#5010 = DEFINITIONAL_REPRESENTATION('',(#5011),#5094);
#5011 = B_SPLINE_CURVE_WITH_KNOTS('',6,(#5012,#5013,#5014,#5015,#5016,
    #5017,#5018,#5019,#5020,#5021,#5022,#5023,#5024,#5025,#5026,#5027,
    #5028,#5029,#5030,#5031,#5032,#5033,#5034,#5035,#5036,#5037,#5038,
    #5039,#5040,#5041,#5042,#5043,#5044,#5045,#5046,#5047,#5048,#5049,
    #5050,#5051,#5052,#5053,#5054,#5055,#5056,#5057,#5058,#5059,#5060,
    #5061,#5062,#5063,#5064,#5065,#5066,#5067,#5068,#5069,#5070,#5071,
    #5072,#5073,#5074,#5075,#5076,#5077,#5078,#5079,#5080,#5081,#5082,
    #5083,#5084,#5085,#5086,#5087,#5088,#5089,#5090,#5091,#5092,#5093),
  .UNSPECIFIED.,.F.,.F.,(7,5,5,5,5,5,5,5,5,5,5,5,5,5,5,5,7),(0.,
    7.304656199614E-02,0.103144981415,0.186756540834,0.25024152848,
    0.313009167522,0.396662347357,0.427487391454,0.500488155742,
    0.54826662184,0.603474845718,0.687823077139,0.750268269683,
    0.812906893637,0.897623025395,0.92714951333,1.),.UNSPECIFIED.);
#5012 = CARTESIAN_POINT('',(0.,1.1));
#5013 = CARTESIAN_POINT('',(8.494737658851E-02,1.1));
#5014 = CARTESIAN_POINT('',(0.169531555462,1.096328085836));
#5015 = CARTESIAN_POINT('',(0.253465022137,1.089043461069));
#5016 = CARTESIAN_POINT('',(0.336441949798,1.078565535519));
#5017 = CARTESIAN_POINT('',(0.418077673793,1.065655327821));
#5018 = CARTESIAN_POINT('',(0.530623070192,1.045250787441));
#5019 = CARTESIAN_POINT('',(0.563208383699,1.039021916752));
#5020 = CARTESIAN_POINT('',(0.595546759479,1.03256945364));
#5021 = CARTESIAN_POINT('',(0.627645963867,1.025944271261));
#5022 = CARTESIAN_POINT('',(0.659512255194,1.019197023751));
#5023 = CARTESIAN_POINT('',(0.779039160677,0.993435723547));
#5024 = CARTESIAN_POINT('',(0.865176507464,0.973936844768));
#5025 = CARTESIAN_POINT('',(0.949908731436,0.954900151256));
#5026 = CARTESIAN_POINT('',(1.033537601962,0.937248056976));
#5027 = CARTESIAN_POINT('',(1.116352227356,0.921755004108));
#5028 = CARTESIAN_POINT('',(1.261156681333,0.899307786939));
#5029 = CARTESIAN_POINT('',(1.323365368192,0.89119505307));
#5030 = CARTESIAN_POINT('',(1.38535808161,0.884921987265));
#5031 = CARTESIAN_POINT('',(1.447207293938,0.880674322966));
#5032 = CARTESIAN_POINT('',(1.508990911714,0.878549978453));
#5033 = CARTESIAN_POINT('',(1.631903371602,0.878549978453));
#5034 = CARTESIAN_POINT('',(1.692989740456,0.880626600586));
#5035 = CARTESIAN_POINT('',(1.754139450695,0.884778884609));
#5036 = CARTESIAN_POINT('',(1.815427539058,0.890913273786));
#5037 = CARTESIAN_POINT('',(1.876923869915,0.898852120505));
#5038 = CARTESIAN_POINT('',(2.021024622409,0.920990025424));
#5039 = CARTESIAN_POINT('',(2.103848698483,0.936394114583));
#5040 = CARTESIAN_POINT('',(2.187478170413,0.953983924867));
#5041 = CARTESIAN_POINT('',(2.272202438849,0.972988082053));
#5042 = CARTESIAN_POINT('',(2.358323104178,0.992486057235));
#5043 = CARTESIAN_POINT('',(2.478561943905,1.018451433732));
#5044 = CARTESIAN_POINT('',(2.511176525523,1.025372483162));
#5045 = CARTESIAN_POINT('',(2.54403467673,1.032168928955));
#5046 = CARTESIAN_POINT('',(2.577143221633,1.038786429064));
#5047 = CARTESIAN_POINT('',(2.610510640888,1.045170370585));
#5048 = CARTESIAN_POINT('',(2.723805843614,1.065701407865));
#5049 = CARTESIAN_POINT('',(2.805387575549,1.078595442902));
#5050 = CARTESIAN_POINT('',(2.888305618484,1.089058721697));
#5051 = CARTESIAN_POINT('',(2.972178190086,1.096332987622));
#5052 = CARTESIAN_POINT('',(3.056702015983,1.1));
#5053 = CARTESIAN_POINT('',(3.197152954779,1.1));
#5054 = CARTESIAN_POINT('',(3.252661637206,1.098429499702));
#5055 = CARTESIAN_POINT('',(3.307986254502,1.095292633984));
#5056 = CARTESIAN_POINT('',(3.362996445075,1.090673468749));
#5057 = CARTESIAN_POINT('',(3.41754682522,1.084725045174));
#5058 = CARTESIAN_POINT('',(3.533756652367,1.069492912618));
#5059 = CARTESIAN_POINT('',(3.595189327565,1.059835811547));
#5060 = CARTESIAN_POINT('',(3.655796656934,1.048970411382));
#5061 = CARTESIAN_POINT('',(3.715598341792,1.037217410026));
#5062 = CARTESIAN_POINT('',(3.774590817845,1.02491153174));
#5063 = CARTESIAN_POINT('',(3.921589164395,0.993229388547));
#5064 = CARTESIAN_POINT('',(4.00864593442,0.973511873995));
#5065 = CARTESIAN_POINT('',(4.09427076033,0.954278014707));
#5066 = CARTESIAN_POINT('',(4.178774620057,0.936479664077));
#5067 = CARTESIAN_POINT('',(4.262455583086,0.920913542219));
#5068 = CARTESIAN_POINT('',(4.407210254148,0.898729813589));
#5069 = CARTESIAN_POINT('',(4.468514182221,0.890837672892));
#5070 = CARTESIAN_POINT('',(4.529611927859,0.884740498312));
#5071 = CARTESIAN_POINT('',(4.590572656178,0.880613799016));
#5072 = CARTESIAN_POINT('',(4.651470635209,0.878549978453));
#5073 = CARTESIAN_POINT('',(4.773496027379,0.878549978453));
#5074 = CARTESIAN_POINT('',(4.834582399049,0.88062660073));
#5075 = CARTESIAN_POINT('',(4.895732111653,0.884778885144));
#5076 = CARTESIAN_POINT('',(4.957020200806,0.890913274734));
#5077 = CARTESIAN_POINT('',(5.018516529658,0.89885212145));
#5078 = CARTESIAN_POINT('',(5.163835099668,0.921177117193));
#5079 = CARTESIAN_POINT('',(5.247892350357,0.936850909147));
#5080 = CARTESIAN_POINT('',(5.332782962273,0.954765319077));
#5081 = CARTESIAN_POINT('',(5.418810991069,0.974115143454));
#5082 = CARTESIAN_POINT('',(5.506289416587,0.993929389784));
#5083 = CARTESIAN_POINT('',(5.626704089946,1.019838371767));
#5084 = CARTESIAN_POINT('',(5.658046947979,1.02646190088));
#5085 = CARTESIAN_POINT('',(5.689615396815,1.032964679738));
#5086 = CARTESIAN_POINT('',(5.721415270286,1.039298534185));
#5087 = CARTESIAN_POINT('',(5.753453821988,1.045415109373));
#5088 = CARTESIAN_POINT('',(5.865398497204,1.065701407865));
#5089 = CARTESIAN_POINT('',(5.946980229139,1.078595442902));
#5090 = CARTESIAN_POINT('',(6.029898272074,1.089058721697));
#5091 = CARTESIAN_POINT('',(6.113770843676,1.096332987622));
#5092 = CARTESIAN_POINT('',(6.198294669573,1.1));
#5093 = CARTESIAN_POINT('',(6.28318530718,1.1));
#5094 = ( GEOMETRIC_REPRESENTATION_CONTEXT(2) 
PARAMETRIC_REPRESENTATION_CONTEXT() REPRESENTATION_CONTEXT('2D SPACE',''
  ) );
#5095 = ADVANCED_FACE('',(#5096),#2679,.F.);
#5096 = FACE_BOUND('',#5097,.F.);
#5097 = EDGE_LOOP('',(#5098,#5099,#5120,#5121));
#5098 = ORIENTED_EDGE('',*,*,#4246,.F.);
#5099 = ORIENTED_EDGE('',*,*,#5100,.F.);
#5100 = EDGE_CURVE('',#2663,#4224,#5101,.T.);
#5101 = SEAM_CURVE('',#5102,(#5106,#5113),.PCURVE_S1.);
#5102 = LINE('',#5103,#5104);
#5103 = CARTESIAN_POINT('',(39.5,-1.836970198721E-15,-304.7));
#5104 = VECTOR('',#5105,1.);
#5105 = DIRECTION('',(0.,0.,1.));
#5106 = PCURVE('',#2679,#5107);
#5107 = DEFINITIONAL_REPRESENTATION('',(#5108),#5112);
#5108 = LINE('',#5109,#5110);
#5109 = CARTESIAN_POINT('',(6.28318530718,-0.));
#5110 = VECTOR('',#5111,1.);
#5111 = DIRECTION('',(0.,1.));
#5112 = ( GEOMETRIC_REPRESENTATION_CONTEXT(2) 
PARAMETRIC_REPRESENTATION_CONTEXT() REPRESENTATION_CONTEXT('2D SPACE',''
  ) );
#5113 = PCURVE('',#2679,#5114);
#5114 = DEFINITIONAL_REPRESENTATION('',(#5115),#5119);
#5115 = LINE('',#5116,#5117);
#5116 = CARTESIAN_POINT('',(0.,-0.));
#5117 = VECTOR('',#5118,1.);
#5118 = DIRECTION('',(0.,1.));
#5119 = ( GEOMETRIC_REPRESENTATION_CONTEXT(2) 
PARAMETRIC_REPRESENTATION_CONTEXT() REPRESENTATION_CONTEXT('2D SPACE',''
  ) );
#5120 = ORIENTED_EDGE('',*,*,#2662,.T.);
#5121 = ORIENTED_EDGE('',*,*,#5100,.T.);
#5122 = ADVANCED_FACE('',(#5123),#2710,.F.);
#5123 = FACE_BOUND('',#5124,.F.);
#5124 = EDGE_LOOP('',(#5125,#5148,#5175,#5176));
#5125 = ORIENTED_EDGE('',*,*,#5126,.T.);
#5126 = EDGE_CURVE('',#2694,#5127,#5129,.T.);
#5127 = VERTEX_POINT('',#5128);
#5128 = CARTESIAN_POINT('',(44.,-3.673940397442E-16,-301.71));
#5129 = SEAM_CURVE('',#5130,(#5134,#5141),.PCURVE_S1.);
#5130 = LINE('',#5131,#5132);
#5131 = CARTESIAN_POINT('',(44.,-3.673940397442E-16,-303.71));
#5132 = VECTOR('',#5133,1.);
#5133 = DIRECTION('',(0.,0.,1.));
#5134 = PCURVE('',#2710,#5135);
#5135 = DEFINITIONAL_REPRESENTATION('',(#5136),#5140);
#5136 = LINE('',#5137,#5138);
#5137 = CARTESIAN_POINT('',(6.28318530718,-0.));
#5138 = VECTOR('',#5139,1.);
#5139 = DIRECTION('',(0.,1.));
#5140 = ( GEOMETRIC_REPRESENTATION_CONTEXT(2) 
PARAMETRIC_REPRESENTATION_CONTEXT() REPRESENTATION_CONTEXT('2D SPACE',''
  ) );
#5141 = PCURVE('',#2710,#5142);
#5142 = DEFINITIONAL_REPRESENTATION('',(#5143),#5147);
#5143 = LINE('',#5144,#5145);
#5144 = CARTESIAN_POINT('',(0.,-0.));
#5145 = VECTOR('',#5146,1.);
#5146 = DIRECTION('',(0.,1.));
#5147 = ( GEOMETRIC_REPRESENTATION_CONTEXT(2) 
PARAMETRIC_REPRESENTATION_CONTEXT() REPRESENTATION_CONTEXT('2D SPACE',''
  ) );
#5148 = ORIENTED_EDGE('',*,*,#5149,.F.);
#5149 = EDGE_CURVE('',#5127,#5127,#5150,.T.);
#5150 = SURFACE_CURVE('',#5151,(#5156,#5163),.PCURVE_S1.);
#5151 = CIRCLE('',#5152,1.5);
#5152 = AXIS2_PLACEMENT_3D('',#5153,#5154,#5155);
#5153 = CARTESIAN_POINT('',(42.5,0.,-301.71));
#5154 = DIRECTION('',(0.,0.,1.));
#5155 = DIRECTION('',(1.,0.,-0.));
#5156 = PCURVE('',#2710,#5157);
#5157 = DEFINITIONAL_REPRESENTATION('',(#5158),#5162);
#5158 = LINE('',#5159,#5160);
#5159 = CARTESIAN_POINT('',(0.,2.));
#5160 = VECTOR('',#5161,1.);
#5161 = DIRECTION('',(1.,0.));
#5162 = ( GEOMETRIC_REPRESENTATION_CONTEXT(2) 
PARAMETRIC_REPRESENTATION_CONTEXT() REPRESENTATION_CONTEXT('2D SPACE',''
  ) );
#5163 = PCURVE('',#5164,#5169);
#5164 = PLANE('',#5165);
#5165 = AXIS2_PLACEMENT_3D('',#5166,#5167,#5168);
#5166 = CARTESIAN_POINT('',(42.5,0.,-301.71));
#5167 = DIRECTION('',(0.,0.,1.));
#5168 = DIRECTION('',(1.,0.,-0.));
#5169 = DEFINITIONAL_REPRESENTATION('',(#5170),#5174);
#5170 = CIRCLE('',#5171,1.5);
#5171 = AXIS2_PLACEMENT_2D('',#5172,#5173);
#5172 = CARTESIAN_POINT('',(0.,0.));
#5173 = DIRECTION('',(1.,0.));
#5174 = ( GEOMETRIC_REPRESENTATION_CONTEXT(2) 
PARAMETRIC_REPRESENTATION_CONTEXT() REPRESENTATION_CONTEXT('2D SPACE',''
  ) );
#5175 = ORIENTED_EDGE('',*,*,#5126,.F.);
#5176 = ORIENTED_EDGE('',*,*,#2693,.T.);
#5177 = ADVANCED_FACE('',(#5178),#2741,.F.);
#5178 = FACE_BOUND('',#5179,.F.);
#5179 = EDGE_LOOP('',(#5180,#5203,#5230,#5231));
#5180 = ORIENTED_EDGE('',*,*,#5181,.T.);
#5181 = EDGE_CURVE('',#2725,#5182,#5184,.T.);
#5182 = VERTEX_POINT('',#5183);
#5183 = CARTESIAN_POINT('',(40.76488013173,16.264045875516,-301.71));
#5184 = SEAM_CURVE('',#5185,(#5189,#5196),.PCURVE_S1.);
#5185 = LINE('',#5186,#5187);
#5186 = CARTESIAN_POINT('',(40.76488013173,16.264045875516,-303.71));
#5187 = VECTOR('',#5188,1.);
#5188 = DIRECTION('',(0.,0.,1.));
#5189 = PCURVE('',#2741,#5190);
#5190 = DEFINITIONAL_REPRESENTATION('',(#5191),#5195);
#5191 = LINE('',#5192,#5193);
#5192 = CARTESIAN_POINT('',(6.28318530718,-0.));
#5193 = VECTOR('',#5194,1.);
#5194 = DIRECTION('',(0.,1.));
#5195 = ( GEOMETRIC_REPRESENTATION_CONTEXT(2) 
PARAMETRIC_REPRESENTATION_CONTEXT() REPRESENTATION_CONTEXT('2D SPACE',''
  ) );
#5196 = PCURVE('',#2741,#5197);
#5197 = DEFINITIONAL_REPRESENTATION('',(#5198),#5202);
#5198 = LINE('',#5199,#5200);
#5199 = CARTESIAN_POINT('',(0.,-0.));
#5200 = VECTOR('',#5201,1.);
#5201 = DIRECTION('',(0.,1.));
#5202 = ( GEOMETRIC_REPRESENTATION_CONTEXT(2) 
PARAMETRIC_REPRESENTATION_CONTEXT() REPRESENTATION_CONTEXT('2D SPACE',''
  ) );
#5203 = ORIENTED_EDGE('',*,*,#5204,.F.);
#5204 = EDGE_CURVE('',#5182,#5182,#5205,.T.);
#5205 = SURFACE_CURVE('',#5206,(#5211,#5218),.PCURVE_S1.);
#5206 = CIRCLE('',#5207,1.5);
#5207 = AXIS2_PLACEMENT_3D('',#5208,#5209,#5210);
#5208 = CARTESIAN_POINT('',(39.26488013173,16.264045875516,-301.71));
#5209 = DIRECTION('',(0.,0.,1.));
#5210 = DIRECTION('',(1.,0.,-0.));
#5211 = PCURVE('',#2741,#5212);
#5212 = DEFINITIONAL_REPRESENTATION('',(#5213),#5217);
#5213 = LINE('',#5214,#5215);
#5214 = CARTESIAN_POINT('',(0.,2.));
#5215 = VECTOR('',#5216,1.);
#5216 = DIRECTION('',(1.,0.));
#5217 = ( GEOMETRIC_REPRESENTATION_CONTEXT(2) 
PARAMETRIC_REPRESENTATION_CONTEXT() REPRESENTATION_CONTEXT('2D SPACE',''
  ) );
#5218 = PCURVE('',#5219,#5224);
#5219 = PLANE('',#5220);
#5220 = AXIS2_PLACEMENT_3D('',#5221,#5222,#5223);
#5221 = CARTESIAN_POINT('',(39.26488013173,16.264045875516,-301.71));
#5222 = DIRECTION('',(0.,0.,1.));
#5223 = DIRECTION('',(1.,0.,-0.));
#5224 = DEFINITIONAL_REPRESENTATION('',(#5225),#5229);
#5225 = CIRCLE('',#5226,1.5);
#5226 = AXIS2_PLACEMENT_2D('',#5227,#5228);
#5227 = CARTESIAN_POINT('',(0.,0.));
#5228 = DIRECTION('',(1.,0.));
#5229 = ( GEOMETRIC_REPRESENTATION_CONTEXT(2) 
PARAMETRIC_REPRESENTATION_CONTEXT() REPRESENTATION_CONTEXT('2D SPACE',''
  ) );
#5230 = ORIENTED_EDGE('',*,*,#5181,.F.);
#5231 = ORIENTED_EDGE('',*,*,#2724,.T.);
#5232 = ADVANCED_FACE('',(#5233),#2772,.F.);
#5233 = FACE_BOUND('',#5234,.F.);
#5234 = EDGE_LOOP('',(#5235,#5236,#5257,#5258));
#5235 = ORIENTED_EDGE('',*,*,#4296,.F.);
#5236 = ORIENTED_EDGE('',*,*,#5237,.F.);
#5237 = EDGE_CURVE('',#2756,#4274,#5238,.T.);
#5238 = SEAM_CURVE('',#5239,(#5243,#5250),.PCURVE_S1.);
#5239 = LINE('',#5240,#5241);
#5240 = CARTESIAN_POINT('',(7.5,32.,-304.7));
#5241 = VECTOR('',#5242,1.);
#5242 = DIRECTION('',(0.,0.,1.));
#5243 = PCURVE('',#2772,#5244);
#5244 = DEFINITIONAL_REPRESENTATION('',(#5245),#5249);
#5245 = LINE('',#5246,#5247);
#5246 = CARTESIAN_POINT('',(6.28318530718,-0.));
#5247 = VECTOR('',#5248,1.);
#5248 = DIRECTION('',(0.,1.));
#5249 = ( GEOMETRIC_REPRESENTATION_CONTEXT(2) 
PARAMETRIC_REPRESENTATION_CONTEXT() REPRESENTATION_CONTEXT('2D SPACE',''
  ) );
#5250 = PCURVE('',#2772,#5251);
#5251 = DEFINITIONAL_REPRESENTATION('',(#5252),#5256);
#5252 = LINE('',#5253,#5254);
#5253 = CARTESIAN_POINT('',(0.,-0.));
#5254 = VECTOR('',#5255,1.);
#5255 = DIRECTION('',(0.,1.));
#5256 = ( GEOMETRIC_REPRESENTATION_CONTEXT(2) 
PARAMETRIC_REPRESENTATION_CONTEXT() REPRESENTATION_CONTEXT('2D SPACE',''
  ) );
#5257 = ORIENTED_EDGE('',*,*,#2755,.T.);
#5258 = ORIENTED_EDGE('',*,*,#5237,.T.);
#5259 = ADVANCED_FACE('',(#5260),#2803,.F.);
#5260 = FACE_BOUND('',#5261,.F.);
#5261 = EDGE_LOOP('',(#5262,#5285,#5312,#5313));
#5262 = ORIENTED_EDGE('',*,*,#5263,.T.);
#5263 = EDGE_CURVE('',#2787,#5264,#5266,.T.);
#5264 = VERTEX_POINT('',#5265);
#5265 = CARTESIAN_POINT('',(1.5,42.5,-301.71));
#5266 = SEAM_CURVE('',#5267,(#5271,#5278),.PCURVE_S1.);
#5267 = LINE('',#5268,#5269);
#5268 = CARTESIAN_POINT('',(1.5,42.5,-303.71));
#5269 = VECTOR('',#5270,1.);
#5270 = DIRECTION('',(0.,0.,1.));
#5271 = PCURVE('',#2803,#5272);
#5272 = DEFINITIONAL_REPRESENTATION('',(#5273),#5277);
#5273 = LINE('',#5274,#5275);
#5274 = CARTESIAN_POINT('',(6.28318530718,-0.));
#5275 = VECTOR('',#5276,1.);
#5276 = DIRECTION('',(0.,1.));
#5277 = ( GEOMETRIC_REPRESENTATION_CONTEXT(2) 
PARAMETRIC_REPRESENTATION_CONTEXT() REPRESENTATION_CONTEXT('2D SPACE',''
  ) );
#5278 = PCURVE('',#2803,#5279);
#5279 = DEFINITIONAL_REPRESENTATION('',(#5280),#5284);
#5280 = LINE('',#5281,#5282);
#5281 = CARTESIAN_POINT('',(0.,-0.));
#5282 = VECTOR('',#5283,1.);
#5283 = DIRECTION('',(0.,1.));
#5284 = ( GEOMETRIC_REPRESENTATION_CONTEXT(2) 
PARAMETRIC_REPRESENTATION_CONTEXT() REPRESENTATION_CONTEXT('2D SPACE',''
  ) );
#5285 = ORIENTED_EDGE('',*,*,#5286,.F.);
#5286 = EDGE_CURVE('',#5264,#5264,#5287,.T.);
#5287 = SURFACE_CURVE('',#5288,(#5293,#5300),.PCURVE_S1.);
#5288 = CIRCLE('',#5289,1.5);
#5289 = AXIS2_PLACEMENT_3D('',#5290,#5291,#5292);
#5290 = CARTESIAN_POINT('',(2.602374448188E-15,42.5,-301.71));
#5291 = DIRECTION('',(0.,0.,1.));
#5292 = DIRECTION('',(1.,0.,-0.));
#5293 = PCURVE('',#2803,#5294);
#5294 = DEFINITIONAL_REPRESENTATION('',(#5295),#5299);
#5295 = LINE('',#5296,#5297);
#5296 = CARTESIAN_POINT('',(0.,2.));
#5297 = VECTOR('',#5298,1.);
#5298 = DIRECTION('',(1.,0.));
#5299 = ( GEOMETRIC_REPRESENTATION_CONTEXT(2) 
PARAMETRIC_REPRESENTATION_CONTEXT() REPRESENTATION_CONTEXT('2D SPACE',''
  ) );
#5300 = PCURVE('',#5301,#5306);
#5301 = PLANE('',#5302);
#5302 = AXIS2_PLACEMENT_3D('',#5303,#5304,#5305);
#5303 = CARTESIAN_POINT('',(2.602374448188E-15,42.5,-301.71));
#5304 = DIRECTION('',(0.,0.,1.));
#5305 = DIRECTION('',(1.,0.,-0.));
#5306 = DEFINITIONAL_REPRESENTATION('',(#5307),#5311);
#5307 = CIRCLE('',#5308,1.5);
#5308 = AXIS2_PLACEMENT_2D('',#5309,#5310);
#5309 = CARTESIAN_POINT('',(0.,0.));
#5310 = DIRECTION('',(1.,0.));
#5311 = ( GEOMETRIC_REPRESENTATION_CONTEXT(2) 
PARAMETRIC_REPRESENTATION_CONTEXT() REPRESENTATION_CONTEXT('2D SPACE',''
  ) );
#5312 = ORIENTED_EDGE('',*,*,#5263,.F.);
#5313 = ORIENTED_EDGE('',*,*,#2786,.T.);
#5314 = ADVANCED_FACE('',(#5315),#2834,.F.);
#5315 = FACE_BOUND('',#5316,.F.);
#5316 = EDGE_LOOP('',(#5317,#5318,#5339,#5340));
#5317 = ORIENTED_EDGE('',*,*,#4346,.F.);
#5318 = ORIENTED_EDGE('',*,*,#5319,.F.);
#5319 = EDGE_CURVE('',#2818,#4324,#5320,.T.);
#5320 = SEAM_CURVE('',#5321,(#5325,#5332),.PCURVE_S1.);
#5321 = LINE('',#5322,#5323);
#5322 = CARTESIAN_POINT('',(30.12741699797,22.62741699797,-304.7));
#5323 = VECTOR('',#5324,1.);
#5324 = DIRECTION('',(0.,0.,1.));
#5325 = PCURVE('',#2834,#5326);
#5326 = DEFINITIONAL_REPRESENTATION('',(#5327),#5331);
#5327 = LINE('',#5328,#5329);
#5328 = CARTESIAN_POINT('',(6.28318530718,-0.));
#5329 = VECTOR('',#5330,1.);
#5330 = DIRECTION('',(0.,1.));
#5331 = ( GEOMETRIC_REPRESENTATION_CONTEXT(2) 
PARAMETRIC_REPRESENTATION_CONTEXT() REPRESENTATION_CONTEXT('2D SPACE',''
  ) );
#5332 = PCURVE('',#2834,#5333);
#5333 = DEFINITIONAL_REPRESENTATION('',(#5334),#5338);
#5334 = LINE('',#5335,#5336);
#5335 = CARTESIAN_POINT('',(0.,-0.));
#5336 = VECTOR('',#5337,1.);
#5337 = DIRECTION('',(0.,1.));
#5338 = ( GEOMETRIC_REPRESENTATION_CONTEXT(2) 
PARAMETRIC_REPRESENTATION_CONTEXT() REPRESENTATION_CONTEXT('2D SPACE',''
  ) );
#5339 = ORIENTED_EDGE('',*,*,#2817,.T.);
#5340 = ORIENTED_EDGE('',*,*,#5319,.T.);
#5341 = ADVANCED_FACE('',(#5342),#2865,.F.);
#5342 = FACE_BOUND('',#5343,.F.);
#5343 = EDGE_LOOP('',(#5344,#5367,#5394,#5395));
#5344 = ORIENTED_EDGE('',*,*,#5345,.T.);
#5345 = EDGE_CURVE('',#2849,#5346,#5348,.T.);
#5346 = VERTEX_POINT('',#5347);
#5347 = CARTESIAN_POINT('',(31.552038200428,30.052038200428,-301.71));
#5348 = SEAM_CURVE('',#5349,(#5353,#5360),.PCURVE_S1.);
#5349 = LINE('',#5350,#5351);
#5350 = CARTESIAN_POINT('',(31.552038200428,30.052038200428,-303.71));
#5351 = VECTOR('',#5352,1.);
#5352 = DIRECTION('',(0.,0.,1.));
#5353 = PCURVE('',#2865,#5354);
#5354 = DEFINITIONAL_REPRESENTATION('',(#5355),#5359);
#5355 = LINE('',#5356,#5357);
#5356 = CARTESIAN_POINT('',(6.28318530718,-0.));
#5357 = VECTOR('',#5358,1.);
#5358 = DIRECTION('',(0.,1.));
#5359 = ( GEOMETRIC_REPRESENTATION_CONTEXT(2) 
PARAMETRIC_REPRESENTATION_CONTEXT() REPRESENTATION_CONTEXT('2D SPACE',''
  ) );
#5360 = PCURVE('',#2865,#5361);
#5361 = DEFINITIONAL_REPRESENTATION('',(#5362),#5366);
#5362 = LINE('',#5363,#5364);
#5363 = CARTESIAN_POINT('',(0.,-0.));
#5364 = VECTOR('',#5365,1.);
#5365 = DIRECTION('',(0.,1.));
#5366 = ( GEOMETRIC_REPRESENTATION_CONTEXT(2) 
PARAMETRIC_REPRESENTATION_CONTEXT() REPRESENTATION_CONTEXT('2D SPACE',''
  ) );
#5367 = ORIENTED_EDGE('',*,*,#5368,.F.);
#5368 = EDGE_CURVE('',#5346,#5346,#5369,.T.);
#5369 = SURFACE_CURVE('',#5370,(#5375,#5382),.PCURVE_S1.);
#5370 = CIRCLE('',#5371,1.5);
#5371 = AXIS2_PLACEMENT_3D('',#5372,#5373,#5374);
#5372 = CARTESIAN_POINT('',(30.052038200428,30.052038200428,-301.71));
#5373 = DIRECTION('',(0.,0.,1.));
#5374 = DIRECTION('',(1.,0.,-0.));
#5375 = PCURVE('',#2865,#5376);
#5376 = DEFINITIONAL_REPRESENTATION('',(#5377),#5381);
#5377 = LINE('',#5378,#5379);
#5378 = CARTESIAN_POINT('',(0.,2.));
#5379 = VECTOR('',#5380,1.);
#5380 = DIRECTION('',(1.,0.));
#5381 = ( GEOMETRIC_REPRESENTATION_CONTEXT(2) 
PARAMETRIC_REPRESENTATION_CONTEXT() REPRESENTATION_CONTEXT('2D SPACE',''
  ) );
#5382 = PCURVE('',#5383,#5388);
#5383 = PLANE('',#5384);
#5384 = AXIS2_PLACEMENT_3D('',#5385,#5386,#5387);
#5385 = CARTESIAN_POINT('',(30.052038200428,30.052038200428,-301.71));
#5386 = DIRECTION('',(0.,0.,1.));
#5387 = DIRECTION('',(1.,0.,-0.));
#5388 = DEFINITIONAL_REPRESENTATION('',(#5389),#5393);
#5389 = CIRCLE('',#5390,1.5);
#5390 = AXIS2_PLACEMENT_2D('',#5391,#5392);
#5391 = CARTESIAN_POINT('',(0.,0.));
#5392 = DIRECTION('',(1.,0.));
#5393 = ( GEOMETRIC_REPRESENTATION_CONTEXT(2) 
PARAMETRIC_REPRESENTATION_CONTEXT() REPRESENTATION_CONTEXT('2D SPACE',''
  ) );
#5394 = ORIENTED_EDGE('',*,*,#5345,.F.);
#5395 = ORIENTED_EDGE('',*,*,#2848,.T.);
#5396 = ADVANCED_FACE('',(#5397),#2919,.T.);
#5397 = FACE_BOUND('',#5398,.F.);
#5398 = EDGE_LOOP('',(#5399));
#5399 = ORIENTED_EDGE('',*,*,#2904,.F.);
#5400 = ADVANCED_FACE('',(#5401),#2974,.T.);
#5401 = FACE_BOUND('',#5402,.F.);
#5402 = EDGE_LOOP('',(#5403));
#5403 = ORIENTED_EDGE('',*,*,#2959,.F.);
#5404 = ADVANCED_FACE('',(#5405),#3029,.T.);
#5405 = FACE_BOUND('',#5406,.F.);
#5406 = EDGE_LOOP('',(#5407));
#5407 = ORIENTED_EDGE('',*,*,#3014,.F.);
#5408 = ADVANCED_FACE('',(#5409),#3084,.T.);
#5409 = FACE_BOUND('',#5410,.F.);
#5410 = EDGE_LOOP('',(#5411));
#5411 = ORIENTED_EDGE('',*,*,#3069,.F.);
#5412 = ADVANCED_FACE('',(#5413),#3139,.T.);
#5413 = FACE_BOUND('',#5414,.F.);
#5414 = EDGE_LOOP('',(#5415));
#5415 = ORIENTED_EDGE('',*,*,#3124,.F.);
#5416 = ADVANCED_FACE('',(#5417),#3194,.T.);
#5417 = FACE_BOUND('',#5418,.F.);
#5418 = EDGE_LOOP('',(#5419));
#5419 = ORIENTED_EDGE('',*,*,#3179,.F.);
#5420 = ADVANCED_FACE('',(#5421),#3249,.T.);
#5421 = FACE_BOUND('',#5422,.F.);
#5422 = EDGE_LOOP('',(#5423));
#5423 = ORIENTED_EDGE('',*,*,#3234,.F.);
#5424 = ADVANCED_FACE('',(#5425),#3304,.T.);
#5425 = FACE_BOUND('',#5426,.F.);
#5426 = EDGE_LOOP('',(#5427));
#5427 = ORIENTED_EDGE('',*,*,#3289,.F.);
#5428 = ADVANCED_FACE('',(#5429),#3749,.T.);
#5429 = FACE_BOUND('',#5430,.T.);
#5430 = EDGE_LOOP('',(#5431,#5432,#5433));
#5431 = ORIENTED_EDGE('',*,*,#3731,.T.);
#5432 = ORIENTED_EDGE('',*,*,#3858,.T.);
#5433 = ORIENTED_EDGE('',*,*,#3808,.T.);
#5434 = ADVANCED_FACE('',(#5435,#5438),#3977,.T.);
#5435 = FACE_BOUND('',#5436,.T.);
#5436 = EDGE_LOOP('',(#5437));
#5437 = ORIENTED_EDGE('',*,*,#3962,.T.);
#5438 = FACE_BOUND('',#5439,.T.);
#5439 = EDGE_LOOP('',(#5440,#5470,#5498,#5526,#5554,#5582));
#5440 = ORIENTED_EDGE('',*,*,#5441,.F.);
#5441 = EDGE_CURVE('',#5442,#5444,#5446,.T.);
#5442 = VERTEX_POINT('',#5443);
#5443 = CARTESIAN_POINT('',(8.660254037844,0.,-282.7));
#5444 = VERTEX_POINT('',#5445);
#5445 = CARTESIAN_POINT('',(4.330127018922,7.5,-282.7));
#5446 = SURFACE_CURVE('',#5447,(#5451,#5458),.PCURVE_S1.);
#5447 = LINE('',#5448,#5449);
#5448 = CARTESIAN_POINT('',(8.660254037844,0.,-282.7));
#5449 = VECTOR('',#5450,1.);
#5450 = DIRECTION('',(-0.5,0.866025403784,0.));
#5451 = PCURVE('',#3977,#5452);
#5452 = DEFINITIONAL_REPRESENTATION('',(#5453),#5457);
#5453 = LINE('',#5454,#5455);
#5454 = CARTESIAN_POINT('',(8.660254037844,0.));
#5455 = VECTOR('',#5456,1.);
#5456 = DIRECTION('',(-0.5,0.866025403784));
#5457 = ( GEOMETRIC_REPRESENTATION_CONTEXT(2) 
PARAMETRIC_REPRESENTATION_CONTEXT() REPRESENTATION_CONTEXT('2D SPACE',''
  ) );
#5458 = PCURVE('',#5459,#5464);
#5459 = PLANE('',#5460);
#5460 = AXIS2_PLACEMENT_3D('',#5461,#5462,#5463);
#5461 = CARTESIAN_POINT('',(8.660254037844,0.,-282.7));
#5462 = DIRECTION('',(-0.866025403784,-0.5,0.));
#5463 = DIRECTION('',(-0.5,0.866025403784,0.));
#5464 = DEFINITIONAL_REPRESENTATION('',(#5465),#5469);
#5465 = LINE('',#5466,#5467);
#5466 = CARTESIAN_POINT('',(0.,0.));
#5467 = VECTOR('',#5468,1.);
#5468 = DIRECTION('',(1.,0.));
#5469 = ( GEOMETRIC_REPRESENTATION_CONTEXT(2) 
PARAMETRIC_REPRESENTATION_CONTEXT() REPRESENTATION_CONTEXT('2D SPACE',''
  ) );
#5470 = ORIENTED_EDGE('',*,*,#5471,.F.);
#5471 = EDGE_CURVE('',#5472,#5442,#5474,.T.);
#5472 = VERTEX_POINT('',#5473);
#5473 = CARTESIAN_POINT('',(4.330127018922,-7.5,-282.7));
#5474 = SURFACE_CURVE('',#5475,(#5479,#5486),.PCURVE_S1.);
#5475 = LINE('',#5476,#5477);
#5476 = CARTESIAN_POINT('',(4.330127018922,-7.5,-282.7));
#5477 = VECTOR('',#5478,1.);
#5478 = DIRECTION('',(0.5,0.866025403784,0.));
#5479 = PCURVE('',#3977,#5480);
#5480 = DEFINITIONAL_REPRESENTATION('',(#5481),#5485);
#5481 = LINE('',#5482,#5483);
#5482 = CARTESIAN_POINT('',(4.330127018922,-7.5));
#5483 = VECTOR('',#5484,1.);
#5484 = DIRECTION('',(0.5,0.866025403784));
#5485 = ( GEOMETRIC_REPRESENTATION_CONTEXT(2) 
PARAMETRIC_REPRESENTATION_CONTEXT() REPRESENTATION_CONTEXT('2D SPACE',''
  ) );
#5486 = PCURVE('',#5487,#5492);
#5487 = PLANE('',#5488);
#5488 = AXIS2_PLACEMENT_3D('',#5489,#5490,#5491);
#5489 = CARTESIAN_POINT('',(4.330127018922,-7.5,-282.7));
#5490 = DIRECTION('',(-0.866025403784,0.5,0.));
#5491 = DIRECTION('',(0.5,0.866025403784,0.));
#5492 = DEFINITIONAL_REPRESENTATION('',(#5493),#5497);
#5493 = LINE('',#5494,#5495);
#5494 = CARTESIAN_POINT('',(0.,0.));
#5495 = VECTOR('',#5496,1.);
#5496 = DIRECTION('',(1.,0.));
#5497 = ( GEOMETRIC_REPRESENTATION_CONTEXT(2) 
PARAMETRIC_REPRESENTATION_CONTEXT() REPRESENTATION_CONTEXT('2D SPACE',''
  ) );
#5498 = ORIENTED_EDGE('',*,*,#5499,.F.);
#5499 = EDGE_CURVE('',#5500,#5472,#5502,.T.);
#5500 = VERTEX_POINT('',#5501);
#5501 = CARTESIAN_POINT('',(-4.330127018922,-7.5,-282.7));
#5502 = SURFACE_CURVE('',#5503,(#5507,#5514),.PCURVE_S1.);
#5503 = LINE('',#5504,#5505);
#5504 = CARTESIAN_POINT('',(-4.330127018922,-7.5,-282.7));
#5505 = VECTOR('',#5506,1.);
#5506 = DIRECTION('',(1.,-2.051160198809E-16,0.));
#5507 = PCURVE('',#3977,#5508);
#5508 = DEFINITIONAL_REPRESENTATION('',(#5509),#5513);
#5509 = LINE('',#5510,#5511);
#5510 = CARTESIAN_POINT('',(-4.330127018922,-7.5));
#5511 = VECTOR('',#5512,1.);
#5512 = DIRECTION('',(1.,-2.051160198809E-16));
#5513 = ( GEOMETRIC_REPRESENTATION_CONTEXT(2) 
PARAMETRIC_REPRESENTATION_CONTEXT() REPRESENTATION_CONTEXT('2D SPACE',''
  ) );
#5514 = PCURVE('',#5515,#5520);
#5515 = PLANE('',#5516);
#5516 = AXIS2_PLACEMENT_3D('',#5517,#5518,#5519);
#5517 = CARTESIAN_POINT('',(-4.330127018922,-7.5,-282.7));
#5518 = DIRECTION('',(2.051160198809E-16,1.,-0.));
#5519 = DIRECTION('',(1.,-2.051160198809E-16,0.));
#5520 = DEFINITIONAL_REPRESENTATION('',(#5521),#5525);
#5521 = LINE('',#5522,#5523);
#5522 = CARTESIAN_POINT('',(0.,0.));
#5523 = VECTOR('',#5524,1.);
#5524 = DIRECTION('',(1.,0.));
#5525 = ( GEOMETRIC_REPRESENTATION_CONTEXT(2) 
PARAMETRIC_REPRESENTATION_CONTEXT() REPRESENTATION_CONTEXT('2D SPACE',''
  ) );
#5526 = ORIENTED_EDGE('',*,*,#5527,.F.);
#5527 = EDGE_CURVE('',#5528,#5500,#5530,.T.);
#5528 = VERTEX_POINT('',#5529);
#5529 = CARTESIAN_POINT('',(-8.660254037844,1.060575238725E-15,-282.7));
#5530 = SURFACE_CURVE('',#5531,(#5535,#5542),.PCURVE_S1.);
#5531 = LINE('',#5532,#5533);
#5532 = CARTESIAN_POINT('',(-8.660254037844,1.060575238725E-15,-282.7));
#5533 = VECTOR('',#5534,1.);
#5534 = DIRECTION('',(0.5,-0.866025403784,0.));
#5535 = PCURVE('',#3977,#5536);
#5536 = DEFINITIONAL_REPRESENTATION('',(#5537),#5541);
#5537 = LINE('',#5538,#5539);
#5538 = CARTESIAN_POINT('',(-8.660254037844,1.060575238725E-15));
#5539 = VECTOR('',#5540,1.);
#5540 = DIRECTION('',(0.5,-0.866025403784));
#5541 = ( GEOMETRIC_REPRESENTATION_CONTEXT(2) 
PARAMETRIC_REPRESENTATION_CONTEXT() REPRESENTATION_CONTEXT('2D SPACE',''
  ) );
#5542 = PCURVE('',#5543,#5548);
#5543 = PLANE('',#5544);
#5544 = AXIS2_PLACEMENT_3D('',#5545,#5546,#5547);
#5545 = CARTESIAN_POINT('',(-8.660254037844,1.060575238725E-15,-282.7));
#5546 = DIRECTION('',(0.866025403784,0.5,-0.));
#5547 = DIRECTION('',(0.5,-0.866025403784,0.));
#5548 = DEFINITIONAL_REPRESENTATION('',(#5549),#5553);
#5549 = LINE('',#5550,#5551);
#5550 = CARTESIAN_POINT('',(0.,0.));
#5551 = VECTOR('',#5552,1.);
#5552 = DIRECTION('',(1.,0.));
#5553 = ( GEOMETRIC_REPRESENTATION_CONTEXT(2) 
PARAMETRIC_REPRESENTATION_CONTEXT() REPRESENTATION_CONTEXT('2D SPACE',''
  ) );
#5554 = ORIENTED_EDGE('',*,*,#5555,.F.);
#5555 = EDGE_CURVE('',#5556,#5528,#5558,.T.);
#5556 = VERTEX_POINT('',#5557);
#5557 = CARTESIAN_POINT('',(-4.330127018922,7.5,-282.7));
#5558 = SURFACE_CURVE('',#5559,(#5563,#5570),.PCURVE_S1.);
#5559 = LINE('',#5560,#5561);
#5560 = CARTESIAN_POINT('',(-4.330127018922,7.5,-282.7));
#5561 = VECTOR('',#5562,1.);
#5562 = DIRECTION('',(-0.5,-0.866025403784,0.));
#5563 = PCURVE('',#3977,#5564);
#5564 = DEFINITIONAL_REPRESENTATION('',(#5565),#5569);
#5565 = LINE('',#5566,#5567);
#5566 = CARTESIAN_POINT('',(-4.330127018922,7.5));
#5567 = VECTOR('',#5568,1.);
#5568 = DIRECTION('',(-0.5,-0.866025403784));
#5569 = ( GEOMETRIC_REPRESENTATION_CONTEXT(2) 
PARAMETRIC_REPRESENTATION_CONTEXT() REPRESENTATION_CONTEXT('2D SPACE',''
  ) );
#5570 = PCURVE('',#5571,#5576);
#5571 = PLANE('',#5572);
#5572 = AXIS2_PLACEMENT_3D('',#5573,#5574,#5575);
#5573 = CARTESIAN_POINT('',(-4.330127018922,7.5,-282.7));
#5574 = DIRECTION('',(0.866025403784,-0.5,0.));
#5575 = DIRECTION('',(-0.5,-0.866025403784,0.));
#5576 = DEFINITIONAL_REPRESENTATION('',(#5577),#5581);
#5577 = LINE('',#5578,#5579);
#5578 = CARTESIAN_POINT('',(0.,0.));
#5579 = VECTOR('',#5580,1.);
#5580 = DIRECTION('',(1.,0.));
#5581 = ( GEOMETRIC_REPRESENTATION_CONTEXT(2) 
PARAMETRIC_REPRESENTATION_CONTEXT() REPRESENTATION_CONTEXT('2D SPACE',''
  ) );
#5582 = ORIENTED_EDGE('',*,*,#5583,.F.);
#5583 = EDGE_CURVE('',#5444,#5556,#5584,.T.);
#5584 = SURFACE_CURVE('',#5585,(#5589,#5596),.PCURVE_S1.);
#5585 = LINE('',#5586,#5587);
#5586 = CARTESIAN_POINT('',(4.330127018922,7.5,-282.7));
#5587 = VECTOR('',#5588,1.);
#5588 = DIRECTION('',(-1.,1.025580099405E-16,0.));
#5589 = PCURVE('',#3977,#5590);
#5590 = DEFINITIONAL_REPRESENTATION('',(#5591),#5595);
#5591 = LINE('',#5592,#5593);
#5592 = CARTESIAN_POINT('',(4.330127018922,7.5));
#5593 = VECTOR('',#5594,1.);
#5594 = DIRECTION('',(-1.,1.025580099405E-16));
#5595 = ( GEOMETRIC_REPRESENTATION_CONTEXT(2) 
PARAMETRIC_REPRESENTATION_CONTEXT() REPRESENTATION_CONTEXT('2D SPACE',''
  ) );
#5596 = PCURVE('',#5597,#5602);
#5597 = PLANE('',#5598);
#5598 = AXIS2_PLACEMENT_3D('',#5599,#5600,#5601);
#5599 = CARTESIAN_POINT('',(4.330127018922,7.5,-282.7));
#5600 = DIRECTION('',(-1.025580099405E-16,-1.,0.));
#5601 = DIRECTION('',(-1.,1.025580099405E-16,0.));
#5602 = DEFINITIONAL_REPRESENTATION('',(#5603),#5607);
#5603 = LINE('',#5604,#5605);
#5604 = CARTESIAN_POINT('',(0.,0.));
#5605 = VECTOR('',#5606,1.);
#5606 = DIRECTION('',(1.,0.));
#5607 = ( GEOMETRIC_REPRESENTATION_CONTEXT(2) 
PARAMETRIC_REPRESENTATION_CONTEXT() REPRESENTATION_CONTEXT('2D SPACE',''
  ) );
#5608 = ADVANCED_FACE('',(#5609),#4105,.F.);
#5609 = FACE_BOUND('',#5610,.F.);
#5610 = EDGE_LOOP('',(#5611,#5612,#5633,#5634));
#5611 = ORIENTED_EDGE('',*,*,#3993,.F.);
#5612 = ORIENTED_EDGE('',*,*,#5613,.F.);
#5613 = EDGE_CURVE('',#4837,#3994,#5614,.T.);
#5614 = SEAM_CURVE('',#5615,(#5619,#5626),.PCURVE_S1.);
#5615 = LINE('',#5616,#5617);
#5616 = CARTESIAN_POINT('',(-5.902427352085E-16,-1.5,-289.35));
#5617 = VECTOR('',#5618,1.);
#5618 = DIRECTION('',(-2.22044604925E-16,-1.,2.22044604925E-16));
#5619 = PCURVE('',#4105,#5620);
#5620 = DEFINITIONAL_REPRESENTATION('',(#5621),#5625);
#5621 = LINE('',#5622,#5623);
#5622 = CARTESIAN_POINT('',(6.28318530718,-0.));
#5623 = VECTOR('',#5624,1.);
#5624 = DIRECTION('',(0.,1.));
#5625 = ( GEOMETRIC_REPRESENTATION_CONTEXT(2) 
PARAMETRIC_REPRESENTATION_CONTEXT() REPRESENTATION_CONTEXT('2D SPACE',''
  ) );
#5626 = PCURVE('',#4105,#5627);
#5627 = DEFINITIONAL_REPRESENTATION('',(#5628),#5632);
#5628 = LINE('',#5629,#5630);
#5629 = CARTESIAN_POINT('',(0.,-0.));
#5630 = VECTOR('',#5631,1.);
#5631 = DIRECTION('',(0.,1.));
#5632 = ( GEOMETRIC_REPRESENTATION_CONTEXT(2) 
PARAMETRIC_REPRESENTATION_CONTEXT() REPRESENTATION_CONTEXT('2D SPACE',''
  ) );
#5633 = ORIENTED_EDGE('',*,*,#4836,.T.);
#5634 = ORIENTED_EDGE('',*,*,#5613,.T.);
#5635 = ADVANCED_FACE('',(#5636),#4410,.F.);
#5636 = FACE_BOUND('',#5637,.F.);
#5637 = EDGE_LOOP('',(#5638));
#5638 = ORIENTED_EDGE('',*,*,#4395,.T.);
#5639 = ADVANCED_FACE('',(#5640),#4492,.F.);
#5640 = FACE_BOUND('',#5641,.F.);
#5641 = EDGE_LOOP('',(#5642));
#5642 = ORIENTED_EDGE('',*,*,#4477,.T.);
#5643 = ADVANCED_FACE('',(#5644),#4574,.F.);
#5644 = FACE_BOUND('',#5645,.F.);
#5645 = EDGE_LOOP('',(#5646));
#5646 = ORIENTED_EDGE('',*,*,#4559,.T.);
#5647 = ADVANCED_FACE('',(#5648),#4656,.F.);
#5648 = FACE_BOUND('',#5649,.F.);
#5649 = EDGE_LOOP('',(#5650));
#5650 = ORIENTED_EDGE('',*,*,#4641,.T.);
#5651 = ADVANCED_FACE('',(#5652),#4765,.F.);
#5652 = FACE_BOUND('',#5653,.F.);
#5653 = EDGE_LOOP('',(#5654));
#5654 = ORIENTED_EDGE('',*,*,#4750,.T.);
#5655 = ADVANCED_FACE('',(#5656),#4821,.F.);
#5656 = FACE_BOUND('',#5657,.F.);
#5657 = EDGE_LOOP('',(#5658));
#5658 = ORIENTED_EDGE('',*,*,#4806,.T.);
#5659 = ADVANCED_FACE('',(#5660),#5164,.F.);
#5660 = FACE_BOUND('',#5661,.F.);
#5661 = EDGE_LOOP('',(#5662));
#5662 = ORIENTED_EDGE('',*,*,#5149,.T.);
#5663 = ADVANCED_FACE('',(#5664),#5219,.F.);
#5664 = FACE_BOUND('',#5665,.F.);
#5665 = EDGE_LOOP('',(#5666));
#5666 = ORIENTED_EDGE('',*,*,#5204,.T.);
#5667 = ADVANCED_FACE('',(#5668),#5301,.F.);
#5668 = FACE_BOUND('',#5669,.F.);
#5669 = EDGE_LOOP('',(#5670));
#5670 = ORIENTED_EDGE('',*,*,#5286,.T.);
#5671 = ADVANCED_FACE('',(#5672),#5383,.F.);
#5672 = FACE_BOUND('',#5673,.F.);
#5673 = EDGE_LOOP('',(#5674));
#5674 = ORIENTED_EDGE('',*,*,#5368,.T.);
#5675 = ADVANCED_FACE('',(#5676),#5459,.F.);
#5676 = FACE_BOUND('',#5677,.F.);
#5677 = EDGE_LOOP('',(#5678,#5679,#5702,#5740));
#5678 = ORIENTED_EDGE('',*,*,#5441,.F.);
#5679 = ORIENTED_EDGE('',*,*,#5680,.T.);
#5680 = EDGE_CURVE('',#5442,#5681,#5683,.T.);
#5681 = VERTEX_POINT('',#5682);
#5682 = CARTESIAN_POINT('',(8.660254037844,-2.12115047745E-15,-277.4));
#5683 = SURFACE_CURVE('',#5684,(#5688,#5695),.PCURVE_S1.);
#5684 = LINE('',#5685,#5686);
#5685 = CARTESIAN_POINT('',(8.660254037844,0.,-282.7));
#5686 = VECTOR('',#5687,1.);
#5687 = DIRECTION('',(0.,0.,1.));
#5688 = PCURVE('',#5459,#5689);
#5689 = DEFINITIONAL_REPRESENTATION('',(#5690),#5694);
#5690 = LINE('',#5691,#5692);
#5691 = CARTESIAN_POINT('',(0.,0.));
#5692 = VECTOR('',#5693,1.);
#5693 = DIRECTION('',(0.,-1.));
#5694 = ( GEOMETRIC_REPRESENTATION_CONTEXT(2) 
PARAMETRIC_REPRESENTATION_CONTEXT() REPRESENTATION_CONTEXT('2D SPACE',''
  ) );
#5695 = PCURVE('',#5487,#5696);
#5696 = DEFINITIONAL_REPRESENTATION('',(#5697),#5701);
#5697 = LINE('',#5698,#5699);
#5698 = CARTESIAN_POINT('',(8.660254037844,0.));
#5699 = VECTOR('',#5700,1.);
#5700 = DIRECTION('',(0.,-1.));
#5701 = ( GEOMETRIC_REPRESENTATION_CONTEXT(2) 
PARAMETRIC_REPRESENTATION_CONTEXT() REPRESENTATION_CONTEXT('2D SPACE',''
  ) );
#5702 = ORIENTED_EDGE('',*,*,#5703,.F.);
#5703 = EDGE_CURVE('',#5704,#5681,#5706,.T.);
#5704 = VERTEX_POINT('',#5705);
#5705 = CARTESIAN_POINT('',(4.330127018922,7.5,-277.4));
#5706 = SURFACE_CURVE('',#5707,(#5712,#5719),.PCURVE_S1.);
#5707 = HYPERBOLA('',#5708,7.5,7.5);
#5708 = AXIS2_PLACEMENT_3D('',#5709,#5710,#5711);
#5709 = CARTESIAN_POINT('',(6.495190528383,3.75,-268.7397459621));
#5710 = DIRECTION('',(-0.866025403784,-0.5,0.));
#5711 = DIRECTION('',(-0.,0.,-1.));
#5712 = PCURVE('',#5459,#5713);
#5713 = DEFINITIONAL_REPRESENTATION('',(#5714),#5718);
#5714 = ( BOUNDED_CURVE() B_SPLINE_CURVE(2,(#5715,#5716,#5717),
.UNSPECIFIED.,.F.,.F.) B_SPLINE_CURVE_WITH_KNOTS((3,3),(-0.549306144334,
0.549306144334),.PIECEWISE_BEZIER_KNOTS.) CURVE() 
GEOMETRIC_REPRESENTATION_ITEM() RATIONAL_B_SPLINE_CURVE((1.,
1.154700538379,1.)) REPRESENTATION_ITEM('') );
#5715 = CARTESIAN_POINT('',(8.660254037844,-5.3));
#5716 = CARTESIAN_POINT('',(4.330127018922,-7.465063509461));
#5717 = CARTESIAN_POINT('',(8.881784197001E-16,-5.3));
#5718 = ( GEOMETRIC_REPRESENTATION_CONTEXT(2) 
PARAMETRIC_REPRESENTATION_CONTEXT() REPRESENTATION_CONTEXT('2D SPACE',''
  ) );
#5719 = PCURVE('',#5720,#5725);
#5720 = CONICAL_SURFACE('',#5721,8.660254037844,0.785398163397);
#5721 = AXIS2_PLACEMENT_3D('',#5722,#5723,#5724);
#5722 = CARTESIAN_POINT('',(0.,0.,-277.4));
#5723 = DIRECTION('',(-0.,-0.,-1.));
#5724 = DIRECTION('',(1.,0.,-0.));
#5725 = DEFINITIONAL_REPRESENTATION('',(#5726),#5739);
#5726 = B_SPLINE_CURVE_WITH_KNOTS('',6,(#5727,#5728,#5729,#5730,#5731,
    #5732,#5733,#5734,#5735,#5736,#5737,#5738),.UNSPECIFIED.,.F.,.F.,(7,
    5,7),(-0.549306144334,-2.439409316031E-16,0.549306144334),
  .UNSPECIFIED.);
#5727 = CARTESIAN_POINT('',(-1.047197551197,0.));
#5728 = CARTESIAN_POINT('',(-0.967912038622,-0.396427562873));
#5729 = CARTESIAN_POINT('',(-0.884271562013,-0.705751127024));
#5730 = CARTESIAN_POINT('',(-0.796872741496,-0.933951239884));
#5731 = CARTESIAN_POINT('',(-0.706700396581,-1.084819694854));
#5732 = CARTESIAN_POINT('',(-0.615149799654,-1.160254037844));
#5733 = CARTESIAN_POINT('',(-0.432047751543,-1.160254037844));
#5734 = CARTESIAN_POINT('',(-0.340497154616,-1.084819694854));
#5735 = CARTESIAN_POINT('',(-0.2503248097,-0.933951239884));
#5736 = CARTESIAN_POINT('',(-0.162925989184,-0.705751127024));
#5737 = CARTESIAN_POINT('',(-7.92855125747E-02,-0.396427562873));
#5738 = CARTESIAN_POINT('',(-1.025580099405E-16,-8.881784197001E-16));
#5739 = ( GEOMETRIC_REPRESENTATION_CONTEXT(2) 
PARAMETRIC_REPRESENTATION_CONTEXT() REPRESENTATION_CONTEXT('2D SPACE',''
  ) );
#5740 = ORIENTED_EDGE('',*,*,#5741,.F.);
#5741 = EDGE_CURVE('',#5444,#5704,#5742,.T.);
#5742 = SURFACE_CURVE('',#5743,(#5747,#5754),.PCURVE_S1.);
#5743 = LINE('',#5744,#5745);
#5744 = CARTESIAN_POINT('',(4.330127018922,7.5,-282.7));
#5745 = VECTOR('',#5746,1.);
#5746 = DIRECTION('',(0.,0.,1.));
#5747 = PCURVE('',#5459,#5748);
#5748 = DEFINITIONAL_REPRESENTATION('',(#5749),#5753);
#5749 = LINE('',#5750,#5751);
#5750 = CARTESIAN_POINT('',(8.660254037844,0.));
#5751 = VECTOR('',#5752,1.);
#5752 = DIRECTION('',(0.,-1.));
#5753 = ( GEOMETRIC_REPRESENTATION_CONTEXT(2) 
PARAMETRIC_REPRESENTATION_CONTEXT() REPRESENTATION_CONTEXT('2D SPACE',''
  ) );
#5754 = PCURVE('',#5597,#5755);
#5755 = DEFINITIONAL_REPRESENTATION('',(#5756),#5760);
#5756 = LINE('',#5757,#5758);
#5757 = CARTESIAN_POINT('',(0.,0.));
#5758 = VECTOR('',#5759,1.);
#5759 = DIRECTION('',(0.,-1.));
#5760 = ( GEOMETRIC_REPRESENTATION_CONTEXT(2) 
PARAMETRIC_REPRESENTATION_CONTEXT() REPRESENTATION_CONTEXT('2D SPACE',''
  ) );
#5761 = ADVANCED_FACE('',(#5762),#5597,.F.);
#5762 = FACE_BOUND('',#5763,.F.);
#5763 = EDGE_LOOP('',(#5764,#5765,#5766,#5799));
#5764 = ORIENTED_EDGE('',*,*,#5583,.F.);
#5765 = ORIENTED_EDGE('',*,*,#5741,.T.);
#5766 = ORIENTED_EDGE('',*,*,#5767,.F.);
#5767 = EDGE_CURVE('',#5768,#5704,#5770,.T.);
#5768 = VERTEX_POINT('',#5769);
#5769 = CARTESIAN_POINT('',(-4.330127018922,7.5,-277.4));
#5770 = SURFACE_CURVE('',#5771,(#5776,#5783),.PCURVE_S1.);
#5771 = HYPERBOLA('',#5772,7.5,7.5);
#5772 = AXIS2_PLACEMENT_3D('',#5773,#5774,#5775);
#5773 = CARTESIAN_POINT('',(7.691850745534E-16,7.5,-268.7397459621));
#5774 = DIRECTION('',(-1.025580099405E-16,-1.,0.));
#5775 = DIRECTION('',(-0.,0.,-1.));
#5776 = PCURVE('',#5597,#5777);
#5777 = DEFINITIONAL_REPRESENTATION('',(#5778),#5782);
#5778 = ( BOUNDED_CURVE() B_SPLINE_CURVE(2,(#5779,#5780,#5781),
.UNSPECIFIED.,.F.,.F.) B_SPLINE_CURVE_WITH_KNOTS((3,3),(-0.549306144334,
0.549306144334),.PIECEWISE_BEZIER_KNOTS.) CURVE() 
GEOMETRIC_REPRESENTATION_ITEM() RATIONAL_B_SPLINE_CURVE((1.,
1.154700538379,1.)) REPRESENTATION_ITEM('') );
#5779 = CARTESIAN_POINT('',(8.660254037844,-5.3));
#5780 = CARTESIAN_POINT('',(4.330127018922,-7.465063509461));
#5781 = CARTESIAN_POINT('',(-1.7763568394E-15,-5.3));
#5782 = ( GEOMETRIC_REPRESENTATION_CONTEXT(2) 
PARAMETRIC_REPRESENTATION_CONTEXT() REPRESENTATION_CONTEXT('2D SPACE',''
  ) );
#5783 = PCURVE('',#5720,#5784);
#5784 = DEFINITIONAL_REPRESENTATION('',(#5785),#5798);
#5785 = B_SPLINE_CURVE_WITH_KNOTS('',6,(#5786,#5787,#5788,#5789,#5790,
    #5791,#5792,#5793,#5794,#5795,#5796,#5797),.UNSPECIFIED.,.F.,.F.,(7,
    5,7),(-0.549306144334,-1.110223024625E-16,0.549306144334),
  .UNSPECIFIED.);
#5786 = CARTESIAN_POINT('',(-2.094395102393,8.881784197001E-16));
#5787 = CARTESIAN_POINT('',(-2.015109589819,-0.396427562873));
#5788 = CARTESIAN_POINT('',(-1.93146911321,-0.705751127024));
#5789 = CARTESIAN_POINT('',(-1.844070292693,-0.933951239884));
#5790 = CARTESIAN_POINT('',(-1.753897947778,-1.084819694854));
#5791 = CARTESIAN_POINT('',(-1.662347350851,-1.160254037844));
#5792 = CARTESIAN_POINT('',(-1.479245302739,-1.160254037844));
#5793 = CARTESIAN_POINT('',(-1.387694705812,-1.084819694854));
#5794 = CARTESIAN_POINT('',(-1.297522360897,-0.933951239884));
#5795 = CARTESIAN_POINT('',(-1.21012354038,-0.705751127024));
#5796 = CARTESIAN_POINT('',(-1.126483063771,-0.396427562873));
#5797 = CARTESIAN_POINT('',(-1.047197551197,0.));
#5798 = ( GEOMETRIC_REPRESENTATION_CONTEXT(2) 
PARAMETRIC_REPRESENTATION_CONTEXT() REPRESENTATION_CONTEXT('2D SPACE',''
  ) );
#5799 = ORIENTED_EDGE('',*,*,#5800,.F.);
#5800 = EDGE_CURVE('',#5556,#5768,#5801,.T.);
#5801 = SURFACE_CURVE('',#5802,(#5806,#5813),.PCURVE_S1.);
#5802 = LINE('',#5803,#5804);
#5803 = CARTESIAN_POINT('',(-4.330127018922,7.5,-282.7));
#5804 = VECTOR('',#5805,1.);
#5805 = DIRECTION('',(0.,0.,1.));
#5806 = PCURVE('',#5597,#5807);
#5807 = DEFINITIONAL_REPRESENTATION('',(#5808),#5812);
#5808 = LINE('',#5809,#5810);
#5809 = CARTESIAN_POINT('',(8.660254037844,0.));
#5810 = VECTOR('',#5811,1.);
#5811 = DIRECTION('',(0.,-1.));
#5812 = ( GEOMETRIC_REPRESENTATION_CONTEXT(2) 
PARAMETRIC_REPRESENTATION_CONTEXT() REPRESENTATION_CONTEXT('2D SPACE',''
  ) );
#5813 = PCURVE('',#5571,#5814);
#5814 = DEFINITIONAL_REPRESENTATION('',(#5815),#5819);
#5815 = LINE('',#5816,#5817);
#5816 = CARTESIAN_POINT('',(0.,0.));
#5817 = VECTOR('',#5818,1.);
#5818 = DIRECTION('',(0.,-1.));
#5819 = ( GEOMETRIC_REPRESENTATION_CONTEXT(2) 
PARAMETRIC_REPRESENTATION_CONTEXT() REPRESENTATION_CONTEXT('2D SPACE',''
  ) );
#5820 = ADVANCED_FACE('',(#5821),#5571,.F.);
#5821 = FACE_BOUND('',#5822,.F.);
#5822 = EDGE_LOOP('',(#5823,#5824,#5825,#5858));
#5823 = ORIENTED_EDGE('',*,*,#5555,.F.);
#5824 = ORIENTED_EDGE('',*,*,#5800,.T.);
#5825 = ORIENTED_EDGE('',*,*,#5826,.F.);
#5826 = EDGE_CURVE('',#5827,#5768,#5829,.T.);
#5827 = VERTEX_POINT('',#5828);
#5828 = CARTESIAN_POINT('',(-8.660254037844,-3.393038202512E-13,-277.4)
  );
#5829 = SURFACE_CURVE('',#5830,(#5835,#5842),.PCURVE_S1.);
#5830 = HYPERBOLA('',#5831,7.5,7.5);
#5831 = AXIS2_PLACEMENT_3D('',#5832,#5833,#5834);
#5832 = CARTESIAN_POINT('',(-6.495190528383,3.75,-268.7397459621));
#5833 = DIRECTION('',(0.866025403784,-0.5,0.));
#5834 = DIRECTION('',(0.,-0.,-1.));
#5835 = PCURVE('',#5571,#5836);
#5836 = DEFINITIONAL_REPRESENTATION('',(#5837),#5841);
#5837 = ( BOUNDED_CURVE() B_SPLINE_CURVE(2,(#5838,#5839,#5840),
.UNSPECIFIED.,.F.,.F.) B_SPLINE_CURVE_WITH_KNOTS((3,3),(-0.549306144334,
0.549306144334),.PIECEWISE_BEZIER_KNOTS.) CURVE() 
GEOMETRIC_REPRESENTATION_ITEM() RATIONAL_B_SPLINE_CURVE((1.,
1.154700538379,1.)) REPRESENTATION_ITEM('') );
#5838 = CARTESIAN_POINT('',(8.660254037844,-5.3));
#5839 = CARTESIAN_POINT('',(4.330127018922,-7.465063509461));
#5840 = CARTESIAN_POINT('',(0.,-5.3));
#5841 = ( GEOMETRIC_REPRESENTATION_CONTEXT(2) 
PARAMETRIC_REPRESENTATION_CONTEXT() REPRESENTATION_CONTEXT('2D SPACE',''
  ) );
#5842 = PCURVE('',#5720,#5843);
#5843 = DEFINITIONAL_REPRESENTATION('',(#5844),#5857);
#5844 = B_SPLINE_CURVE_WITH_KNOTS('',6,(#5845,#5846,#5847,#5848,#5849,
    #5850,#5851,#5852,#5853,#5854,#5855,#5856),.UNSPECIFIED.,.F.,.F.,(7,
    5,7),(-0.549306144334,1.110223024625E-16,0.549306144334),
  .UNSPECIFIED.);
#5845 = CARTESIAN_POINT('',(-3.14159265359,0.));
#5846 = CARTESIAN_POINT('',(-3.062307141015,-0.396427562873));
#5847 = CARTESIAN_POINT('',(-2.978666664406,-0.705751127024));
#5848 = CARTESIAN_POINT('',(-2.891267843889,-0.933951239884));
#5849 = CARTESIAN_POINT('',(-2.801095498974,-1.084819694854));
#5850 = CARTESIAN_POINT('',(-2.709544902047,-1.160254037844));
#5851 = CARTESIAN_POINT('',(-2.526442853936,-1.160254037844));
#5852 = CARTESIAN_POINT('',(-2.434892257009,-1.084819694854));
#5853 = CARTESIAN_POINT('',(-2.344719912093,-0.933951239884));
#5854 = CARTESIAN_POINT('',(-2.257321091577,-0.705751127024));
#5855 = CARTESIAN_POINT('',(-2.173680614968,-0.396427562873));
#5856 = CARTESIAN_POINT('',(-2.094395102393,0.));
#5857 = ( GEOMETRIC_REPRESENTATION_CONTEXT(2) 
PARAMETRIC_REPRESENTATION_CONTEXT() REPRESENTATION_CONTEXT('2D SPACE',''
  ) );
#5858 = ORIENTED_EDGE('',*,*,#5859,.F.);
#5859 = EDGE_CURVE('',#5528,#5827,#5860,.T.);
#5860 = SURFACE_CURVE('',#5861,(#5865,#5872),.PCURVE_S1.);
#5861 = LINE('',#5862,#5863);
#5862 = CARTESIAN_POINT('',(-8.660254037844,1.060575238725E-15,-282.7));
#5863 = VECTOR('',#5864,1.);
#5864 = DIRECTION('',(0.,0.,1.));
#5865 = PCURVE('',#5571,#5866);
#5866 = DEFINITIONAL_REPRESENTATION('',(#5867),#5871);
#5867 = LINE('',#5868,#5869);
#5868 = CARTESIAN_POINT('',(8.660254037844,0.));
#5869 = VECTOR('',#5870,1.);
#5870 = DIRECTION('',(0.,-1.));
#5871 = ( GEOMETRIC_REPRESENTATION_CONTEXT(2) 
PARAMETRIC_REPRESENTATION_CONTEXT() REPRESENTATION_CONTEXT('2D SPACE',''
  ) );
#5872 = PCURVE('',#5543,#5873);
#5873 = DEFINITIONAL_REPRESENTATION('',(#5874),#5878);
#5874 = LINE('',#5875,#5876);
#5875 = CARTESIAN_POINT('',(0.,0.));
#5876 = VECTOR('',#5877,1.);
#5877 = DIRECTION('',(0.,-1.));
#5878 = ( GEOMETRIC_REPRESENTATION_CONTEXT(2) 
PARAMETRIC_REPRESENTATION_CONTEXT() REPRESENTATION_CONTEXT('2D SPACE',''
  ) );
#5879 = ADVANCED_FACE('',(#5880),#5543,.F.);
#5880 = FACE_BOUND('',#5881,.F.);
#5881 = EDGE_LOOP('',(#5882,#5883,#5884,#5917));
#5882 = ORIENTED_EDGE('',*,*,#5527,.F.);
#5883 = ORIENTED_EDGE('',*,*,#5859,.T.);
#5884 = ORIENTED_EDGE('',*,*,#5885,.F.);
#5885 = EDGE_CURVE('',#5886,#5827,#5888,.T.);
#5886 = VERTEX_POINT('',#5887);
#5887 = CARTESIAN_POINT('',(-4.330127018922,-7.5,-277.4));
#5888 = SURFACE_CURVE('',#5889,(#5894,#5901),.PCURVE_S1.);
#5889 = HYPERBOLA('',#5890,7.5,7.5);
#5890 = AXIS2_PLACEMENT_3D('',#5891,#5892,#5893);
#5891 = CARTESIAN_POINT('',(-6.495190528383,-3.75,-268.7397459621));
#5892 = DIRECTION('',(0.866025403784,0.5,0.));
#5893 = DIRECTION('',(0.,-0.,-1.));
#5894 = PCURVE('',#5543,#5895);
#5895 = DEFINITIONAL_REPRESENTATION('',(#5896),#5900);
#5896 = ( BOUNDED_CURVE() B_SPLINE_CURVE(2,(#5897,#5898,#5899),
.UNSPECIFIED.,.F.,.F.) B_SPLINE_CURVE_WITH_KNOTS((3,3),(-0.549306144334,
0.549306144334),.PIECEWISE_BEZIER_KNOTS.) CURVE() 
GEOMETRIC_REPRESENTATION_ITEM() RATIONAL_B_SPLINE_CURVE((1.,
1.154700538379,1.)) REPRESENTATION_ITEM('') );
#5897 = CARTESIAN_POINT('',(8.660254037844,-5.3));
#5898 = CARTESIAN_POINT('',(4.330127018922,-7.465063509461));
#5899 = CARTESIAN_POINT('',(0.,-5.3));
#5900 = ( GEOMETRIC_REPRESENTATION_CONTEXT(2) 
PARAMETRIC_REPRESENTATION_CONTEXT() REPRESENTATION_CONTEXT('2D SPACE',''
  ) );
#5901 = PCURVE('',#5720,#5902);
#5902 = DEFINITIONAL_REPRESENTATION('',(#5903),#5916);
#5903 = B_SPLINE_CURVE_WITH_KNOTS('',6,(#5904,#5905,#5906,#5907,#5908,
    #5909,#5910,#5911,#5912,#5913,#5914,#5915),.UNSPECIFIED.,.F.,.F.,(7,
    5,7),(-0.549306144334,3.330669073875E-16,0.549306144334),
  .UNSPECIFIED.);
#5904 = CARTESIAN_POINT('',(-4.188790204786,-1.7763568394E-15));
#5905 = CARTESIAN_POINT('',(-4.109504692212,-0.396427562873));
#5906 = CARTESIAN_POINT('',(-4.025864215603,-0.705751127024));
#5907 = CARTESIAN_POINT('',(-3.938465395086,-0.933951239884));
#5908 = CARTESIAN_POINT('',(-3.848293050171,-1.084819694854));
#5909 = CARTESIAN_POINT('',(-3.756742453244,-1.160254037844));
#5910 = CARTESIAN_POINT('',(-3.573640405132,-1.160254037844));
#5911 = CARTESIAN_POINT('',(-3.482089808206,-1.084819694854));
#5912 = CARTESIAN_POINT('',(-3.39191746329,-0.933951239884));
#5913 = CARTESIAN_POINT('',(-3.304518642773,-0.705751127024));
#5914 = CARTESIAN_POINT('',(-3.220878166164,-0.396427562873));
#5915 = CARTESIAN_POINT('',(-3.14159265359,0.));
#5916 = ( GEOMETRIC_REPRESENTATION_CONTEXT(2) 
PARAMETRIC_REPRESENTATION_CONTEXT() REPRESENTATION_CONTEXT('2D SPACE',''
  ) );
#5917 = ORIENTED_EDGE('',*,*,#5918,.F.);
#5918 = EDGE_CURVE('',#5500,#5886,#5919,.T.);
#5919 = SURFACE_CURVE('',#5920,(#5924,#5931),.PCURVE_S1.);
#5920 = LINE('',#5921,#5922);
#5921 = CARTESIAN_POINT('',(-4.330127018922,-7.5,-282.7));
#5922 = VECTOR('',#5923,1.);
#5923 = DIRECTION('',(0.,0.,1.));
#5924 = PCURVE('',#5543,#5925);
#5925 = DEFINITIONAL_REPRESENTATION('',(#5926),#5930);
#5926 = LINE('',#5927,#5928);
#5927 = CARTESIAN_POINT('',(8.660254037844,0.));
#5928 = VECTOR('',#5929,1.);
#5929 = DIRECTION('',(0.,-1.));
#5930 = ( GEOMETRIC_REPRESENTATION_CONTEXT(2) 
PARAMETRIC_REPRESENTATION_CONTEXT() REPRESENTATION_CONTEXT('2D SPACE',''
  ) );
#5931 = PCURVE('',#5515,#5932);
#5932 = DEFINITIONAL_REPRESENTATION('',(#5933),#5937);
#5933 = LINE('',#5934,#5935);
#5934 = CARTESIAN_POINT('',(0.,0.));
#5935 = VECTOR('',#5936,1.);
#5936 = DIRECTION('',(0.,-1.));
#5937 = ( GEOMETRIC_REPRESENTATION_CONTEXT(2) 
PARAMETRIC_REPRESENTATION_CONTEXT() REPRESENTATION_CONTEXT('2D SPACE',''
  ) );
#5938 = ADVANCED_FACE('',(#5939),#5515,.F.);
#5939 = FACE_BOUND('',#5940,.F.);
#5940 = EDGE_LOOP('',(#5941,#5942,#5943,#5976));
#5941 = ORIENTED_EDGE('',*,*,#5499,.F.);
#5942 = ORIENTED_EDGE('',*,*,#5918,.T.);
#5943 = ORIENTED_EDGE('',*,*,#5944,.F.);
#5944 = EDGE_CURVE('',#5945,#5886,#5947,.T.);
#5945 = VERTEX_POINT('',#5946);
#5946 = CARTESIAN_POINT('',(4.330127018922,-7.5,-277.4));
#5947 = SURFACE_CURVE('',#5948,(#5953,#5960),.PCURVE_S1.);
#5948 = HYPERBOLA('',#5949,7.5,7.5);
#5949 = AXIS2_PLACEMENT_3D('',#5950,#5951,#5952);
#5950 = CARTESIAN_POINT('',(-1.538370149107E-15,-7.5,-268.7397459621));
#5951 = DIRECTION('',(2.051160198809E-16,1.,0.));
#5952 = DIRECTION('',(0.,-0.,-1.));
#5953 = PCURVE('',#5515,#5954);
#5954 = DEFINITIONAL_REPRESENTATION('',(#5955),#5959);
#5955 = ( BOUNDED_CURVE() B_SPLINE_CURVE(2,(#5956,#5957,#5958),
.UNSPECIFIED.,.F.,.F.) B_SPLINE_CURVE_WITH_KNOTS((3,3),(-0.549306144334,
0.549306144334),.PIECEWISE_BEZIER_KNOTS.) CURVE() 
GEOMETRIC_REPRESENTATION_ITEM() RATIONAL_B_SPLINE_CURVE((1.,
1.154700538379,1.)) REPRESENTATION_ITEM('') );
#5956 = CARTESIAN_POINT('',(8.660254037844,-5.3));
#5957 = CARTESIAN_POINT('',(4.330127018922,-7.465063509461));
#5958 = CARTESIAN_POINT('',(-6.217248937901E-15,-5.3));
#5959 = ( GEOMETRIC_REPRESENTATION_CONTEXT(2) 
PARAMETRIC_REPRESENTATION_CONTEXT() REPRESENTATION_CONTEXT('2D SPACE',''
  ) );
#5960 = PCURVE('',#5720,#5961);
#5961 = DEFINITIONAL_REPRESENTATION('',(#5962),#5975);
#5962 = B_SPLINE_CURVE_WITH_KNOTS('',6,(#5963,#5964,#5965,#5966,#5967,
    #5968,#5969,#5970,#5971,#5972,#5973,#5974),.UNSPECIFIED.,.F.,.F.,(7,
    5,7),(-0.549306144334,3.330669073875E-16,0.549306144334),
  .UNSPECIFIED.);
#5963 = CARTESIAN_POINT('',(-5.235987755983,0.));
#5964 = CARTESIAN_POINT('',(-5.156702243408,-0.396427562873));
#5965 = CARTESIAN_POINT('',(-5.073061766799,-0.705751127024));
#5966 = CARTESIAN_POINT('',(-4.985662946283,-0.933951239884));
#5967 = CARTESIAN_POINT('',(-4.895490601367,-1.084819694854));
#5968 = CARTESIAN_POINT('',(-4.80394000444,-1.160254037844));
#5969 = CARTESIAN_POINT('',(-4.620837956329,-1.160254037844));
#5970 = CARTESIAN_POINT('',(-4.529287359402,-1.084819694854));
#5971 = CARTESIAN_POINT('',(-4.439115014486,-0.933951239884));
#5972 = CARTESIAN_POINT('',(-4.35171619397,-0.705751127024));
#5973 = CARTESIAN_POINT('',(-4.268075717361,-0.396427562873));
#5974 = CARTESIAN_POINT('',(-4.188790204786,8.881784197001E-16));
#5975 = ( GEOMETRIC_REPRESENTATION_CONTEXT(2) 
PARAMETRIC_REPRESENTATION_CONTEXT() REPRESENTATION_CONTEXT('2D SPACE',''
  ) );
#5976 = ORIENTED_EDGE('',*,*,#5977,.F.);
#5977 = EDGE_CURVE('',#5472,#5945,#5978,.T.);
#5978 = SURFACE_CURVE('',#5979,(#5983,#5990),.PCURVE_S1.);
#5979 = LINE('',#5980,#5981);
#5980 = CARTESIAN_POINT('',(4.330127018922,-7.5,-282.7));
#5981 = VECTOR('',#5982,1.);
#5982 = DIRECTION('',(0.,0.,1.));
#5983 = PCURVE('',#5515,#5984);
#5984 = DEFINITIONAL_REPRESENTATION('',(#5985),#5989);
#5985 = LINE('',#5986,#5987);
#5986 = CARTESIAN_POINT('',(8.660254037844,0.));
#5987 = VECTOR('',#5988,1.);
#5988 = DIRECTION('',(0.,-1.));
#5989 = ( GEOMETRIC_REPRESENTATION_CONTEXT(2) 
PARAMETRIC_REPRESENTATION_CONTEXT() REPRESENTATION_CONTEXT('2D SPACE',''
  ) );
#5990 = PCURVE('',#5487,#5991);
#5991 = DEFINITIONAL_REPRESENTATION('',(#5992),#5996);
#5992 = LINE('',#5993,#5994);
#5993 = CARTESIAN_POINT('',(0.,0.));
#5994 = VECTOR('',#5995,1.);
#5995 = DIRECTION('',(0.,-1.));
#5996 = ( GEOMETRIC_REPRESENTATION_CONTEXT(2) 
PARAMETRIC_REPRESENTATION_CONTEXT() REPRESENTATION_CONTEXT('2D SPACE',''
  ) );
#5997 = ADVANCED_FACE('',(#5998),#5487,.F.);
#5998 = FACE_BOUND('',#5999,.F.);
#5999 = EDGE_LOOP('',(#6000,#6001,#6002,#6033));
#6000 = ORIENTED_EDGE('',*,*,#5471,.F.);
#6001 = ORIENTED_EDGE('',*,*,#5977,.T.);
#6002 = ORIENTED_EDGE('',*,*,#6003,.F.);
#6003 = EDGE_CURVE('',#5681,#5945,#6004,.T.);
#6004 = SURFACE_CURVE('',#6005,(#6010,#6017),.PCURVE_S1.);
#6005 = HYPERBOLA('',#6006,7.5,7.5);
#6006 = AXIS2_PLACEMENT_3D('',#6007,#6008,#6009);
#6007 = CARTESIAN_POINT('',(6.495190528383,-3.75,-268.7397459621));
#6008 = DIRECTION('',(-0.866025403784,0.5,0.));
#6009 = DIRECTION('',(-0.,0.,-1.));
#6010 = PCURVE('',#5487,#6011);
#6011 = DEFINITIONAL_REPRESENTATION('',(#6012),#6016);
#6012 = ( BOUNDED_CURVE() B_SPLINE_CURVE(2,(#6013,#6014,#6015),
.UNSPECIFIED.,.F.,.F.) B_SPLINE_CURVE_WITH_KNOTS((3,3),(-0.549306144334,
0.549306144334),.PIECEWISE_BEZIER_KNOTS.) CURVE() 
GEOMETRIC_REPRESENTATION_ITEM() RATIONAL_B_SPLINE_CURVE((1.,
1.154700538379,1.)) REPRESENTATION_ITEM('') );
#6013 = CARTESIAN_POINT('',(8.660254037844,-5.3));
#6014 = CARTESIAN_POINT('',(4.330127018922,-7.465063509461));
#6015 = CARTESIAN_POINT('',(8.881784197001E-16,-5.3));
#6016 = ( GEOMETRIC_REPRESENTATION_CONTEXT(2) 
PARAMETRIC_REPRESENTATION_CONTEXT() REPRESENTATION_CONTEXT('2D SPACE',''
  ) );
#6017 = PCURVE('',#5720,#6018);
#6018 = DEFINITIONAL_REPRESENTATION('',(#6019),#6032);
#6019 = B_SPLINE_CURVE_WITH_KNOTS('',6,(#6020,#6021,#6022,#6023,#6024,
    #6025,#6026,#6027,#6028,#6029,#6030,#6031),.UNSPECIFIED.,.F.,.F.,(7,
    5,7),(-0.549306144334,0.,0.549306144334),.UNSPECIFIED.);
#6020 = CARTESIAN_POINT('',(-6.28318530718,-8.881784197001E-16));
#6021 = CARTESIAN_POINT('',(-6.203899794605,-0.396427562873));
#6022 = CARTESIAN_POINT('',(-6.120259317996,-0.705751127024));
#6023 = CARTESIAN_POINT('',(-6.032860497479,-0.933951239884));
#6024 = CARTESIAN_POINT('',(-5.942688152564,-1.084819694854));
#6025 = CARTESIAN_POINT('',(-5.851137555637,-1.160254037844));
#6026 = CARTESIAN_POINT('',(-5.668035507526,-1.160254037844));
#6027 = CARTESIAN_POINT('',(-5.576484910599,-1.084819694854));
#6028 = CARTESIAN_POINT('',(-5.486312565683,-0.933951239884));
#6029 = CARTESIAN_POINT('',(-5.398913745167,-0.705751127024));
#6030 = CARTESIAN_POINT('',(-5.315273268558,-0.396427562873));
#6031 = CARTESIAN_POINT('',(-5.235987755983,0.));
#6032 = ( GEOMETRIC_REPRESENTATION_CONTEXT(2) 
PARAMETRIC_REPRESENTATION_CONTEXT() REPRESENTATION_CONTEXT('2D SPACE',''
  ) );
#6033 = ORIENTED_EDGE('',*,*,#5680,.F.);
#6034 = ADVANCED_FACE('',(#6035),#5720,.T.);
#6035 = FACE_BOUND('',#6036,.T.);
#6036 = EDGE_LOOP('',(#6037,#6060,#6087,#6088,#6089,#6090,#6091,#6092,
    #6093));
#6037 = ORIENTED_EDGE('',*,*,#6038,.T.);
#6038 = EDGE_CURVE('',#5681,#6039,#6041,.T.);
#6039 = VERTEX_POINT('',#6040);
#6040 = CARTESIAN_POINT('',(7.460254037844,-1.827235245654E-15,-276.2));
#6041 = SEAM_CURVE('',#6042,(#6046,#6053),.PCURVE_S1.);
#6042 = LINE('',#6043,#6044);
#6043 = CARTESIAN_POINT('',(8.660254037844,-2.12115047745E-15,-277.4));
#6044 = VECTOR('',#6045,1.);
#6045 = DIRECTION('',(-0.707106781187,1.731912112471E-16,0.707106781187)
  );
#6046 = PCURVE('',#5720,#6047);
#6047 = DEFINITIONAL_REPRESENTATION('',(#6048),#6052);
#6048 = LINE('',#6049,#6050);
#6049 = CARTESIAN_POINT('',(-6.28318530718,0.));
#6050 = VECTOR('',#6051,1.);
#6051 = DIRECTION('',(-0.,-1.));
#6052 = ( GEOMETRIC_REPRESENTATION_CONTEXT(2) 
PARAMETRIC_REPRESENTATION_CONTEXT() REPRESENTATION_CONTEXT('2D SPACE',''
  ) );
#6053 = PCURVE('',#5720,#6054);
#6054 = DEFINITIONAL_REPRESENTATION('',(#6055),#6059);
#6055 = LINE('',#6056,#6057);
#6056 = CARTESIAN_POINT('',(0.,-0.));
#6057 = VECTOR('',#6058,1.);
#6058 = DIRECTION('',(-0.,-1.));
#6059 = ( GEOMETRIC_REPRESENTATION_CONTEXT(2) 
PARAMETRIC_REPRESENTATION_CONTEXT() REPRESENTATION_CONTEXT('2D SPACE',''
  ) );
#6060 = ORIENTED_EDGE('',*,*,#6061,.F.);
#6061 = EDGE_CURVE('',#6039,#6039,#6062,.T.);
#6062 = SURFACE_CURVE('',#6063,(#6068,#6075),.PCURVE_S1.);
#6063 = CIRCLE('',#6064,7.460254037844);
#6064 = AXIS2_PLACEMENT_3D('',#6065,#6066,#6067);
#6065 = CARTESIAN_POINT('',(0.,0.,-276.2));
#6066 = DIRECTION('',(0.,0.,1.));
#6067 = DIRECTION('',(1.,0.,-0.));
#6068 = PCURVE('',#5720,#6069);
#6069 = DEFINITIONAL_REPRESENTATION('',(#6070),#6074);
#6070 = LINE('',#6071,#6072);
#6071 = CARTESIAN_POINT('',(-0.,-1.2));
#6072 = VECTOR('',#6073,1.);
#6073 = DIRECTION('',(-1.,-0.));
#6074 = ( GEOMETRIC_REPRESENTATION_CONTEXT(2) 
PARAMETRIC_REPRESENTATION_CONTEXT() REPRESENTATION_CONTEXT('2D SPACE',''
  ) );
#6075 = PCURVE('',#6076,#6081);
#6076 = PLANE('',#6077);
#6077 = AXIS2_PLACEMENT_3D('',#6078,#6079,#6080);
#6078 = CARTESIAN_POINT('',(4.102320397618E-16,-1.130178611448E-16,
    -276.2));
#6079 = DIRECTION('',(0.,0.,1.));
#6080 = DIRECTION('',(1.,0.,-0.));
#6081 = DEFINITIONAL_REPRESENTATION('',(#6082),#6086);
#6082 = CIRCLE('',#6083,7.460254037844);
#6083 = AXIS2_PLACEMENT_2D('',#6084,#6085);
#6084 = CARTESIAN_POINT('',(-4.102320397618E-16,1.130178611448E-16));
#6085 = DIRECTION('',(1.,0.));
#6086 = ( GEOMETRIC_REPRESENTATION_CONTEXT(2) 
PARAMETRIC_REPRESENTATION_CONTEXT() REPRESENTATION_CONTEXT('2D SPACE',''
  ) );
#6087 = ORIENTED_EDGE('',*,*,#6038,.F.);
#6088 = ORIENTED_EDGE('',*,*,#5703,.F.);
#6089 = ORIENTED_EDGE('',*,*,#5767,.F.);
#6090 = ORIENTED_EDGE('',*,*,#5826,.F.);
#6091 = ORIENTED_EDGE('',*,*,#5885,.F.);
#6092 = ORIENTED_EDGE('',*,*,#5944,.F.);
#6093 = ORIENTED_EDGE('',*,*,#6003,.F.);
#6094 = ADVANCED_FACE('',(#6095),#6076,.T.);
#6095 = FACE_BOUND('',#6096,.T.);
#6096 = EDGE_LOOP('',(#6097));
#6097 = ORIENTED_EDGE('',*,*,#6061,.T.);
#6098 = ( GEOMETRIC_REPRESENTATION_CONTEXT(3) 
GLOBAL_UNCERTAINTY_ASSIGNED_CONTEXT((#6102)) 
GLOBAL_UNIT_ASSIGNED_CONTEXT((#6099,#6100,#6101)) REPRESENTATION_CONTEXT
('Context #1','3D Context with UNIT and UNCERTAINTY') );
#6099 = ( LENGTH_UNIT() NAMED_UNIT(*) SI_UNIT(.MILLI.,.METRE.) );
#6100 = ( NAMED_UNIT(*) PLANE_ANGLE_UNIT() SI_UNIT($,.RADIAN.) );
#6101 = ( NAMED_UNIT(*) SI_UNIT($,.STERADIAN.) SOLID_ANGLE_UNIT() );
#6102 = UNCERTAINTY_MEASURE_WITH_UNIT(LENGTH_MEASURE(1.E-07),#6099,
  'distance_accuracy_value','confusion accuracy');
#6103 = PRODUCT_RELATED_PRODUCT_CATEGORY('part',$,(#7));
ENDSEC;
END-ISO-10303-21;
