ISO-10303-21;
HEADER;
FILE_DESCRIPTION(('Open CASCADE Model'),'2;1');
FILE_NAME('retaining_plate_chute','2026-08-07T20:33:56',('Author'),(
    'Open CASCADE'),'Open CASCADE STEP processor 7.9','build123d',
  'Unknown');
FILE_SCHEMA(('AUTOMOTIVE_DESIGN { 1 0 10303 214 1 1 1 1 }'));
ENDSEC;
DATA;
#1 = APPLICATION_PROTOCOL_DEFINITION('international standard',
  'automotive_design',2000,#2);
#2 = APPLICATION_CONTEXT(
  'core data for automotive mechanical design processes');
#3 = SHAPE_DEFINITION_REPRESENTATION(#4,#10);
#4 = PRODUCT_DEFINITION_SHAPE('','',#5);
#5 = PRODUCT_DEFINITION('design','',#6,#9);
#6 = PRODUCT_DEFINITION_FORMATION('','',#7);
#7 = PRODUCT('retaining_plate_chute','retaining_plate_chute','',(#8));
#8 = PRODUCT_CONTEXT('',#2,'mechanical');
#9 = PRODUCT_DEFINITION_CONTEXT('part definition',#2,'design');
#10 = ADVANCED_BREP_SHAPE_REPRESENTATION('',(#11,#15),#16034);
#11 = AXIS2_PLACEMENT_3D('',#12,#13,#14);
#12 = CARTESIAN_POINT('',(0.,0.,0.));
#13 = DIRECTION('',(0.,0.,1.));
#14 = DIRECTION('',(1.,0.,-0.));
#15 = MANIFOLD_SOLID_BREP('',#16);
#16 = CLOSED_SHELL('',(#17,#139,#215,#1526,#1575,#3678,#3705,#3748,#3775
    ,#3802,#3809,#3836,#3863,#3890,#3915,#3940,#3967,#3994,#4021,#4048,
    #4055,#4098,#4123,#4148,#4155,#4198,#4223,#4248,#4255,#4298,#4323,
    #4348,#4355,#4398,#4423,#4448,#4455,#4498,#4523,#4577,#4604,#4676,
    #4701,#4726,#4753,#4808,#4863,#4906,#4931,#4956,#4963,#5037,#5087,
    #5137,#5162,#5243,#5290,#5337,#5369,#5438,#5488,#5538,#5563,#5618,
    #6338,#6419,#6466,#6520,#6545,#6600,#6674,#6724,#6774,#6799,#6875,
    #6924,#6973,#7000,#7055,#7110,#7165,#7234,#7284,#7334,#7359,#7435,
    #7484,#7533,#7560,#7566,#7572,#7607,#7662,#8199,#8310,#8360,#8437,
    #8521,#8571,#8671,#8798,#8875,#8924,#9001,#9050,#9122,#9191,#9260,
    #9365,#9442,#9491,#9563,#9612,#9689,#9741,#9798,#9959,#10009,#10181,
    #10188,#10276,#10303,#10330,#10337,#10364,#10394,#10424,#10603,
    #10739,#10764,#10768,#10775,#10802,#11611,#11691,#11718,#11933,
    #11940,#12197,#12255,#12262,#12269,#12294,#12299,#12329,#12508,
    #12513,#12519,#12681,#12706,#12736,#12814,#12869,#12924,#12979,
    #13034,#13191,#13246,#13301,#13377,#13426,#13475,#13533,#13588,
    #13643,#13719,#13768,#13817,#13875,#14007,#14013,#14192,#14217,
    #14324,#14349,#14355,#14360,#14364,#14399,#14434,#14469,#14504,
    #14529,#14533,#14537,#14614,#14669,#14673,#14677,#14754,#14809,
    #14839,#14941,#14947,#14972,#14977,#14983,#15133,#15283,#15433,
    #15583,#15679,#15775,#15779,#15875,#15971,#15975,#15980,#15986,
    #15993,#15998,#16003,#16010,#16017,#16022,#16027));
#17 = ADVANCED_FACE('',(#18),#32,.T.);
#18 = FACE_BOUND('',#19,.T.);
#19 = EDGE_LOOP('',(#20,#53,#82,#108));
#20 = ORIENTED_EDGE('',*,*,#21,.F.);
#21 = EDGE_CURVE('',#22,#24,#26,.T.);
#22 = VERTEX_POINT('',#23);
#23 = CARTESIAN_POINT('',(21.954116068611,47.138273066012,-355.25));
#24 = VERTEX_POINT('',#25);
#25 = CARTESIAN_POINT('',(21.954116068611,47.138273066012,-351.25));
#26 = SURFACE_CURVE('',#27,(#31,#42),.PCURVE_S1.);
#27 = LINE('',#28,#29);
#28 = CARTESIAN_POINT('',(21.95411606861,47.138273066013,-355.25));
#29 = VECTOR('',#30,1.);
#30 = DIRECTION('',(0.,0.,1.));
#31 = PCURVE('',#32,#37);
#32 = CYLINDRICAL_SURFACE('',#33,52.);
#33 = AXIS2_PLACEMENT_3D('',#34,#35,#36);
#34 = CARTESIAN_POINT('',(0.,0.,-355.25));
#35 = DIRECTION('',(0.,0.,1.));
#36 = DIRECTION('',(1.,0.,-0.));
#37 = DEFINITIONAL_REPRESENTATION('',(#38),#41);
#38 = B_SPLINE_CURVE_WITH_KNOTS('',1,(#39,#40),.UNSPECIFIED.,.F.,.F.,(2,
    2),(0.,4.),.PIECEWISE_BEZIER_KNOTS.);
#39 = CARTESIAN_POINT('',(1.134931488316,0.));
#40 = CARTESIAN_POINT('',(1.134931488316,4.));
#41 = ( GEOMETRIC_REPRESENTATION_CONTEXT(2) 
PARAMETRIC_REPRESENTATION_CONTEXT() REPRESENTATION_CONTEXT('2D SPACE',''
  ) );
#42 = PCURVE('',#43,#48);
#43 = PLANE('',#44);
#44 = AXIS2_PLACEMENT_3D('',#45,#46,#47);
#45 = CARTESIAN_POINT('',(30.230127018922,42.360115916034,-355.25));
#46 = DIRECTION('',(0.5,0.866025403784,0.));
#47 = DIRECTION('',(0.,0.,1.));
#48 = DEFINITIONAL_REPRESENTATION('',(#49),#52);
#49 = B_SPLINE_CURVE_WITH_KNOTS('',1,(#50,#51),.UNSPECIFIED.,.F.,.F.,(2,
    2),(-2.400000028047E-06,4.0000024),.PIECEWISE_BEZIER_KNOTS.);
#50 = CARTESIAN_POINT('',(-2.400000028047E-06,-9.556314299958));
#51 = CARTESIAN_POINT('',(4.0000024,-9.556314299958));
#52 = ( GEOMETRIC_REPRESENTATION_CONTEXT(2) 
PARAMETRIC_REPRESENTATION_CONTEXT() REPRESENTATION_CONTEXT('2D SPACE',''
  ) );
#53 = ORIENTED_EDGE('',*,*,#54,.T.);
#54 = EDGE_CURVE('',#22,#55,#57,.T.);
#55 = VERTEX_POINT('',#56);
#56 = CARTESIAN_POINT('',(-51.8,4.556314299956,-355.25));
#57 = SURFACE_CURVE('',#58,(#63,#70),.PCURVE_S1.);
#58 = CIRCLE('',#59,52.);
#59 = AXIS2_PLACEMENT_3D('',#60,#61,#62);
#60 = CARTESIAN_POINT('',(0.,0.,-355.25));
#61 = DIRECTION('',(0.,-0.,1.));
#62 = DIRECTION('',(0.422194539781,0.906505251269,0.));
#63 = PCURVE('',#32,#64);
#64 = DEFINITIONAL_REPRESENTATION('',(#65),#69);
#65 = LINE('',#66,#67);
#66 = CARTESIAN_POINT('',(1.134931488316,0.));
#67 = VECTOR('',#68,1.);
#68 = DIRECTION('',(1.,0.));
#69 = ( GEOMETRIC_REPRESENTATION_CONTEXT(2) 
PARAMETRIC_REPRESENTATION_CONTEXT() REPRESENTATION_CONTEXT('2D SPACE',''
  ) );
#70 = PCURVE('',#71,#76);
#71 = PLANE('',#72);
#72 = AXIS2_PLACEMENT_3D('',#73,#74,#75);
#73 = CARTESIAN_POINT('',(0.,0.,-355.25));
#74 = DIRECTION('',(0.,0.,1.));
#75 = DIRECTION('',(1.,0.,-0.));
#76 = DEFINITIONAL_REPRESENTATION('',(#77),#81);
#77 = CIRCLE('',#78,52.);
#78 = AXIS2_PLACEMENT_2D('',#79,#80);
#79 = CARTESIAN_POINT('',(0.,0.));
#80 = DIRECTION('',(0.422194539781,0.906505251269));
#81 = ( GEOMETRIC_REPRESENTATION_CONTEXT(2) 
PARAMETRIC_REPRESENTATION_CONTEXT() REPRESENTATION_CONTEXT('2D SPACE',''
  ) );
#82 = ORIENTED_EDGE('',*,*,#83,.T.);
#83 = EDGE_CURVE('',#55,#84,#86,.T.);
#84 = VERTEX_POINT('',#85);
#85 = CARTESIAN_POINT('',(-51.8,4.556314299956,-351.25));
#86 = SURFACE_CURVE('',#87,(#91,#97),.PCURVE_S1.);
#87 = LINE('',#88,#89);
#88 = CARTESIAN_POINT('',(-51.8,4.556314299958,-355.25));
#89 = VECTOR('',#90,1.);
#90 = DIRECTION('',(0.,0.,1.));
#91 = PCURVE('',#32,#92);
#92 = DEFINITIONAL_REPRESENTATION('',(#93),#96);
#93 = B_SPLINE_CURVE_WITH_KNOTS('',1,(#94,#95),.UNSPECIFIED.,.F.,.F.,(2,
    2),(-2.400000028047E-06,4.0000024),.PIECEWISE_BEZIER_KNOTS.);
#94 = CARTESIAN_POINT('',(3.053858716471,-2.400000028047E-06));
#95 = CARTESIAN_POINT('',(3.053858716471,4.0000024));
#96 = ( GEOMETRIC_REPRESENTATION_CONTEXT(2) 
PARAMETRIC_REPRESENTATION_CONTEXT() REPRESENTATION_CONTEXT('2D SPACE',''
  ) );
#97 = PCURVE('',#98,#103);
#98 = PLANE('',#99);
#99 = AXIS2_PLACEMENT_3D('',#100,#101,#102);
#100 = CARTESIAN_POINT('',(-51.8,5.,-355.25));
#101 = DIRECTION('',(-1.,1.224646799147E-16,0.));
#102 = DIRECTION('',(0.,0.,1.));
#103 = DEFINITIONAL_REPRESENTATION('',(#104),#107);
#104 = B_SPLINE_CURVE_WITH_KNOTS('',1,(#105,#106),.UNSPECIFIED.,.F.,.F.,
  (2,2),(-2.400000028047E-06,4.0000024),.PIECEWISE_BEZIER_KNOTS.);
#105 = CARTESIAN_POINT('',(-2.400000028047E-06,-0.443685700042));
#106 = CARTESIAN_POINT('',(4.0000024,-0.443685700042));
#107 = ( GEOMETRIC_REPRESENTATION_CONTEXT(2) 
PARAMETRIC_REPRESENTATION_CONTEXT() REPRESENTATION_CONTEXT('2D SPACE',''
  ) );
#108 = ORIENTED_EDGE('',*,*,#109,.T.);
#109 = EDGE_CURVE('',#84,#24,#110,.T.);
#110 = SURFACE_CURVE('',#111,(#116,#123),.PCURVE_S1.);
#111 = CIRCLE('',#112,52.);
#112 = AXIS2_PLACEMENT_3D('',#113,#114,#115);
#113 = CARTESIAN_POINT('',(0.,0.,-351.25));
#114 = DIRECTION('',(0.,0.,-1.));
#115 = DIRECTION('',(0.573959306373,0.818883822424,0.));
#116 = PCURVE('',#32,#117);
#117 = DEFINITIONAL_REPRESENTATION('',(#118),#122);
#118 = LINE('',#119,#120);
#119 = CARTESIAN_POINT('',(7.242648921257,4.));
#120 = VECTOR('',#121,1.);
#121 = DIRECTION('',(-1.,-0.));
#122 = ( GEOMETRIC_REPRESENTATION_CONTEXT(2) 
PARAMETRIC_REPRESENTATION_CONTEXT() REPRESENTATION_CONTEXT('2D SPACE',''
  ) );
#123 = PCURVE('',#124,#129);
#124 = PLANE('',#125);
#125 = AXIS2_PLACEMENT_3D('',#126,#127,#128);
#126 = CARTESIAN_POINT('',(0.,0.,-351.25));
#127 = DIRECTION('',(0.,0.,1.));
#128 = DIRECTION('',(1.,0.,-0.));
#129 = DEFINITIONAL_REPRESENTATION('',(#130),#138);
#130 = ( BOUNDED_CURVE() B_SPLINE_CURVE(2,(#131,#132,#133,#134,#135,#136
,#137),.UNSPECIFIED.,.T.,.F.) B_SPLINE_CURVE_WITH_KNOTS((1,2,2,2,2,1),(
    -2.094395102393,0.,2.094395102393,4.188790204786,6.28318530718,
8.377580409573),.UNSPECIFIED.) CURVE() GEOMETRIC_REPRESENTATION_ITEM() 
RATIONAL_B_SPLINE_CURVE((1.,0.5,1.,0.5,1.,0.5,1.)) REPRESENTATION_ITEM(
  '') );
#131 = CARTESIAN_POINT('',(29.845883931391,42.581958766054));
#132 = CARTESIAN_POINT('',(103.6,-9.112628599919));
#133 = CARTESIAN_POINT('',(21.954116068609,-47.13827306601));
#134 = CARTESIAN_POINT('',(-59.69176786278,-85.1639175321));
#135 = CARTESIAN_POINT('',(-51.8,4.556314299959));
#136 = CARTESIAN_POINT('',(-43.90823213721,94.276546132027));
#137 = CARTESIAN_POINT('',(29.845883931391,42.581958766054));
#138 = ( GEOMETRIC_REPRESENTATION_CONTEXT(2) 
PARAMETRIC_REPRESENTATION_CONTEXT() REPRESENTATION_CONTEXT('2D SPACE',''
  ) );
#139 = ADVANCED_FACE('',(#140),#43,.F.);
#140 = FACE_BOUND('',#141,.F.);
#141 = EDGE_LOOP('',(#142,#165,#166,#189));
#142 = ORIENTED_EDGE('',*,*,#143,.F.);
#143 = EDGE_CURVE('',#24,#144,#146,.T.);
#144 = VERTEX_POINT('',#145);
#145 = CARTESIAN_POINT('',(21.569872981078,47.360115916034,-351.25));
#146 = SURFACE_CURVE('',#147,(#151,#158),.PCURVE_S1.);
#147 = LINE('',#148,#149);
#148 = CARTESIAN_POINT('',(30.230127018922,42.360115916034,-351.25));
#149 = VECTOR('',#150,1.);
#150 = DIRECTION('',(-0.866025403784,0.5,0.));
#151 = PCURVE('',#43,#152);
#152 = DEFINITIONAL_REPRESENTATION('',(#153),#157);
#153 = LINE('',#154,#155);
#154 = CARTESIAN_POINT('',(4.,0.));
#155 = VECTOR('',#156,1.);
#156 = DIRECTION('',(0.,-1.));
#157 = ( GEOMETRIC_REPRESENTATION_CONTEXT(2) 
PARAMETRIC_REPRESENTATION_CONTEXT() REPRESENTATION_CONTEXT('2D SPACE',''
  ) );
#158 = PCURVE('',#124,#159);
#159 = DEFINITIONAL_REPRESENTATION('',(#160),#164);
#160 = LINE('',#161,#162);
#161 = CARTESIAN_POINT('',(30.230127018922,42.360115916034));
#162 = VECTOR('',#163,1.);
#163 = DIRECTION('',(-0.866025403784,0.5));
#164 = ( GEOMETRIC_REPRESENTATION_CONTEXT(2) 
PARAMETRIC_REPRESENTATION_CONTEXT() REPRESENTATION_CONTEXT('2D SPACE',''
  ) );
#165 = ORIENTED_EDGE('',*,*,#21,.F.);
#166 = ORIENTED_EDGE('',*,*,#167,.T.);
#167 = EDGE_CURVE('',#22,#168,#170,.T.);
#168 = VERTEX_POINT('',#169);
#169 = CARTESIAN_POINT('',(21.569872981078,47.360115916034,-355.25));
#170 = SURFACE_CURVE('',#171,(#175,#182),.PCURVE_S1.);
#171 = LINE('',#172,#173);
#172 = CARTESIAN_POINT('',(30.230127018922,42.360115916034,-355.25));
#173 = VECTOR('',#174,1.);
#174 = DIRECTION('',(-0.866025403784,0.5,0.));
#175 = PCURVE('',#43,#176);
#176 = DEFINITIONAL_REPRESENTATION('',(#177),#181);
#177 = LINE('',#178,#179);
#178 = CARTESIAN_POINT('',(0.,0.));
#179 = VECTOR('',#180,1.);
#180 = DIRECTION('',(0.,-1.));
#181 = ( GEOMETRIC_REPRESENTATION_CONTEXT(2) 
PARAMETRIC_REPRESENTATION_CONTEXT() REPRESENTATION_CONTEXT('2D SPACE',''
  ) );
#182 = PCURVE('',#71,#183);
#183 = DEFINITIONAL_REPRESENTATION('',(#184),#188);
#184 = LINE('',#185,#186);
#185 = CARTESIAN_POINT('',(30.230127018922,42.360115916034));
#186 = VECTOR('',#187,1.);
#187 = DIRECTION('',(-0.866025403784,0.5));
#188 = ( GEOMETRIC_REPRESENTATION_CONTEXT(2) 
PARAMETRIC_REPRESENTATION_CONTEXT() REPRESENTATION_CONTEXT('2D SPACE',''
  ) );
#189 = ORIENTED_EDGE('',*,*,#190,.T.);
#190 = EDGE_CURVE('',#168,#144,#191,.T.);
#191 = SURFACE_CURVE('',#192,(#196,#203),.PCURVE_S1.);
#192 = LINE('',#193,#194);
#193 = CARTESIAN_POINT('',(21.569872981078,47.360115916034,-355.25));
#194 = VECTOR('',#195,1.);
#195 = DIRECTION('',(0.,0.,1.));
#196 = PCURVE('',#43,#197);
#197 = DEFINITIONAL_REPRESENTATION('',(#198),#202);
#198 = LINE('',#199,#200);
#199 = CARTESIAN_POINT('',(0.,-10.));
#200 = VECTOR('',#201,1.);
#201 = DIRECTION('',(1.,0.));
#202 = ( GEOMETRIC_REPRESENTATION_CONTEXT(2) 
PARAMETRIC_REPRESENTATION_CONTEXT() REPRESENTATION_CONTEXT('2D SPACE',''
  ) );
#203 = PCURVE('',#204,#209);
#204 = PLANE('',#205);
#205 = AXIS2_PLACEMENT_3D('',#206,#207,#208);
#206 = CARTESIAN_POINT('',(21.569872981078,47.360115916034,-355.25));
#207 = DIRECTION('',(-0.866025403784,0.5,0.));
#208 = DIRECTION('',(0.,0.,1.));
#209 = DEFINITIONAL_REPRESENTATION('',(#210),#214);
#210 = LINE('',#211,#212);
#211 = CARTESIAN_POINT('',(0.,0.));
#212 = VECTOR('',#213,1.);
#213 = DIRECTION('',(1.,0.));
#214 = ( GEOMETRIC_REPRESENTATION_CONTEXT(2) 
PARAMETRIC_REPRESENTATION_CONTEXT() REPRESENTATION_CONTEXT('2D SPACE',''
  ) );
#215 = ADVANCED_FACE('',(#216,#666,#780,#894,#1008,#1122,#1236,#1350,
    #1381,#1412),#124,.T.);
#216 = FACE_BOUND('',#217,.T.);
#217 = EDGE_LOOP('',(#218,#253,#281,#309,#337,#358,#359,#360,#383,#411,
    #439,#467,#495,#528,#556,#584,#612,#640));
#218 = ORIENTED_EDGE('',*,*,#219,.F.);
#219 = EDGE_CURVE('',#220,#222,#224,.T.);
#220 = VERTEX_POINT('',#221);
#221 = CARTESIAN_POINT('',(29.845883931391,42.581958766054,-351.25));
#222 = VERTEX_POINT('',#223);
#223 = CARTESIAN_POINT('',(29.845883931391,-42.58195876605,-351.25));
#224 = SURFACE_CURVE('',#225,(#230,#241),.PCURVE_S1.);
#225 = CIRCLE('',#226,52.);
#226 = AXIS2_PLACEMENT_3D('',#227,#228,#229);
#227 = CARTESIAN_POINT('',(0.,0.,-351.25));
#228 = DIRECTION('',(0.,0.,-1.));
#229 = DIRECTION('',(0.573959306373,0.818883822424,0.));
#230 = PCURVE('',#124,#231);
#231 = DEFINITIONAL_REPRESENTATION('',(#232),#240);
#232 = ( BOUNDED_CURVE() B_SPLINE_CURVE(2,(#233,#234,#235,#236,#237,#238
,#239),.UNSPECIFIED.,.T.,.F.) B_SPLINE_CURVE_WITH_KNOTS((1,2,2,2,2,1),(
    -2.094395102393,0.,2.094395102393,4.188790204786,6.28318530718,
8.377580409573),.UNSPECIFIED.) CURVE() GEOMETRIC_REPRESENTATION_ITEM() 
RATIONAL_B_SPLINE_CURVE((1.,0.5,1.,0.5,1.,0.5,1.)) REPRESENTATION_ITEM(
  '') );
#233 = CARTESIAN_POINT('',(29.845883931391,42.581958766054));
#234 = CARTESIAN_POINT('',(103.6,-9.112628599919));
#235 = CARTESIAN_POINT('',(21.954116068609,-47.13827306601));
#236 = CARTESIAN_POINT('',(-59.69176786278,-85.1639175321));
#237 = CARTESIAN_POINT('',(-51.8,4.556314299959));
#238 = CARTESIAN_POINT('',(-43.90823213721,94.276546132027));
#239 = CARTESIAN_POINT('',(29.845883931391,42.581958766054));
#240 = ( GEOMETRIC_REPRESENTATION_CONTEXT(2) 
PARAMETRIC_REPRESENTATION_CONTEXT() REPRESENTATION_CONTEXT('2D SPACE',''
  ) );
#241 = PCURVE('',#242,#247);
#242 = CYLINDRICAL_SURFACE('',#243,52.);
#243 = AXIS2_PLACEMENT_3D('',#244,#245,#246);
#244 = CARTESIAN_POINT('',(0.,0.,-355.25));
#245 = DIRECTION('',(0.,0.,1.));
#246 = DIRECTION('',(1.,0.,-0.));
#247 = DEFINITIONAL_REPRESENTATION('',(#248),#252);
#248 = LINE('',#249,#250);
#249 = CARTESIAN_POINT('',(7.242648921257,4.));
#250 = VECTOR('',#251,1.);
#251 = DIRECTION('',(-1.,-0.));
#252 = ( GEOMETRIC_REPRESENTATION_CONTEXT(2) 
PARAMETRIC_REPRESENTATION_CONTEXT() REPRESENTATION_CONTEXT('2D SPACE',''
  ) );
#253 = ORIENTED_EDGE('',*,*,#254,.F.);
#254 = EDGE_CURVE('',#255,#220,#257,.T.);
#255 = VERTEX_POINT('',#256);
#256 = CARTESIAN_POINT('',(30.230127018922,42.360115916034,-351.25));
#257 = SURFACE_CURVE('',#258,(#262,#269),.PCURVE_S1.);
#258 = LINE('',#259,#260);
#259 = CARTESIAN_POINT('',(30.230127018922,42.360115916034,-351.25));
#260 = VECTOR('',#261,1.);
#261 = DIRECTION('',(-0.866025403784,0.5,0.));
#262 = PCURVE('',#124,#263);
#263 = DEFINITIONAL_REPRESENTATION('',(#264),#268);
#264 = LINE('',#265,#266);
#265 = CARTESIAN_POINT('',(30.230127018922,42.360115916034));
#266 = VECTOR('',#267,1.);
#267 = DIRECTION('',(-0.866025403784,0.5));
#268 = ( GEOMETRIC_REPRESENTATION_CONTEXT(2) 
PARAMETRIC_REPRESENTATION_CONTEXT() REPRESENTATION_CONTEXT('2D SPACE',''
  ) );
#269 = PCURVE('',#270,#275);
#270 = PLANE('',#271);
#271 = AXIS2_PLACEMENT_3D('',#272,#273,#274);
#272 = CARTESIAN_POINT('',(30.230127018922,42.360115916034,-355.25));
#273 = DIRECTION('',(0.5,0.866025403784,0.));
#274 = DIRECTION('',(0.,0.,1.));
#275 = DEFINITIONAL_REPRESENTATION('',(#276),#280);
#276 = LINE('',#277,#278);
#277 = CARTESIAN_POINT('',(4.,0.));
#278 = VECTOR('',#279,1.);
#279 = DIRECTION('',(0.,-1.));
#280 = ( GEOMETRIC_REPRESENTATION_CONTEXT(2) 
PARAMETRIC_REPRESENTATION_CONTEXT() REPRESENTATION_CONTEXT('2D SPACE',''
  ) );
#281 = ORIENTED_EDGE('',*,*,#282,.T.);
#282 = EDGE_CURVE('',#255,#283,#285,.T.);
#283 = VERTEX_POINT('',#284);
#284 = CARTESIAN_POINT('',(31.980127018922,45.391204829279,-351.25));
#285 = SURFACE_CURVE('',#286,(#290,#297),.PCURVE_S1.);
#286 = LINE('',#287,#288);
#287 = CARTESIAN_POINT('',(30.230127018922,42.360115916034,-351.25));
#288 = VECTOR('',#289,1.);
#289 = DIRECTION('',(0.5,0.866025403784,0.));
#290 = PCURVE('',#124,#291);
#291 = DEFINITIONAL_REPRESENTATION('',(#292),#296);
#292 = LINE('',#293,#294);
#293 = CARTESIAN_POINT('',(30.230127018922,42.360115916034));
#294 = VECTOR('',#295,1.);
#295 = DIRECTION('',(0.5,0.866025403784));
#296 = ( GEOMETRIC_REPRESENTATION_CONTEXT(2) 
PARAMETRIC_REPRESENTATION_CONTEXT() REPRESENTATION_CONTEXT('2D SPACE',''
  ) );
#297 = PCURVE('',#298,#303);
#298 = PLANE('',#299);
#299 = AXIS2_PLACEMENT_3D('',#300,#301,#302);
#300 = CARTESIAN_POINT('',(30.230127018922,42.360115916034,-355.25));
#301 = DIRECTION('',(-0.866025403784,0.5,0.));
#302 = DIRECTION('',(0.,0.,1.));
#303 = DEFINITIONAL_REPRESENTATION('',(#304),#308);
#304 = LINE('',#305,#306);
#305 = CARTESIAN_POINT('',(4.,0.));
#306 = VECTOR('',#307,1.);
#307 = DIRECTION('',(0.,1.));
#308 = ( GEOMETRIC_REPRESENTATION_CONTEXT(2) 
PARAMETRIC_REPRESENTATION_CONTEXT() REPRESENTATION_CONTEXT('2D SPACE',''
  ) );
#309 = ORIENTED_EDGE('',*,*,#310,.T.);
#310 = EDGE_CURVE('',#283,#311,#313,.T.);
#311 = VERTEX_POINT('',#312);
#312 = CARTESIAN_POINT('',(23.319872981078,50.391204829279,-351.25));
#313 = SURFACE_CURVE('',#314,(#318,#325),.PCURVE_S1.);
#314 = LINE('',#315,#316);
#315 = CARTESIAN_POINT('',(31.980127018922,45.391204829279,-351.25));
#316 = VECTOR('',#317,1.);
#317 = DIRECTION('',(-0.866025403784,0.5,0.));
#318 = PCURVE('',#124,#319);
#319 = DEFINITIONAL_REPRESENTATION('',(#320),#324);
#320 = LINE('',#321,#322);
#321 = CARTESIAN_POINT('',(31.980127018922,45.391204829279));
#322 = VECTOR('',#323,1.);
#323 = DIRECTION('',(-0.866025403784,0.5));
#324 = ( GEOMETRIC_REPRESENTATION_CONTEXT(2) 
PARAMETRIC_REPRESENTATION_CONTEXT() REPRESENTATION_CONTEXT('2D SPACE',''
  ) );
#325 = PCURVE('',#326,#331);
#326 = PLANE('',#327);
#327 = AXIS2_PLACEMENT_3D('',#328,#329,#330);
#328 = CARTESIAN_POINT('',(31.980127018922,45.391204829279,-355.25));
#329 = DIRECTION('',(0.5,0.866025403784,0.));
#330 = DIRECTION('',(0.,0.,1.));
#331 = DEFINITIONAL_REPRESENTATION('',(#332),#336);
#332 = LINE('',#333,#334);
#333 = CARTESIAN_POINT('',(4.,0.));
#334 = VECTOR('',#335,1.);
#335 = DIRECTION('',(0.,-1.));
#336 = ( GEOMETRIC_REPRESENTATION_CONTEXT(2) 
PARAMETRIC_REPRESENTATION_CONTEXT() REPRESENTATION_CONTEXT('2D SPACE',''
  ) );
#337 = ORIENTED_EDGE('',*,*,#338,.F.);
#338 = EDGE_CURVE('',#144,#311,#339,.T.);
#339 = SURFACE_CURVE('',#340,(#344,#351),.PCURVE_S1.);
#340 = LINE('',#341,#342);
#341 = CARTESIAN_POINT('',(21.569872981078,47.360115916034,-351.25));
#342 = VECTOR('',#343,1.);
#343 = DIRECTION('',(0.5,0.866025403784,0.));
#344 = PCURVE('',#124,#345);
#345 = DEFINITIONAL_REPRESENTATION('',(#346),#350);
#346 = LINE('',#347,#348);
#347 = CARTESIAN_POINT('',(21.569872981078,47.360115916034));
#348 = VECTOR('',#349,1.);
#349 = DIRECTION('',(0.5,0.866025403784));
#350 = ( GEOMETRIC_REPRESENTATION_CONTEXT(2) 
PARAMETRIC_REPRESENTATION_CONTEXT() REPRESENTATION_CONTEXT('2D SPACE',''
  ) );
#351 = PCURVE('',#204,#352);
#352 = DEFINITIONAL_REPRESENTATION('',(#353),#357);
#353 = LINE('',#354,#355);
#354 = CARTESIAN_POINT('',(4.,0.));
#355 = VECTOR('',#356,1.);
#356 = DIRECTION('',(0.,1.));
#357 = ( GEOMETRIC_REPRESENTATION_CONTEXT(2) 
PARAMETRIC_REPRESENTATION_CONTEXT() REPRESENTATION_CONTEXT('2D SPACE',''
  ) );
#358 = ORIENTED_EDGE('',*,*,#143,.F.);
#359 = ORIENTED_EDGE('',*,*,#109,.F.);
#360 = ORIENTED_EDGE('',*,*,#361,.F.);
#361 = EDGE_CURVE('',#362,#84,#364,.T.);
#362 = VERTEX_POINT('',#363);
#363 = CARTESIAN_POINT('',(-51.8,5.,-351.25));
#364 = SURFACE_CURVE('',#365,(#369,#376),.PCURVE_S1.);
#365 = LINE('',#366,#367);
#366 = CARTESIAN_POINT('',(-51.8,5.,-351.25));
#367 = VECTOR('',#368,1.);
#368 = DIRECTION('',(-1.224646799147E-16,-1.,0.));
#369 = PCURVE('',#124,#370);
#370 = DEFINITIONAL_REPRESENTATION('',(#371),#375);
#371 = LINE('',#372,#373);
#372 = CARTESIAN_POINT('',(-51.8,5.));
#373 = VECTOR('',#374,1.);
#374 = DIRECTION('',(-1.224646799147E-16,-1.));
#375 = ( GEOMETRIC_REPRESENTATION_CONTEXT(2) 
PARAMETRIC_REPRESENTATION_CONTEXT() REPRESENTATION_CONTEXT('2D SPACE',''
  ) );
#376 = PCURVE('',#98,#377);
#377 = DEFINITIONAL_REPRESENTATION('',(#378),#382);
#378 = LINE('',#379,#380);
#379 = CARTESIAN_POINT('',(4.,0.));
#380 = VECTOR('',#381,1.);
#381 = DIRECTION('',(0.,-1.));
#382 = ( GEOMETRIC_REPRESENTATION_CONTEXT(2) 
PARAMETRIC_REPRESENTATION_CONTEXT() REPRESENTATION_CONTEXT('2D SPACE',''
  ) );
#383 = ORIENTED_EDGE('',*,*,#384,.T.);
#384 = EDGE_CURVE('',#362,#385,#387,.T.);
#385 = VERTEX_POINT('',#386);
#386 = CARTESIAN_POINT('',(-55.3,5.,-351.25));
#387 = SURFACE_CURVE('',#388,(#392,#399),.PCURVE_S1.);
#388 = LINE('',#389,#390);
#389 = CARTESIAN_POINT('',(-51.8,5.,-351.25));
#390 = VECTOR('',#391,1.);
#391 = DIRECTION('',(-1.,1.224646799147E-16,0.));
#392 = PCURVE('',#124,#393);
#393 = DEFINITIONAL_REPRESENTATION('',(#394),#398);
#394 = LINE('',#395,#396);
#395 = CARTESIAN_POINT('',(-51.8,5.));
#396 = VECTOR('',#397,1.);
#397 = DIRECTION('',(-1.,1.224646799147E-16));
#398 = ( GEOMETRIC_REPRESENTATION_CONTEXT(2) 
PARAMETRIC_REPRESENTATION_CONTEXT() REPRESENTATION_CONTEXT('2D SPACE',''
  ) );
#399 = PCURVE('',#400,#405);
#400 = PLANE('',#401);
#401 = AXIS2_PLACEMENT_3D('',#402,#403,#404);
#402 = CARTESIAN_POINT('',(-51.8,5.,-355.25));
#403 = DIRECTION('',(-1.224646799147E-16,-1.,0.));
#404 = DIRECTION('',(0.,0.,1.));
#405 = DEFINITIONAL_REPRESENTATION('',(#406),#410);
#406 = LINE('',#407,#408);
#407 = CARTESIAN_POINT('',(4.,0.));
#408 = VECTOR('',#409,1.);
#409 = DIRECTION('',(0.,1.));
#410 = ( GEOMETRIC_REPRESENTATION_CONTEXT(2) 
PARAMETRIC_REPRESENTATION_CONTEXT() REPRESENTATION_CONTEXT('2D SPACE',''
  ) );
#411 = ORIENTED_EDGE('',*,*,#412,.T.);
#412 = EDGE_CURVE('',#385,#413,#415,.T.);
#413 = VERTEX_POINT('',#414);
#414 = CARTESIAN_POINT('',(-55.3,-5.,-351.25));
#415 = SURFACE_CURVE('',#416,(#420,#427),.PCURVE_S1.);
#416 = LINE('',#417,#418);
#417 = CARTESIAN_POINT('',(-55.3,5.,-351.25));
#418 = VECTOR('',#419,1.);
#419 = DIRECTION('',(-1.224646799147E-16,-1.,0.));
#420 = PCURVE('',#124,#421);
#421 = DEFINITIONAL_REPRESENTATION('',(#422),#426);
#422 = LINE('',#423,#424);
#423 = CARTESIAN_POINT('',(-55.3,5.));
#424 = VECTOR('',#425,1.);
#425 = DIRECTION('',(-1.224646799147E-16,-1.));
#426 = ( GEOMETRIC_REPRESENTATION_CONTEXT(2) 
PARAMETRIC_REPRESENTATION_CONTEXT() REPRESENTATION_CONTEXT('2D SPACE',''
  ) );
#427 = PCURVE('',#428,#433);
#428 = PLANE('',#429);
#429 = AXIS2_PLACEMENT_3D('',#430,#431,#432);
#430 = CARTESIAN_POINT('',(-55.3,5.,-355.25));
#431 = DIRECTION('',(-1.,1.224646799147E-16,0.));
#432 = DIRECTION('',(0.,0.,1.));
#433 = DEFINITIONAL_REPRESENTATION('',(#434),#438);
#434 = LINE('',#435,#436);
#435 = CARTESIAN_POINT('',(4.,0.));
#436 = VECTOR('',#437,1.);
#437 = DIRECTION('',(0.,-1.));
#438 = ( GEOMETRIC_REPRESENTATION_CONTEXT(2) 
PARAMETRIC_REPRESENTATION_CONTEXT() REPRESENTATION_CONTEXT('2D SPACE',''
  ) );
#439 = ORIENTED_EDGE('',*,*,#440,.F.);
#440 = EDGE_CURVE('',#441,#413,#443,.T.);
#441 = VERTEX_POINT('',#442);
#442 = CARTESIAN_POINT('',(-51.8,-5.,-351.25));
#443 = SURFACE_CURVE('',#444,(#448,#455),.PCURVE_S1.);
#444 = LINE('',#445,#446);
#445 = CARTESIAN_POINT('',(-51.8,-5.,-351.25));
#446 = VECTOR('',#447,1.);
#447 = DIRECTION('',(-1.,1.224646799147E-16,0.));
#448 = PCURVE('',#124,#449);
#449 = DEFINITIONAL_REPRESENTATION('',(#450),#454);
#450 = LINE('',#451,#452);
#451 = CARTESIAN_POINT('',(-51.8,-5.));
#452 = VECTOR('',#453,1.);
#453 = DIRECTION('',(-1.,1.224646799147E-16));
#454 = ( GEOMETRIC_REPRESENTATION_CONTEXT(2) 
PARAMETRIC_REPRESENTATION_CONTEXT() REPRESENTATION_CONTEXT('2D SPACE',''
  ) );
#455 = PCURVE('',#456,#461);
#456 = PLANE('',#457);
#457 = AXIS2_PLACEMENT_3D('',#458,#459,#460);
#458 = CARTESIAN_POINT('',(-51.8,-5.,-355.25));
#459 = DIRECTION('',(-1.224646799147E-16,-1.,0.));
#460 = DIRECTION('',(0.,0.,1.));
#461 = DEFINITIONAL_REPRESENTATION('',(#462),#466);
#462 = LINE('',#463,#464);
#463 = CARTESIAN_POINT('',(4.,0.));
#464 = VECTOR('',#465,1.);
#465 = DIRECTION('',(0.,1.));
#466 = ( GEOMETRIC_REPRESENTATION_CONTEXT(2) 
PARAMETRIC_REPRESENTATION_CONTEXT() REPRESENTATION_CONTEXT('2D SPACE',''
  ) );
#467 = ORIENTED_EDGE('',*,*,#468,.F.);
#468 = EDGE_CURVE('',#469,#441,#471,.T.);
#469 = VERTEX_POINT('',#470);
#470 = CARTESIAN_POINT('',(-51.8,-4.556314299958,-351.25));
#471 = SURFACE_CURVE('',#472,(#476,#483),.PCURVE_S1.);
#472 = LINE('',#473,#474);
#473 = CARTESIAN_POINT('',(-51.8,5.,-351.25));
#474 = VECTOR('',#475,1.);
#475 = DIRECTION('',(-1.224646799147E-16,-1.,0.));
#476 = PCURVE('',#124,#477);
#477 = DEFINITIONAL_REPRESENTATION('',(#478),#482);
#478 = LINE('',#479,#480);
#479 = CARTESIAN_POINT('',(-51.8,5.));
#480 = VECTOR('',#481,1.);
#481 = DIRECTION('',(-1.224646799147E-16,-1.));
#482 = ( GEOMETRIC_REPRESENTATION_CONTEXT(2) 
PARAMETRIC_REPRESENTATION_CONTEXT() REPRESENTATION_CONTEXT('2D SPACE',''
  ) );
#483 = PCURVE('',#484,#489);
#484 = PLANE('',#485);
#485 = AXIS2_PLACEMENT_3D('',#486,#487,#488);
#486 = CARTESIAN_POINT('',(-51.8,5.,-355.25));
#487 = DIRECTION('',(-1.,1.224646799147E-16,0.));
#488 = DIRECTION('',(0.,0.,1.));
#489 = DEFINITIONAL_REPRESENTATION('',(#490),#494);
#490 = LINE('',#491,#492);
#491 = CARTESIAN_POINT('',(4.,0.));
#492 = VECTOR('',#493,1.);
#493 = DIRECTION('',(0.,-1.));
#494 = ( GEOMETRIC_REPRESENTATION_CONTEXT(2) 
PARAMETRIC_REPRESENTATION_CONTEXT() REPRESENTATION_CONTEXT('2D SPACE',''
  ) );
#495 = ORIENTED_EDGE('',*,*,#496,.F.);
#496 = EDGE_CURVE('',#497,#469,#499,.T.);
#497 = VERTEX_POINT('',#498);
#498 = CARTESIAN_POINT('',(21.954116068611,-47.13827306601,-351.25));
#499 = SURFACE_CURVE('',#500,(#505,#516),.PCURVE_S1.);
#500 = CIRCLE('',#501,52.);
#501 = AXIS2_PLACEMENT_3D('',#502,#503,#504);
#502 = CARTESIAN_POINT('',(0.,0.,-351.25));
#503 = DIRECTION('',(0.,0.,-1.));
#504 = DIRECTION('',(0.573959306373,0.818883822424,0.));
#505 = PCURVE('',#124,#506);
#506 = DEFINITIONAL_REPRESENTATION('',(#507),#515);
#507 = ( BOUNDED_CURVE() B_SPLINE_CURVE(2,(#508,#509,#510,#511,#512,#513
,#514),.UNSPECIFIED.,.T.,.F.) B_SPLINE_CURVE_WITH_KNOTS((1,2,2,2,2,1),(
    -2.094395102393,0.,2.094395102393,4.188790204786,6.28318530718,
8.377580409573),.UNSPECIFIED.) CURVE() GEOMETRIC_REPRESENTATION_ITEM() 
RATIONAL_B_SPLINE_CURVE((1.,0.5,1.,0.5,1.,0.5,1.)) REPRESENTATION_ITEM(
  '') );
#508 = CARTESIAN_POINT('',(29.845883931391,42.581958766054));
#509 = CARTESIAN_POINT('',(103.6,-9.112628599919));
#510 = CARTESIAN_POINT('',(21.954116068609,-47.13827306601));
#511 = CARTESIAN_POINT('',(-59.69176786278,-85.1639175321));
#512 = CARTESIAN_POINT('',(-51.8,4.556314299959));
#513 = CARTESIAN_POINT('',(-43.90823213721,94.276546132027));
#514 = CARTESIAN_POINT('',(29.845883931391,42.581958766054));
#515 = ( GEOMETRIC_REPRESENTATION_CONTEXT(2) 
PARAMETRIC_REPRESENTATION_CONTEXT() REPRESENTATION_CONTEXT('2D SPACE',''
  ) );
#516 = PCURVE('',#517,#522);
#517 = CYLINDRICAL_SURFACE('',#518,52.);
#518 = AXIS2_PLACEMENT_3D('',#519,#520,#521);
#519 = CARTESIAN_POINT('',(0.,0.,-355.25));
#520 = DIRECTION('',(0.,0.,1.));
#521 = DIRECTION('',(1.,0.,-0.));
#522 = DEFINITIONAL_REPRESENTATION('',(#523),#527);
#523 = LINE('',#524,#525);
#524 = CARTESIAN_POINT('',(7.242648921257,4.));
#525 = VECTOR('',#526,1.);
#526 = DIRECTION('',(-1.,-0.));
#527 = ( GEOMETRIC_REPRESENTATION_CONTEXT(2) 
PARAMETRIC_REPRESENTATION_CONTEXT() REPRESENTATION_CONTEXT('2D SPACE',''
  ) );
#528 = ORIENTED_EDGE('',*,*,#529,.F.);
#529 = EDGE_CURVE('',#530,#497,#532,.T.);
#530 = VERTEX_POINT('',#531);
#531 = CARTESIAN_POINT('',(21.569872981078,-47.36011591603,-351.25));
#532 = SURFACE_CURVE('',#533,(#537,#544),.PCURVE_S1.);
#533 = LINE('',#534,#535);
#534 = CARTESIAN_POINT('',(21.569872981078,-47.36011591603,-351.25));
#535 = VECTOR('',#536,1.);
#536 = DIRECTION('',(0.866025403784,0.5,0.));
#537 = PCURVE('',#124,#538);
#538 = DEFINITIONAL_REPRESENTATION('',(#539),#543);
#539 = LINE('',#540,#541);
#540 = CARTESIAN_POINT('',(21.569872981078,-47.36011591603));
#541 = VECTOR('',#542,1.);
#542 = DIRECTION('',(0.866025403784,0.5));
#543 = ( GEOMETRIC_REPRESENTATION_CONTEXT(2) 
PARAMETRIC_REPRESENTATION_CONTEXT() REPRESENTATION_CONTEXT('2D SPACE',''
  ) );
#544 = PCURVE('',#545,#550);
#545 = PLANE('',#546);
#546 = AXIS2_PLACEMENT_3D('',#547,#548,#549);
#547 = CARTESIAN_POINT('',(21.569872981078,-47.36011591603,-355.25));
#548 = DIRECTION('',(0.5,-0.866025403784,0.));
#549 = DIRECTION('',(0.,0.,1.));
#550 = DEFINITIONAL_REPRESENTATION('',(#551),#555);
#551 = LINE('',#552,#553);
#552 = CARTESIAN_POINT('',(4.,0.));
#553 = VECTOR('',#554,1.);
#554 = DIRECTION('',(0.,-1.));
#555 = ( GEOMETRIC_REPRESENTATION_CONTEXT(2) 
PARAMETRIC_REPRESENTATION_CONTEXT() REPRESENTATION_CONTEXT('2D SPACE',''
  ) );
#556 = ORIENTED_EDGE('',*,*,#557,.T.);
#557 = EDGE_CURVE('',#530,#558,#560,.T.);
#558 = VERTEX_POINT('',#559);
#559 = CARTESIAN_POINT('',(23.319872981078,-50.39120482927,-351.25));
#560 = SURFACE_CURVE('',#561,(#565,#572),.PCURVE_S1.);
#561 = LINE('',#562,#563);
#562 = CARTESIAN_POINT('',(21.569872981078,-47.36011591603,-351.25));
#563 = VECTOR('',#564,1.);
#564 = DIRECTION('',(0.5,-0.866025403784,0.));
#565 = PCURVE('',#124,#566);
#566 = DEFINITIONAL_REPRESENTATION('',(#567),#571);
#567 = LINE('',#568,#569);
#568 = CARTESIAN_POINT('',(21.569872981078,-47.36011591603));
#569 = VECTOR('',#570,1.);
#570 = DIRECTION('',(0.5,-0.866025403784));
#571 = ( GEOMETRIC_REPRESENTATION_CONTEXT(2) 
PARAMETRIC_REPRESENTATION_CONTEXT() REPRESENTATION_CONTEXT('2D SPACE',''
  ) );
#572 = PCURVE('',#573,#578);
#573 = PLANE('',#574);
#574 = AXIS2_PLACEMENT_3D('',#575,#576,#577);
#575 = CARTESIAN_POINT('',(21.569872981078,-47.36011591603,-355.25));
#576 = DIRECTION('',(0.866025403784,0.5,0.));
#577 = DIRECTION('',(0.,0.,1.));
#578 = DEFINITIONAL_REPRESENTATION('',(#579),#583);
#579 = LINE('',#580,#581);
#580 = CARTESIAN_POINT('',(4.,0.));
#581 = VECTOR('',#582,1.);
#582 = DIRECTION('',(0.,1.));
#583 = ( GEOMETRIC_REPRESENTATION_CONTEXT(2) 
PARAMETRIC_REPRESENTATION_CONTEXT() REPRESENTATION_CONTEXT('2D SPACE',''
  ) );
#584 = ORIENTED_EDGE('',*,*,#585,.T.);
#585 = EDGE_CURVE('',#558,#586,#588,.T.);
#586 = VERTEX_POINT('',#587);
#587 = CARTESIAN_POINT('',(31.980127018922,-45.39120482927,-351.25));
#588 = SURFACE_CURVE('',#589,(#593,#600),.PCURVE_S1.);
#589 = LINE('',#590,#591);
#590 = CARTESIAN_POINT('',(23.319872981078,-50.39120482927,-351.25));
#591 = VECTOR('',#592,1.);
#592 = DIRECTION('',(0.866025403784,0.5,0.));
#593 = PCURVE('',#124,#594);
#594 = DEFINITIONAL_REPRESENTATION('',(#595),#599);
#595 = LINE('',#596,#597);
#596 = CARTESIAN_POINT('',(23.319872981078,-50.39120482927));
#597 = VECTOR('',#598,1.);
#598 = DIRECTION('',(0.866025403784,0.5));
#599 = ( GEOMETRIC_REPRESENTATION_CONTEXT(2) 
PARAMETRIC_REPRESENTATION_CONTEXT() REPRESENTATION_CONTEXT('2D SPACE',''
  ) );
#600 = PCURVE('',#601,#606);
#601 = PLANE('',#602);
#602 = AXIS2_PLACEMENT_3D('',#603,#604,#605);
#603 = CARTESIAN_POINT('',(23.319872981078,-50.39120482927,-355.25));
#604 = DIRECTION('',(0.5,-0.866025403784,0.));
#605 = DIRECTION('',(0.,0.,1.));
#606 = DEFINITIONAL_REPRESENTATION('',(#607),#611);
#607 = LINE('',#608,#609);
#608 = CARTESIAN_POINT('',(4.,0.));
#609 = VECTOR('',#610,1.);
#610 = DIRECTION('',(0.,-1.));
#611 = ( GEOMETRIC_REPRESENTATION_CONTEXT(2) 
PARAMETRIC_REPRESENTATION_CONTEXT() REPRESENTATION_CONTEXT('2D SPACE',''
  ) );
#612 = ORIENTED_EDGE('',*,*,#613,.F.);
#613 = EDGE_CURVE('',#614,#586,#616,.T.);
#614 = VERTEX_POINT('',#615);
#615 = CARTESIAN_POINT('',(30.230127018922,-42.36011591603,-351.25));
#616 = SURFACE_CURVE('',#617,(#621,#628),.PCURVE_S1.);
#617 = LINE('',#618,#619);
#618 = CARTESIAN_POINT('',(30.230127018922,-42.36011591603,-351.25));
#619 = VECTOR('',#620,1.);
#620 = DIRECTION('',(0.5,-0.866025403784,0.));
#621 = PCURVE('',#124,#622);
#622 = DEFINITIONAL_REPRESENTATION('',(#623),#627);
#623 = LINE('',#624,#625);
#624 = CARTESIAN_POINT('',(30.230127018922,-42.36011591603));
#625 = VECTOR('',#626,1.);
#626 = DIRECTION('',(0.5,-0.866025403784));
#627 = ( GEOMETRIC_REPRESENTATION_CONTEXT(2) 
PARAMETRIC_REPRESENTATION_CONTEXT() REPRESENTATION_CONTEXT('2D SPACE',''
  ) );
#628 = PCURVE('',#629,#634);
#629 = PLANE('',#630);
#630 = AXIS2_PLACEMENT_3D('',#631,#632,#633);
#631 = CARTESIAN_POINT('',(30.230127018922,-42.36011591603,-355.25));
#632 = DIRECTION('',(0.866025403784,0.5,0.));
#633 = DIRECTION('',(0.,0.,1.));
#634 = DEFINITIONAL_REPRESENTATION('',(#635),#639);
#635 = LINE('',#636,#637);
#636 = CARTESIAN_POINT('',(4.,0.));
#637 = VECTOR('',#638,1.);
#638 = DIRECTION('',(0.,1.));
#639 = ( GEOMETRIC_REPRESENTATION_CONTEXT(2) 
PARAMETRIC_REPRESENTATION_CONTEXT() REPRESENTATION_CONTEXT('2D SPACE',''
  ) );
#640 = ORIENTED_EDGE('',*,*,#641,.F.);
#641 = EDGE_CURVE('',#222,#614,#642,.T.);
#642 = SURFACE_CURVE('',#643,(#647,#654),.PCURVE_S1.);
#643 = LINE('',#644,#645);
#644 = CARTESIAN_POINT('',(21.569872981078,-47.36011591603,-351.25));
#645 = VECTOR('',#646,1.);
#646 = DIRECTION('',(0.866025403784,0.5,0.));
#647 = PCURVE('',#124,#648);
#648 = DEFINITIONAL_REPRESENTATION('',(#649),#653);
#649 = LINE('',#650,#651);
#650 = CARTESIAN_POINT('',(21.569872981078,-47.36011591603));
#651 = VECTOR('',#652,1.);
#652 = DIRECTION('',(0.866025403784,0.5));
#653 = ( GEOMETRIC_REPRESENTATION_CONTEXT(2) 
PARAMETRIC_REPRESENTATION_CONTEXT() REPRESENTATION_CONTEXT('2D SPACE',''
  ) );
#654 = PCURVE('',#655,#660);
#655 = PLANE('',#656);
#656 = AXIS2_PLACEMENT_3D('',#657,#658,#659);
#657 = CARTESIAN_POINT('',(21.569872981078,-47.36011591603,-355.25));
#658 = DIRECTION('',(0.5,-0.866025403784,0.));
#659 = DIRECTION('',(0.,0.,1.));
#660 = DEFINITIONAL_REPRESENTATION('',(#661),#665);
#661 = LINE('',#662,#663);
#662 = CARTESIAN_POINT('',(4.,0.));
#663 = VECTOR('',#664,1.);
#664 = DIRECTION('',(0.,-1.));
#665 = ( GEOMETRIC_REPRESENTATION_CONTEXT(2) 
PARAMETRIC_REPRESENTATION_CONTEXT() REPRESENTATION_CONTEXT('2D SPACE',''
  ) );
#666 = FACE_BOUND('',#667,.T.);
#667 = EDGE_LOOP('',(#668,#699,#726,#755));
#668 = ORIENTED_EDGE('',*,*,#669,.F.);
#669 = EDGE_CURVE('',#670,#672,#674,.T.);
#670 = VERTEX_POINT('',#671);
#671 = CARTESIAN_POINT('',(-33.39953771998,28.025539782333,-351.25));
#672 = VERTEX_POINT('',#673);
#673 = CARTESIAN_POINT('',(-28.02553978233,-33.39953771998,-351.25));
#674 = SURFACE_CURVE('',#675,(#680,#687),.PCURVE_S1.);
#675 = CIRCLE('',#676,43.6);
#676 = AXIS2_PLACEMENT_3D('',#677,#678,#679);
#677 = CARTESIAN_POINT('',(0.,0.,-351.25));
#678 = DIRECTION('',(0.,0.,1.));
#679 = DIRECTION('',(1.,0.,-0.));
#680 = PCURVE('',#124,#681);
#681 = DEFINITIONAL_REPRESENTATION('',(#682),#686);
#682 = CIRCLE('',#683,43.6);
#683 = AXIS2_PLACEMENT_2D('',#684,#685);
#684 = CARTESIAN_POINT('',(0.,0.));
#685 = DIRECTION('',(1.,0.));
#686 = ( GEOMETRIC_REPRESENTATION_CONTEXT(2) 
PARAMETRIC_REPRESENTATION_CONTEXT() REPRESENTATION_CONTEXT('2D SPACE',''
  ) );
#687 = PCURVE('',#688,#693);
#688 = CYLINDRICAL_SURFACE('',#689,43.6);
#689 = AXIS2_PLACEMENT_3D('',#690,#691,#692);
#690 = CARTESIAN_POINT('',(0.,0.,-356.25));
#691 = DIRECTION('',(0.,0.,1.));
#692 = DIRECTION('',(1.,0.,-0.));
#693 = DEFINITIONAL_REPRESENTATION('',(#694),#698);
#694 = LINE('',#695,#696);
#695 = CARTESIAN_POINT('',(0.,5.));
#696 = VECTOR('',#697,1.);
#697 = DIRECTION('',(1.,0.));
#698 = ( GEOMETRIC_REPRESENTATION_CONTEXT(2) 
PARAMETRIC_REPRESENTATION_CONTEXT() REPRESENTATION_CONTEXT('2D SPACE',''
  ) );
#699 = ORIENTED_EDGE('',*,*,#700,.T.);
#700 = EDGE_CURVE('',#670,#701,#703,.T.);
#701 = VERTEX_POINT('',#702);
#702 = CARTESIAN_POINT('',(-31.02479994631,26.032898192305,-351.25));
#703 = SURFACE_CURVE('',#704,(#708,#715),.PCURVE_S1.);
#704 = LINE('',#705,#706);
#705 = CARTESIAN_POINT('',(0.,0.,-351.25));
#706 = VECTOR('',#707,1.);
#707 = DIRECTION('',(0.766044443119,-0.642787609687,0.));
#708 = PCURVE('',#124,#709);
#709 = DEFINITIONAL_REPRESENTATION('',(#710),#714);
#710 = LINE('',#711,#712);
#711 = CARTESIAN_POINT('',(0.,0.));
#712 = VECTOR('',#713,1.);
#713 = DIRECTION('',(0.766044443119,-0.642787609687));
#714 = ( GEOMETRIC_REPRESENTATION_CONTEXT(2) 
PARAMETRIC_REPRESENTATION_CONTEXT() REPRESENTATION_CONTEXT('2D SPACE',''
  ) );
#715 = PCURVE('',#716,#721);
#716 = PLANE('',#717);
#717 = AXIS2_PLACEMENT_3D('',#718,#719,#720);
#718 = CARTESIAN_POINT('',(0.,0.,-358.25));
#719 = DIRECTION('',(-0.642787609687,-0.766044443119,0.));
#720 = DIRECTION('',(-0.766044443119,0.642787609687,0.));
#721 = DEFINITIONAL_REPRESENTATION('',(#722),#725);
#722 = B_SPLINE_CURVE_WITH_KNOTS('',1,(#723,#724),.UNSPECIFIED.,.F.,.F.,
  (2,2),(-43.6,-40.5),.PIECEWISE_BEZIER_KNOTS.);
#723 = CARTESIAN_POINT('',(43.6,-7.));
#724 = CARTESIAN_POINT('',(40.5,-7.));
#725 = ( GEOMETRIC_REPRESENTATION_CONTEXT(2) 
PARAMETRIC_REPRESENTATION_CONTEXT() REPRESENTATION_CONTEXT('2D SPACE',''
  ) );
#726 = ORIENTED_EDGE('',*,*,#727,.T.);
#727 = EDGE_CURVE('',#701,#728,#730,.T.);
#728 = VERTEX_POINT('',#729);
#729 = CARTESIAN_POINT('',(-26.0328981923,-31.02479994631,-351.25));
#730 = SURFACE_CURVE('',#731,(#736,#743),.PCURVE_S1.);
#731 = CIRCLE('',#732,40.5);
#732 = AXIS2_PLACEMENT_3D('',#733,#734,#735);
#733 = CARTESIAN_POINT('',(0.,0.,-351.25));
#734 = DIRECTION('',(0.,0.,1.));
#735 = DIRECTION('',(1.,0.,-0.));
#736 = PCURVE('',#124,#737);
#737 = DEFINITIONAL_REPRESENTATION('',(#738),#742);
#738 = CIRCLE('',#739,40.5);
#739 = AXIS2_PLACEMENT_2D('',#740,#741);
#740 = CARTESIAN_POINT('',(0.,0.));
#741 = DIRECTION('',(1.,0.));
#742 = ( GEOMETRIC_REPRESENTATION_CONTEXT(2) 
PARAMETRIC_REPRESENTATION_CONTEXT() REPRESENTATION_CONTEXT('2D SPACE',''
  ) );
#743 = PCURVE('',#744,#749);
#744 = CYLINDRICAL_SURFACE('',#745,40.5);
#745 = AXIS2_PLACEMENT_3D('',#746,#747,#748);
#746 = CARTESIAN_POINT('',(0.,0.,-357.25));
#747 = DIRECTION('',(0.,0.,1.));
#748 = DIRECTION('',(1.,0.,-0.));
#749 = DEFINITIONAL_REPRESENTATION('',(#750),#754);
#750 = LINE('',#751,#752);
#751 = CARTESIAN_POINT('',(0.,6.));
#752 = VECTOR('',#753,1.);
#753 = DIRECTION('',(1.,0.));
#754 = ( GEOMETRIC_REPRESENTATION_CONTEXT(2) 
PARAMETRIC_REPRESENTATION_CONTEXT() REPRESENTATION_CONTEXT('2D SPACE',''
  ) );
#755 = ORIENTED_EDGE('',*,*,#756,.T.);
#756 = EDGE_CURVE('',#728,#672,#757,.T.);
#757 = SURFACE_CURVE('',#758,(#762,#769),.PCURVE_S1.);
#758 = LINE('',#759,#760);
#759 = CARTESIAN_POINT('',(-28.02553978233,-33.39953771998,-351.25));
#760 = VECTOR('',#761,1.);
#761 = DIRECTION('',(-0.642787609687,-0.766044443119,0.));
#762 = PCURVE('',#124,#763);
#763 = DEFINITIONAL_REPRESENTATION('',(#764),#768);
#764 = LINE('',#765,#766);
#765 = CARTESIAN_POINT('',(-28.02553978233,-33.39953771998));
#766 = VECTOR('',#767,1.);
#767 = DIRECTION('',(-0.642787609687,-0.766044443119));
#768 = ( GEOMETRIC_REPRESENTATION_CONTEXT(2) 
PARAMETRIC_REPRESENTATION_CONTEXT() REPRESENTATION_CONTEXT('2D SPACE',''
  ) );
#769 = PCURVE('',#770,#775);
#770 = PLANE('',#771);
#771 = AXIS2_PLACEMENT_3D('',#772,#773,#774);
#772 = CARTESIAN_POINT('',(-56.05107956466,-66.79907543997,-358.25));
#773 = DIRECTION('',(-0.766044443119,0.642787609687,0.));
#774 = DIRECTION('',(0.642787609687,0.766044443119,0.));
#775 = DEFINITIONAL_REPRESENTATION('',(#776),#779);
#776 = B_SPLINE_CURVE_WITH_KNOTS('',1,(#777,#778),.UNSPECIFIED.,.F.,.F.,
  (2,2),(-3.1,-0.),.PIECEWISE_BEZIER_KNOTS.);
#777 = CARTESIAN_POINT('',(46.7,-7.));
#778 = CARTESIAN_POINT('',(43.6,-7.));
#779 = ( GEOMETRIC_REPRESENTATION_CONTEXT(2) 
PARAMETRIC_REPRESENTATION_CONTEXT() REPRESENTATION_CONTEXT('2D SPACE',''
  ) );
#780 = FACE_BOUND('',#781,.T.);
#781 = EDGE_LOOP('',(#782,#813,#840,#869));
#782 = ORIENTED_EDGE('',*,*,#783,.F.);
#783 = EDGE_CURVE('',#784,#786,#788,.T.);
#784 = VERTEX_POINT('',#785);
#785 = CARTESIAN_POINT('',(-23.4,40.529988897112,-351.25));
#786 = VERTEX_POINT('',#787);
#787 = CARTESIAN_POINT('',(-16.00654270764,-43.97761465278,-351.25));
#788 = SURFACE_CURVE('',#789,(#794,#801),.PCURVE_S1.);
#789 = CIRCLE('',#790,46.8);
#790 = AXIS2_PLACEMENT_3D('',#791,#792,#793);
#791 = CARTESIAN_POINT('',(0.,0.,-351.25));
#792 = DIRECTION('',(0.,0.,1.));
#793 = DIRECTION('',(1.,0.,-0.));
#794 = PCURVE('',#124,#795);
#795 = DEFINITIONAL_REPRESENTATION('',(#796),#800);
#796 = CIRCLE('',#797,46.8);
#797 = AXIS2_PLACEMENT_2D('',#798,#799);
#798 = CARTESIAN_POINT('',(0.,0.));
#799 = DIRECTION('',(1.,0.));
#800 = ( GEOMETRIC_REPRESENTATION_CONTEXT(2) 
PARAMETRIC_REPRESENTATION_CONTEXT() REPRESENTATION_CONTEXT('2D SPACE',''
  ) );
#801 = PCURVE('',#802,#807);
#802 = CYLINDRICAL_SURFACE('',#803,46.8);
#803 = AXIS2_PLACEMENT_3D('',#804,#805,#806);
#804 = CARTESIAN_POINT('',(0.,0.,-356.25));
#805 = DIRECTION('',(0.,0.,1.));
#806 = DIRECTION('',(1.,0.,-0.));
#807 = DEFINITIONAL_REPRESENTATION('',(#808),#812);
#808 = LINE('',#809,#810);
#809 = CARTESIAN_POINT('',(0.,5.));
#810 = VECTOR('',#811,1.);
#811 = DIRECTION('',(1.,0.));
#812 = ( GEOMETRIC_REPRESENTATION_CONTEXT(2) 
PARAMETRIC_REPRESENTATION_CONTEXT() REPRESENTATION_CONTEXT('2D SPACE',''
  ) );
#813 = ORIENTED_EDGE('',*,*,#814,.T.);
#814 = EDGE_CURVE('',#784,#815,#817,.T.);
#815 = VERTEX_POINT('',#816);
#816 = CARTESIAN_POINT('',(-22.85,39.577360952949,-351.25));
#817 = SURFACE_CURVE('',#818,(#822,#829),.PCURVE_S1.);
#818 = LINE('',#819,#820);
#819 = CARTESIAN_POINT('',(0.,0.,-351.25));
#820 = VECTOR('',#821,1.);
#821 = DIRECTION('',(0.5,-0.866025403784,0.));
#822 = PCURVE('',#124,#823);
#823 = DEFINITIONAL_REPRESENTATION('',(#824),#828);
#824 = LINE('',#825,#826);
#825 = CARTESIAN_POINT('',(0.,0.));
#826 = VECTOR('',#827,1.);
#827 = DIRECTION('',(0.5,-0.866025403784));
#828 = ( GEOMETRIC_REPRESENTATION_CONTEXT(2) 
PARAMETRIC_REPRESENTATION_CONTEXT() REPRESENTATION_CONTEXT('2D SPACE',''
  ) );
#829 = PCURVE('',#830,#835);
#830 = PLANE('',#831);
#831 = AXIS2_PLACEMENT_3D('',#832,#833,#834);
#832 = CARTESIAN_POINT('',(0.,0.,-358.25));
#833 = DIRECTION('',(-0.866025403784,-0.5,0.));
#834 = DIRECTION('',(-0.5,0.866025403784,0.));
#835 = DEFINITIONAL_REPRESENTATION('',(#836),#839);
#836 = B_SPLINE_CURVE_WITH_KNOTS('',1,(#837,#838),.UNSPECIFIED.,.F.,.F.,
  (2,2),(-46.8,-45.7),.PIECEWISE_BEZIER_KNOTS.);
#837 = CARTESIAN_POINT('',(46.8,-7.));
#838 = CARTESIAN_POINT('',(45.7,-7.));
#839 = ( GEOMETRIC_REPRESENTATION_CONTEXT(2) 
PARAMETRIC_REPRESENTATION_CONTEXT() REPRESENTATION_CONTEXT('2D SPACE',''
  ) );
#840 = ORIENTED_EDGE('',*,*,#841,.T.);
#841 = EDGE_CURVE('',#815,#842,#844,.T.);
#842 = VERTEX_POINT('',#843);
#843 = CARTESIAN_POINT('',(-15.63032054998,-42.94395276991,-351.25));
#844 = SURFACE_CURVE('',#845,(#850,#857),.PCURVE_S1.);
#845 = CIRCLE('',#846,45.7);
#846 = AXIS2_PLACEMENT_3D('',#847,#848,#849);
#847 = CARTESIAN_POINT('',(0.,0.,-351.25));
#848 = DIRECTION('',(0.,0.,1.));
#849 = DIRECTION('',(1.,0.,-0.));
#850 = PCURVE('',#124,#851);
#851 = DEFINITIONAL_REPRESENTATION('',(#852),#856);
#852 = CIRCLE('',#853,45.7);
#853 = AXIS2_PLACEMENT_2D('',#854,#855);
#854 = CARTESIAN_POINT('',(0.,0.));
#855 = DIRECTION('',(1.,0.));
#856 = ( GEOMETRIC_REPRESENTATION_CONTEXT(2) 
PARAMETRIC_REPRESENTATION_CONTEXT() REPRESENTATION_CONTEXT('2D SPACE',''
  ) );
#857 = PCURVE('',#858,#863);
#858 = CYLINDRICAL_SURFACE('',#859,45.7);
#859 = AXIS2_PLACEMENT_3D('',#860,#861,#862);
#860 = CARTESIAN_POINT('',(0.,0.,-357.25));
#861 = DIRECTION('',(0.,0.,1.));
#862 = DIRECTION('',(1.,0.,-0.));
#863 = DEFINITIONAL_REPRESENTATION('',(#864),#868);
#864 = LINE('',#865,#866);
#865 = CARTESIAN_POINT('',(0.,6.));
#866 = VECTOR('',#867,1.);
#867 = DIRECTION('',(1.,0.));
#868 = ( GEOMETRIC_REPRESENTATION_CONTEXT(2) 
PARAMETRIC_REPRESENTATION_CONTEXT() REPRESENTATION_CONTEXT('2D SPACE',''
  ) );
#869 = ORIENTED_EDGE('',*,*,#870,.T.);
#870 = EDGE_CURVE('',#842,#786,#871,.T.);
#871 = SURFACE_CURVE('',#872,(#876,#883),.PCURVE_S1.);
#872 = LINE('',#873,#874);
#873 = CARTESIAN_POINT('',(-16.00654270764,-43.97761465278,-351.25));
#874 = VECTOR('',#875,1.);
#875 = DIRECTION('',(-0.342020143326,-0.939692620786,0.));
#876 = PCURVE('',#124,#877);
#877 = DEFINITIONAL_REPRESENTATION('',(#878),#882);
#878 = LINE('',#879,#880);
#879 = CARTESIAN_POINT('',(-16.00654270764,-43.97761465278));
#880 = VECTOR('',#881,1.);
#881 = DIRECTION('',(-0.342020143326,-0.939692620786));
#882 = ( GEOMETRIC_REPRESENTATION_CONTEXT(2) 
PARAMETRIC_REPRESENTATION_CONTEXT() REPRESENTATION_CONTEXT('2D SPACE',''
  ) );
#883 = PCURVE('',#884,#889);
#884 = PLANE('',#885);
#885 = AXIS2_PLACEMENT_3D('',#886,#887,#888);
#886 = CARTESIAN_POINT('',(-32.01308541528,-87.95522930556,-358.25));
#887 = DIRECTION('',(-0.939692620786,0.342020143326,0.));
#888 = DIRECTION('',(0.342020143326,0.939692620786,0.));
#889 = DEFINITIONAL_REPRESENTATION('',(#890),#893);
#890 = B_SPLINE_CURVE_WITH_KNOTS('',1,(#891,#892),.UNSPECIFIED.,.F.,.F.,
  (2,2),(-1.1,1.42108547152E-14),.PIECEWISE_BEZIER_KNOTS.);
#891 = CARTESIAN_POINT('',(47.9,-7.));
#892 = CARTESIAN_POINT('',(46.8,-7.));
#893 = ( GEOMETRIC_REPRESENTATION_CONTEXT(2) 
PARAMETRIC_REPRESENTATION_CONTEXT() REPRESENTATION_CONTEXT('2D SPACE',''
  ) );
#894 = FACE_BOUND('',#895,.T.);
#895 = EDGE_LOOP('',(#896,#927,#954,#983));
#896 = ORIENTED_EDGE('',*,*,#897,.F.);
#897 = EDGE_CURVE('',#898,#900,#902,.T.);
#898 = VERTEX_POINT('',#899);
#899 = CARTESIAN_POINT('',(-18.00204441329,15.105508827634,-351.25));
#900 = VERTEX_POINT('',#901);
#901 = CARTESIAN_POINT('',(-15.10550882763,-18.00204441329,-351.25));
#902 = SURFACE_CURVE('',#903,(#908,#915),.PCURVE_S1.);
#903 = CIRCLE('',#904,23.5);
#904 = AXIS2_PLACEMENT_3D('',#905,#906,#907);
#905 = CARTESIAN_POINT('',(0.,0.,-351.25));
#906 = DIRECTION('',(0.,0.,1.));
#907 = DIRECTION('',(1.,0.,-0.));
#908 = PCURVE('',#124,#909);
#909 = DEFINITIONAL_REPRESENTATION('',(#910),#914);
#910 = CIRCLE('',#911,23.5);
#911 = AXIS2_PLACEMENT_2D('',#912,#913);
#912 = CARTESIAN_POINT('',(0.,0.));
#913 = DIRECTION('',(1.,0.));
#914 = ( GEOMETRIC_REPRESENTATION_CONTEXT(2) 
PARAMETRIC_REPRESENTATION_CONTEXT() REPRESENTATION_CONTEXT('2D SPACE',''
  ) );
#915 = PCURVE('',#916,#921);
#916 = CYLINDRICAL_SURFACE('',#917,23.5);
#917 = AXIS2_PLACEMENT_3D('',#918,#919,#920);
#918 = CARTESIAN_POINT('',(0.,0.,-356.25));
#919 = DIRECTION('',(0.,0.,1.));
#920 = DIRECTION('',(1.,0.,-0.));
#921 = DEFINITIONAL_REPRESENTATION('',(#922),#926);
#922 = LINE('',#923,#924);
#923 = CARTESIAN_POINT('',(0.,5.));
#924 = VECTOR('',#925,1.);
#925 = DIRECTION('',(1.,0.));
#926 = ( GEOMETRIC_REPRESENTATION_CONTEXT(2) 
PARAMETRIC_REPRESENTATION_CONTEXT() REPRESENTATION_CONTEXT('2D SPACE',''
  ) );
#927 = ORIENTED_EDGE('',*,*,#928,.T.);
#928 = EDGE_CURVE('',#898,#929,#931,.T.);
#929 = VERTEX_POINT('',#930);
#930 = CARTESIAN_POINT('',(-14.93786664082,12.534358388888,-351.25));
#931 = SURFACE_CURVE('',#932,(#936,#943),.PCURVE_S1.);
#932 = LINE('',#933,#934);
#933 = CARTESIAN_POINT('',(0.,0.,-351.25));
#934 = VECTOR('',#935,1.);
#935 = DIRECTION('',(0.766044443119,-0.642787609687,0.));
#936 = PCURVE('',#124,#937);
#937 = DEFINITIONAL_REPRESENTATION('',(#938),#942);
#938 = LINE('',#939,#940);
#939 = CARTESIAN_POINT('',(0.,0.));
#940 = VECTOR('',#941,1.);
#941 = DIRECTION('',(0.766044443119,-0.642787609687));
#942 = ( GEOMETRIC_REPRESENTATION_CONTEXT(2) 
PARAMETRIC_REPRESENTATION_CONTEXT() REPRESENTATION_CONTEXT('2D SPACE',''
  ) );
#943 = PCURVE('',#944,#949);
#944 = PLANE('',#945);
#945 = AXIS2_PLACEMENT_3D('',#946,#947,#948);
#946 = CARTESIAN_POINT('',(0.,0.,-358.25));
#947 = DIRECTION('',(-0.642787609687,-0.766044443119,0.));
#948 = DIRECTION('',(-0.766044443119,0.642787609687,0.));
#949 = DEFINITIONAL_REPRESENTATION('',(#950),#953);
#950 = B_SPLINE_CURVE_WITH_KNOTS('',1,(#951,#952),.UNSPECIFIED.,.F.,.F.,
  (2,2),(-23.5,-19.5),.PIECEWISE_BEZIER_KNOTS.);
#951 = CARTESIAN_POINT('',(23.5,-7.));
#952 = CARTESIAN_POINT('',(19.5,-7.));
#953 = ( GEOMETRIC_REPRESENTATION_CONTEXT(2) 
PARAMETRIC_REPRESENTATION_CONTEXT() REPRESENTATION_CONTEXT('2D SPACE',''
  ) );
#954 = ORIENTED_EDGE('',*,*,#955,.T.);
#955 = EDGE_CURVE('',#929,#956,#958,.T.);
#956 = VERTEX_POINT('',#957);
#957 = CARTESIAN_POINT('',(-12.53435838888,-14.93786664082,-351.25));
#958 = SURFACE_CURVE('',#959,(#964,#971),.PCURVE_S1.);
#959 = CIRCLE('',#960,19.5);
#960 = AXIS2_PLACEMENT_3D('',#961,#962,#963);
#961 = CARTESIAN_POINT('',(0.,0.,-351.25));
#962 = DIRECTION('',(0.,0.,1.));
#963 = DIRECTION('',(1.,0.,-0.));
#964 = PCURVE('',#124,#965);
#965 = DEFINITIONAL_REPRESENTATION('',(#966),#970);
#966 = CIRCLE('',#967,19.5);
#967 = AXIS2_PLACEMENT_2D('',#968,#969);
#968 = CARTESIAN_POINT('',(0.,0.));
#969 = DIRECTION('',(1.,0.));
#970 = ( GEOMETRIC_REPRESENTATION_CONTEXT(2) 
PARAMETRIC_REPRESENTATION_CONTEXT() REPRESENTATION_CONTEXT('2D SPACE',''
  ) );
#971 = PCURVE('',#972,#977);
#972 = CYLINDRICAL_SURFACE('',#973,19.5);
#973 = AXIS2_PLACEMENT_3D('',#974,#975,#976);
#974 = CARTESIAN_POINT('',(0.,0.,-357.25));
#975 = DIRECTION('',(0.,0.,1.));
#976 = DIRECTION('',(1.,0.,-0.));
#977 = DEFINITIONAL_REPRESENTATION('',(#978),#982);
#978 = LINE('',#979,#980);
#979 = CARTESIAN_POINT('',(0.,6.));
#980 = VECTOR('',#981,1.);
#981 = DIRECTION('',(1.,0.));
#982 = ( GEOMETRIC_REPRESENTATION_CONTEXT(2) 
PARAMETRIC_REPRESENTATION_CONTEXT() REPRESENTATION_CONTEXT('2D SPACE',''
  ) );
#983 = ORIENTED_EDGE('',*,*,#984,.T.);
#984 = EDGE_CURVE('',#956,#900,#985,.T.);
#985 = SURFACE_CURVE('',#986,(#990,#997),.PCURVE_S1.);
#986 = LINE('',#987,#988);
#987 = CARTESIAN_POINT('',(-15.10550882763,-18.00204441329,-351.25));
#988 = VECTOR('',#989,1.);
#989 = DIRECTION('',(-0.642787609687,-0.766044443119,0.));
#990 = PCURVE('',#124,#991);
#991 = DEFINITIONAL_REPRESENTATION('',(#992),#996);
#992 = LINE('',#993,#994);
#993 = CARTESIAN_POINT('',(-15.10550882763,-18.00204441329));
#994 = VECTOR('',#995,1.);
#995 = DIRECTION('',(-0.642787609687,-0.766044443119));
#996 = ( GEOMETRIC_REPRESENTATION_CONTEXT(2) 
PARAMETRIC_REPRESENTATION_CONTEXT() REPRESENTATION_CONTEXT('2D SPACE',''
  ) );
#997 = PCURVE('',#998,#1003);
#998 = PLANE('',#999);
#999 = AXIS2_PLACEMENT_3D('',#1000,#1001,#1002);
#1000 = CARTESIAN_POINT('',(-30.21101765526,-36.00408882659,-358.25));
#1001 = DIRECTION('',(-0.766044443119,0.642787609687,0.));
#1002 = DIRECTION('',(0.642787609687,0.766044443119,0.));
#1003 = DEFINITIONAL_REPRESENTATION('',(#1004),#1007);
#1004 = B_SPLINE_CURVE_WITH_KNOTS('',1,(#1005,#1006),.UNSPECIFIED.,.F.,
  .F.,(2,2),(-4.,3.552713678801E-15),.PIECEWISE_BEZIER_KNOTS.);
#1005 = CARTESIAN_POINT('',(27.5,-7.));
#1006 = CARTESIAN_POINT('',(23.5,-7.));
#1007 = ( GEOMETRIC_REPRESENTATION_CONTEXT(2) 
PARAMETRIC_REPRESENTATION_CONTEXT() REPRESENTATION_CONTEXT('2D SPACE',''
  ) );
#1008 = FACE_BOUND('',#1009,.T.);
#1009 = EDGE_LOOP('',(#1010,#1041,#1068,#1097));
#1010 = ORIENTED_EDGE('',*,*,#1011,.F.);
#1011 = EDGE_CURVE('',#1012,#1014,#1016,.T.);
#1012 = VERTEX_POINT('',#1013);
#1013 = CARTESIAN_POINT('',(-9.730267130271,-45.77730771434,-351.25));
#1014 = VERTEX_POINT('',#1015);
#1015 = CARTESIAN_POINT('',(44.987047369913,-12.89982825223,-351.25));
#1016 = SURFACE_CURVE('',#1017,(#1022,#1029),.PCURVE_S1.);
#1017 = CIRCLE('',#1018,46.8);
#1018 = AXIS2_PLACEMENT_3D('',#1019,#1020,#1021);
#1019 = CARTESIAN_POINT('',(0.,0.,-351.25));
#1020 = DIRECTION('',(0.,0.,1.));
#1021 = DIRECTION('',(1.,0.,-0.));
#1022 = PCURVE('',#124,#1023);
#1023 = DEFINITIONAL_REPRESENTATION('',(#1024),#1028);
#1024 = CIRCLE('',#1025,46.8);
#1025 = AXIS2_PLACEMENT_2D('',#1026,#1027);
#1026 = CARTESIAN_POINT('',(0.,0.));
#1027 = DIRECTION('',(1.,0.));
#1028 = ( GEOMETRIC_REPRESENTATION_CONTEXT(2) 
PARAMETRIC_REPRESENTATION_CONTEXT() REPRESENTATION_CONTEXT('2D SPACE',''
  ) );
#1029 = PCURVE('',#1030,#1035);
#1030 = CYLINDRICAL_SURFACE('',#1031,46.8);
#1031 = AXIS2_PLACEMENT_3D('',#1032,#1033,#1034);
#1032 = CARTESIAN_POINT('',(0.,0.,-356.25));
#1033 = DIRECTION('',(0.,0.,1.));
#1034 = DIRECTION('',(1.,0.,-0.));
#1035 = DEFINITIONAL_REPRESENTATION('',(#1036),#1040);
#1036 = LINE('',#1037,#1038);
#1037 = CARTESIAN_POINT('',(0.,5.));
#1038 = VECTOR('',#1039,1.);
#1039 = DIRECTION('',(1.,0.));
#1040 = ( GEOMETRIC_REPRESENTATION_CONTEXT(2) 
PARAMETRIC_REPRESENTATION_CONTEXT() REPRESENTATION_CONTEXT('2D SPACE',''
  ) );
#1041 = ORIENTED_EDGE('',*,*,#1042,.T.);
#1042 = EDGE_CURVE('',#1012,#1043,#1045,.T.);
#1043 = VERTEX_POINT('',#1044);
#1044 = CARTESIAN_POINT('',(-9.501564270372,-44.70134535353,-351.25));
#1045 = SURFACE_CURVE('',#1046,(#1050,#1057),.PCURVE_S1.);
#1046 = LINE('',#1047,#1048);
#1047 = CARTESIAN_POINT('',(0.,0.,-351.25));
#1048 = VECTOR('',#1049,1.);
#1049 = DIRECTION('',(0.207911690818,0.978147600734,-0.));
#1050 = PCURVE('',#124,#1051);
#1051 = DEFINITIONAL_REPRESENTATION('',(#1052),#1056);
#1052 = LINE('',#1053,#1054);
#1053 = CARTESIAN_POINT('',(0.,0.));
#1054 = VECTOR('',#1055,1.);
#1055 = DIRECTION('',(0.207911690818,0.978147600734));
#1056 = ( GEOMETRIC_REPRESENTATION_CONTEXT(2) 
PARAMETRIC_REPRESENTATION_CONTEXT() REPRESENTATION_CONTEXT('2D SPACE',''
  ) );
#1057 = PCURVE('',#1058,#1063);
#1058 = PLANE('',#1059);
#1059 = AXIS2_PLACEMENT_3D('',#1060,#1061,#1062);
#1060 = CARTESIAN_POINT('',(0.,0.,-358.25));
#1061 = DIRECTION('',(0.978147600734,-0.207911690818,0.));
#1062 = DIRECTION('',(-0.207911690818,-0.978147600734,0.));
#1063 = DEFINITIONAL_REPRESENTATION('',(#1064),#1067);
#1064 = B_SPLINE_CURVE_WITH_KNOTS('',1,(#1065,#1066),.UNSPECIFIED.,.F.,
  .F.,(2,2),(-46.8,-45.7),.PIECEWISE_BEZIER_KNOTS.);
#1065 = CARTESIAN_POINT('',(46.8,-7.));
#1066 = CARTESIAN_POINT('',(45.7,-7.));
#1067 = ( GEOMETRIC_REPRESENTATION_CONTEXT(2) 
PARAMETRIC_REPRESENTATION_CONTEXT() REPRESENTATION_CONTEXT('2D SPACE',''
  ) );
#1068 = ORIENTED_EDGE('',*,*,#1069,.T.);
#1069 = EDGE_CURVE('',#1043,#1070,#1072,.T.);
#1070 = VERTEX_POINT('',#1071);
#1071 = CARTESIAN_POINT('',(43.929659504381,-12.59662716083,-351.25));
#1072 = SURFACE_CURVE('',#1073,(#1078,#1085),.PCURVE_S1.);
#1073 = CIRCLE('',#1074,45.7);
#1074 = AXIS2_PLACEMENT_3D('',#1075,#1076,#1077);
#1075 = CARTESIAN_POINT('',(0.,0.,-351.25));
#1076 = DIRECTION('',(0.,0.,1.));
#1077 = DIRECTION('',(1.,0.,-0.));
#1078 = PCURVE('',#124,#1079);
#1079 = DEFINITIONAL_REPRESENTATION('',(#1080),#1084);
#1080 = CIRCLE('',#1081,45.7);
#1081 = AXIS2_PLACEMENT_2D('',#1082,#1083);
#1082 = CARTESIAN_POINT('',(0.,0.));
#1083 = DIRECTION('',(1.,0.));
#1084 = ( GEOMETRIC_REPRESENTATION_CONTEXT(2) 
PARAMETRIC_REPRESENTATION_CONTEXT() REPRESENTATION_CONTEXT('2D SPACE',''
  ) );
#1085 = PCURVE('',#1086,#1091);
#1086 = CYLINDRICAL_SURFACE('',#1087,45.7);
#1087 = AXIS2_PLACEMENT_3D('',#1088,#1089,#1090);
#1088 = CARTESIAN_POINT('',(0.,0.,-357.25));
#1089 = DIRECTION('',(0.,0.,1.));
#1090 = DIRECTION('',(1.,0.,-0.));
#1091 = DEFINITIONAL_REPRESENTATION('',(#1092),#1096);
#1092 = LINE('',#1093,#1094);
#1093 = CARTESIAN_POINT('',(0.,6.));
#1094 = VECTOR('',#1095,1.);
#1095 = DIRECTION('',(1.,0.));
#1096 = ( GEOMETRIC_REPRESENTATION_CONTEXT(2) 
PARAMETRIC_REPRESENTATION_CONTEXT() REPRESENTATION_CONTEXT('2D SPACE',''
  ) );
#1097 = ORIENTED_EDGE('',*,*,#1098,.T.);
#1098 = EDGE_CURVE('',#1070,#1014,#1099,.T.);
#1099 = SURFACE_CURVE('',#1100,(#1104,#1111),.PCURVE_S1.);
#1100 = LINE('',#1101,#1102);
#1101 = CARTESIAN_POINT('',(44.987047369913,-12.89982825223,-351.25));
#1102 = VECTOR('',#1103,1.);
#1103 = DIRECTION('',(0.961261695938,-0.275637355817,0.));
#1104 = PCURVE('',#124,#1105);
#1105 = DEFINITIONAL_REPRESENTATION('',(#1106),#1110);
#1106 = LINE('',#1107,#1108);
#1107 = CARTESIAN_POINT('',(44.987047369913,-12.89982825223));
#1108 = VECTOR('',#1109,1.);
#1109 = DIRECTION('',(0.961261695938,-0.275637355817));
#1110 = ( GEOMETRIC_REPRESENTATION_CONTEXT(2) 
PARAMETRIC_REPRESENTATION_CONTEXT() REPRESENTATION_CONTEXT('2D SPACE',''
  ) );
#1111 = PCURVE('',#1112,#1117);
#1112 = PLANE('',#1113);
#1113 = AXIS2_PLACEMENT_3D('',#1114,#1115,#1116);
#1114 = CARTESIAN_POINT('',(89.974094739827,-25.79965650447,-358.25));
#1115 = DIRECTION('',(-0.275637355817,-0.961261695938,0.));
#1116 = DIRECTION('',(-0.961261695938,0.275637355817,0.));
#1117 = DEFINITIONAL_REPRESENTATION('',(#1118),#1121);
#1118 = B_SPLINE_CURVE_WITH_KNOTS('',1,(#1119,#1120),.UNSPECIFIED.,.F.,
  .F.,(2,2),(-1.1,7.105427357601E-15),.PIECEWISE_BEZIER_KNOTS.);
#1119 = CARTESIAN_POINT('',(47.9,-7.));
#1120 = CARTESIAN_POINT('',(46.8,-7.));
#1121 = ( GEOMETRIC_REPRESENTATION_CONTEXT(2) 
PARAMETRIC_REPRESENTATION_CONTEXT() REPRESENTATION_CONTEXT('2D SPACE',''
  ) );
#1122 = FACE_BOUND('',#1123,.T.);
#1123 = EDGE_LOOP('',(#1124,#1155,#1182,#1211));
#1124 = ORIENTED_EDGE('',*,*,#1125,.F.);
#1125 = EDGE_CURVE('',#1126,#1128,#1130,.T.);
#1126 = VERTEX_POINT('',#1127);
#1127 = CARTESIAN_POINT('',(-11.28451036647,-42.1143660262,-351.25));
#1128 = VERTEX_POINT('',#1129);
#1129 = CARTESIAN_POINT('',(42.114366026203,-11.28451036647,-351.25));
#1130 = SURFACE_CURVE('',#1131,(#1136,#1143),.PCURVE_S1.);
#1131 = CIRCLE('',#1132,43.6);
#1132 = AXIS2_PLACEMENT_3D('',#1133,#1134,#1135);
#1133 = CARTESIAN_POINT('',(0.,0.,-351.25));
#1134 = DIRECTION('',(0.,0.,1.));
#1135 = DIRECTION('',(1.,0.,-0.));
#1136 = PCURVE('',#124,#1137);
#1137 = DEFINITIONAL_REPRESENTATION('',(#1138),#1142);
#1138 = CIRCLE('',#1139,43.6);
#1139 = AXIS2_PLACEMENT_2D('',#1140,#1141);
#1140 = CARTESIAN_POINT('',(0.,0.));
#1141 = DIRECTION('',(1.,0.));
#1142 = ( GEOMETRIC_REPRESENTATION_CONTEXT(2) 
PARAMETRIC_REPRESENTATION_CONTEXT() REPRESENTATION_CONTEXT('2D SPACE',''
  ) );
#1143 = PCURVE('',#1144,#1149);
#1144 = CYLINDRICAL_SURFACE('',#1145,43.6);
#1145 = AXIS2_PLACEMENT_3D('',#1146,#1147,#1148);
#1146 = CARTESIAN_POINT('',(0.,0.,-356.25));
#1147 = DIRECTION('',(0.,0.,1.));
#1148 = DIRECTION('',(1.,0.,-0.));
#1149 = DEFINITIONAL_REPRESENTATION('',(#1150),#1154);
#1150 = LINE('',#1151,#1152);
#1151 = CARTESIAN_POINT('',(0.,5.));
#1152 = VECTOR('',#1153,1.);
#1153 = DIRECTION('',(1.,0.));
#1154 = ( GEOMETRIC_REPRESENTATION_CONTEXT(2) 
PARAMETRIC_REPRESENTATION_CONTEXT() REPRESENTATION_CONTEXT('2D SPACE',''
  ) );
#1155 = ORIENTED_EDGE('',*,*,#1156,.T.);
#1156 = EDGE_CURVE('',#1126,#1157,#1159,.T.);
#1157 = VERTEX_POINT('',#1158);
#1158 = CARTESIAN_POINT('',(-10.48217132665,-39.1199959647,-351.25));
#1159 = SURFACE_CURVE('',#1160,(#1164,#1171),.PCURVE_S1.);
#1160 = LINE('',#1161,#1162);
#1161 = CARTESIAN_POINT('',(0.,0.,-351.25));
#1162 = VECTOR('',#1163,1.);
#1163 = DIRECTION('',(0.258819045103,0.965925826289,-0.));
#1164 = PCURVE('',#124,#1165);
#1165 = DEFINITIONAL_REPRESENTATION('',(#1166),#1170);
#1166 = LINE('',#1167,#1168);
#1167 = CARTESIAN_POINT('',(0.,0.));
#1168 = VECTOR('',#1169,1.);
#1169 = DIRECTION('',(0.258819045103,0.965925826289));
#1170 = ( GEOMETRIC_REPRESENTATION_CONTEXT(2) 
PARAMETRIC_REPRESENTATION_CONTEXT() REPRESENTATION_CONTEXT('2D SPACE',''
  ) );
#1171 = PCURVE('',#1172,#1177);
#1172 = PLANE('',#1173);
#1173 = AXIS2_PLACEMENT_3D('',#1174,#1175,#1176);
#1174 = CARTESIAN_POINT('',(0.,0.,-358.25));
#1175 = DIRECTION('',(0.965925826289,-0.258819045103,0.));
#1176 = DIRECTION('',(-0.258819045103,-0.965925826289,0.));
#1177 = DEFINITIONAL_REPRESENTATION('',(#1178),#1181);
#1178 = B_SPLINE_CURVE_WITH_KNOTS('',1,(#1179,#1180),.UNSPECIFIED.,.F.,
  .F.,(2,2),(-43.6,-40.5),.PIECEWISE_BEZIER_KNOTS.);
#1179 = CARTESIAN_POINT('',(43.6,-7.));
#1180 = CARTESIAN_POINT('',(40.5,-7.));
#1181 = ( GEOMETRIC_REPRESENTATION_CONTEXT(2) 
PARAMETRIC_REPRESENTATION_CONTEXT() REPRESENTATION_CONTEXT('2D SPACE',''
  ) );
#1182 = ORIENTED_EDGE('',*,*,#1183,.T.);
#1183 = EDGE_CURVE('',#1157,#1184,#1186,.T.);
#1184 = VERTEX_POINT('',#1185);
#1185 = CARTESIAN_POINT('',(39.119995964707,-10.48217132665,-351.25));
#1186 = SURFACE_CURVE('',#1187,(#1192,#1199),.PCURVE_S1.);
#1187 = CIRCLE('',#1188,40.5);
#1188 = AXIS2_PLACEMENT_3D('',#1189,#1190,#1191);
#1189 = CARTESIAN_POINT('',(0.,0.,-351.25));
#1190 = DIRECTION('',(0.,0.,1.));
#1191 = DIRECTION('',(1.,0.,-0.));
#1192 = PCURVE('',#124,#1193);
#1193 = DEFINITIONAL_REPRESENTATION('',(#1194),#1198);
#1194 = CIRCLE('',#1195,40.5);
#1195 = AXIS2_PLACEMENT_2D('',#1196,#1197);
#1196 = CARTESIAN_POINT('',(0.,0.));
#1197 = DIRECTION('',(1.,0.));
#1198 = ( GEOMETRIC_REPRESENTATION_CONTEXT(2) 
PARAMETRIC_REPRESENTATION_CONTEXT() REPRESENTATION_CONTEXT('2D SPACE',''
  ) );
#1199 = PCURVE('',#1200,#1205);
#1200 = CYLINDRICAL_SURFACE('',#1201,40.5);
#1201 = AXIS2_PLACEMENT_3D('',#1202,#1203,#1204);
#1202 = CARTESIAN_POINT('',(0.,0.,-357.25));
#1203 = DIRECTION('',(0.,0.,1.));
#1204 = DIRECTION('',(1.,0.,-0.));
#1205 = DEFINITIONAL_REPRESENTATION('',(#1206),#1210);
#1206 = LINE('',#1207,#1208);
#1207 = CARTESIAN_POINT('',(0.,6.));
#1208 = VECTOR('',#1209,1.);
#1209 = DIRECTION('',(1.,0.));
#1210 = ( GEOMETRIC_REPRESENTATION_CONTEXT(2) 
PARAMETRIC_REPRESENTATION_CONTEXT() REPRESENTATION_CONTEXT('2D SPACE',''
  ) );
#1211 = ORIENTED_EDGE('',*,*,#1212,.T.);
#1212 = EDGE_CURVE('',#1184,#1128,#1213,.T.);
#1213 = SURFACE_CURVE('',#1214,(#1218,#1225),.PCURVE_S1.);
#1214 = LINE('',#1215,#1216);
#1215 = CARTESIAN_POINT('',(42.114366026203,-11.28451036647,-351.25));
#1216 = VECTOR('',#1217,1.);
#1217 = DIRECTION('',(0.965925826289,-0.258819045103,0.));
#1218 = PCURVE('',#124,#1219);
#1219 = DEFINITIONAL_REPRESENTATION('',(#1220),#1224);
#1220 = LINE('',#1221,#1222);
#1221 = CARTESIAN_POINT('',(42.114366026203,-11.28451036647));
#1222 = VECTOR('',#1223,1.);
#1223 = DIRECTION('',(0.965925826289,-0.258819045103));
#1224 = ( GEOMETRIC_REPRESENTATION_CONTEXT(2) 
PARAMETRIC_REPRESENTATION_CONTEXT() REPRESENTATION_CONTEXT('2D SPACE',''
  ) );
#1225 = PCURVE('',#1226,#1231);
#1226 = PLANE('',#1227);
#1227 = AXIS2_PLACEMENT_3D('',#1228,#1229,#1230);
#1228 = CARTESIAN_POINT('',(84.228732052407,-22.56902073294,-358.25));
#1229 = DIRECTION('',(-0.258819045103,-0.965925826289,0.));
#1230 = DIRECTION('',(-0.965925826289,0.258819045103,0.));
#1231 = DEFINITIONAL_REPRESENTATION('',(#1232),#1235);
#1232 = B_SPLINE_CURVE_WITH_KNOTS('',1,(#1233,#1234),.UNSPECIFIED.,.F.,
  .F.,(2,2),(-3.1,-0.),.PIECEWISE_BEZIER_KNOTS.);
#1233 = CARTESIAN_POINT('',(46.7,-7.));
#1234 = CARTESIAN_POINT('',(43.6,-7.));
#1235 = ( GEOMETRIC_REPRESENTATION_CONTEXT(2) 
PARAMETRIC_REPRESENTATION_CONTEXT() REPRESENTATION_CONTEXT('2D SPACE',''
  ) );
#1236 = FACE_BOUND('',#1237,.T.);
#1237 = EDGE_LOOP('',(#1238,#1269,#1296,#1325));
#1238 = ORIENTED_EDGE('',*,*,#1239,.F.);
#1239 = EDGE_CURVE('',#1240,#1242,#1244,.T.);
#1240 = VERTEX_POINT('',#1241);
#1241 = CARTESIAN_POINT('',(-6.082247559909,-22.69925691779,-351.25));
#1242 = VERTEX_POINT('',#1243);
#1243 = CARTESIAN_POINT('',(22.699256917793,-6.082247559909,-351.25));
#1244 = SURFACE_CURVE('',#1245,(#1250,#1257),.PCURVE_S1.);
#1245 = CIRCLE('',#1246,23.5);
#1246 = AXIS2_PLACEMENT_3D('',#1247,#1248,#1249);
#1247 = CARTESIAN_POINT('',(0.,0.,-351.25));
#1248 = DIRECTION('',(0.,0.,1.));
#1249 = DIRECTION('',(1.,0.,-0.));
#1250 = PCURVE('',#124,#1251);
#1251 = DEFINITIONAL_REPRESENTATION('',(#1252),#1256);
#1252 = CIRCLE('',#1253,23.5);
#1253 = AXIS2_PLACEMENT_2D('',#1254,#1255);
#1254 = CARTESIAN_POINT('',(0.,0.));
#1255 = DIRECTION('',(1.,0.));
#1256 = ( GEOMETRIC_REPRESENTATION_CONTEXT(2) 
PARAMETRIC_REPRESENTATION_CONTEXT() REPRESENTATION_CONTEXT('2D SPACE',''
  ) );
#1257 = PCURVE('',#1258,#1263);
#1258 = CYLINDRICAL_SURFACE('',#1259,23.5);
#1259 = AXIS2_PLACEMENT_3D('',#1260,#1261,#1262);
#1260 = CARTESIAN_POINT('',(0.,0.,-356.25));
#1261 = DIRECTION('',(0.,0.,1.));
#1262 = DIRECTION('',(1.,0.,-0.));
#1263 = DEFINITIONAL_REPRESENTATION('',(#1264),#1268);
#1264 = LINE('',#1265,#1266);
#1265 = CARTESIAN_POINT('',(0.,5.));
#1266 = VECTOR('',#1267,1.);
#1267 = DIRECTION('',(1.,0.));
#1268 = ( GEOMETRIC_REPRESENTATION_CONTEXT(2) 
PARAMETRIC_REPRESENTATION_CONTEXT() REPRESENTATION_CONTEXT('2D SPACE',''
  ) );
#1269 = ORIENTED_EDGE('',*,*,#1270,.T.);
#1270 = EDGE_CURVE('',#1240,#1271,#1273,.T.);
#1271 = VERTEX_POINT('',#1272);
#1272 = CARTESIAN_POINT('',(-5.046971379499,-18.83555361263,-351.25));
#1273 = SURFACE_CURVE('',#1274,(#1278,#1285),.PCURVE_S1.);
#1274 = LINE('',#1275,#1276);
#1275 = CARTESIAN_POINT('',(0.,0.,-351.25));
#1276 = VECTOR('',#1277,1.);
#1277 = DIRECTION('',(0.258819045103,0.965925826289,-0.));
#1278 = PCURVE('',#124,#1279);
#1279 = DEFINITIONAL_REPRESENTATION('',(#1280),#1284);
#1280 = LINE('',#1281,#1282);
#1281 = CARTESIAN_POINT('',(0.,0.));
#1282 = VECTOR('',#1283,1.);
#1283 = DIRECTION('',(0.258819045103,0.965925826289));
#1284 = ( GEOMETRIC_REPRESENTATION_CONTEXT(2) 
PARAMETRIC_REPRESENTATION_CONTEXT() REPRESENTATION_CONTEXT('2D SPACE',''
  ) );
#1285 = PCURVE('',#1286,#1291);
#1286 = PLANE('',#1287);
#1287 = AXIS2_PLACEMENT_3D('',#1288,#1289,#1290);
#1288 = CARTESIAN_POINT('',(0.,0.,-358.25));
#1289 = DIRECTION('',(0.965925826289,-0.258819045103,0.));
#1290 = DIRECTION('',(-0.258819045103,-0.965925826289,0.));
#1291 = DEFINITIONAL_REPRESENTATION('',(#1292),#1295);
#1292 = B_SPLINE_CURVE_WITH_KNOTS('',1,(#1293,#1294),.UNSPECIFIED.,.F.,
  .F.,(2,2),(-23.5,-19.5),.PIECEWISE_BEZIER_KNOTS.);
#1293 = CARTESIAN_POINT('',(23.5,-7.));
#1294 = CARTESIAN_POINT('',(19.5,-7.));
#1295 = ( GEOMETRIC_REPRESENTATION_CONTEXT(2) 
PARAMETRIC_REPRESENTATION_CONTEXT() REPRESENTATION_CONTEXT('2D SPACE',''
  ) );
#1296 = ORIENTED_EDGE('',*,*,#1297,.T.);
#1297 = EDGE_CURVE('',#1271,#1298,#1300,.T.);
#1298 = VERTEX_POINT('',#1299);
#1299 = CARTESIAN_POINT('',(18.835553612637,-5.046971379499,-351.25));
#1300 = SURFACE_CURVE('',#1301,(#1306,#1313),.PCURVE_S1.);
#1301 = CIRCLE('',#1302,19.5);
#1302 = AXIS2_PLACEMENT_3D('',#1303,#1304,#1305);
#1303 = CARTESIAN_POINT('',(0.,0.,-351.25));
#1304 = DIRECTION('',(0.,0.,1.));
#1305 = DIRECTION('',(1.,0.,-0.));
#1306 = PCURVE('',#124,#1307);
#1307 = DEFINITIONAL_REPRESENTATION('',(#1308),#1312);
#1308 = CIRCLE('',#1309,19.5);
#1309 = AXIS2_PLACEMENT_2D('',#1310,#1311);
#1310 = CARTESIAN_POINT('',(0.,0.));
#1311 = DIRECTION('',(1.,0.));
#1312 = ( GEOMETRIC_REPRESENTATION_CONTEXT(2) 
PARAMETRIC_REPRESENTATION_CONTEXT() REPRESENTATION_CONTEXT('2D SPACE',''
  ) );
#1313 = PCURVE('',#1314,#1319);
#1314 = CYLINDRICAL_SURFACE('',#1315,19.5);
#1315 = AXIS2_PLACEMENT_3D('',#1316,#1317,#1318);
#1316 = CARTESIAN_POINT('',(0.,0.,-357.25));
#1317 = DIRECTION('',(0.,0.,1.));
#1318 = DIRECTION('',(1.,0.,-0.));
#1319 = DEFINITIONAL_REPRESENTATION('',(#1320),#1324);
#1320 = LINE('',#1321,#1322);
#1321 = CARTESIAN_POINT('',(0.,6.));
#1322 = VECTOR('',#1323,1.);
#1323 = DIRECTION('',(1.,0.));
#1324 = ( GEOMETRIC_REPRESENTATION_CONTEXT(2) 
PARAMETRIC_REPRESENTATION_CONTEXT() REPRESENTATION_CONTEXT('2D SPACE',''
  ) );
#1325 = ORIENTED_EDGE('',*,*,#1326,.T.);
#1326 = EDGE_CURVE('',#1298,#1242,#1327,.T.);
#1327 = SURFACE_CURVE('',#1328,(#1332,#1339),.PCURVE_S1.);
#1328 = LINE('',#1329,#1330);
#1329 = CARTESIAN_POINT('',(22.699256917793,-6.082247559909,-351.25));
#1330 = VECTOR('',#1331,1.);
#1331 = DIRECTION('',(0.965925826289,-0.258819045103,0.));
#1332 = PCURVE('',#124,#1333);
#1333 = DEFINITIONAL_REPRESENTATION('',(#1334),#1338);
#1334 = LINE('',#1335,#1336);
#1335 = CARTESIAN_POINT('',(22.699256917793,-6.082247559909));
#1336 = VECTOR('',#1337,1.);
#1337 = DIRECTION('',(0.965925826289,-0.258819045103));
#1338 = ( GEOMETRIC_REPRESENTATION_CONTEXT(2) 
PARAMETRIC_REPRESENTATION_CONTEXT() REPRESENTATION_CONTEXT('2D SPACE',''
  ) );
#1339 = PCURVE('',#1340,#1345);
#1340 = PLANE('',#1341);
#1341 = AXIS2_PLACEMENT_3D('',#1342,#1343,#1344);
#1342 = CARTESIAN_POINT('',(45.398513835586,-12.16449511981,-358.25));
#1343 = DIRECTION('',(-0.258819045103,-0.965925826289,0.));
#1344 = DIRECTION('',(-0.965925826289,0.258819045103,0.));
#1345 = DEFINITIONAL_REPRESENTATION('',(#1346),#1349);
#1346 = B_SPLINE_CURVE_WITH_KNOTS('',1,(#1347,#1348),.UNSPECIFIED.,.F.,
  .F.,(2,2),(-4.,3.552713678801E-15),.PIECEWISE_BEZIER_KNOTS.);
#1347 = CARTESIAN_POINT('',(27.5,-7.));
#1348 = CARTESIAN_POINT('',(23.5,-7.));
#1349 = ( GEOMETRIC_REPRESENTATION_CONTEXT(2) 
PARAMETRIC_REPRESENTATION_CONTEXT() REPRESENTATION_CONTEXT('2D SPACE',''
  ) );
#1350 = FACE_BOUND('',#1351,.T.);
#1351 = EDGE_LOOP('',(#1352));
#1352 = ORIENTED_EDGE('',*,*,#1353,.F.);
#1353 = EDGE_CURVE('',#1354,#1354,#1356,.T.);
#1354 = VERTEX_POINT('',#1355);
#1355 = CARTESIAN_POINT('',(19.3,-4.727136644709E-15,-351.25));
#1356 = SURFACE_CURVE('',#1357,(#1362,#1369),.PCURVE_S1.);
#1357 = CIRCLE('',#1358,19.3);
#1358 = AXIS2_PLACEMENT_3D('',#1359,#1360,#1361);
#1359 = CARTESIAN_POINT('',(0.,0.,-351.25));
#1360 = DIRECTION('',(0.,0.,1.));
#1361 = DIRECTION('',(1.,0.,-0.));
#1362 = PCURVE('',#124,#1363);
#1363 = DEFINITIONAL_REPRESENTATION('',(#1364),#1368);
#1364 = CIRCLE('',#1365,19.3);
#1365 = AXIS2_PLACEMENT_2D('',#1366,#1367);
#1366 = CARTESIAN_POINT('',(0.,0.));
#1367 = DIRECTION('',(1.,0.));
#1368 = ( GEOMETRIC_REPRESENTATION_CONTEXT(2) 
PARAMETRIC_REPRESENTATION_CONTEXT() REPRESENTATION_CONTEXT('2D SPACE',''
  ) );
#1369 = PCURVE('',#1370,#1375);
#1370 = CYLINDRICAL_SURFACE('',#1371,19.3);
#1371 = AXIS2_PLACEMENT_3D('',#1372,#1373,#1374);
#1372 = CARTESIAN_POINT('',(0.,0.,-352.255));
#1373 = DIRECTION('',(0.,0.,1.));
#1374 = DIRECTION('',(1.,0.,-0.));
#1375 = DEFINITIONAL_REPRESENTATION('',(#1376),#1380);
#1376 = LINE('',#1377,#1378);
#1377 = CARTESIAN_POINT('',(0.,1.005));
#1378 = VECTOR('',#1379,1.);
#1379 = DIRECTION('',(1.,0.));
#1380 = ( GEOMETRIC_REPRESENTATION_CONTEXT(2) 
PARAMETRIC_REPRESENTATION_CONTEXT() REPRESENTATION_CONTEXT('2D SPACE',''
  ) );
#1381 = FACE_BOUND('',#1382,.T.);
#1382 = EDGE_LOOP('',(#1383));
#1383 = ORIENTED_EDGE('',*,*,#1384,.F.);
#1384 = EDGE_CURVE('',#1385,#1385,#1387,.T.);
#1385 = VERTEX_POINT('',#1386);
#1386 = CARTESIAN_POINT('',(40.75,-2.143131898508E-15,-351.25));
#1387 = SURFACE_CURVE('',#1388,(#1393,#1400),.PCURVE_S1.);
#1388 = CIRCLE('',#1389,8.75);
#1389 = AXIS2_PLACEMENT_3D('',#1390,#1391,#1392);
#1390 = CARTESIAN_POINT('',(32.,0.,-351.25));
#1391 = DIRECTION('',(0.,0.,1.));
#1392 = DIRECTION('',(1.,0.,-0.));
#1393 = PCURVE('',#124,#1394);
#1394 = DEFINITIONAL_REPRESENTATION('',(#1395),#1399);
#1395 = CIRCLE('',#1396,8.75);
#1396 = AXIS2_PLACEMENT_2D('',#1397,#1398);
#1397 = CARTESIAN_POINT('',(32.,0.));
#1398 = DIRECTION('',(1.,0.));
#1399 = ( GEOMETRIC_REPRESENTATION_CONTEXT(2) 
PARAMETRIC_REPRESENTATION_CONTEXT() REPRESENTATION_CONTEXT('2D SPACE',''
  ) );
#1400 = PCURVE('',#1401,#1406);
#1401 = CONICAL_SURFACE('',#1402,8.,0.785398163397);
#1402 = AXIS2_PLACEMENT_3D('',#1403,#1404,#1405);
#1403 = CARTESIAN_POINT('',(32.,0.,-352.));
#1404 = DIRECTION('',(0.,0.,1.));
#1405 = DIRECTION('',(1.,0.,-0.));
#1406 = DEFINITIONAL_REPRESENTATION('',(#1407),#1411);
#1407 = LINE('',#1408,#1409);
#1408 = CARTESIAN_POINT('',(0.,0.75));
#1409 = VECTOR('',#1410,1.);
#1410 = DIRECTION('',(1.,0.));
#1411 = ( GEOMETRIC_REPRESENTATION_CONTEXT(2) 
PARAMETRIC_REPRESENTATION_CONTEXT() REPRESENTATION_CONTEXT('2D SPACE',''
  ) );
#1412 = FACE_BOUND('',#1413,.T.);
#1413 = EDGE_LOOP('',(#1414,#1445,#1472,#1501));
#1414 = ORIENTED_EDGE('',*,*,#1415,.F.);
#1415 = EDGE_CURVE('',#1416,#1418,#1420,.T.);
#1416 = VERTEX_POINT('',#1417);
#1417 = CARTESIAN_POINT('',(46.344545617105,-6.513301124931,-351.25));
#1418 = VERTEX_POINT('',#1419);
#1419 = CARTESIAN_POINT('',(5.703485271361,46.451159896814,-351.25));
#1420 = SURFACE_CURVE('',#1421,(#1426,#1433),.PCURVE_S1.);
#1421 = CIRCLE('',#1422,46.8);
#1422 = AXIS2_PLACEMENT_3D('',#1423,#1424,#1425);
#1423 = CARTESIAN_POINT('',(0.,0.,-351.25));
#1424 = DIRECTION('',(0.,0.,1.));
#1425 = DIRECTION('',(1.,0.,-0.));
#1426 = PCURVE('',#124,#1427);
#1427 = DEFINITIONAL_REPRESENTATION('',(#1428),#1432);
#1428 = CIRCLE('',#1429,46.8);
#1429 = AXIS2_PLACEMENT_2D('',#1430,#1431);
#1430 = CARTESIAN_POINT('',(0.,0.));
#1431 = DIRECTION('',(1.,0.));
#1432 = ( GEOMETRIC_REPRESENTATION_CONTEXT(2) 
PARAMETRIC_REPRESENTATION_CONTEXT() REPRESENTATION_CONTEXT('2D SPACE',''
  ) );
#1433 = PCURVE('',#1434,#1439);
#1434 = CYLINDRICAL_SURFACE('',#1435,46.8);
#1435 = AXIS2_PLACEMENT_3D('',#1436,#1437,#1438);
#1436 = CARTESIAN_POINT('',(0.,0.,-356.25));
#1437 = DIRECTION('',(0.,0.,1.));
#1438 = DIRECTION('',(1.,0.,-0.));
#1439 = DEFINITIONAL_REPRESENTATION('',(#1440),#1444);
#1440 = LINE('',#1441,#1442);
#1441 = CARTESIAN_POINT('',(0.,5.));
#1442 = VECTOR('',#1443,1.);
#1443 = DIRECTION('',(1.,0.));
#1444 = ( GEOMETRIC_REPRESENTATION_CONTEXT(2) 
PARAMETRIC_REPRESENTATION_CONTEXT() REPRESENTATION_CONTEXT('2D SPACE',''
  ) );
#1445 = ORIENTED_EDGE('',*,*,#1446,.T.);
#1446 = EDGE_CURVE('',#1416,#1447,#1449,.T.);
#1447 = VERTEX_POINT('',#1448);
#1448 = CARTESIAN_POINT('',(45.25525074149,-6.360210713875,-351.25));
#1449 = SURFACE_CURVE('',#1450,(#1454,#1461),.PCURVE_S1.);
#1450 = LINE('',#1451,#1452);
#1451 = CARTESIAN_POINT('',(0.,0.,-351.25));
#1452 = VECTOR('',#1453,1.);
#1453 = DIRECTION('',(-0.990268068742,0.13917310096,0.));
#1454 = PCURVE('',#124,#1455);
#1455 = DEFINITIONAL_REPRESENTATION('',(#1456),#1460);
#1456 = LINE('',#1457,#1458);
#1457 = CARTESIAN_POINT('',(0.,0.));
#1458 = VECTOR('',#1459,1.);
#1459 = DIRECTION('',(-0.990268068742,0.13917310096));
#1460 = ( GEOMETRIC_REPRESENTATION_CONTEXT(2) 
PARAMETRIC_REPRESENTATION_CONTEXT() REPRESENTATION_CONTEXT('2D SPACE',''
  ) );
#1461 = PCURVE('',#1462,#1467);
#1462 = PLANE('',#1463);
#1463 = AXIS2_PLACEMENT_3D('',#1464,#1465,#1466);
#1464 = CARTESIAN_POINT('',(0.,0.,-358.25));
#1465 = DIRECTION('',(0.13917310096,0.990268068742,-0.));
#1466 = DIRECTION('',(0.990268068742,-0.13917310096,0.));
#1467 = DEFINITIONAL_REPRESENTATION('',(#1468),#1471);
#1468 = B_SPLINE_CURVE_WITH_KNOTS('',1,(#1469,#1470),.UNSPECIFIED.,.F.,
  .F.,(2,2),(-46.8,-45.7),.PIECEWISE_BEZIER_KNOTS.);
#1469 = CARTESIAN_POINT('',(46.8,-7.));
#1470 = CARTESIAN_POINT('',(45.7,-7.));
#1471 = ( GEOMETRIC_REPRESENTATION_CONTEXT(2) 
PARAMETRIC_REPRESENTATION_CONTEXT() REPRESENTATION_CONTEXT('2D SPACE',''
  ) );
#1472 = ORIENTED_EDGE('',*,*,#1473,.T.);
#1473 = EDGE_CURVE('',#1447,#1474,#1476,.T.);
#1474 = VERTEX_POINT('',#1475);
#1475 = CARTESIAN_POINT('',(5.569428993615,45.359359130008,-351.25));
#1476 = SURFACE_CURVE('',#1477,(#1482,#1489),.PCURVE_S1.);
#1477 = CIRCLE('',#1478,45.7);
#1478 = AXIS2_PLACEMENT_3D('',#1479,#1480,#1481);
#1479 = CARTESIAN_POINT('',(0.,0.,-351.25));
#1480 = DIRECTION('',(0.,0.,1.));
#1481 = DIRECTION('',(1.,0.,-0.));
#1482 = PCURVE('',#124,#1483);
#1483 = DEFINITIONAL_REPRESENTATION('',(#1484),#1488);
#1484 = CIRCLE('',#1485,45.7);
#1485 = AXIS2_PLACEMENT_2D('',#1486,#1487);
#1486 = CARTESIAN_POINT('',(0.,0.));
#1487 = DIRECTION('',(1.,0.));
#1488 = ( GEOMETRIC_REPRESENTATION_CONTEXT(2) 
PARAMETRIC_REPRESENTATION_CONTEXT() REPRESENTATION_CONTEXT('2D SPACE',''
  ) );
#1489 = PCURVE('',#1490,#1495);
#1490 = CYLINDRICAL_SURFACE('',#1491,45.7);
#1491 = AXIS2_PLACEMENT_3D('',#1492,#1493,#1494);
#1492 = CARTESIAN_POINT('',(0.,0.,-357.25));
#1493 = DIRECTION('',(0.,0.,1.));
#1494 = DIRECTION('',(1.,0.,-0.));
#1495 = DEFINITIONAL_REPRESENTATION('',(#1496),#1500);
#1496 = LINE('',#1497,#1498);
#1497 = CARTESIAN_POINT('',(0.,6.));
#1498 = VECTOR('',#1499,1.);
#1499 = DIRECTION('',(1.,0.));
#1500 = ( GEOMETRIC_REPRESENTATION_CONTEXT(2) 
PARAMETRIC_REPRESENTATION_CONTEXT() REPRESENTATION_CONTEXT('2D SPACE',''
  ) );
#1501 = ORIENTED_EDGE('',*,*,#1502,.T.);
#1502 = EDGE_CURVE('',#1474,#1418,#1503,.T.);
#1503 = SURFACE_CURVE('',#1504,(#1508,#1515),.PCURVE_S1.);
#1504 = LINE('',#1505,#1506);
#1505 = CARTESIAN_POINT('',(5.703485271361,46.451159896814,-351.25));
#1506 = VECTOR('',#1507,1.);
#1507 = DIRECTION('',(0.121869343405,0.992546151641,-0.));
#1508 = PCURVE('',#124,#1509);
#1509 = DEFINITIONAL_REPRESENTATION('',(#1510),#1514);
#1510 = LINE('',#1511,#1512);
#1511 = CARTESIAN_POINT('',(5.703485271361,46.451159896814));
#1512 = VECTOR('',#1513,1.);
#1513 = DIRECTION('',(0.121869343405,0.992546151641));
#1514 = ( GEOMETRIC_REPRESENTATION_CONTEXT(2) 
PARAMETRIC_REPRESENTATION_CONTEXT() REPRESENTATION_CONTEXT('2D SPACE',''
  ) );
#1515 = PCURVE('',#1516,#1521);
#1516 = PLANE('',#1517);
#1517 = AXIS2_PLACEMENT_3D('',#1518,#1519,#1520);
#1518 = CARTESIAN_POINT('',(11.406970542722,92.902319793628,-358.25));
#1519 = DIRECTION('',(0.992546151641,-0.121869343405,0.));
#1520 = DIRECTION('',(-0.121869343405,-0.992546151641,0.));
#1521 = DEFINITIONAL_REPRESENTATION('',(#1522),#1525);
#1522 = B_SPLINE_CURVE_WITH_KNOTS('',1,(#1523,#1524),.UNSPECIFIED.,.F.,
  .F.,(2,2),(-1.1,0.),.PIECEWISE_BEZIER_KNOTS.);
#1523 = CARTESIAN_POINT('',(47.9,-7.));
#1524 = CARTESIAN_POINT('',(46.8,-7.));
#1525 = ( GEOMETRIC_REPRESENTATION_CONTEXT(2) 
PARAMETRIC_REPRESENTATION_CONTEXT() REPRESENTATION_CONTEXT('2D SPACE',''
  ) );
#1526 = ADVANCED_FACE('',(#1527),#98,.F.);
#1527 = FACE_BOUND('',#1528,.F.);
#1528 = EDGE_LOOP('',(#1529,#1530,#1553,#1574));
#1529 = ORIENTED_EDGE('',*,*,#361,.F.);
#1530 = ORIENTED_EDGE('',*,*,#1531,.F.);
#1531 = EDGE_CURVE('',#1532,#362,#1534,.T.);
#1532 = VERTEX_POINT('',#1533);
#1533 = CARTESIAN_POINT('',(-51.8,5.,-355.25));
#1534 = SURFACE_CURVE('',#1535,(#1539,#1546),.PCURVE_S1.);
#1535 = LINE('',#1536,#1537);
#1536 = CARTESIAN_POINT('',(-51.8,5.,-355.25));
#1537 = VECTOR('',#1538,1.);
#1538 = DIRECTION('',(0.,0.,1.));
#1539 = PCURVE('',#98,#1540);
#1540 = DEFINITIONAL_REPRESENTATION('',(#1541),#1545);
#1541 = LINE('',#1542,#1543);
#1542 = CARTESIAN_POINT('',(0.,0.));
#1543 = VECTOR('',#1544,1.);
#1544 = DIRECTION('',(1.,0.));
#1545 = ( GEOMETRIC_REPRESENTATION_CONTEXT(2) 
PARAMETRIC_REPRESENTATION_CONTEXT() REPRESENTATION_CONTEXT('2D SPACE',''
  ) );
#1546 = PCURVE('',#400,#1547);
#1547 = DEFINITIONAL_REPRESENTATION('',(#1548),#1552);
#1548 = LINE('',#1549,#1550);
#1549 = CARTESIAN_POINT('',(0.,0.));
#1550 = VECTOR('',#1551,1.);
#1551 = DIRECTION('',(1.,0.));
#1552 = ( GEOMETRIC_REPRESENTATION_CONTEXT(2) 
PARAMETRIC_REPRESENTATION_CONTEXT() REPRESENTATION_CONTEXT('2D SPACE',''
  ) );
#1553 = ORIENTED_EDGE('',*,*,#1554,.T.);
#1554 = EDGE_CURVE('',#1532,#55,#1555,.T.);
#1555 = SURFACE_CURVE('',#1556,(#1560,#1567),.PCURVE_S1.);
#1556 = LINE('',#1557,#1558);
#1557 = CARTESIAN_POINT('',(-51.8,5.,-355.25));
#1558 = VECTOR('',#1559,1.);
#1559 = DIRECTION('',(-1.224646799147E-16,-1.,0.));
#1560 = PCURVE('',#98,#1561);
#1561 = DEFINITIONAL_REPRESENTATION('',(#1562),#1566);
#1562 = LINE('',#1563,#1564);
#1563 = CARTESIAN_POINT('',(0.,0.));
#1564 = VECTOR('',#1565,1.);
#1565 = DIRECTION('',(0.,-1.));
#1566 = ( GEOMETRIC_REPRESENTATION_CONTEXT(2) 
PARAMETRIC_REPRESENTATION_CONTEXT() REPRESENTATION_CONTEXT('2D SPACE',''
  ) );
#1567 = PCURVE('',#71,#1568);
#1568 = DEFINITIONAL_REPRESENTATION('',(#1569),#1573);
#1569 = LINE('',#1570,#1571);
#1570 = CARTESIAN_POINT('',(-51.8,5.));
#1571 = VECTOR('',#1572,1.);
#1572 = DIRECTION('',(-1.224646799147E-16,-1.));
#1573 = ( GEOMETRIC_REPRESENTATION_CONTEXT(2) 
PARAMETRIC_REPRESENTATION_CONTEXT() REPRESENTATION_CONTEXT('2D SPACE',''
  ) );
#1574 = ORIENTED_EDGE('',*,*,#83,.T.);
#1575 = ADVANCED_FACE('',(#1576,#1926,#2032,#2126,#2220,#2314,#2420,
    #2526,#2620,#2651,#2914,#3020,#3051,#3157,#3271,#3302,#3333,#3364,
    #3458,#3564),#71,.F.);
#1576 = FACE_BOUND('',#1577,.F.);
#1577 = EDGE_LOOP('',(#1578,#1579,#1580,#1581,#1604,#1627,#1650,#1673,
    #1697,#1720,#1743,#1766,#1789,#1812,#1836,#1859,#1882,#1905));
#1578 = ORIENTED_EDGE('',*,*,#167,.F.);
#1579 = ORIENTED_EDGE('',*,*,#54,.T.);
#1580 = ORIENTED_EDGE('',*,*,#1554,.F.);
#1581 = ORIENTED_EDGE('',*,*,#1582,.T.);
#1582 = EDGE_CURVE('',#1532,#1583,#1585,.T.);
#1583 = VERTEX_POINT('',#1584);
#1584 = CARTESIAN_POINT('',(-55.3,5.,-355.25));
#1585 = SURFACE_CURVE('',#1586,(#1590,#1597),.PCURVE_S1.);
#1586 = LINE('',#1587,#1588);
#1587 = CARTESIAN_POINT('',(-51.8,5.,-355.25));
#1588 = VECTOR('',#1589,1.);
#1589 = DIRECTION('',(-1.,1.224646799147E-16,0.));
#1590 = PCURVE('',#71,#1591);
#1591 = DEFINITIONAL_REPRESENTATION('',(#1592),#1596);
#1592 = LINE('',#1593,#1594);
#1593 = CARTESIAN_POINT('',(-51.8,5.));
#1594 = VECTOR('',#1595,1.);
#1595 = DIRECTION('',(-1.,1.224646799147E-16));
#1596 = ( GEOMETRIC_REPRESENTATION_CONTEXT(2) 
PARAMETRIC_REPRESENTATION_CONTEXT() REPRESENTATION_CONTEXT('2D SPACE',''
  ) );
#1597 = PCURVE('',#400,#1598);
#1598 = DEFINITIONAL_REPRESENTATION('',(#1599),#1603);
#1599 = LINE('',#1600,#1601);
#1600 = CARTESIAN_POINT('',(0.,0.));
#1601 = VECTOR('',#1602,1.);
#1602 = DIRECTION('',(0.,1.));
#1603 = ( GEOMETRIC_REPRESENTATION_CONTEXT(2) 
PARAMETRIC_REPRESENTATION_CONTEXT() REPRESENTATION_CONTEXT('2D SPACE',''
  ) );
#1604 = ORIENTED_EDGE('',*,*,#1605,.T.);
#1605 = EDGE_CURVE('',#1583,#1606,#1608,.T.);
#1606 = VERTEX_POINT('',#1607);
#1607 = CARTESIAN_POINT('',(-55.3,-5.,-355.25));
#1608 = SURFACE_CURVE('',#1609,(#1613,#1620),.PCURVE_S1.);
#1609 = LINE('',#1610,#1611);
#1610 = CARTESIAN_POINT('',(-55.3,5.,-355.25));
#1611 = VECTOR('',#1612,1.);
#1612 = DIRECTION('',(-1.224646799147E-16,-1.,0.));
#1613 = PCURVE('',#71,#1614);
#1614 = DEFINITIONAL_REPRESENTATION('',(#1615),#1619);
#1615 = LINE('',#1616,#1617);
#1616 = CARTESIAN_POINT('',(-55.3,5.));
#1617 = VECTOR('',#1618,1.);
#1618 = DIRECTION('',(-1.224646799147E-16,-1.));
#1619 = ( GEOMETRIC_REPRESENTATION_CONTEXT(2) 
PARAMETRIC_REPRESENTATION_CONTEXT() REPRESENTATION_CONTEXT('2D SPACE',''
  ) );
#1620 = PCURVE('',#428,#1621);
#1621 = DEFINITIONAL_REPRESENTATION('',(#1622),#1626);
#1622 = LINE('',#1623,#1624);
#1623 = CARTESIAN_POINT('',(0.,0.));
#1624 = VECTOR('',#1625,1.);
#1625 = DIRECTION('',(0.,-1.));
#1626 = ( GEOMETRIC_REPRESENTATION_CONTEXT(2) 
PARAMETRIC_REPRESENTATION_CONTEXT() REPRESENTATION_CONTEXT('2D SPACE',''
  ) );
#1627 = ORIENTED_EDGE('',*,*,#1628,.F.);
#1628 = EDGE_CURVE('',#1629,#1606,#1631,.T.);
#1629 = VERTEX_POINT('',#1630);
#1630 = CARTESIAN_POINT('',(-51.8,-5.,-355.25));
#1631 = SURFACE_CURVE('',#1632,(#1636,#1643),.PCURVE_S1.);
#1632 = LINE('',#1633,#1634);
#1633 = CARTESIAN_POINT('',(-51.8,-5.,-355.25));
#1634 = VECTOR('',#1635,1.);
#1635 = DIRECTION('',(-1.,1.224646799147E-16,0.));
#1636 = PCURVE('',#71,#1637);
#1637 = DEFINITIONAL_REPRESENTATION('',(#1638),#1642);
#1638 = LINE('',#1639,#1640);
#1639 = CARTESIAN_POINT('',(-51.8,-5.));
#1640 = VECTOR('',#1641,1.);
#1641 = DIRECTION('',(-1.,1.224646799147E-16));
#1642 = ( GEOMETRIC_REPRESENTATION_CONTEXT(2) 
PARAMETRIC_REPRESENTATION_CONTEXT() REPRESENTATION_CONTEXT('2D SPACE',''
  ) );
#1643 = PCURVE('',#456,#1644);
#1644 = DEFINITIONAL_REPRESENTATION('',(#1645),#1649);
#1645 = LINE('',#1646,#1647);
#1646 = CARTESIAN_POINT('',(0.,0.));
#1647 = VECTOR('',#1648,1.);
#1648 = DIRECTION('',(0.,1.));
#1649 = ( GEOMETRIC_REPRESENTATION_CONTEXT(2) 
PARAMETRIC_REPRESENTATION_CONTEXT() REPRESENTATION_CONTEXT('2D SPACE',''
  ) );
#1650 = ORIENTED_EDGE('',*,*,#1651,.F.);
#1651 = EDGE_CURVE('',#1652,#1629,#1654,.T.);
#1652 = VERTEX_POINT('',#1653);
#1653 = CARTESIAN_POINT('',(-51.8,-4.556314299958,-355.25));
#1654 = SURFACE_CURVE('',#1655,(#1659,#1666),.PCURVE_S1.);
#1655 = LINE('',#1656,#1657);
#1656 = CARTESIAN_POINT('',(-51.8,5.,-355.25));
#1657 = VECTOR('',#1658,1.);
#1658 = DIRECTION('',(-1.224646799147E-16,-1.,0.));
#1659 = PCURVE('',#71,#1660);
#1660 = DEFINITIONAL_REPRESENTATION('',(#1661),#1665);
#1661 = LINE('',#1662,#1663);
#1662 = CARTESIAN_POINT('',(-51.8,5.));
#1663 = VECTOR('',#1664,1.);
#1664 = DIRECTION('',(-1.224646799147E-16,-1.));
#1665 = ( GEOMETRIC_REPRESENTATION_CONTEXT(2) 
PARAMETRIC_REPRESENTATION_CONTEXT() REPRESENTATION_CONTEXT('2D SPACE',''
  ) );
#1666 = PCURVE('',#484,#1667);
#1667 = DEFINITIONAL_REPRESENTATION('',(#1668),#1672);
#1668 = LINE('',#1669,#1670);
#1669 = CARTESIAN_POINT('',(0.,0.));
#1670 = VECTOR('',#1671,1.);
#1671 = DIRECTION('',(0.,-1.));
#1672 = ( GEOMETRIC_REPRESENTATION_CONTEXT(2) 
PARAMETRIC_REPRESENTATION_CONTEXT() REPRESENTATION_CONTEXT('2D SPACE',''
  ) );
#1673 = ORIENTED_EDGE('',*,*,#1674,.T.);
#1674 = EDGE_CURVE('',#1652,#1675,#1677,.T.);
#1675 = VERTEX_POINT('',#1676);
#1676 = CARTESIAN_POINT('',(21.954116068611,-47.13827306601,-355.25));
#1677 = SURFACE_CURVE('',#1678,(#1683,#1690),.PCURVE_S1.);
#1678 = CIRCLE('',#1679,52.);
#1679 = AXIS2_PLACEMENT_3D('',#1680,#1681,#1682);
#1680 = CARTESIAN_POINT('',(0.,0.,-355.25));
#1681 = DIRECTION('',(0.,-0.,1.));
#1682 = DIRECTION('',(0.422194539781,0.906505251269,0.));
#1683 = PCURVE('',#71,#1684);
#1684 = DEFINITIONAL_REPRESENTATION('',(#1685),#1689);
#1685 = CIRCLE('',#1686,52.);
#1686 = AXIS2_PLACEMENT_2D('',#1687,#1688);
#1687 = CARTESIAN_POINT('',(0.,0.));
#1688 = DIRECTION('',(0.422194539781,0.906505251269));
#1689 = ( GEOMETRIC_REPRESENTATION_CONTEXT(2) 
PARAMETRIC_REPRESENTATION_CONTEXT() REPRESENTATION_CONTEXT('2D SPACE',''
  ) );
#1690 = PCURVE('',#517,#1691);
#1691 = DEFINITIONAL_REPRESENTATION('',(#1692),#1696);
#1692 = LINE('',#1693,#1694);
#1693 = CARTESIAN_POINT('',(1.134931488316,0.));
#1694 = VECTOR('',#1695,1.);
#1695 = DIRECTION('',(1.,0.));
#1696 = ( GEOMETRIC_REPRESENTATION_CONTEXT(2) 
PARAMETRIC_REPRESENTATION_CONTEXT() REPRESENTATION_CONTEXT('2D SPACE',''
  ) );
#1697 = ORIENTED_EDGE('',*,*,#1698,.F.);
#1698 = EDGE_CURVE('',#1699,#1675,#1701,.T.);
#1699 = VERTEX_POINT('',#1700);
#1700 = CARTESIAN_POINT('',(21.569872981078,-47.36011591603,-355.25));
#1701 = SURFACE_CURVE('',#1702,(#1706,#1713),.PCURVE_S1.);
#1702 = LINE('',#1703,#1704);
#1703 = CARTESIAN_POINT('',(21.569872981078,-47.36011591603,-355.25));
#1704 = VECTOR('',#1705,1.);
#1705 = DIRECTION('',(0.866025403784,0.5,0.));
#1706 = PCURVE('',#71,#1707);
#1707 = DEFINITIONAL_REPRESENTATION('',(#1708),#1712);
#1708 = LINE('',#1709,#1710);
#1709 = CARTESIAN_POINT('',(21.569872981078,-47.36011591603));
#1710 = VECTOR('',#1711,1.);
#1711 = DIRECTION('',(0.866025403784,0.5));
#1712 = ( GEOMETRIC_REPRESENTATION_CONTEXT(2) 
PARAMETRIC_REPRESENTATION_CONTEXT() REPRESENTATION_CONTEXT('2D SPACE',''
  ) );
#1713 = PCURVE('',#545,#1714);
#1714 = DEFINITIONAL_REPRESENTATION('',(#1715),#1719);
#1715 = LINE('',#1716,#1717);
#1716 = CARTESIAN_POINT('',(0.,0.));
#1717 = VECTOR('',#1718,1.);
#1718 = DIRECTION('',(0.,-1.));
#1719 = ( GEOMETRIC_REPRESENTATION_CONTEXT(2) 
PARAMETRIC_REPRESENTATION_CONTEXT() REPRESENTATION_CONTEXT('2D SPACE',''
  ) );
#1720 = ORIENTED_EDGE('',*,*,#1721,.T.);
#1721 = EDGE_CURVE('',#1699,#1722,#1724,.T.);
#1722 = VERTEX_POINT('',#1723);
#1723 = CARTESIAN_POINT('',(23.319872981078,-50.39120482927,-355.25));
#1724 = SURFACE_CURVE('',#1725,(#1729,#1736),.PCURVE_S1.);
#1725 = LINE('',#1726,#1727);
#1726 = CARTESIAN_POINT('',(21.569872981078,-47.36011591603,-355.25));
#1727 = VECTOR('',#1728,1.);
#1728 = DIRECTION('',(0.5,-0.866025403784,0.));
#1729 = PCURVE('',#71,#1730);
#1730 = DEFINITIONAL_REPRESENTATION('',(#1731),#1735);
#1731 = LINE('',#1732,#1733);
#1732 = CARTESIAN_POINT('',(21.569872981078,-47.36011591603));
#1733 = VECTOR('',#1734,1.);
#1734 = DIRECTION('',(0.5,-0.866025403784));
#1735 = ( GEOMETRIC_REPRESENTATION_CONTEXT(2) 
PARAMETRIC_REPRESENTATION_CONTEXT() REPRESENTATION_CONTEXT('2D SPACE',''
  ) );
#1736 = PCURVE('',#573,#1737);
#1737 = DEFINITIONAL_REPRESENTATION('',(#1738),#1742);
#1738 = LINE('',#1739,#1740);
#1739 = CARTESIAN_POINT('',(0.,0.));
#1740 = VECTOR('',#1741,1.);
#1741 = DIRECTION('',(0.,1.));
#1742 = ( GEOMETRIC_REPRESENTATION_CONTEXT(2) 
PARAMETRIC_REPRESENTATION_CONTEXT() REPRESENTATION_CONTEXT('2D SPACE',''
  ) );
#1743 = ORIENTED_EDGE('',*,*,#1744,.T.);
#1744 = EDGE_CURVE('',#1722,#1745,#1747,.T.);
#1745 = VERTEX_POINT('',#1746);
#1746 = CARTESIAN_POINT('',(31.980127018922,-45.39120482927,-355.25));
#1747 = SURFACE_CURVE('',#1748,(#1752,#1759),.PCURVE_S1.);
#1748 = LINE('',#1749,#1750);
#1749 = CARTESIAN_POINT('',(23.319872981078,-50.39120482927,-355.25));
#1750 = VECTOR('',#1751,1.);
#1751 = DIRECTION('',(0.866025403784,0.5,0.));
#1752 = PCURVE('',#71,#1753);
#1753 = DEFINITIONAL_REPRESENTATION('',(#1754),#1758);
#1754 = LINE('',#1755,#1756);
#1755 = CARTESIAN_POINT('',(23.319872981078,-50.39120482927));
#1756 = VECTOR('',#1757,1.);
#1757 = DIRECTION('',(0.866025403784,0.5));
#1758 = ( GEOMETRIC_REPRESENTATION_CONTEXT(2) 
PARAMETRIC_REPRESENTATION_CONTEXT() REPRESENTATION_CONTEXT('2D SPACE',''
  ) );
#1759 = PCURVE('',#601,#1760);
#1760 = DEFINITIONAL_REPRESENTATION('',(#1761),#1765);
#1761 = LINE('',#1762,#1763);
#1762 = CARTESIAN_POINT('',(0.,0.));
#1763 = VECTOR('',#1764,1.);
#1764 = DIRECTION('',(0.,-1.));
#1765 = ( GEOMETRIC_REPRESENTATION_CONTEXT(2) 
PARAMETRIC_REPRESENTATION_CONTEXT() REPRESENTATION_CONTEXT('2D SPACE',''
  ) );
#1766 = ORIENTED_EDGE('',*,*,#1767,.F.);
#1767 = EDGE_CURVE('',#1768,#1745,#1770,.T.);
#1768 = VERTEX_POINT('',#1769);
#1769 = CARTESIAN_POINT('',(30.230127018922,-42.36011591603,-355.25));
#1770 = SURFACE_CURVE('',#1771,(#1775,#1782),.PCURVE_S1.);
#1771 = LINE('',#1772,#1773);
#1772 = CARTESIAN_POINT('',(30.230127018922,-42.36011591603,-355.25));
#1773 = VECTOR('',#1774,1.);
#1774 = DIRECTION('',(0.5,-0.866025403784,0.));
#1775 = PCURVE('',#71,#1776);
#1776 = DEFINITIONAL_REPRESENTATION('',(#1777),#1781);
#1777 = LINE('',#1778,#1779);
#1778 = CARTESIAN_POINT('',(30.230127018922,-42.36011591603));
#1779 = VECTOR('',#1780,1.);
#1780 = DIRECTION('',(0.5,-0.866025403784));
#1781 = ( GEOMETRIC_REPRESENTATION_CONTEXT(2) 
PARAMETRIC_REPRESENTATION_CONTEXT() REPRESENTATION_CONTEXT('2D SPACE',''
  ) );
#1782 = PCURVE('',#629,#1783);
#1783 = DEFINITIONAL_REPRESENTATION('',(#1784),#1788);
#1784 = LINE('',#1785,#1786);
#1785 = CARTESIAN_POINT('',(0.,0.));
#1786 = VECTOR('',#1787,1.);
#1787 = DIRECTION('',(0.,1.));
#1788 = ( GEOMETRIC_REPRESENTATION_CONTEXT(2) 
PARAMETRIC_REPRESENTATION_CONTEXT() REPRESENTATION_CONTEXT('2D SPACE',''
  ) );
#1789 = ORIENTED_EDGE('',*,*,#1790,.F.);
#1790 = EDGE_CURVE('',#1791,#1768,#1793,.T.);
#1791 = VERTEX_POINT('',#1792);
#1792 = CARTESIAN_POINT('',(29.845883931391,-42.58195876605,-355.25));
#1793 = SURFACE_CURVE('',#1794,(#1798,#1805),.PCURVE_S1.);
#1794 = LINE('',#1795,#1796);
#1795 = CARTESIAN_POINT('',(21.569872981078,-47.36011591603,-355.25));
#1796 = VECTOR('',#1797,1.);
#1797 = DIRECTION('',(0.866025403784,0.5,0.));
#1798 = PCURVE('',#71,#1799);
#1799 = DEFINITIONAL_REPRESENTATION('',(#1800),#1804);
#1800 = LINE('',#1801,#1802);
#1801 = CARTESIAN_POINT('',(21.569872981078,-47.36011591603));
#1802 = VECTOR('',#1803,1.);
#1803 = DIRECTION('',(0.866025403784,0.5));
#1804 = ( GEOMETRIC_REPRESENTATION_CONTEXT(2) 
PARAMETRIC_REPRESENTATION_CONTEXT() REPRESENTATION_CONTEXT('2D SPACE',''
  ) );
#1805 = PCURVE('',#655,#1806);
#1806 = DEFINITIONAL_REPRESENTATION('',(#1807),#1811);
#1807 = LINE('',#1808,#1809);
#1808 = CARTESIAN_POINT('',(0.,0.));
#1809 = VECTOR('',#1810,1.);
#1810 = DIRECTION('',(0.,-1.));
#1811 = ( GEOMETRIC_REPRESENTATION_CONTEXT(2) 
PARAMETRIC_REPRESENTATION_CONTEXT() REPRESENTATION_CONTEXT('2D SPACE',''
  ) );
#1812 = ORIENTED_EDGE('',*,*,#1813,.T.);
#1813 = EDGE_CURVE('',#1791,#1814,#1816,.T.);
#1814 = VERTEX_POINT('',#1815);
#1815 = CARTESIAN_POINT('',(29.845883931391,42.581958766054,-355.25));
#1816 = SURFACE_CURVE('',#1817,(#1822,#1829),.PCURVE_S1.);
#1817 = CIRCLE('',#1818,52.);
#1818 = AXIS2_PLACEMENT_3D('',#1819,#1820,#1821);
#1819 = CARTESIAN_POINT('',(0.,0.,-355.25));
#1820 = DIRECTION('',(0.,-0.,1.));
#1821 = DIRECTION('',(0.422194539781,0.906505251269,0.));
#1822 = PCURVE('',#71,#1823);
#1823 = DEFINITIONAL_REPRESENTATION('',(#1824),#1828);
#1824 = CIRCLE('',#1825,52.);
#1825 = AXIS2_PLACEMENT_2D('',#1826,#1827);
#1826 = CARTESIAN_POINT('',(0.,0.));
#1827 = DIRECTION('',(0.422194539781,0.906505251269));
#1828 = ( GEOMETRIC_REPRESENTATION_CONTEXT(2) 
PARAMETRIC_REPRESENTATION_CONTEXT() REPRESENTATION_CONTEXT('2D SPACE',''
  ) );
#1829 = PCURVE('',#242,#1830);
#1830 = DEFINITIONAL_REPRESENTATION('',(#1831),#1835);
#1831 = LINE('',#1832,#1833);
#1832 = CARTESIAN_POINT('',(1.134931488316,0.));
#1833 = VECTOR('',#1834,1.);
#1834 = DIRECTION('',(1.,0.));
#1835 = ( GEOMETRIC_REPRESENTATION_CONTEXT(2) 
PARAMETRIC_REPRESENTATION_CONTEXT() REPRESENTATION_CONTEXT('2D SPACE',''
  ) );
#1836 = ORIENTED_EDGE('',*,*,#1837,.F.);
#1837 = EDGE_CURVE('',#1838,#1814,#1840,.T.);
#1838 = VERTEX_POINT('',#1839);
#1839 = CARTESIAN_POINT('',(30.230127018922,42.360115916034,-355.25));
#1840 = SURFACE_CURVE('',#1841,(#1845,#1852),.PCURVE_S1.);
#1841 = LINE('',#1842,#1843);
#1842 = CARTESIAN_POINT('',(30.230127018922,42.360115916034,-355.25));
#1843 = VECTOR('',#1844,1.);
#1844 = DIRECTION('',(-0.866025403784,0.5,0.));
#1845 = PCURVE('',#71,#1846);
#1846 = DEFINITIONAL_REPRESENTATION('',(#1847),#1851);
#1847 = LINE('',#1848,#1849);
#1848 = CARTESIAN_POINT('',(30.230127018922,42.360115916034));
#1849 = VECTOR('',#1850,1.);
#1850 = DIRECTION('',(-0.866025403784,0.5));
#1851 = ( GEOMETRIC_REPRESENTATION_CONTEXT(2) 
PARAMETRIC_REPRESENTATION_CONTEXT() REPRESENTATION_CONTEXT('2D SPACE',''
  ) );
#1852 = PCURVE('',#270,#1853);
#1853 = DEFINITIONAL_REPRESENTATION('',(#1854),#1858);
#1854 = LINE('',#1855,#1856);
#1855 = CARTESIAN_POINT('',(0.,0.));
#1856 = VECTOR('',#1857,1.);
#1857 = DIRECTION('',(0.,-1.));
#1858 = ( GEOMETRIC_REPRESENTATION_CONTEXT(2) 
PARAMETRIC_REPRESENTATION_CONTEXT() REPRESENTATION_CONTEXT('2D SPACE',''
  ) );
#1859 = ORIENTED_EDGE('',*,*,#1860,.T.);
#1860 = EDGE_CURVE('',#1838,#1861,#1863,.T.);
#1861 = VERTEX_POINT('',#1862);
#1862 = CARTESIAN_POINT('',(31.980127018922,45.391204829279,-355.25));
#1863 = SURFACE_CURVE('',#1864,(#1868,#1875),.PCURVE_S1.);
#1864 = LINE('',#1865,#1866);
#1865 = CARTESIAN_POINT('',(30.230127018922,42.360115916034,-355.25));
#1866 = VECTOR('',#1867,1.);
#1867 = DIRECTION('',(0.5,0.866025403784,0.));
#1868 = PCURVE('',#71,#1869);
#1869 = DEFINITIONAL_REPRESENTATION('',(#1870),#1874);
#1870 = LINE('',#1871,#1872);
#1871 = CARTESIAN_POINT('',(30.230127018922,42.360115916034));
#1872 = VECTOR('',#1873,1.);
#1873 = DIRECTION('',(0.5,0.866025403784));
#1874 = ( GEOMETRIC_REPRESENTATION_CONTEXT(2) 
PARAMETRIC_REPRESENTATION_CONTEXT() REPRESENTATION_CONTEXT('2D SPACE',''
  ) );
#1875 = PCURVE('',#298,#1876);
#1876 = DEFINITIONAL_REPRESENTATION('',(#1877),#1881);
#1877 = LINE('',#1878,#1879);
#1878 = CARTESIAN_POINT('',(0.,0.));
#1879 = VECTOR('',#1880,1.);
#1880 = DIRECTION('',(0.,1.));
#1881 = ( GEOMETRIC_REPRESENTATION_CONTEXT(2) 
PARAMETRIC_REPRESENTATION_CONTEXT() REPRESENTATION_CONTEXT('2D SPACE',''
  ) );
#1882 = ORIENTED_EDGE('',*,*,#1883,.T.);
#1883 = EDGE_CURVE('',#1861,#1884,#1886,.T.);
#1884 = VERTEX_POINT('',#1885);
#1885 = CARTESIAN_POINT('',(23.319872981078,50.391204829279,-355.25));
#1886 = SURFACE_CURVE('',#1887,(#1891,#1898),.PCURVE_S1.);
#1887 = LINE('',#1888,#1889);
#1888 = CARTESIAN_POINT('',(31.980127018922,45.391204829279,-355.25));
#1889 = VECTOR('',#1890,1.);
#1890 = DIRECTION('',(-0.866025403784,0.5,0.));
#1891 = PCURVE('',#71,#1892);
#1892 = DEFINITIONAL_REPRESENTATION('',(#1893),#1897);
#1893 = LINE('',#1894,#1895);
#1894 = CARTESIAN_POINT('',(31.980127018922,45.391204829279));
#1895 = VECTOR('',#1896,1.);
#1896 = DIRECTION('',(-0.866025403784,0.5));
#1897 = ( GEOMETRIC_REPRESENTATION_CONTEXT(2) 
PARAMETRIC_REPRESENTATION_CONTEXT() REPRESENTATION_CONTEXT('2D SPACE',''
  ) );
#1898 = PCURVE('',#326,#1899);
#1899 = DEFINITIONAL_REPRESENTATION('',(#1900),#1904);
#1900 = LINE('',#1901,#1902);
#1901 = CARTESIAN_POINT('',(0.,0.));
#1902 = VECTOR('',#1903,1.);
#1903 = DIRECTION('',(0.,-1.));
#1904 = ( GEOMETRIC_REPRESENTATION_CONTEXT(2) 
PARAMETRIC_REPRESENTATION_CONTEXT() REPRESENTATION_CONTEXT('2D SPACE',''
  ) );
#1905 = ORIENTED_EDGE('',*,*,#1906,.F.);
#1906 = EDGE_CURVE('',#168,#1884,#1907,.T.);
#1907 = SURFACE_CURVE('',#1908,(#1912,#1919),.PCURVE_S1.);
#1908 = LINE('',#1909,#1910);
#1909 = CARTESIAN_POINT('',(21.569872981078,47.360115916034,-355.25));
#1910 = VECTOR('',#1911,1.);
#1911 = DIRECTION('',(0.5,0.866025403784,0.));
#1912 = PCURVE('',#71,#1913);
#1913 = DEFINITIONAL_REPRESENTATION('',(#1914),#1918);
#1914 = LINE('',#1915,#1916);
#1915 = CARTESIAN_POINT('',(21.569872981078,47.360115916034));
#1916 = VECTOR('',#1917,1.);
#1917 = DIRECTION('',(0.5,0.866025403784));
#1918 = ( GEOMETRIC_REPRESENTATION_CONTEXT(2) 
PARAMETRIC_REPRESENTATION_CONTEXT() REPRESENTATION_CONTEXT('2D SPACE',''
  ) );
#1919 = PCURVE('',#204,#1920);
#1920 = DEFINITIONAL_REPRESENTATION('',(#1921),#1925);
#1921 = LINE('',#1922,#1923);
#1922 = CARTESIAN_POINT('',(0.,0.));
#1923 = VECTOR('',#1924,1.);
#1924 = DIRECTION('',(0.,1.));
#1925 = ( GEOMETRIC_REPRESENTATION_CONTEXT(2) 
PARAMETRIC_REPRESENTATION_CONTEXT() REPRESENTATION_CONTEXT('2D SPACE',''
  ) );
#1926 = FACE_BOUND('',#1927,.F.);
#1927 = EDGE_LOOP('',(#1928,#1956,#1982,#2008));
#1928 = ORIENTED_EDGE('',*,*,#1929,.T.);
#1929 = EDGE_CURVE('',#1930,#1932,#1934,.T.);
#1930 = VERTEX_POINT('',#1931);
#1931 = CARTESIAN_POINT('',(-13.5,-34.,-355.25));
#1932 = VERTEX_POINT('',#1933);
#1933 = CARTESIAN_POINT('',(-16.5,-34.,-355.25));
#1934 = SURFACE_CURVE('',#1935,(#1939,#1945),.PCURVE_S1.);
#1935 = LINE('',#1936,#1937);
#1936 = CARTESIAN_POINT('',(-8.25,-34.,-355.25));
#1937 = VECTOR('',#1938,1.);
#1938 = DIRECTION('',(-1.,-0.,0.));
#1939 = PCURVE('',#71,#1940);
#1940 = DEFINITIONAL_REPRESENTATION('',(#1941),#1944);
#1941 = B_SPLINE_CURVE_WITH_KNOTS('',1,(#1942,#1943),.UNSPECIFIED.,.F.,
  .F.,(2,2),(5.25,8.25),.PIECEWISE_BEZIER_KNOTS.);
#1942 = CARTESIAN_POINT('',(-13.5,-34.));
#1943 = CARTESIAN_POINT('',(-16.5,-34.));
#1944 = ( GEOMETRIC_REPRESENTATION_CONTEXT(2) 
PARAMETRIC_REPRESENTATION_CONTEXT() REPRESENTATION_CONTEXT('2D SPACE',''
  ) );
#1945 = PCURVE('',#1946,#1951);
#1946 = PLANE('',#1947);
#1947 = AXIS2_PLACEMENT_3D('',#1948,#1949,#1950);
#1948 = CARTESIAN_POINT('',(-16.5,-34.,-362.25));
#1949 = DIRECTION('',(-0.,1.,0.));
#1950 = DIRECTION('',(0.,0.,1.));
#1951 = DEFINITIONAL_REPRESENTATION('',(#1952),#1955);
#1952 = B_SPLINE_CURVE_WITH_KNOTS('',1,(#1953,#1954),.UNSPECIFIED.,.F.,
  .F.,(2,2),(5.25,8.25),.PIECEWISE_BEZIER_KNOTS.);
#1953 = CARTESIAN_POINT('',(7.,3.));
#1954 = CARTESIAN_POINT('',(7.,0.));
#1955 = ( GEOMETRIC_REPRESENTATION_CONTEXT(2) 
PARAMETRIC_REPRESENTATION_CONTEXT() REPRESENTATION_CONTEXT('2D SPACE',''
  ) );
#1956 = ORIENTED_EDGE('',*,*,#1957,.T.);
#1957 = EDGE_CURVE('',#1932,#1958,#1960,.T.);
#1958 = VERTEX_POINT('',#1959);
#1959 = CARTESIAN_POINT('',(-16.5,-31.,-355.25));
#1960 = SURFACE_CURVE('',#1961,(#1965,#1971),.PCURVE_S1.);
#1961 = LINE('',#1962,#1963);
#1962 = CARTESIAN_POINT('',(-16.5,-17.,-355.25));
#1963 = VECTOR('',#1964,1.);
#1964 = DIRECTION('',(-0.,1.,0.));
#1965 = PCURVE('',#71,#1966);
#1966 = DEFINITIONAL_REPRESENTATION('',(#1967),#1970);
#1967 = B_SPLINE_CURVE_WITH_KNOTS('',1,(#1968,#1969),.UNSPECIFIED.,.F.,
  .F.,(2,2),(-17.,-14.),.PIECEWISE_BEZIER_KNOTS.);
#1968 = CARTESIAN_POINT('',(-16.5,-34.));
#1969 = CARTESIAN_POINT('',(-16.5,-31.));
#1970 = ( GEOMETRIC_REPRESENTATION_CONTEXT(2) 
PARAMETRIC_REPRESENTATION_CONTEXT() REPRESENTATION_CONTEXT('2D SPACE',''
  ) );
#1971 = PCURVE('',#1972,#1977);
#1972 = PLANE('',#1973);
#1973 = AXIS2_PLACEMENT_3D('',#1974,#1975,#1976);
#1974 = CARTESIAN_POINT('',(-16.5,-34.,-362.25));
#1975 = DIRECTION('',(1.,0.,-0.));
#1976 = DIRECTION('',(0.,0.,1.));
#1977 = DEFINITIONAL_REPRESENTATION('',(#1978),#1981);
#1978 = B_SPLINE_CURVE_WITH_KNOTS('',1,(#1979,#1980),.UNSPECIFIED.,.F.,
  .F.,(2,2),(-17.,-14.),.PIECEWISE_BEZIER_KNOTS.);
#1979 = CARTESIAN_POINT('',(7.,0.));
#1980 = CARTESIAN_POINT('',(7.,-3.));
#1981 = ( GEOMETRIC_REPRESENTATION_CONTEXT(2) 
PARAMETRIC_REPRESENTATION_CONTEXT() REPRESENTATION_CONTEXT('2D SPACE',''
  ) );
#1982 = ORIENTED_EDGE('',*,*,#1983,.F.);
#1983 = EDGE_CURVE('',#1984,#1958,#1986,.T.);
#1984 = VERTEX_POINT('',#1985);
#1985 = CARTESIAN_POINT('',(-13.5,-31.,-355.25));
#1986 = SURFACE_CURVE('',#1987,(#1991,#1997),.PCURVE_S1.);
#1987 = LINE('',#1988,#1989);
#1988 = CARTESIAN_POINT('',(-8.25,-31.,-355.25));
#1989 = VECTOR('',#1990,1.);
#1990 = DIRECTION('',(-1.,-0.,0.));
#1991 = PCURVE('',#71,#1992);
#1992 = DEFINITIONAL_REPRESENTATION('',(#1993),#1996);
#1993 = B_SPLINE_CURVE_WITH_KNOTS('',1,(#1994,#1995),.UNSPECIFIED.,.F.,
  .F.,(2,2),(5.25,8.25),.PIECEWISE_BEZIER_KNOTS.);
#1994 = CARTESIAN_POINT('',(-13.5,-31.));
#1995 = CARTESIAN_POINT('',(-16.5,-31.));
#1996 = ( GEOMETRIC_REPRESENTATION_CONTEXT(2) 
PARAMETRIC_REPRESENTATION_CONTEXT() REPRESENTATION_CONTEXT('2D SPACE',''
  ) );
#1997 = PCURVE('',#1998,#2003);
#1998 = PLANE('',#1999);
#1999 = AXIS2_PLACEMENT_3D('',#2000,#2001,#2002);
#2000 = CARTESIAN_POINT('',(-16.5,-31.,-362.25));
#2001 = DIRECTION('',(-0.,1.,0.));
#2002 = DIRECTION('',(0.,0.,1.));
#2003 = DEFINITIONAL_REPRESENTATION('',(#2004),#2007);
#2004 = B_SPLINE_CURVE_WITH_KNOTS('',1,(#2005,#2006),.UNSPECIFIED.,.F.,
  .F.,(2,2),(5.25,8.25),.PIECEWISE_BEZIER_KNOTS.);
#2005 = CARTESIAN_POINT('',(7.,3.));
#2006 = CARTESIAN_POINT('',(7.,0.));
#2007 = ( GEOMETRIC_REPRESENTATION_CONTEXT(2) 
PARAMETRIC_REPRESENTATION_CONTEXT() REPRESENTATION_CONTEXT('2D SPACE',''
  ) );
#2008 = ORIENTED_EDGE('',*,*,#2009,.F.);
#2009 = EDGE_CURVE('',#1930,#1984,#2010,.T.);
#2010 = SURFACE_CURVE('',#2011,(#2015,#2021),.PCURVE_S1.);
#2011 = LINE('',#2012,#2013);
#2012 = CARTESIAN_POINT('',(-13.5,-17.,-355.25));
#2013 = VECTOR('',#2014,1.);
#2014 = DIRECTION('',(-0.,1.,0.));
#2015 = PCURVE('',#71,#2016);
#2016 = DEFINITIONAL_REPRESENTATION('',(#2017),#2020);
#2017 = B_SPLINE_CURVE_WITH_KNOTS('',1,(#2018,#2019),.UNSPECIFIED.,.F.,
  .F.,(2,2),(-17.,-14.),.PIECEWISE_BEZIER_KNOTS.);
#2018 = CARTESIAN_POINT('',(-13.5,-34.));
#2019 = CARTESIAN_POINT('',(-13.5,-31.));
#2020 = ( GEOMETRIC_REPRESENTATION_CONTEXT(2) 
PARAMETRIC_REPRESENTATION_CONTEXT() REPRESENTATION_CONTEXT('2D SPACE',''
  ) );
#2021 = PCURVE('',#2022,#2027);
#2022 = PLANE('',#2023);
#2023 = AXIS2_PLACEMENT_3D('',#2024,#2025,#2026);
#2024 = CARTESIAN_POINT('',(-13.5,-34.,-362.25));
#2025 = DIRECTION('',(1.,0.,-0.));
#2026 = DIRECTION('',(0.,0.,1.));
#2027 = DEFINITIONAL_REPRESENTATION('',(#2028),#2031);
#2028 = B_SPLINE_CURVE_WITH_KNOTS('',1,(#2029,#2030),.UNSPECIFIED.,.F.,
  .F.,(2,2),(-17.,-14.),.PIECEWISE_BEZIER_KNOTS.);
#2029 = CARTESIAN_POINT('',(7.,0.));
#2030 = CARTESIAN_POINT('',(7.,-3.));
#2031 = ( GEOMETRIC_REPRESENTATION_CONTEXT(2) 
PARAMETRIC_REPRESENTATION_CONTEXT() REPRESENTATION_CONTEXT('2D SPACE',''
  ) );
#2032 = FACE_BOUND('',#2033,.F.);
#2033 = EDGE_LOOP('',(#2034,#2060,#2082,#2106));
#2034 = ORIENTED_EDGE('',*,*,#2035,.F.);
#2035 = EDGE_CURVE('',#2036,#2038,#2040,.T.);
#2036 = VERTEX_POINT('',#2037);
#2037 = CARTESIAN_POINT('',(-33.39953771998,28.025539782333,-355.25));
#2038 = VERTEX_POINT('',#2039);
#2039 = CARTESIAN_POINT('',(-28.02553978233,-33.39953771998,-355.25));
#2040 = SURFACE_CURVE('',#2041,(#2046,#2053),.PCURVE_S1.);
#2041 = CIRCLE('',#2042,43.6);
#2042 = AXIS2_PLACEMENT_3D('',#2043,#2044,#2045);
#2043 = CARTESIAN_POINT('',(0.,0.,-355.25));
#2044 = DIRECTION('',(0.,0.,1.));
#2045 = DIRECTION('',(1.,0.,-0.));
#2046 = PCURVE('',#71,#2047);
#2047 = DEFINITIONAL_REPRESENTATION('',(#2048),#2052);
#2048 = CIRCLE('',#2049,43.6);
#2049 = AXIS2_PLACEMENT_2D('',#2050,#2051);
#2050 = CARTESIAN_POINT('',(0.,0.));
#2051 = DIRECTION('',(1.,0.));
#2052 = ( GEOMETRIC_REPRESENTATION_CONTEXT(2) 
PARAMETRIC_REPRESENTATION_CONTEXT() REPRESENTATION_CONTEXT('2D SPACE',''
  ) );
#2053 = PCURVE('',#688,#2054);
#2054 = DEFINITIONAL_REPRESENTATION('',(#2055),#2059);
#2055 = LINE('',#2056,#2057);
#2056 = CARTESIAN_POINT('',(0.,1.));
#2057 = VECTOR('',#2058,1.);
#2058 = DIRECTION('',(1.,0.));
#2059 = ( GEOMETRIC_REPRESENTATION_CONTEXT(2) 
PARAMETRIC_REPRESENTATION_CONTEXT() REPRESENTATION_CONTEXT('2D SPACE',''
  ) );
#2060 = ORIENTED_EDGE('',*,*,#2061,.T.);
#2061 = EDGE_CURVE('',#2036,#2062,#2064,.T.);
#2062 = VERTEX_POINT('',#2063);
#2063 = CARTESIAN_POINT('',(-31.02479994631,26.032898192305,-355.25));
#2064 = SURFACE_CURVE('',#2065,(#2069,#2076),.PCURVE_S1.);
#2065 = LINE('',#2066,#2067);
#2066 = CARTESIAN_POINT('',(0.,0.,-355.25));
#2067 = VECTOR('',#2068,1.);
#2068 = DIRECTION('',(0.766044443119,-0.642787609687,0.));
#2069 = PCURVE('',#71,#2070);
#2070 = DEFINITIONAL_REPRESENTATION('',(#2071),#2075);
#2071 = LINE('',#2072,#2073);
#2072 = CARTESIAN_POINT('',(0.,0.));
#2073 = VECTOR('',#2074,1.);
#2074 = DIRECTION('',(0.766044443119,-0.642787609687));
#2075 = ( GEOMETRIC_REPRESENTATION_CONTEXT(2) 
PARAMETRIC_REPRESENTATION_CONTEXT() REPRESENTATION_CONTEXT('2D SPACE',''
  ) );
#2076 = PCURVE('',#716,#2077);
#2077 = DEFINITIONAL_REPRESENTATION('',(#2078),#2081);
#2078 = B_SPLINE_CURVE_WITH_KNOTS('',1,(#2079,#2080),.UNSPECIFIED.,.F.,
  .F.,(2,2),(-43.6,-40.5),.PIECEWISE_BEZIER_KNOTS.);
#2079 = CARTESIAN_POINT('',(43.6,-3.));
#2080 = CARTESIAN_POINT('',(40.5,-3.));
#2081 = ( GEOMETRIC_REPRESENTATION_CONTEXT(2) 
PARAMETRIC_REPRESENTATION_CONTEXT() REPRESENTATION_CONTEXT('2D SPACE',''
  ) );
#2082 = ORIENTED_EDGE('',*,*,#2083,.T.);
#2083 = EDGE_CURVE('',#2062,#2084,#2086,.T.);
#2084 = VERTEX_POINT('',#2085);
#2085 = CARTESIAN_POINT('',(-26.0328981923,-31.02479994631,-355.25));
#2086 = SURFACE_CURVE('',#2087,(#2092,#2099),.PCURVE_S1.);
#2087 = CIRCLE('',#2088,40.5);
#2088 = AXIS2_PLACEMENT_3D('',#2089,#2090,#2091);
#2089 = CARTESIAN_POINT('',(0.,0.,-355.25));
#2090 = DIRECTION('',(0.,0.,1.));
#2091 = DIRECTION('',(1.,0.,-0.));
#2092 = PCURVE('',#71,#2093);
#2093 = DEFINITIONAL_REPRESENTATION('',(#2094),#2098);
#2094 = CIRCLE('',#2095,40.5);
#2095 = AXIS2_PLACEMENT_2D('',#2096,#2097);
#2096 = CARTESIAN_POINT('',(0.,0.));
#2097 = DIRECTION('',(1.,0.));
#2098 = ( GEOMETRIC_REPRESENTATION_CONTEXT(2) 
PARAMETRIC_REPRESENTATION_CONTEXT() REPRESENTATION_CONTEXT('2D SPACE',''
  ) );
#2099 = PCURVE('',#744,#2100);
#2100 = DEFINITIONAL_REPRESENTATION('',(#2101),#2105);
#2101 = LINE('',#2102,#2103);
#2102 = CARTESIAN_POINT('',(0.,2.));
#2103 = VECTOR('',#2104,1.);
#2104 = DIRECTION('',(1.,0.));
#2105 = ( GEOMETRIC_REPRESENTATION_CONTEXT(2) 
PARAMETRIC_REPRESENTATION_CONTEXT() REPRESENTATION_CONTEXT('2D SPACE',''
  ) );
#2106 = ORIENTED_EDGE('',*,*,#2107,.T.);
#2107 = EDGE_CURVE('',#2084,#2038,#2108,.T.);
#2108 = SURFACE_CURVE('',#2109,(#2113,#2120),.PCURVE_S1.);
#2109 = LINE('',#2110,#2111);
#2110 = CARTESIAN_POINT('',(-28.02553978233,-33.39953771998,-355.25));
#2111 = VECTOR('',#2112,1.);
#2112 = DIRECTION('',(-0.642787609687,-0.766044443119,0.));
#2113 = PCURVE('',#71,#2114);
#2114 = DEFINITIONAL_REPRESENTATION('',(#2115),#2119);
#2115 = LINE('',#2116,#2117);
#2116 = CARTESIAN_POINT('',(-28.02553978233,-33.39953771998));
#2117 = VECTOR('',#2118,1.);
#2118 = DIRECTION('',(-0.642787609687,-0.766044443119));
#2119 = ( GEOMETRIC_REPRESENTATION_CONTEXT(2) 
PARAMETRIC_REPRESENTATION_CONTEXT() REPRESENTATION_CONTEXT('2D SPACE',''
  ) );
#2120 = PCURVE('',#770,#2121);
#2121 = DEFINITIONAL_REPRESENTATION('',(#2122),#2125);
#2122 = B_SPLINE_CURVE_WITH_KNOTS('',1,(#2123,#2124),.UNSPECIFIED.,.F.,
  .F.,(2,2),(-3.1,-0.),.PIECEWISE_BEZIER_KNOTS.);
#2123 = CARTESIAN_POINT('',(46.7,-3.));
#2124 = CARTESIAN_POINT('',(43.6,-3.));
#2125 = ( GEOMETRIC_REPRESENTATION_CONTEXT(2) 
PARAMETRIC_REPRESENTATION_CONTEXT() REPRESENTATION_CONTEXT('2D SPACE',''
  ) );
#2126 = FACE_BOUND('',#2127,.F.);
#2127 = EDGE_LOOP('',(#2128,#2154,#2176,#2200));
#2128 = ORIENTED_EDGE('',*,*,#2129,.F.);
#2129 = EDGE_CURVE('',#2130,#2132,#2134,.T.);
#2130 = VERTEX_POINT('',#2131);
#2131 = CARTESIAN_POINT('',(-23.4,40.529988897112,-355.25));
#2132 = VERTEX_POINT('',#2133);
#2133 = CARTESIAN_POINT('',(-16.00654270764,-43.97761465278,-355.25));
#2134 = SURFACE_CURVE('',#2135,(#2140,#2147),.PCURVE_S1.);
#2135 = CIRCLE('',#2136,46.8);
#2136 = AXIS2_PLACEMENT_3D('',#2137,#2138,#2139);
#2137 = CARTESIAN_POINT('',(0.,0.,-355.25));
#2138 = DIRECTION('',(0.,0.,1.));
#2139 = DIRECTION('',(1.,0.,-0.));
#2140 = PCURVE('',#71,#2141);
#2141 = DEFINITIONAL_REPRESENTATION('',(#2142),#2146);
#2142 = CIRCLE('',#2143,46.8);
#2143 = AXIS2_PLACEMENT_2D('',#2144,#2145);
#2144 = CARTESIAN_POINT('',(0.,0.));
#2145 = DIRECTION('',(1.,0.));
#2146 = ( GEOMETRIC_REPRESENTATION_CONTEXT(2) 
PARAMETRIC_REPRESENTATION_CONTEXT() REPRESENTATION_CONTEXT('2D SPACE',''
  ) );
#2147 = PCURVE('',#802,#2148);
#2148 = DEFINITIONAL_REPRESENTATION('',(#2149),#2153);
#2149 = LINE('',#2150,#2151);
#2150 = CARTESIAN_POINT('',(0.,1.));
#2151 = VECTOR('',#2152,1.);
#2152 = DIRECTION('',(1.,0.));
#2153 = ( GEOMETRIC_REPRESENTATION_CONTEXT(2) 
PARAMETRIC_REPRESENTATION_CONTEXT() REPRESENTATION_CONTEXT('2D SPACE',''
  ) );
#2154 = ORIENTED_EDGE('',*,*,#2155,.T.);
#2155 = EDGE_CURVE('',#2130,#2156,#2158,.T.);
#2156 = VERTEX_POINT('',#2157);
#2157 = CARTESIAN_POINT('',(-22.85,39.577360952949,-355.25));
#2158 = SURFACE_CURVE('',#2159,(#2163,#2170),.PCURVE_S1.);
#2159 = LINE('',#2160,#2161);
#2160 = CARTESIAN_POINT('',(0.,0.,-355.25));
#2161 = VECTOR('',#2162,1.);
#2162 = DIRECTION('',(0.5,-0.866025403784,0.));
#2163 = PCURVE('',#71,#2164);
#2164 = DEFINITIONAL_REPRESENTATION('',(#2165),#2169);
#2165 = LINE('',#2166,#2167);
#2166 = CARTESIAN_POINT('',(0.,0.));
#2167 = VECTOR('',#2168,1.);
#2168 = DIRECTION('',(0.5,-0.866025403784));
#2169 = ( GEOMETRIC_REPRESENTATION_CONTEXT(2) 
PARAMETRIC_REPRESENTATION_CONTEXT() REPRESENTATION_CONTEXT('2D SPACE',''
  ) );
#2170 = PCURVE('',#830,#2171);
#2171 = DEFINITIONAL_REPRESENTATION('',(#2172),#2175);
#2172 = B_SPLINE_CURVE_WITH_KNOTS('',1,(#2173,#2174),.UNSPECIFIED.,.F.,
  .F.,(2,2),(-46.8,-45.7),.PIECEWISE_BEZIER_KNOTS.);
#2173 = CARTESIAN_POINT('',(46.8,-3.));
#2174 = CARTESIAN_POINT('',(45.7,-3.));
#2175 = ( GEOMETRIC_REPRESENTATION_CONTEXT(2) 
PARAMETRIC_REPRESENTATION_CONTEXT() REPRESENTATION_CONTEXT('2D SPACE',''
  ) );
#2176 = ORIENTED_EDGE('',*,*,#2177,.T.);
#2177 = EDGE_CURVE('',#2156,#2178,#2180,.T.);
#2178 = VERTEX_POINT('',#2179);
#2179 = CARTESIAN_POINT('',(-15.63032054998,-42.94395276991,-355.25));
#2180 = SURFACE_CURVE('',#2181,(#2186,#2193),.PCURVE_S1.);
#2181 = CIRCLE('',#2182,45.7);
#2182 = AXIS2_PLACEMENT_3D('',#2183,#2184,#2185);
#2183 = CARTESIAN_POINT('',(0.,0.,-355.25));
#2184 = DIRECTION('',(0.,0.,1.));
#2185 = DIRECTION('',(1.,0.,-0.));
#2186 = PCURVE('',#71,#2187);
#2187 = DEFINITIONAL_REPRESENTATION('',(#2188),#2192);
#2188 = CIRCLE('',#2189,45.7);
#2189 = AXIS2_PLACEMENT_2D('',#2190,#2191);
#2190 = CARTESIAN_POINT('',(0.,0.));
#2191 = DIRECTION('',(1.,0.));
#2192 = ( GEOMETRIC_REPRESENTATION_CONTEXT(2) 
PARAMETRIC_REPRESENTATION_CONTEXT() REPRESENTATION_CONTEXT('2D SPACE',''
  ) );
#2193 = PCURVE('',#858,#2194);
#2194 = DEFINITIONAL_REPRESENTATION('',(#2195),#2199);
#2195 = LINE('',#2196,#2197);
#2196 = CARTESIAN_POINT('',(0.,2.));
#2197 = VECTOR('',#2198,1.);
#2198 = DIRECTION('',(1.,0.));
#2199 = ( GEOMETRIC_REPRESENTATION_CONTEXT(2) 
PARAMETRIC_REPRESENTATION_CONTEXT() REPRESENTATION_CONTEXT('2D SPACE',''
  ) );
#2200 = ORIENTED_EDGE('',*,*,#2201,.T.);
#2201 = EDGE_CURVE('',#2178,#2132,#2202,.T.);
#2202 = SURFACE_CURVE('',#2203,(#2207,#2214),.PCURVE_S1.);
#2203 = LINE('',#2204,#2205);
#2204 = CARTESIAN_POINT('',(-16.00654270764,-43.97761465278,-355.25));
#2205 = VECTOR('',#2206,1.);
#2206 = DIRECTION('',(-0.342020143326,-0.939692620786,0.));
#2207 = PCURVE('',#71,#2208);
#2208 = DEFINITIONAL_REPRESENTATION('',(#2209),#2213);
#2209 = LINE('',#2210,#2211);
#2210 = CARTESIAN_POINT('',(-16.00654270764,-43.97761465278));
#2211 = VECTOR('',#2212,1.);
#2212 = DIRECTION('',(-0.342020143326,-0.939692620786));
#2213 = ( GEOMETRIC_REPRESENTATION_CONTEXT(2) 
PARAMETRIC_REPRESENTATION_CONTEXT() REPRESENTATION_CONTEXT('2D SPACE',''
  ) );
#2214 = PCURVE('',#884,#2215);
#2215 = DEFINITIONAL_REPRESENTATION('',(#2216),#2219);
#2216 = B_SPLINE_CURVE_WITH_KNOTS('',1,(#2217,#2218),.UNSPECIFIED.,.F.,
  .F.,(2,2),(-1.1,1.42108547152E-14),.PIECEWISE_BEZIER_KNOTS.);
#2217 = CARTESIAN_POINT('',(47.9,-3.));
#2218 = CARTESIAN_POINT('',(46.8,-3.));
#2219 = ( GEOMETRIC_REPRESENTATION_CONTEXT(2) 
PARAMETRIC_REPRESENTATION_CONTEXT() REPRESENTATION_CONTEXT('2D SPACE',''
  ) );
#2220 = FACE_BOUND('',#2221,.F.);
#2221 = EDGE_LOOP('',(#2222,#2248,#2270,#2294));
#2222 = ORIENTED_EDGE('',*,*,#2223,.F.);
#2223 = EDGE_CURVE('',#2224,#2226,#2228,.T.);
#2224 = VERTEX_POINT('',#2225);
#2225 = CARTESIAN_POINT('',(-18.00204441329,15.105508827634,-355.25));
#2226 = VERTEX_POINT('',#2227);
#2227 = CARTESIAN_POINT('',(-15.10550882763,-18.00204441329,-355.25));
#2228 = SURFACE_CURVE('',#2229,(#2234,#2241),.PCURVE_S1.);
#2229 = CIRCLE('',#2230,23.5);
#2230 = AXIS2_PLACEMENT_3D('',#2231,#2232,#2233);
#2231 = CARTESIAN_POINT('',(0.,0.,-355.25));
#2232 = DIRECTION('',(0.,0.,1.));
#2233 = DIRECTION('',(1.,0.,-0.));
#2234 = PCURVE('',#71,#2235);
#2235 = DEFINITIONAL_REPRESENTATION('',(#2236),#2240);
#2236 = CIRCLE('',#2237,23.5);
#2237 = AXIS2_PLACEMENT_2D('',#2238,#2239);
#2238 = CARTESIAN_POINT('',(0.,0.));
#2239 = DIRECTION('',(1.,0.));
#2240 = ( GEOMETRIC_REPRESENTATION_CONTEXT(2) 
PARAMETRIC_REPRESENTATION_CONTEXT() REPRESENTATION_CONTEXT('2D SPACE',''
  ) );
#2241 = PCURVE('',#916,#2242);
#2242 = DEFINITIONAL_REPRESENTATION('',(#2243),#2247);
#2243 = LINE('',#2244,#2245);
#2244 = CARTESIAN_POINT('',(0.,1.));
#2245 = VECTOR('',#2246,1.);
#2246 = DIRECTION('',(1.,0.));
#2247 = ( GEOMETRIC_REPRESENTATION_CONTEXT(2) 
PARAMETRIC_REPRESENTATION_CONTEXT() REPRESENTATION_CONTEXT('2D SPACE',''
  ) );
#2248 = ORIENTED_EDGE('',*,*,#2249,.T.);
#2249 = EDGE_CURVE('',#2224,#2250,#2252,.T.);
#2250 = VERTEX_POINT('',#2251);
#2251 = CARTESIAN_POINT('',(-14.93786664082,12.534358388888,-355.25));
#2252 = SURFACE_CURVE('',#2253,(#2257,#2264),.PCURVE_S1.);
#2253 = LINE('',#2254,#2255);
#2254 = CARTESIAN_POINT('',(0.,0.,-355.25));
#2255 = VECTOR('',#2256,1.);
#2256 = DIRECTION('',(0.766044443119,-0.642787609687,0.));
#2257 = PCURVE('',#71,#2258);
#2258 = DEFINITIONAL_REPRESENTATION('',(#2259),#2263);
#2259 = LINE('',#2260,#2261);
#2260 = CARTESIAN_POINT('',(0.,0.));
#2261 = VECTOR('',#2262,1.);
#2262 = DIRECTION('',(0.766044443119,-0.642787609687));
#2263 = ( GEOMETRIC_REPRESENTATION_CONTEXT(2) 
PARAMETRIC_REPRESENTATION_CONTEXT() REPRESENTATION_CONTEXT('2D SPACE',''
  ) );
#2264 = PCURVE('',#944,#2265);
#2265 = DEFINITIONAL_REPRESENTATION('',(#2266),#2269);
#2266 = B_SPLINE_CURVE_WITH_KNOTS('',1,(#2267,#2268),.UNSPECIFIED.,.F.,
  .F.,(2,2),(-23.5,-19.5),.PIECEWISE_BEZIER_KNOTS.);
#2267 = CARTESIAN_POINT('',(23.5,-3.));
#2268 = CARTESIAN_POINT('',(19.5,-3.));
#2269 = ( GEOMETRIC_REPRESENTATION_CONTEXT(2) 
PARAMETRIC_REPRESENTATION_CONTEXT() REPRESENTATION_CONTEXT('2D SPACE',''
  ) );
#2270 = ORIENTED_EDGE('',*,*,#2271,.T.);
#2271 = EDGE_CURVE('',#2250,#2272,#2274,.T.);
#2272 = VERTEX_POINT('',#2273);
#2273 = CARTESIAN_POINT('',(-12.53435838888,-14.93786664082,-355.25));
#2274 = SURFACE_CURVE('',#2275,(#2280,#2287),.PCURVE_S1.);
#2275 = CIRCLE('',#2276,19.5);
#2276 = AXIS2_PLACEMENT_3D('',#2277,#2278,#2279);
#2277 = CARTESIAN_POINT('',(0.,0.,-355.25));
#2278 = DIRECTION('',(0.,0.,1.));
#2279 = DIRECTION('',(1.,0.,-0.));
#2280 = PCURVE('',#71,#2281);
#2281 = DEFINITIONAL_REPRESENTATION('',(#2282),#2286);
#2282 = CIRCLE('',#2283,19.5);
#2283 = AXIS2_PLACEMENT_2D('',#2284,#2285);
#2284 = CARTESIAN_POINT('',(0.,0.));
#2285 = DIRECTION('',(1.,0.));
#2286 = ( GEOMETRIC_REPRESENTATION_CONTEXT(2) 
PARAMETRIC_REPRESENTATION_CONTEXT() REPRESENTATION_CONTEXT('2D SPACE',''
  ) );
#2287 = PCURVE('',#972,#2288);
#2288 = DEFINITIONAL_REPRESENTATION('',(#2289),#2293);
#2289 = LINE('',#2290,#2291);
#2290 = CARTESIAN_POINT('',(0.,2.));
#2291 = VECTOR('',#2292,1.);
#2292 = DIRECTION('',(1.,0.));
#2293 = ( GEOMETRIC_REPRESENTATION_CONTEXT(2) 
PARAMETRIC_REPRESENTATION_CONTEXT() REPRESENTATION_CONTEXT('2D SPACE',''
  ) );
#2294 = ORIENTED_EDGE('',*,*,#2295,.T.);
#2295 = EDGE_CURVE('',#2272,#2226,#2296,.T.);
#2296 = SURFACE_CURVE('',#2297,(#2301,#2308),.PCURVE_S1.);
#2297 = LINE('',#2298,#2299);
#2298 = CARTESIAN_POINT('',(-15.10550882763,-18.00204441329,-355.25));
#2299 = VECTOR('',#2300,1.);
#2300 = DIRECTION('',(-0.642787609687,-0.766044443119,0.));
#2301 = PCURVE('',#71,#2302);
#2302 = DEFINITIONAL_REPRESENTATION('',(#2303),#2307);
#2303 = LINE('',#2304,#2305);
#2304 = CARTESIAN_POINT('',(-15.10550882763,-18.00204441329));
#2305 = VECTOR('',#2306,1.);
#2306 = DIRECTION('',(-0.642787609687,-0.766044443119));
#2307 = ( GEOMETRIC_REPRESENTATION_CONTEXT(2) 
PARAMETRIC_REPRESENTATION_CONTEXT() REPRESENTATION_CONTEXT('2D SPACE',''
  ) );
#2308 = PCURVE('',#998,#2309);
#2309 = DEFINITIONAL_REPRESENTATION('',(#2310),#2313);
#2310 = B_SPLINE_CURVE_WITH_KNOTS('',1,(#2311,#2312),.UNSPECIFIED.,.F.,
  .F.,(2,2),(-4.,3.552713678801E-15),.PIECEWISE_BEZIER_KNOTS.);
#2311 = CARTESIAN_POINT('',(27.5,-3.));
#2312 = CARTESIAN_POINT('',(23.5,-3.));
#2313 = ( GEOMETRIC_REPRESENTATION_CONTEXT(2) 
PARAMETRIC_REPRESENTATION_CONTEXT() REPRESENTATION_CONTEXT('2D SPACE',''
  ) );
#2314 = FACE_BOUND('',#2315,.F.);
#2315 = EDGE_LOOP('',(#2316,#2344,#2370,#2396));
#2316 = ORIENTED_EDGE('',*,*,#2317,.T.);
#2317 = EDGE_CURVE('',#2318,#2320,#2322,.T.);
#2318 = VERTEX_POINT('',#2319);
#2319 = CARTESIAN_POINT('',(1.5,-39.5,-355.25));
#2320 = VERTEX_POINT('',#2321);
#2321 = CARTESIAN_POINT('',(-1.5,-39.5,-355.25));
#2322 = SURFACE_CURVE('',#2323,(#2327,#2333),.PCURVE_S1.);
#2323 = LINE('',#2324,#2325);
#2324 = CARTESIAN_POINT('',(-0.75,-39.5,-355.25));
#2325 = VECTOR('',#2326,1.);
#2326 = DIRECTION('',(-1.,-0.,0.));
#2327 = PCURVE('',#71,#2328);
#2328 = DEFINITIONAL_REPRESENTATION('',(#2329),#2332);
#2329 = B_SPLINE_CURVE_WITH_KNOTS('',1,(#2330,#2331),.UNSPECIFIED.,.F.,
  .F.,(2,2),(-2.25,0.75),.PIECEWISE_BEZIER_KNOTS.);
#2330 = CARTESIAN_POINT('',(1.5,-39.5));
#2331 = CARTESIAN_POINT('',(-1.5,-39.5));
#2332 = ( GEOMETRIC_REPRESENTATION_CONTEXT(2) 
PARAMETRIC_REPRESENTATION_CONTEXT() REPRESENTATION_CONTEXT('2D SPACE',''
  ) );
#2333 = PCURVE('',#2334,#2339);
#2334 = PLANE('',#2335);
#2335 = AXIS2_PLACEMENT_3D('',#2336,#2337,#2338);
#2336 = CARTESIAN_POINT('',(-1.5,-39.5,-362.25));
#2337 = DIRECTION('',(-0.,1.,0.));
#2338 = DIRECTION('',(0.,0.,1.));
#2339 = DEFINITIONAL_REPRESENTATION('',(#2340),#2343);
#2340 = B_SPLINE_CURVE_WITH_KNOTS('',1,(#2341,#2342),.UNSPECIFIED.,.F.,
  .F.,(2,2),(-2.25,0.75),.PIECEWISE_BEZIER_KNOTS.);
#2341 = CARTESIAN_POINT('',(7.,3.));
#2342 = CARTESIAN_POINT('',(7.,0.));
#2343 = ( GEOMETRIC_REPRESENTATION_CONTEXT(2) 
PARAMETRIC_REPRESENTATION_CONTEXT() REPRESENTATION_CONTEXT('2D SPACE',''
  ) );
#2344 = ORIENTED_EDGE('',*,*,#2345,.T.);
#2345 = EDGE_CURVE('',#2320,#2346,#2348,.T.);
#2346 = VERTEX_POINT('',#2347);
#2347 = CARTESIAN_POINT('',(-1.5,-36.5,-355.25));
#2348 = SURFACE_CURVE('',#2349,(#2353,#2359),.PCURVE_S1.);
#2349 = LINE('',#2350,#2351);
#2350 = CARTESIAN_POINT('',(-1.5,-19.75,-355.25));
#2351 = VECTOR('',#2352,1.);
#2352 = DIRECTION('',(-0.,1.,0.));
#2353 = PCURVE('',#71,#2354);
#2354 = DEFINITIONAL_REPRESENTATION('',(#2355),#2358);
#2355 = B_SPLINE_CURVE_WITH_KNOTS('',1,(#2356,#2357),.UNSPECIFIED.,.F.,
  .F.,(2,2),(-19.75,-16.75),.PIECEWISE_BEZIER_KNOTS.);
#2356 = CARTESIAN_POINT('',(-1.5,-39.5));
#2357 = CARTESIAN_POINT('',(-1.5,-36.5));
#2358 = ( GEOMETRIC_REPRESENTATION_CONTEXT(2) 
PARAMETRIC_REPRESENTATION_CONTEXT() REPRESENTATION_CONTEXT('2D SPACE',''
  ) );
#2359 = PCURVE('',#2360,#2365);
#2360 = PLANE('',#2361);
#2361 = AXIS2_PLACEMENT_3D('',#2362,#2363,#2364);
#2362 = CARTESIAN_POINT('',(-1.5,-39.5,-362.25));
#2363 = DIRECTION('',(1.,0.,-0.));
#2364 = DIRECTION('',(0.,0.,1.));
#2365 = DEFINITIONAL_REPRESENTATION('',(#2366),#2369);
#2366 = B_SPLINE_CURVE_WITH_KNOTS('',1,(#2367,#2368),.UNSPECIFIED.,.F.,
  .F.,(2,2),(-19.75,-16.75),.PIECEWISE_BEZIER_KNOTS.);
#2367 = CARTESIAN_POINT('',(7.,0.));
#2368 = CARTESIAN_POINT('',(7.,-3.));
#2369 = ( GEOMETRIC_REPRESENTATION_CONTEXT(2) 
PARAMETRIC_REPRESENTATION_CONTEXT() REPRESENTATION_CONTEXT('2D SPACE',''
  ) );
#2370 = ORIENTED_EDGE('',*,*,#2371,.F.);
#2371 = EDGE_CURVE('',#2372,#2346,#2374,.T.);
#2372 = VERTEX_POINT('',#2373);
#2373 = CARTESIAN_POINT('',(1.5,-36.5,-355.25));
#2374 = SURFACE_CURVE('',#2375,(#2379,#2385),.PCURVE_S1.);
#2375 = LINE('',#2376,#2377);
#2376 = CARTESIAN_POINT('',(-0.75,-36.5,-355.25));
#2377 = VECTOR('',#2378,1.);
#2378 = DIRECTION('',(-1.,-0.,0.));
#2379 = PCURVE('',#71,#2380);
#2380 = DEFINITIONAL_REPRESENTATION('',(#2381),#2384);
#2381 = B_SPLINE_CURVE_WITH_KNOTS('',1,(#2382,#2383),.UNSPECIFIED.,.F.,
  .F.,(2,2),(-2.25,0.75),.PIECEWISE_BEZIER_KNOTS.);
#2382 = CARTESIAN_POINT('',(1.5,-36.5));
#2383 = CARTESIAN_POINT('',(-1.5,-36.5));
#2384 = ( GEOMETRIC_REPRESENTATION_CONTEXT(2) 
PARAMETRIC_REPRESENTATION_CONTEXT() REPRESENTATION_CONTEXT('2D SPACE',''
  ) );
#2385 = PCURVE('',#2386,#2391);
#2386 = PLANE('',#2387);
#2387 = AXIS2_PLACEMENT_3D('',#2388,#2389,#2390);
#2388 = CARTESIAN_POINT('',(-1.5,-36.5,-362.25));
#2389 = DIRECTION('',(-0.,1.,0.));
#2390 = DIRECTION('',(0.,0.,1.));
#2391 = DEFINITIONAL_REPRESENTATION('',(#2392),#2395);
#2392 = B_SPLINE_CURVE_WITH_KNOTS('',1,(#2393,#2394),.UNSPECIFIED.,.F.,
  .F.,(2,2),(-2.25,0.75),.PIECEWISE_BEZIER_KNOTS.);
#2393 = CARTESIAN_POINT('',(7.,3.));
#2394 = CARTESIAN_POINT('',(7.,0.));
#2395 = ( GEOMETRIC_REPRESENTATION_CONTEXT(2) 
PARAMETRIC_REPRESENTATION_CONTEXT() REPRESENTATION_CONTEXT('2D SPACE',''
  ) );
#2396 = ORIENTED_EDGE('',*,*,#2397,.F.);
#2397 = EDGE_CURVE('',#2318,#2372,#2398,.T.);
#2398 = SURFACE_CURVE('',#2399,(#2403,#2409),.PCURVE_S1.);
#2399 = LINE('',#2400,#2401);
#2400 = CARTESIAN_POINT('',(1.5,-19.75,-355.25));
#2401 = VECTOR('',#2402,1.);
#2402 = DIRECTION('',(-0.,1.,0.));
#2403 = PCURVE('',#71,#2404);
#2404 = DEFINITIONAL_REPRESENTATION('',(#2405),#2408);
#2405 = B_SPLINE_CURVE_WITH_KNOTS('',1,(#2406,#2407),.UNSPECIFIED.,.F.,
  .F.,(2,2),(-19.75,-16.75),.PIECEWISE_BEZIER_KNOTS.);
#2406 = CARTESIAN_POINT('',(1.5,-39.5));
#2407 = CARTESIAN_POINT('',(1.5,-36.5));
#2408 = ( GEOMETRIC_REPRESENTATION_CONTEXT(2) 
PARAMETRIC_REPRESENTATION_CONTEXT() REPRESENTATION_CONTEXT('2D SPACE',''
  ) );
#2409 = PCURVE('',#2410,#2415);
#2410 = PLANE('',#2411);
#2411 = AXIS2_PLACEMENT_3D('',#2412,#2413,#2414);
#2412 = CARTESIAN_POINT('',(1.5,-39.5,-362.25));
#2413 = DIRECTION('',(1.,0.,-0.));
#2414 = DIRECTION('',(0.,0.,1.));
#2415 = DEFINITIONAL_REPRESENTATION('',(#2416),#2419);
#2416 = B_SPLINE_CURVE_WITH_KNOTS('',1,(#2417,#2418),.UNSPECIFIED.,.F.,
  .F.,(2,2),(-19.75,-16.75),.PIECEWISE_BEZIER_KNOTS.);
#2417 = CARTESIAN_POINT('',(7.,0.));
#2418 = CARTESIAN_POINT('',(7.,-3.));
#2419 = ( GEOMETRIC_REPRESENTATION_CONTEXT(2) 
PARAMETRIC_REPRESENTATION_CONTEXT() REPRESENTATION_CONTEXT('2D SPACE',''
  ) );
#2420 = FACE_BOUND('',#2421,.F.);
#2421 = EDGE_LOOP('',(#2422,#2450,#2476,#2502));
#2422 = ORIENTED_EDGE('',*,*,#2423,.T.);
#2423 = EDGE_CURVE('',#2424,#2426,#2428,.T.);
#2424 = VERTEX_POINT('',#2425);
#2425 = CARTESIAN_POINT('',(11.5,-34.,-355.25));
#2426 = VERTEX_POINT('',#2427);
#2427 = CARTESIAN_POINT('',(8.5,-34.,-355.25));
#2428 = SURFACE_CURVE('',#2429,(#2433,#2439),.PCURVE_S1.);
#2429 = LINE('',#2430,#2431);
#2430 = CARTESIAN_POINT('',(4.25,-34.,-355.25));
#2431 = VECTOR('',#2432,1.);
#2432 = DIRECTION('',(-1.,-0.,0.));
#2433 = PCURVE('',#71,#2434);
#2434 = DEFINITIONAL_REPRESENTATION('',(#2435),#2438);
#2435 = B_SPLINE_CURVE_WITH_KNOTS('',1,(#2436,#2437),.UNSPECIFIED.,.F.,
  .F.,(2,2),(-7.25,-4.25),.PIECEWISE_BEZIER_KNOTS.);
#2436 = CARTESIAN_POINT('',(11.5,-34.));
#2437 = CARTESIAN_POINT('',(8.5,-34.));
#2438 = ( GEOMETRIC_REPRESENTATION_CONTEXT(2) 
PARAMETRIC_REPRESENTATION_CONTEXT() REPRESENTATION_CONTEXT('2D SPACE',''
  ) );
#2439 = PCURVE('',#2440,#2445);
#2440 = PLANE('',#2441);
#2441 = AXIS2_PLACEMENT_3D('',#2442,#2443,#2444);
#2442 = CARTESIAN_POINT('',(8.5,-34.,-362.25));
#2443 = DIRECTION('',(-0.,1.,0.));
#2444 = DIRECTION('',(0.,0.,1.));
#2445 = DEFINITIONAL_REPRESENTATION('',(#2446),#2449);
#2446 = B_SPLINE_CURVE_WITH_KNOTS('',1,(#2447,#2448),.UNSPECIFIED.,.F.,
  .F.,(2,2),(-7.25,-4.25),.PIECEWISE_BEZIER_KNOTS.);
#2447 = CARTESIAN_POINT('',(7.,3.));
#2448 = CARTESIAN_POINT('',(7.,0.));
#2449 = ( GEOMETRIC_REPRESENTATION_CONTEXT(2) 
PARAMETRIC_REPRESENTATION_CONTEXT() REPRESENTATION_CONTEXT('2D SPACE',''
  ) );
#2450 = ORIENTED_EDGE('',*,*,#2451,.T.);
#2451 = EDGE_CURVE('',#2426,#2452,#2454,.T.);
#2452 = VERTEX_POINT('',#2453);
#2453 = CARTESIAN_POINT('',(8.5,-31.,-355.25));
#2454 = SURFACE_CURVE('',#2455,(#2459,#2465),.PCURVE_S1.);
#2455 = LINE('',#2456,#2457);
#2456 = CARTESIAN_POINT('',(8.5,-17.,-355.25));
#2457 = VECTOR('',#2458,1.);
#2458 = DIRECTION('',(-0.,1.,0.));
#2459 = PCURVE('',#71,#2460);
#2460 = DEFINITIONAL_REPRESENTATION('',(#2461),#2464);
#2461 = B_SPLINE_CURVE_WITH_KNOTS('',1,(#2462,#2463),.UNSPECIFIED.,.F.,
  .F.,(2,2),(-17.,-14.),.PIECEWISE_BEZIER_KNOTS.);
#2462 = CARTESIAN_POINT('',(8.5,-34.));
#2463 = CARTESIAN_POINT('',(8.5,-31.));
#2464 = ( GEOMETRIC_REPRESENTATION_CONTEXT(2) 
PARAMETRIC_REPRESENTATION_CONTEXT() REPRESENTATION_CONTEXT('2D SPACE',''
  ) );
#2465 = PCURVE('',#2466,#2471);
#2466 = PLANE('',#2467);
#2467 = AXIS2_PLACEMENT_3D('',#2468,#2469,#2470);
#2468 = CARTESIAN_POINT('',(8.5,-34.,-362.25));
#2469 = DIRECTION('',(1.,0.,-0.));
#2470 = DIRECTION('',(0.,0.,1.));
#2471 = DEFINITIONAL_REPRESENTATION('',(#2472),#2475);
#2472 = B_SPLINE_CURVE_WITH_KNOTS('',1,(#2473,#2474),.UNSPECIFIED.,.F.,
  .F.,(2,2),(-17.,-14.),.PIECEWISE_BEZIER_KNOTS.);
#2473 = CARTESIAN_POINT('',(7.,0.));
#2474 = CARTESIAN_POINT('',(7.,-3.));
#2475 = ( GEOMETRIC_REPRESENTATION_CONTEXT(2) 
PARAMETRIC_REPRESENTATION_CONTEXT() REPRESENTATION_CONTEXT('2D SPACE',''
  ) );
#2476 = ORIENTED_EDGE('',*,*,#2477,.F.);
#2477 = EDGE_CURVE('',#2478,#2452,#2480,.T.);
#2478 = VERTEX_POINT('',#2479);
#2479 = CARTESIAN_POINT('',(11.5,-31.,-355.25));
#2480 = SURFACE_CURVE('',#2481,(#2485,#2491),.PCURVE_S1.);
#2481 = LINE('',#2482,#2483);
#2482 = CARTESIAN_POINT('',(4.25,-31.,-355.25));
#2483 = VECTOR('',#2484,1.);
#2484 = DIRECTION('',(-1.,-0.,0.));
#2485 = PCURVE('',#71,#2486);
#2486 = DEFINITIONAL_REPRESENTATION('',(#2487),#2490);
#2487 = B_SPLINE_CURVE_WITH_KNOTS('',1,(#2488,#2489),.UNSPECIFIED.,.F.,
  .F.,(2,2),(-7.25,-4.25),.PIECEWISE_BEZIER_KNOTS.);
#2488 = CARTESIAN_POINT('',(11.5,-31.));
#2489 = CARTESIAN_POINT('',(8.5,-31.));
#2490 = ( GEOMETRIC_REPRESENTATION_CONTEXT(2) 
PARAMETRIC_REPRESENTATION_CONTEXT() REPRESENTATION_CONTEXT('2D SPACE',''
  ) );
#2491 = PCURVE('',#2492,#2497);
#2492 = PLANE('',#2493);
#2493 = AXIS2_PLACEMENT_3D('',#2494,#2495,#2496);
#2494 = CARTESIAN_POINT('',(8.5,-31.,-362.25));
#2495 = DIRECTION('',(-0.,1.,0.));
#2496 = DIRECTION('',(0.,0.,1.));
#2497 = DEFINITIONAL_REPRESENTATION('',(#2498),#2501);
#2498 = B_SPLINE_CURVE_WITH_KNOTS('',1,(#2499,#2500),.UNSPECIFIED.,.F.,
  .F.,(2,2),(-7.25,-4.25),.PIECEWISE_BEZIER_KNOTS.);
#2499 = CARTESIAN_POINT('',(7.,3.));
#2500 = CARTESIAN_POINT('',(7.,0.));
#2501 = ( GEOMETRIC_REPRESENTATION_CONTEXT(2) 
PARAMETRIC_REPRESENTATION_CONTEXT() REPRESENTATION_CONTEXT('2D SPACE',''
  ) );
#2502 = ORIENTED_EDGE('',*,*,#2503,.F.);
#2503 = EDGE_CURVE('',#2424,#2478,#2504,.T.);
#2504 = SURFACE_CURVE('',#2505,(#2509,#2515),.PCURVE_S1.);
#2505 = LINE('',#2506,#2507);
#2506 = CARTESIAN_POINT('',(11.5,-17.,-355.25));
#2507 = VECTOR('',#2508,1.);
#2508 = DIRECTION('',(-0.,1.,0.));
#2509 = PCURVE('',#71,#2510);
#2510 = DEFINITIONAL_REPRESENTATION('',(#2511),#2514);
#2511 = B_SPLINE_CURVE_WITH_KNOTS('',1,(#2512,#2513),.UNSPECIFIED.,.F.,
  .F.,(2,2),(-17.,-14.),.PIECEWISE_BEZIER_KNOTS.);
#2512 = CARTESIAN_POINT('',(11.5,-34.));
#2513 = CARTESIAN_POINT('',(11.5,-31.));
#2514 = ( GEOMETRIC_REPRESENTATION_CONTEXT(2) 
PARAMETRIC_REPRESENTATION_CONTEXT() REPRESENTATION_CONTEXT('2D SPACE',''
  ) );
#2515 = PCURVE('',#2516,#2521);
#2516 = PLANE('',#2517);
#2517 = AXIS2_PLACEMENT_3D('',#2518,#2519,#2520);
#2518 = CARTESIAN_POINT('',(11.5,-34.,-362.25));
#2519 = DIRECTION('',(1.,0.,-0.));
#2520 = DIRECTION('',(0.,0.,1.));
#2521 = DEFINITIONAL_REPRESENTATION('',(#2522),#2525);
#2522 = B_SPLINE_CURVE_WITH_KNOTS('',1,(#2523,#2524),.UNSPECIFIED.,.F.,
  .F.,(2,2),(-17.,-14.),.PIECEWISE_BEZIER_KNOTS.);
#2523 = CARTESIAN_POINT('',(7.,0.));
#2524 = CARTESIAN_POINT('',(7.,-3.));
#2525 = ( GEOMETRIC_REPRESENTATION_CONTEXT(2) 
PARAMETRIC_REPRESENTATION_CONTEXT() REPRESENTATION_CONTEXT('2D SPACE',''
  ) );
#2526 = FACE_BOUND('',#2527,.F.);
#2527 = EDGE_LOOP('',(#2528,#2554,#2576,#2600));
#2528 = ORIENTED_EDGE('',*,*,#2529,.F.);
#2529 = EDGE_CURVE('',#2530,#2532,#2534,.T.);
#2530 = VERTEX_POINT('',#2531);
#2531 = CARTESIAN_POINT('',(-9.730267130271,-45.77730771434,-355.25));
#2532 = VERTEX_POINT('',#2533);
#2533 = CARTESIAN_POINT('',(44.987047369913,-12.89982825223,-355.25));
#2534 = SURFACE_CURVE('',#2535,(#2540,#2547),.PCURVE_S1.);
#2535 = CIRCLE('',#2536,46.8);
#2536 = AXIS2_PLACEMENT_3D('',#2537,#2538,#2539);
#2537 = CARTESIAN_POINT('',(0.,0.,-355.25));
#2538 = DIRECTION('',(0.,0.,1.));
#2539 = DIRECTION('',(1.,0.,-0.));
#2540 = PCURVE('',#71,#2541);
#2541 = DEFINITIONAL_REPRESENTATION('',(#2542),#2546);
#2542 = CIRCLE('',#2543,46.8);
#2543 = AXIS2_PLACEMENT_2D('',#2544,#2545);
#2544 = CARTESIAN_POINT('',(0.,0.));
#2545 = DIRECTION('',(1.,0.));
#2546 = ( GEOMETRIC_REPRESENTATION_CONTEXT(2) 
PARAMETRIC_REPRESENTATION_CONTEXT() REPRESENTATION_CONTEXT('2D SPACE',''
  ) );
#2547 = PCURVE('',#1030,#2548);
#2548 = DEFINITIONAL_REPRESENTATION('',(#2549),#2553);
#2549 = LINE('',#2550,#2551);
#2550 = CARTESIAN_POINT('',(0.,1.));
#2551 = VECTOR('',#2552,1.);
#2552 = DIRECTION('',(1.,0.));
#2553 = ( GEOMETRIC_REPRESENTATION_CONTEXT(2) 
PARAMETRIC_REPRESENTATION_CONTEXT() REPRESENTATION_CONTEXT('2D SPACE',''
  ) );
#2554 = ORIENTED_EDGE('',*,*,#2555,.T.);
#2555 = EDGE_CURVE('',#2530,#2556,#2558,.T.);
#2556 = VERTEX_POINT('',#2557);
#2557 = CARTESIAN_POINT('',(-9.501564270372,-44.70134535353,-355.25));
#2558 = SURFACE_CURVE('',#2559,(#2563,#2570),.PCURVE_S1.);
#2559 = LINE('',#2560,#2561);
#2560 = CARTESIAN_POINT('',(0.,0.,-355.25));
#2561 = VECTOR('',#2562,1.);
#2562 = DIRECTION('',(0.207911690818,0.978147600734,-0.));
#2563 = PCURVE('',#71,#2564);
#2564 = DEFINITIONAL_REPRESENTATION('',(#2565),#2569);
#2565 = LINE('',#2566,#2567);
#2566 = CARTESIAN_POINT('',(0.,0.));
#2567 = VECTOR('',#2568,1.);
#2568 = DIRECTION('',(0.207911690818,0.978147600734));
#2569 = ( GEOMETRIC_REPRESENTATION_CONTEXT(2) 
PARAMETRIC_REPRESENTATION_CONTEXT() REPRESENTATION_CONTEXT('2D SPACE',''
  ) );
#2570 = PCURVE('',#1058,#2571);
#2571 = DEFINITIONAL_REPRESENTATION('',(#2572),#2575);
#2572 = B_SPLINE_CURVE_WITH_KNOTS('',1,(#2573,#2574),.UNSPECIFIED.,.F.,
  .F.,(2,2),(-46.8,-45.7),.PIECEWISE_BEZIER_KNOTS.);
#2573 = CARTESIAN_POINT('',(46.8,-3.));
#2574 = CARTESIAN_POINT('',(45.7,-3.));
#2575 = ( GEOMETRIC_REPRESENTATION_CONTEXT(2) 
PARAMETRIC_REPRESENTATION_CONTEXT() REPRESENTATION_CONTEXT('2D SPACE',''
  ) );
#2576 = ORIENTED_EDGE('',*,*,#2577,.T.);
#2577 = EDGE_CURVE('',#2556,#2578,#2580,.T.);
#2578 = VERTEX_POINT('',#2579);
#2579 = CARTESIAN_POINT('',(43.929659504381,-12.59662716083,-355.25));
#2580 = SURFACE_CURVE('',#2581,(#2586,#2593),.PCURVE_S1.);
#2581 = CIRCLE('',#2582,45.7);
#2582 = AXIS2_PLACEMENT_3D('',#2583,#2584,#2585);
#2583 = CARTESIAN_POINT('',(0.,0.,-355.25));
#2584 = DIRECTION('',(0.,0.,1.));
#2585 = DIRECTION('',(1.,0.,-0.));
#2586 = PCURVE('',#71,#2587);
#2587 = DEFINITIONAL_REPRESENTATION('',(#2588),#2592);
#2588 = CIRCLE('',#2589,45.7);
#2589 = AXIS2_PLACEMENT_2D('',#2590,#2591);
#2590 = CARTESIAN_POINT('',(0.,0.));
#2591 = DIRECTION('',(1.,0.));
#2592 = ( GEOMETRIC_REPRESENTATION_CONTEXT(2) 
PARAMETRIC_REPRESENTATION_CONTEXT() REPRESENTATION_CONTEXT('2D SPACE',''
  ) );
#2593 = PCURVE('',#1086,#2594);
#2594 = DEFINITIONAL_REPRESENTATION('',(#2595),#2599);
#2595 = LINE('',#2596,#2597);
#2596 = CARTESIAN_POINT('',(0.,2.));
#2597 = VECTOR('',#2598,1.);
#2598 = DIRECTION('',(1.,0.));
#2599 = ( GEOMETRIC_REPRESENTATION_CONTEXT(2) 
PARAMETRIC_REPRESENTATION_CONTEXT() REPRESENTATION_CONTEXT('2D SPACE',''
  ) );
#2600 = ORIENTED_EDGE('',*,*,#2601,.T.);
#2601 = EDGE_CURVE('',#2578,#2532,#2602,.T.);
#2602 = SURFACE_CURVE('',#2603,(#2607,#2614),.PCURVE_S1.);
#2603 = LINE('',#2604,#2605);
#2604 = CARTESIAN_POINT('',(44.987047369913,-12.89982825223,-355.25));
#2605 = VECTOR('',#2606,1.);
#2606 = DIRECTION('',(0.961261695938,-0.275637355817,0.));
#2607 = PCURVE('',#71,#2608);
#2608 = DEFINITIONAL_REPRESENTATION('',(#2609),#2613);
#2609 = LINE('',#2610,#2611);
#2610 = CARTESIAN_POINT('',(44.987047369913,-12.89982825223));
#2611 = VECTOR('',#2612,1.);
#2612 = DIRECTION('',(0.961261695938,-0.275637355817));
#2613 = ( GEOMETRIC_REPRESENTATION_CONTEXT(2) 
PARAMETRIC_REPRESENTATION_CONTEXT() REPRESENTATION_CONTEXT('2D SPACE',''
  ) );
#2614 = PCURVE('',#1112,#2615);
#2615 = DEFINITIONAL_REPRESENTATION('',(#2616),#2619);
#2616 = B_SPLINE_CURVE_WITH_KNOTS('',1,(#2617,#2618),.UNSPECIFIED.,.F.,
  .F.,(2,2),(-1.1,7.105427357601E-15),.PIECEWISE_BEZIER_KNOTS.);
#2617 = CARTESIAN_POINT('',(47.9,-3.));
#2618 = CARTESIAN_POINT('',(46.8,-3.));
#2619 = ( GEOMETRIC_REPRESENTATION_CONTEXT(2) 
PARAMETRIC_REPRESENTATION_CONTEXT() REPRESENTATION_CONTEXT('2D SPACE',''
  ) );
#2620 = FACE_BOUND('',#2621,.F.);
#2621 = EDGE_LOOP('',(#2622));
#2622 = ORIENTED_EDGE('',*,*,#2623,.F.);
#2623 = EDGE_CURVE('',#2624,#2624,#2626,.T.);
#2624 = VERTEX_POINT('',#2625);
#2625 = CARTESIAN_POINT('',(1.7,-13.,-355.25));
#2626 = SURFACE_CURVE('',#2627,(#2632,#2639),.PCURVE_S1.);
#2627 = CIRCLE('',#2628,1.7);
#2628 = AXIS2_PLACEMENT_3D('',#2629,#2630,#2631);
#2629 = CARTESIAN_POINT('',(0.,-13.,-355.25));
#2630 = DIRECTION('',(0.,0.,1.));
#2631 = DIRECTION('',(1.,0.,-0.));
#2632 = PCURVE('',#71,#2633);
#2633 = DEFINITIONAL_REPRESENTATION('',(#2634),#2638);
#2634 = CIRCLE('',#2635,1.7);
#2635 = AXIS2_PLACEMENT_2D('',#2636,#2637);
#2636 = CARTESIAN_POINT('',(0.,-13.));
#2637 = DIRECTION('',(1.,0.));
#2638 = ( GEOMETRIC_REPRESENTATION_CONTEXT(2) 
PARAMETRIC_REPRESENTATION_CONTEXT() REPRESENTATION_CONTEXT('2D SPACE',''
  ) );
#2639 = PCURVE('',#2640,#2645);
#2640 = CYLINDRICAL_SURFACE('',#2641,1.7);
#2641 = AXIS2_PLACEMENT_3D('',#2642,#2643,#2644);
#2642 = CARTESIAN_POINT('',(0.,-13.,-356.25));
#2643 = DIRECTION('',(0.,0.,1.));
#2644 = DIRECTION('',(1.,0.,-0.));
#2645 = DEFINITIONAL_REPRESENTATION('',(#2646),#2650);
#2646 = LINE('',#2647,#2648);
#2647 = CARTESIAN_POINT('',(0.,1.));
#2648 = VECTOR('',#2649,1.);
#2649 = DIRECTION('',(1.,0.));
#2650 = ( GEOMETRIC_REPRESENTATION_CONTEXT(2) 
PARAMETRIC_REPRESENTATION_CONTEXT() REPRESENTATION_CONTEXT('2D SPACE',''
  ) );
#2651 = FACE_BOUND('',#2652,.F.);
#2652 = EDGE_LOOP('',(#2653,#2679,#2701,#2725,#2754,#2778,#2800,#2824,
    #2846,#2870,#2894));
#2653 = ORIENTED_EDGE('',*,*,#2654,.F.);
#2654 = EDGE_CURVE('',#2655,#2657,#2659,.T.);
#2655 = VERTEX_POINT('',#2656);
#2656 = CARTESIAN_POINT('',(-11.28451036647,-42.1143660262,-355.25));
#2657 = VERTEX_POINT('',#2658);
#2658 = CARTESIAN_POINT('',(42.114366026203,-11.28451036647,-355.25));
#2659 = SURFACE_CURVE('',#2660,(#2665,#2672),.PCURVE_S1.);
#2660 = CIRCLE('',#2661,43.6);
#2661 = AXIS2_PLACEMENT_3D('',#2662,#2663,#2664);
#2662 = CARTESIAN_POINT('',(0.,0.,-355.25));
#2663 = DIRECTION('',(0.,0.,1.));
#2664 = DIRECTION('',(1.,0.,-0.));
#2665 = PCURVE('',#71,#2666);
#2666 = DEFINITIONAL_REPRESENTATION('',(#2667),#2671);
#2667 = CIRCLE('',#2668,43.6);
#2668 = AXIS2_PLACEMENT_2D('',#2669,#2670);
#2669 = CARTESIAN_POINT('',(0.,0.));
#2670 = DIRECTION('',(1.,0.));
#2671 = ( GEOMETRIC_REPRESENTATION_CONTEXT(2) 
PARAMETRIC_REPRESENTATION_CONTEXT() REPRESENTATION_CONTEXT('2D SPACE',''
  ) );
#2672 = PCURVE('',#1144,#2673);
#2673 = DEFINITIONAL_REPRESENTATION('',(#2674),#2678);
#2674 = LINE('',#2675,#2676);
#2675 = CARTESIAN_POINT('',(0.,1.));
#2676 = VECTOR('',#2677,1.);
#2677 = DIRECTION('',(1.,0.));
#2678 = ( GEOMETRIC_REPRESENTATION_CONTEXT(2) 
PARAMETRIC_REPRESENTATION_CONTEXT() REPRESENTATION_CONTEXT('2D SPACE',''
  ) );
#2679 = ORIENTED_EDGE('',*,*,#2680,.T.);
#2680 = EDGE_CURVE('',#2655,#2681,#2683,.T.);
#2681 = VERTEX_POINT('',#2682);
#2682 = CARTESIAN_POINT('',(-10.48217132665,-39.1199959647,-355.25));
#2683 = SURFACE_CURVE('',#2684,(#2688,#2695),.PCURVE_S1.);
#2684 = LINE('',#2685,#2686);
#2685 = CARTESIAN_POINT('',(0.,0.,-355.25));
#2686 = VECTOR('',#2687,1.);
#2687 = DIRECTION('',(0.258819045103,0.965925826289,-0.));
#2688 = PCURVE('',#71,#2689);
#2689 = DEFINITIONAL_REPRESENTATION('',(#2690),#2694);
#2690 = LINE('',#2691,#2692);
#2691 = CARTESIAN_POINT('',(0.,0.));
#2692 = VECTOR('',#2693,1.);
#2693 = DIRECTION('',(0.258819045103,0.965925826289));
#2694 = ( GEOMETRIC_REPRESENTATION_CONTEXT(2) 
PARAMETRIC_REPRESENTATION_CONTEXT() REPRESENTATION_CONTEXT('2D SPACE',''
  ) );
#2695 = PCURVE('',#1172,#2696);
#2696 = DEFINITIONAL_REPRESENTATION('',(#2697),#2700);
#2697 = B_SPLINE_CURVE_WITH_KNOTS('',1,(#2698,#2699),.UNSPECIFIED.,.F.,
  .F.,(2,2),(-43.6,-40.5),.PIECEWISE_BEZIER_KNOTS.);
#2698 = CARTESIAN_POINT('',(43.6,-3.));
#2699 = CARTESIAN_POINT('',(40.5,-3.));
#2700 = ( GEOMETRIC_REPRESENTATION_CONTEXT(2) 
PARAMETRIC_REPRESENTATION_CONTEXT() REPRESENTATION_CONTEXT('2D SPACE',''
  ) );
#2701 = ORIENTED_EDGE('',*,*,#2702,.T.);
#2702 = EDGE_CURVE('',#2681,#2703,#2705,.T.);
#2703 = VERTEX_POINT('',#2704);
#2704 = CARTESIAN_POINT('',(38.98828125,-10.96193072277,-355.25));
#2705 = SURFACE_CURVE('',#2706,(#2711,#2718),.PCURVE_S1.);
#2706 = CIRCLE('',#2707,40.5);
#2707 = AXIS2_PLACEMENT_3D('',#2708,#2709,#2710);
#2708 = CARTESIAN_POINT('',(0.,0.,-355.25));
#2709 = DIRECTION('',(0.,0.,1.));
#2710 = DIRECTION('',(1.,0.,-0.));
#2711 = PCURVE('',#71,#2712);
#2712 = DEFINITIONAL_REPRESENTATION('',(#2713),#2717);
#2713 = CIRCLE('',#2714,40.5);
#2714 = AXIS2_PLACEMENT_2D('',#2715,#2716);
#2715 = CARTESIAN_POINT('',(0.,0.));
#2716 = DIRECTION('',(1.,0.));
#2717 = ( GEOMETRIC_REPRESENTATION_CONTEXT(2) 
PARAMETRIC_REPRESENTATION_CONTEXT() REPRESENTATION_CONTEXT('2D SPACE',''
  ) );
#2718 = PCURVE('',#1200,#2719);
#2719 = DEFINITIONAL_REPRESENTATION('',(#2720),#2724);
#2720 = LINE('',#2721,#2722);
#2721 = CARTESIAN_POINT('',(0.,2.));
#2722 = VECTOR('',#2723,1.);
#2723 = DIRECTION('',(1.,0.));
#2724 = ( GEOMETRIC_REPRESENTATION_CONTEXT(2) 
PARAMETRIC_REPRESENTATION_CONTEXT() REPRESENTATION_CONTEXT('2D SPACE',''
  ) );
#2725 = ORIENTED_EDGE('',*,*,#2726,.F.);
#2726 = EDGE_CURVE('',#2727,#2703,#2729,.T.);
#2727 = VERTEX_POINT('',#2728);
#2728 = CARTESIAN_POINT('',(21.98828125,-8.292495864991,-355.25));
#2729 = SURFACE_CURVE('',#2730,(#2735,#2742),.PCURVE_S1.);
#2730 = CIRCLE('',#2731,13.);
#2731 = AXIS2_PLACEMENT_3D('',#2732,#2733,#2734);
#2732 = CARTESIAN_POINT('',(32.,0.,-355.25));
#2733 = DIRECTION('',(0.,0.,1.));
#2734 = DIRECTION('',(1.,0.,-0.));
#2735 = PCURVE('',#71,#2736);
#2736 = DEFINITIONAL_REPRESENTATION('',(#2737),#2741);
#2737 = CIRCLE('',#2738,13.);
#2738 = AXIS2_PLACEMENT_2D('',#2739,#2740);
#2739 = CARTESIAN_POINT('',(32.,0.));
#2740 = DIRECTION('',(1.,0.));
#2741 = ( GEOMETRIC_REPRESENTATION_CONTEXT(2) 
PARAMETRIC_REPRESENTATION_CONTEXT() REPRESENTATION_CONTEXT('2D SPACE',''
  ) );
#2742 = PCURVE('',#2743,#2748);
#2743 = CYLINDRICAL_SURFACE('',#2744,13.);
#2744 = AXIS2_PLACEMENT_3D('',#2745,#2746,#2747);
#2745 = CARTESIAN_POINT('',(32.,0.,-405.25));
#2746 = DIRECTION('',(0.,0.,1.));
#2747 = DIRECTION('',(1.,0.,-0.));
#2748 = DEFINITIONAL_REPRESENTATION('',(#2749),#2753);
#2749 = LINE('',#2750,#2751);
#2750 = CARTESIAN_POINT('',(0.,50.));
#2751 = VECTOR('',#2752,1.);
#2752 = DIRECTION('',(1.,0.));
#2753 = ( GEOMETRIC_REPRESENTATION_CONTEXT(2) 
PARAMETRIC_REPRESENTATION_CONTEXT() REPRESENTATION_CONTEXT('2D SPACE',''
  ) );
#2754 = ORIENTED_EDGE('',*,*,#2755,.F.);
#2755 = EDGE_CURVE('',#2756,#2727,#2758,.T.);
#2756 = VERTEX_POINT('',#2757);
#2757 = CARTESIAN_POINT('',(-6.082247559909,-22.69925691779,-355.25));
#2758 = SURFACE_CURVE('',#2759,(#2764,#2771),.PCURVE_S1.);
#2759 = CIRCLE('',#2760,23.5);
#2760 = AXIS2_PLACEMENT_3D('',#2761,#2762,#2763);
#2761 = CARTESIAN_POINT('',(0.,0.,-355.25));
#2762 = DIRECTION('',(0.,0.,1.));
#2763 = DIRECTION('',(1.,0.,-0.));
#2764 = PCURVE('',#71,#2765);
#2765 = DEFINITIONAL_REPRESENTATION('',(#2766),#2770);
#2766 = CIRCLE('',#2767,23.5);
#2767 = AXIS2_PLACEMENT_2D('',#2768,#2769);
#2768 = CARTESIAN_POINT('',(0.,0.));
#2769 = DIRECTION('',(1.,0.));
#2770 = ( GEOMETRIC_REPRESENTATION_CONTEXT(2) 
PARAMETRIC_REPRESENTATION_CONTEXT() REPRESENTATION_CONTEXT('2D SPACE',''
  ) );
#2771 = PCURVE('',#1258,#2772);
#2772 = DEFINITIONAL_REPRESENTATION('',(#2773),#2777);
#2773 = LINE('',#2774,#2775);
#2774 = CARTESIAN_POINT('',(0.,1.));
#2775 = VECTOR('',#2776,1.);
#2776 = DIRECTION('',(1.,0.));
#2777 = ( GEOMETRIC_REPRESENTATION_CONTEXT(2) 
PARAMETRIC_REPRESENTATION_CONTEXT() REPRESENTATION_CONTEXT('2D SPACE',''
  ) );
#2778 = ORIENTED_EDGE('',*,*,#2779,.T.);
#2779 = EDGE_CURVE('',#2756,#2780,#2782,.T.);
#2780 = VERTEX_POINT('',#2781);
#2781 = CARTESIAN_POINT('',(-5.046971379499,-18.83555361263,-355.25));
#2782 = SURFACE_CURVE('',#2783,(#2787,#2794),.PCURVE_S1.);
#2783 = LINE('',#2784,#2785);
#2784 = CARTESIAN_POINT('',(0.,0.,-355.25));
#2785 = VECTOR('',#2786,1.);
#2786 = DIRECTION('',(0.258819045103,0.965925826289,-0.));
#2787 = PCURVE('',#71,#2788);
#2788 = DEFINITIONAL_REPRESENTATION('',(#2789),#2793);
#2789 = LINE('',#2790,#2791);
#2790 = CARTESIAN_POINT('',(0.,0.));
#2791 = VECTOR('',#2792,1.);
#2792 = DIRECTION('',(0.258819045103,0.965925826289));
#2793 = ( GEOMETRIC_REPRESENTATION_CONTEXT(2) 
PARAMETRIC_REPRESENTATION_CONTEXT() REPRESENTATION_CONTEXT('2D SPACE',''
  ) );
#2794 = PCURVE('',#1286,#2795);
#2795 = DEFINITIONAL_REPRESENTATION('',(#2796),#2799);
#2796 = B_SPLINE_CURVE_WITH_KNOTS('',1,(#2797,#2798),.UNSPECIFIED.,.F.,
  .F.,(2,2),(-23.5,-19.5),.PIECEWISE_BEZIER_KNOTS.);
#2797 = CARTESIAN_POINT('',(23.5,-3.));
#2798 = CARTESIAN_POINT('',(19.5,-3.));
#2799 = ( GEOMETRIC_REPRESENTATION_CONTEXT(2) 
PARAMETRIC_REPRESENTATION_CONTEXT() REPRESENTATION_CONTEXT('2D SPACE',''
  ) );
#2800 = ORIENTED_EDGE('',*,*,#2801,.T.);
#2801 = EDGE_CURVE('',#2780,#2802,#2804,.T.);
#2802 = VERTEX_POINT('',#2803);
#2803 = CARTESIAN_POINT('',(18.835553612637,-5.046971379499,-355.25));
#2804 = SURFACE_CURVE('',#2805,(#2810,#2817),.PCURVE_S1.);
#2805 = CIRCLE('',#2806,19.5);
#2806 = AXIS2_PLACEMENT_3D('',#2807,#2808,#2809);
#2807 = CARTESIAN_POINT('',(0.,0.,-355.25));
#2808 = DIRECTION('',(0.,0.,1.));
#2809 = DIRECTION('',(1.,0.,-0.));
#2810 = PCURVE('',#71,#2811);
#2811 = DEFINITIONAL_REPRESENTATION('',(#2812),#2816);
#2812 = CIRCLE('',#2813,19.5);
#2813 = AXIS2_PLACEMENT_2D('',#2814,#2815);
#2814 = CARTESIAN_POINT('',(0.,0.));
#2815 = DIRECTION('',(1.,0.));
#2816 = ( GEOMETRIC_REPRESENTATION_CONTEXT(2) 
PARAMETRIC_REPRESENTATION_CONTEXT() REPRESENTATION_CONTEXT('2D SPACE',''
  ) );
#2817 = PCURVE('',#1314,#2818);
#2818 = DEFINITIONAL_REPRESENTATION('',(#2819),#2823);
#2819 = LINE('',#2820,#2821);
#2820 = CARTESIAN_POINT('',(0.,2.));
#2821 = VECTOR('',#2822,1.);
#2822 = DIRECTION('',(1.,0.));
#2823 = ( GEOMETRIC_REPRESENTATION_CONTEXT(2) 
PARAMETRIC_REPRESENTATION_CONTEXT() REPRESENTATION_CONTEXT('2D SPACE',''
  ) );
#2824 = ORIENTED_EDGE('',*,*,#2825,.T.);
#2825 = EDGE_CURVE('',#2802,#2826,#2828,.T.);
#2826 = VERTEX_POINT('',#2827);
#2827 = CARTESIAN_POINT('',(20.177607639427,-5.406573672176,-355.25));
#2828 = SURFACE_CURVE('',#2829,(#2833,#2840),.PCURVE_S1.);
#2829 = LINE('',#2830,#2831);
#2830 = CARTESIAN_POINT('',(22.699256917793,-6.082247559909,-355.25));
#2831 = VECTOR('',#2832,1.);
#2832 = DIRECTION('',(0.965925826289,-0.258819045103,0.));
#2833 = PCURVE('',#71,#2834);
#2834 = DEFINITIONAL_REPRESENTATION('',(#2835),#2839);
#2835 = LINE('',#2836,#2837);
#2836 = CARTESIAN_POINT('',(22.699256917793,-6.082247559909));
#2837 = VECTOR('',#2838,1.);
#2838 = DIRECTION('',(0.965925826289,-0.258819045103));
#2839 = ( GEOMETRIC_REPRESENTATION_CONTEXT(2) 
PARAMETRIC_REPRESENTATION_CONTEXT() REPRESENTATION_CONTEXT('2D SPACE',''
  ) );
#2840 = PCURVE('',#1340,#2841);
#2841 = DEFINITIONAL_REPRESENTATION('',(#2842),#2845);
#2842 = B_SPLINE_CURVE_WITH_KNOTS('',1,(#2843,#2844),.UNSPECIFIED.,.F.,
  .F.,(2,2),(-4.,3.552713678801E-15),.PIECEWISE_BEZIER_KNOTS.);
#2843 = CARTESIAN_POINT('',(27.5,-3.));
#2844 = CARTESIAN_POINT('',(23.5,-3.));
#2845 = ( GEOMETRIC_REPRESENTATION_CONTEXT(2) 
PARAMETRIC_REPRESENTATION_CONTEXT() REPRESENTATION_CONTEXT('2D SPACE',''
  ) );
#2846 = ORIENTED_EDGE('',*,*,#2847,.F.);
#2847 = EDGE_CURVE('',#2848,#2826,#2850,.T.);
#2848 = VERTEX_POINT('',#2849);
#2849 = CARTESIAN_POINT('',(45.,-3.184081677783E-15,-355.25));
#2850 = SURFACE_CURVE('',#2851,(#2856,#2863),.PCURVE_S1.);
#2851 = CIRCLE('',#2852,13.);
#2852 = AXIS2_PLACEMENT_3D('',#2853,#2854,#2855);
#2853 = CARTESIAN_POINT('',(32.,0.,-355.25));
#2854 = DIRECTION('',(0.,0.,1.));
#2855 = DIRECTION('',(1.,0.,-0.));
#2856 = PCURVE('',#71,#2857);
#2857 = DEFINITIONAL_REPRESENTATION('',(#2858),#2862);
#2858 = CIRCLE('',#2859,13.);
#2859 = AXIS2_PLACEMENT_2D('',#2860,#2861);
#2860 = CARTESIAN_POINT('',(32.,0.));
#2861 = DIRECTION('',(1.,0.));
#2862 = ( GEOMETRIC_REPRESENTATION_CONTEXT(2) 
PARAMETRIC_REPRESENTATION_CONTEXT() REPRESENTATION_CONTEXT('2D SPACE',''
  ) );
#2863 = PCURVE('',#2743,#2864);
#2864 = DEFINITIONAL_REPRESENTATION('',(#2865),#2869);
#2865 = LINE('',#2866,#2867);
#2866 = CARTESIAN_POINT('',(0.,50.));
#2867 = VECTOR('',#2868,1.);
#2868 = DIRECTION('',(1.,0.));
#2869 = ( GEOMETRIC_REPRESENTATION_CONTEXT(2) 
PARAMETRIC_REPRESENTATION_CONTEXT() REPRESENTATION_CONTEXT('2D SPACE',''
  ) );
#2870 = ORIENTED_EDGE('',*,*,#2871,.F.);
#2871 = EDGE_CURVE('',#2872,#2848,#2874,.T.);
#2872 = VERTEX_POINT('',#2873);
#2873 = CARTESIAN_POINT('',(39.535205281674,-10.59342632782,-355.25));
#2874 = SURFACE_CURVE('',#2875,(#2880,#2887),.PCURVE_S1.);
#2875 = CIRCLE('',#2876,13.);
#2876 = AXIS2_PLACEMENT_3D('',#2877,#2878,#2879);
#2877 = CARTESIAN_POINT('',(32.,0.,-355.25));
#2878 = DIRECTION('',(0.,0.,1.));
#2879 = DIRECTION('',(1.,0.,-0.));
#2880 = PCURVE('',#71,#2881);
#2881 = DEFINITIONAL_REPRESENTATION('',(#2882),#2886);
#2882 = CIRCLE('',#2883,13.);
#2883 = AXIS2_PLACEMENT_2D('',#2884,#2885);
#2884 = CARTESIAN_POINT('',(32.,0.));
#2885 = DIRECTION('',(1.,0.));
#2886 = ( GEOMETRIC_REPRESENTATION_CONTEXT(2) 
PARAMETRIC_REPRESENTATION_CONTEXT() REPRESENTATION_CONTEXT('2D SPACE',''
  ) );
#2887 = PCURVE('',#2743,#2888);
#2888 = DEFINITIONAL_REPRESENTATION('',(#2889),#2893);
#2889 = LINE('',#2890,#2891);
#2890 = CARTESIAN_POINT('',(0.,50.));
#2891 = VECTOR('',#2892,1.);
#2892 = DIRECTION('',(1.,0.));
#2893 = ( GEOMETRIC_REPRESENTATION_CONTEXT(2) 
PARAMETRIC_REPRESENTATION_CONTEXT() REPRESENTATION_CONTEXT('2D SPACE',''
  ) );
#2894 = ORIENTED_EDGE('',*,*,#2895,.T.);
#2895 = EDGE_CURVE('',#2872,#2657,#2896,.T.);
#2896 = SURFACE_CURVE('',#2897,(#2901,#2908),.PCURVE_S1.);
#2897 = LINE('',#2898,#2899);
#2898 = CARTESIAN_POINT('',(42.114366026203,-11.28451036647,-355.25));
#2899 = VECTOR('',#2900,1.);
#2900 = DIRECTION('',(0.965925826289,-0.258819045103,0.));
#2901 = PCURVE('',#71,#2902);
#2902 = DEFINITIONAL_REPRESENTATION('',(#2903),#2907);
#2903 = LINE('',#2904,#2905);
#2904 = CARTESIAN_POINT('',(42.114366026203,-11.28451036647));
#2905 = VECTOR('',#2906,1.);
#2906 = DIRECTION('',(0.965925826289,-0.258819045103));
#2907 = ( GEOMETRIC_REPRESENTATION_CONTEXT(2) 
PARAMETRIC_REPRESENTATION_CONTEXT() REPRESENTATION_CONTEXT('2D SPACE',''
  ) );
#2908 = PCURVE('',#1226,#2909);
#2909 = DEFINITIONAL_REPRESENTATION('',(#2910),#2913);
#2910 = B_SPLINE_CURVE_WITH_KNOTS('',1,(#2911,#2912),.UNSPECIFIED.,.F.,
  .F.,(2,2),(-3.1,-0.),.PIECEWISE_BEZIER_KNOTS.);
#2911 = CARTESIAN_POINT('',(46.7,-3.));
#2912 = CARTESIAN_POINT('',(43.6,-3.));
#2913 = ( GEOMETRIC_REPRESENTATION_CONTEXT(2) 
PARAMETRIC_REPRESENTATION_CONTEXT() REPRESENTATION_CONTEXT('2D SPACE',''
  ) );
#2914 = FACE_BOUND('',#2915,.F.);
#2915 = EDGE_LOOP('',(#2916,#2944,#2970,#2996));
#2916 = ORIENTED_EDGE('',*,*,#2917,.T.);
#2917 = EDGE_CURVE('',#2918,#2920,#2922,.T.);
#2918 = VERTEX_POINT('',#2919);
#2919 = CARTESIAN_POINT('',(-31.,-1.5,-355.25));
#2920 = VERTEX_POINT('',#2921);
#2921 = CARTESIAN_POINT('',(-34.,-1.5,-355.25));
#2922 = SURFACE_CURVE('',#2923,(#2927,#2933),.PCURVE_S1.);
#2923 = LINE('',#2924,#2925);
#2924 = CARTESIAN_POINT('',(-17.,-1.5,-355.25));
#2925 = VECTOR('',#2926,1.);
#2926 = DIRECTION('',(-1.,-0.,0.));
#2927 = PCURVE('',#71,#2928);
#2928 = DEFINITIONAL_REPRESENTATION('',(#2929),#2932);
#2929 = B_SPLINE_CURVE_WITH_KNOTS('',1,(#2930,#2931),.UNSPECIFIED.,.F.,
  .F.,(2,2),(14.,17.),.PIECEWISE_BEZIER_KNOTS.);
#2930 = CARTESIAN_POINT('',(-31.,-1.5));
#2931 = CARTESIAN_POINT('',(-34.,-1.5));
#2932 = ( GEOMETRIC_REPRESENTATION_CONTEXT(2) 
PARAMETRIC_REPRESENTATION_CONTEXT() REPRESENTATION_CONTEXT('2D SPACE',''
  ) );
#2933 = PCURVE('',#2934,#2939);
#2934 = PLANE('',#2935);
#2935 = AXIS2_PLACEMENT_3D('',#2936,#2937,#2938);
#2936 = CARTESIAN_POINT('',(-34.,-1.5,-362.25));
#2937 = DIRECTION('',(-0.,1.,0.));
#2938 = DIRECTION('',(0.,0.,1.));
#2939 = DEFINITIONAL_REPRESENTATION('',(#2940),#2943);
#2940 = B_SPLINE_CURVE_WITH_KNOTS('',1,(#2941,#2942),.UNSPECIFIED.,.F.,
  .F.,(2,2),(14.,17.),.PIECEWISE_BEZIER_KNOTS.);
#2941 = CARTESIAN_POINT('',(7.,3.));
#2942 = CARTESIAN_POINT('',(7.,0.));
#2943 = ( GEOMETRIC_REPRESENTATION_CONTEXT(2) 
PARAMETRIC_REPRESENTATION_CONTEXT() REPRESENTATION_CONTEXT('2D SPACE',''
  ) );
#2944 = ORIENTED_EDGE('',*,*,#2945,.T.);
#2945 = EDGE_CURVE('',#2920,#2946,#2948,.T.);
#2946 = VERTEX_POINT('',#2947);
#2947 = CARTESIAN_POINT('',(-34.,1.5,-355.25));
#2948 = SURFACE_CURVE('',#2949,(#2953,#2959),.PCURVE_S1.);
#2949 = LINE('',#2950,#2951);
#2950 = CARTESIAN_POINT('',(-34.,-0.75,-355.25));
#2951 = VECTOR('',#2952,1.);
#2952 = DIRECTION('',(-0.,1.,0.));
#2953 = PCURVE('',#71,#2954);
#2954 = DEFINITIONAL_REPRESENTATION('',(#2955),#2958);
#2955 = B_SPLINE_CURVE_WITH_KNOTS('',1,(#2956,#2957),.UNSPECIFIED.,.F.,
  .F.,(2,2),(-0.75,2.25),.PIECEWISE_BEZIER_KNOTS.);
#2956 = CARTESIAN_POINT('',(-34.,-1.5));
#2957 = CARTESIAN_POINT('',(-34.,1.5));
#2958 = ( GEOMETRIC_REPRESENTATION_CONTEXT(2) 
PARAMETRIC_REPRESENTATION_CONTEXT() REPRESENTATION_CONTEXT('2D SPACE',''
  ) );
#2959 = PCURVE('',#2960,#2965);
#2960 = PLANE('',#2961);
#2961 = AXIS2_PLACEMENT_3D('',#2962,#2963,#2964);
#2962 = CARTESIAN_POINT('',(-34.,-1.5,-362.25));
#2963 = DIRECTION('',(1.,0.,-0.));
#2964 = DIRECTION('',(0.,0.,1.));
#2965 = DEFINITIONAL_REPRESENTATION('',(#2966),#2969);
#2966 = B_SPLINE_CURVE_WITH_KNOTS('',1,(#2967,#2968),.UNSPECIFIED.,.F.,
  .F.,(2,2),(-0.75,2.25),.PIECEWISE_BEZIER_KNOTS.);
#2967 = CARTESIAN_POINT('',(7.,0.));
#2968 = CARTESIAN_POINT('',(7.,-3.));
#2969 = ( GEOMETRIC_REPRESENTATION_CONTEXT(2) 
PARAMETRIC_REPRESENTATION_CONTEXT() REPRESENTATION_CONTEXT('2D SPACE',''
  ) );
#2970 = ORIENTED_EDGE('',*,*,#2971,.F.);
#2971 = EDGE_CURVE('',#2972,#2946,#2974,.T.);
#2972 = VERTEX_POINT('',#2973);
#2973 = CARTESIAN_POINT('',(-31.,1.5,-355.25));
#2974 = SURFACE_CURVE('',#2975,(#2979,#2985),.PCURVE_S1.);
#2975 = LINE('',#2976,#2977);
#2976 = CARTESIAN_POINT('',(-17.,1.5,-355.25));
#2977 = VECTOR('',#2978,1.);
#2978 = DIRECTION('',(-1.,-0.,0.));
#2979 = PCURVE('',#71,#2980);
#2980 = DEFINITIONAL_REPRESENTATION('',(#2981),#2984);
#2981 = B_SPLINE_CURVE_WITH_KNOTS('',1,(#2982,#2983),.UNSPECIFIED.,.F.,
  .F.,(2,2),(14.,17.),.PIECEWISE_BEZIER_KNOTS.);
#2982 = CARTESIAN_POINT('',(-31.,1.5));
#2983 = CARTESIAN_POINT('',(-34.,1.5));
#2984 = ( GEOMETRIC_REPRESENTATION_CONTEXT(2) 
PARAMETRIC_REPRESENTATION_CONTEXT() REPRESENTATION_CONTEXT('2D SPACE',''
  ) );
#2985 = PCURVE('',#2986,#2991);
#2986 = PLANE('',#2987);
#2987 = AXIS2_PLACEMENT_3D('',#2988,#2989,#2990);
#2988 = CARTESIAN_POINT('',(-34.,1.5,-362.25));
#2989 = DIRECTION('',(-0.,1.,0.));
#2990 = DIRECTION('',(0.,0.,1.));
#2991 = DEFINITIONAL_REPRESENTATION('',(#2992),#2995);
#2992 = B_SPLINE_CURVE_WITH_KNOTS('',1,(#2993,#2994),.UNSPECIFIED.,.F.,
  .F.,(2,2),(14.,17.),.PIECEWISE_BEZIER_KNOTS.);
#2993 = CARTESIAN_POINT('',(7.,3.));
#2994 = CARTESIAN_POINT('',(7.,0.));
#2995 = ( GEOMETRIC_REPRESENTATION_CONTEXT(2) 
PARAMETRIC_REPRESENTATION_CONTEXT() REPRESENTATION_CONTEXT('2D SPACE',''
  ) );
#2996 = ORIENTED_EDGE('',*,*,#2997,.F.);
#2997 = EDGE_CURVE('',#2918,#2972,#2998,.T.);
#2998 = SURFACE_CURVE('',#2999,(#3003,#3009),.PCURVE_S1.);
#2999 = LINE('',#3000,#3001);
#3000 = CARTESIAN_POINT('',(-31.,-0.75,-355.25));
#3001 = VECTOR('',#3002,1.);
#3002 = DIRECTION('',(-0.,1.,0.));
#3003 = PCURVE('',#71,#3004);
#3004 = DEFINITIONAL_REPRESENTATION('',(#3005),#3008);
#3005 = B_SPLINE_CURVE_WITH_KNOTS('',1,(#3006,#3007),.UNSPECIFIED.,.F.,
  .F.,(2,2),(-0.75,2.25),.PIECEWISE_BEZIER_KNOTS.);
#3006 = CARTESIAN_POINT('',(-31.,-1.5));
#3007 = CARTESIAN_POINT('',(-31.,1.5));
#3008 = ( GEOMETRIC_REPRESENTATION_CONTEXT(2) 
PARAMETRIC_REPRESENTATION_CONTEXT() REPRESENTATION_CONTEXT('2D SPACE',''
  ) );
#3009 = PCURVE('',#3010,#3015);
#3010 = PLANE('',#3011);
#3011 = AXIS2_PLACEMENT_3D('',#3012,#3013,#3014);
#3012 = CARTESIAN_POINT('',(-31.,-1.5,-362.25));
#3013 = DIRECTION('',(1.,0.,-0.));
#3014 = DIRECTION('',(0.,0.,1.));
#3015 = DEFINITIONAL_REPRESENTATION('',(#3016),#3019);
#3016 = B_SPLINE_CURVE_WITH_KNOTS('',1,(#3017,#3018),.UNSPECIFIED.,.F.,
  .F.,(2,2),(-0.75,2.25),.PIECEWISE_BEZIER_KNOTS.);
#3017 = CARTESIAN_POINT('',(7.,0.));
#3018 = CARTESIAN_POINT('',(7.,-3.));
#3019 = ( GEOMETRIC_REPRESENTATION_CONTEXT(2) 
PARAMETRIC_REPRESENTATION_CONTEXT() REPRESENTATION_CONTEXT('2D SPACE',''
  ) );
#3020 = FACE_BOUND('',#3021,.F.);
#3021 = EDGE_LOOP('',(#3022));
#3022 = ORIENTED_EDGE('',*,*,#3023,.F.);
#3023 = EDGE_CURVE('',#3024,#3024,#3026,.T.);
#3024 = VERTEX_POINT('',#3025);
#3025 = CARTESIAN_POINT('',(-11.3,-4.163799117101E-16,-355.25));
#3026 = SURFACE_CURVE('',#3027,(#3032,#3039),.PCURVE_S1.);
#3027 = CIRCLE('',#3028,1.7);
#3028 = AXIS2_PLACEMENT_3D('',#3029,#3030,#3031);
#3029 = CARTESIAN_POINT('',(-13.,0.,-355.25));
#3030 = DIRECTION('',(0.,0.,1.));
#3031 = DIRECTION('',(1.,0.,-0.));
#3032 = PCURVE('',#71,#3033);
#3033 = DEFINITIONAL_REPRESENTATION('',(#3034),#3038);
#3034 = CIRCLE('',#3035,1.7);
#3035 = AXIS2_PLACEMENT_2D('',#3036,#3037);
#3036 = CARTESIAN_POINT('',(-13.,0.));
#3037 = DIRECTION('',(1.,0.));
#3038 = ( GEOMETRIC_REPRESENTATION_CONTEXT(2) 
PARAMETRIC_REPRESENTATION_CONTEXT() REPRESENTATION_CONTEXT('2D SPACE',''
  ) );
#3039 = PCURVE('',#3040,#3045);
#3040 = CYLINDRICAL_SURFACE('',#3041,1.7);
#3041 = AXIS2_PLACEMENT_3D('',#3042,#3043,#3044);
#3042 = CARTESIAN_POINT('',(-13.,0.,-356.25));
#3043 = DIRECTION('',(0.,0.,1.));
#3044 = DIRECTION('',(1.,0.,-0.));
#3045 = DEFINITIONAL_REPRESENTATION('',(#3046),#3050);
#3046 = LINE('',#3047,#3048);
#3047 = CARTESIAN_POINT('',(0.,1.));
#3048 = VECTOR('',#3049,1.);
#3049 = DIRECTION('',(1.,0.));
#3050 = ( GEOMETRIC_REPRESENTATION_CONTEXT(2) 
PARAMETRIC_REPRESENTATION_CONTEXT() REPRESENTATION_CONTEXT('2D SPACE',''
  ) );
#3051 = FACE_BOUND('',#3052,.F.);
#3052 = EDGE_LOOP('',(#3053,#3081,#3107,#3133));
#3053 = ORIENTED_EDGE('',*,*,#3054,.T.);
#3054 = EDGE_CURVE('',#3055,#3057,#3059,.T.);
#3055 = VERTEX_POINT('',#3056);
#3056 = CARTESIAN_POINT('',(-13.5,31.,-355.25));
#3057 = VERTEX_POINT('',#3058);
#3058 = CARTESIAN_POINT('',(-16.5,31.,-355.25));
#3059 = SURFACE_CURVE('',#3060,(#3064,#3070),.PCURVE_S1.);
#3060 = LINE('',#3061,#3062);
#3061 = CARTESIAN_POINT('',(-8.25,31.,-355.25));
#3062 = VECTOR('',#3063,1.);
#3063 = DIRECTION('',(-1.,-0.,0.));
#3064 = PCURVE('',#71,#3065);
#3065 = DEFINITIONAL_REPRESENTATION('',(#3066),#3069);
#3066 = B_SPLINE_CURVE_WITH_KNOTS('',1,(#3067,#3068),.UNSPECIFIED.,.F.,
  .F.,(2,2),(5.25,8.25),.PIECEWISE_BEZIER_KNOTS.);
#3067 = CARTESIAN_POINT('',(-13.5,31.));
#3068 = CARTESIAN_POINT('',(-16.5,31.));
#3069 = ( GEOMETRIC_REPRESENTATION_CONTEXT(2) 
PARAMETRIC_REPRESENTATION_CONTEXT() REPRESENTATION_CONTEXT('2D SPACE',''
  ) );
#3070 = PCURVE('',#3071,#3076);
#3071 = PLANE('',#3072);
#3072 = AXIS2_PLACEMENT_3D('',#3073,#3074,#3075);
#3073 = CARTESIAN_POINT('',(-16.5,31.,-362.25));
#3074 = DIRECTION('',(-0.,1.,0.));
#3075 = DIRECTION('',(0.,0.,1.));
#3076 = DEFINITIONAL_REPRESENTATION('',(#3077),#3080);
#3077 = B_SPLINE_CURVE_WITH_KNOTS('',1,(#3078,#3079),.UNSPECIFIED.,.F.,
  .F.,(2,2),(5.25,8.25),.PIECEWISE_BEZIER_KNOTS.);
#3078 = CARTESIAN_POINT('',(7.,3.));
#3079 = CARTESIAN_POINT('',(7.,0.));
#3080 = ( GEOMETRIC_REPRESENTATION_CONTEXT(2) 
PARAMETRIC_REPRESENTATION_CONTEXT() REPRESENTATION_CONTEXT('2D SPACE',''
  ) );
#3081 = ORIENTED_EDGE('',*,*,#3082,.T.);
#3082 = EDGE_CURVE('',#3057,#3083,#3085,.T.);
#3083 = VERTEX_POINT('',#3084);
#3084 = CARTESIAN_POINT('',(-16.5,34.,-355.25));
#3085 = SURFACE_CURVE('',#3086,(#3090,#3096),.PCURVE_S1.);
#3086 = LINE('',#3087,#3088);
#3087 = CARTESIAN_POINT('',(-16.5,15.5,-355.25));
#3088 = VECTOR('',#3089,1.);
#3089 = DIRECTION('',(-0.,1.,0.));
#3090 = PCURVE('',#71,#3091);
#3091 = DEFINITIONAL_REPRESENTATION('',(#3092),#3095);
#3092 = B_SPLINE_CURVE_WITH_KNOTS('',1,(#3093,#3094),.UNSPECIFIED.,.F.,
  .F.,(2,2),(15.5,18.5),.PIECEWISE_BEZIER_KNOTS.);
#3093 = CARTESIAN_POINT('',(-16.5,31.));
#3094 = CARTESIAN_POINT('',(-16.5,34.));
#3095 = ( GEOMETRIC_REPRESENTATION_CONTEXT(2) 
PARAMETRIC_REPRESENTATION_CONTEXT() REPRESENTATION_CONTEXT('2D SPACE',''
  ) );
#3096 = PCURVE('',#3097,#3102);
#3097 = PLANE('',#3098);
#3098 = AXIS2_PLACEMENT_3D('',#3099,#3100,#3101);
#3099 = CARTESIAN_POINT('',(-16.5,31.,-362.25));
#3100 = DIRECTION('',(1.,0.,-0.));
#3101 = DIRECTION('',(0.,0.,1.));
#3102 = DEFINITIONAL_REPRESENTATION('',(#3103),#3106);
#3103 = B_SPLINE_CURVE_WITH_KNOTS('',1,(#3104,#3105),.UNSPECIFIED.,.F.,
  .F.,(2,2),(15.5,18.5),.PIECEWISE_BEZIER_KNOTS.);
#3104 = CARTESIAN_POINT('',(7.,0.));
#3105 = CARTESIAN_POINT('',(7.,-3.));
#3106 = ( GEOMETRIC_REPRESENTATION_CONTEXT(2) 
PARAMETRIC_REPRESENTATION_CONTEXT() REPRESENTATION_CONTEXT('2D SPACE',''
  ) );
#3107 = ORIENTED_EDGE('',*,*,#3108,.F.);
#3108 = EDGE_CURVE('',#3109,#3083,#3111,.T.);
#3109 = VERTEX_POINT('',#3110);
#3110 = CARTESIAN_POINT('',(-13.5,34.,-355.25));
#3111 = SURFACE_CURVE('',#3112,(#3116,#3122),.PCURVE_S1.);
#3112 = LINE('',#3113,#3114);
#3113 = CARTESIAN_POINT('',(-8.25,34.,-355.25));
#3114 = VECTOR('',#3115,1.);
#3115 = DIRECTION('',(-1.,-0.,0.));
#3116 = PCURVE('',#71,#3117);
#3117 = DEFINITIONAL_REPRESENTATION('',(#3118),#3121);
#3118 = B_SPLINE_CURVE_WITH_KNOTS('',1,(#3119,#3120),.UNSPECIFIED.,.F.,
  .F.,(2,2),(5.25,8.25),.PIECEWISE_BEZIER_KNOTS.);
#3119 = CARTESIAN_POINT('',(-13.5,34.));
#3120 = CARTESIAN_POINT('',(-16.5,34.));
#3121 = ( GEOMETRIC_REPRESENTATION_CONTEXT(2) 
PARAMETRIC_REPRESENTATION_CONTEXT() REPRESENTATION_CONTEXT('2D SPACE',''
  ) );
#3122 = PCURVE('',#3123,#3128);
#3123 = PLANE('',#3124);
#3124 = AXIS2_PLACEMENT_3D('',#3125,#3126,#3127);
#3125 = CARTESIAN_POINT('',(-16.5,34.,-362.25));
#3126 = DIRECTION('',(-0.,1.,0.));
#3127 = DIRECTION('',(0.,0.,1.));
#3128 = DEFINITIONAL_REPRESENTATION('',(#3129),#3132);
#3129 = B_SPLINE_CURVE_WITH_KNOTS('',1,(#3130,#3131),.UNSPECIFIED.,.F.,
  .F.,(2,2),(5.25,8.25),.PIECEWISE_BEZIER_KNOTS.);
#3130 = CARTESIAN_POINT('',(7.,3.));
#3131 = CARTESIAN_POINT('',(7.,0.));
#3132 = ( GEOMETRIC_REPRESENTATION_CONTEXT(2) 
PARAMETRIC_REPRESENTATION_CONTEXT() REPRESENTATION_CONTEXT('2D SPACE',''
  ) );
#3133 = ORIENTED_EDGE('',*,*,#3134,.F.);
#3134 = EDGE_CURVE('',#3055,#3109,#3135,.T.);
#3135 = SURFACE_CURVE('',#3136,(#3140,#3146),.PCURVE_S1.);
#3136 = LINE('',#3137,#3138);
#3137 = CARTESIAN_POINT('',(-13.5,15.5,-355.25));
#3138 = VECTOR('',#3139,1.);
#3139 = DIRECTION('',(-0.,1.,0.));
#3140 = PCURVE('',#71,#3141);
#3141 = DEFINITIONAL_REPRESENTATION('',(#3142),#3145);
#3142 = B_SPLINE_CURVE_WITH_KNOTS('',1,(#3143,#3144),.UNSPECIFIED.,.F.,
  .F.,(2,2),(15.5,18.5),.PIECEWISE_BEZIER_KNOTS.);
#3143 = CARTESIAN_POINT('',(-13.5,31.));
#3144 = CARTESIAN_POINT('',(-13.5,34.));
#3145 = ( GEOMETRIC_REPRESENTATION_CONTEXT(2) 
PARAMETRIC_REPRESENTATION_CONTEXT() REPRESENTATION_CONTEXT('2D SPACE',''
  ) );
#3146 = PCURVE('',#3147,#3152);
#3147 = PLANE('',#3148);
#3148 = AXIS2_PLACEMENT_3D('',#3149,#3150,#3151);
#3149 = CARTESIAN_POINT('',(-13.5,31.,-362.25));
#3150 = DIRECTION('',(1.,0.,-0.));
#3151 = DIRECTION('',(0.,0.,1.));
#3152 = DEFINITIONAL_REPRESENTATION('',(#3153),#3156);
#3153 = B_SPLINE_CURVE_WITH_KNOTS('',1,(#3154,#3155),.UNSPECIFIED.,.F.,
  .F.,(2,2),(15.5,18.5),.PIECEWISE_BEZIER_KNOTS.);
#3154 = CARTESIAN_POINT('',(7.,0.));
#3155 = CARTESIAN_POINT('',(7.,-3.));
#3156 = ( GEOMETRIC_REPRESENTATION_CONTEXT(2) 
PARAMETRIC_REPRESENTATION_CONTEXT() REPRESENTATION_CONTEXT('2D SPACE',''
  ) );
#3157 = FACE_BOUND('',#3158,.F.);
#3158 = EDGE_LOOP('',(#3159,#3189,#3217,#3245));
#3159 = ORIENTED_EDGE('',*,*,#3160,.T.);
#3160 = EDGE_CURVE('',#3161,#3163,#3165,.T.);
#3161 = VERTEX_POINT('',#3162);
#3162 = CARTESIAN_POINT('',(-18.76404587551,36.76488013173,-355.25));
#3163 = VERTEX_POINT('',#3164);
#3164 = CARTESIAN_POINT('',(-18.76404587551,41.76488013173,-355.25));
#3165 = SURFACE_CURVE('',#3166,(#3170,#3177),.PCURVE_S1.);
#3166 = LINE('',#3167,#3168);
#3167 = CARTESIAN_POINT('',(-18.76404587551,36.76488013173,-355.25));
#3168 = VECTOR('',#3169,1.);
#3169 = DIRECTION('',(-0.,1.,0.));
#3170 = PCURVE('',#71,#3171);
#3171 = DEFINITIONAL_REPRESENTATION('',(#3172),#3176);
#3172 = LINE('',#3173,#3174);
#3173 = CARTESIAN_POINT('',(-18.76404587551,36.76488013173));
#3174 = VECTOR('',#3175,1.);
#3175 = DIRECTION('',(0.,1.));
#3176 = ( GEOMETRIC_REPRESENTATION_CONTEXT(2) 
PARAMETRIC_REPRESENTATION_CONTEXT() REPRESENTATION_CONTEXT('2D SPACE',''
  ) );
#3177 = PCURVE('',#3178,#3183);
#3178 = PLANE('',#3179);
#3179 = AXIS2_PLACEMENT_3D('',#3180,#3181,#3182);
#3180 = CARTESIAN_POINT('',(-18.76404587551,36.76488013173,-355.25));
#3181 = DIRECTION('',(1.,0.,-0.));
#3182 = DIRECTION('',(0.,0.,1.));
#3183 = DEFINITIONAL_REPRESENTATION('',(#3184),#3188);
#3184 = LINE('',#3185,#3186);
#3185 = CARTESIAN_POINT('',(0.,0.));
#3186 = VECTOR('',#3187,1.);
#3187 = DIRECTION('',(0.,-1.));
#3188 = ( GEOMETRIC_REPRESENTATION_CONTEXT(2) 
PARAMETRIC_REPRESENTATION_CONTEXT() REPRESENTATION_CONTEXT('2D SPACE',''
  ) );
#3189 = ORIENTED_EDGE('',*,*,#3190,.T.);
#3190 = EDGE_CURVE('',#3163,#3191,#3193,.T.);
#3191 = VERTEX_POINT('',#3192);
#3192 = CARTESIAN_POINT('',(-13.76404587551,41.76488013173,-355.25));
#3193 = SURFACE_CURVE('',#3194,(#3198,#3205),.PCURVE_S1.);
#3194 = LINE('',#3195,#3196);
#3195 = CARTESIAN_POINT('',(-18.76404587551,41.76488013173,-355.25));
#3196 = VECTOR('',#3197,1.);
#3197 = DIRECTION('',(1.,0.,-0.));
#3198 = PCURVE('',#71,#3199);
#3199 = DEFINITIONAL_REPRESENTATION('',(#3200),#3204);
#3200 = LINE('',#3201,#3202);
#3201 = CARTESIAN_POINT('',(-18.76404587551,41.76488013173));
#3202 = VECTOR('',#3203,1.);
#3203 = DIRECTION('',(1.,0.));
#3204 = ( GEOMETRIC_REPRESENTATION_CONTEXT(2) 
PARAMETRIC_REPRESENTATION_CONTEXT() REPRESENTATION_CONTEXT('2D SPACE',''
  ) );
#3205 = PCURVE('',#3206,#3211);
#3206 = PLANE('',#3207);
#3207 = AXIS2_PLACEMENT_3D('',#3208,#3209,#3210);
#3208 = CARTESIAN_POINT('',(-18.76404587551,41.76488013173,-355.25));
#3209 = DIRECTION('',(-0.,1.,0.));
#3210 = DIRECTION('',(0.,0.,1.));
#3211 = DEFINITIONAL_REPRESENTATION('',(#3212),#3216);
#3212 = LINE('',#3213,#3214);
#3213 = CARTESIAN_POINT('',(0.,0.));
#3214 = VECTOR('',#3215,1.);
#3215 = DIRECTION('',(0.,1.));
#3216 = ( GEOMETRIC_REPRESENTATION_CONTEXT(2) 
PARAMETRIC_REPRESENTATION_CONTEXT() REPRESENTATION_CONTEXT('2D SPACE',''
  ) );
#3217 = ORIENTED_EDGE('',*,*,#3218,.F.);
#3218 = EDGE_CURVE('',#3219,#3191,#3221,.T.);
#3219 = VERTEX_POINT('',#3220);
#3220 = CARTESIAN_POINT('',(-13.76404587551,36.76488013173,-355.25));
#3221 = SURFACE_CURVE('',#3222,(#3226,#3233),.PCURVE_S1.);
#3222 = LINE('',#3223,#3224);
#3223 = CARTESIAN_POINT('',(-13.76404587551,36.76488013173,-355.25));
#3224 = VECTOR('',#3225,1.);
#3225 = DIRECTION('',(-0.,1.,0.));
#3226 = PCURVE('',#71,#3227);
#3227 = DEFINITIONAL_REPRESENTATION('',(#3228),#3232);
#3228 = LINE('',#3229,#3230);
#3229 = CARTESIAN_POINT('',(-13.76404587551,36.76488013173));
#3230 = VECTOR('',#3231,1.);
#3231 = DIRECTION('',(0.,1.));
#3232 = ( GEOMETRIC_REPRESENTATION_CONTEXT(2) 
PARAMETRIC_REPRESENTATION_CONTEXT() REPRESENTATION_CONTEXT('2D SPACE',''
  ) );
#3233 = PCURVE('',#3234,#3239);
#3234 = PLANE('',#3235);
#3235 = AXIS2_PLACEMENT_3D('',#3236,#3237,#3238);
#3236 = CARTESIAN_POINT('',(-13.76404587551,36.76488013173,-355.25));
#3237 = DIRECTION('',(1.,0.,-0.));
#3238 = DIRECTION('',(0.,0.,1.));
#3239 = DEFINITIONAL_REPRESENTATION('',(#3240),#3244);
#3240 = LINE('',#3241,#3242);
#3241 = CARTESIAN_POINT('',(0.,0.));
#3242 = VECTOR('',#3243,1.);
#3243 = DIRECTION('',(0.,-1.));
#3244 = ( GEOMETRIC_REPRESENTATION_CONTEXT(2) 
PARAMETRIC_REPRESENTATION_CONTEXT() REPRESENTATION_CONTEXT('2D SPACE',''
  ) );
#3245 = ORIENTED_EDGE('',*,*,#3246,.F.);
#3246 = EDGE_CURVE('',#3161,#3219,#3247,.T.);
#3247 = SURFACE_CURVE('',#3248,(#3252,#3259),.PCURVE_S1.);
#3248 = LINE('',#3249,#3250);
#3249 = CARTESIAN_POINT('',(-18.76404587551,36.76488013173,-355.25));
#3250 = VECTOR('',#3251,1.);
#3251 = DIRECTION('',(1.,0.,-0.));
#3252 = PCURVE('',#71,#3253);
#3253 = DEFINITIONAL_REPRESENTATION('',(#3254),#3258);
#3254 = LINE('',#3255,#3256);
#3255 = CARTESIAN_POINT('',(-18.76404587551,36.76488013173));
#3256 = VECTOR('',#3257,1.);
#3257 = DIRECTION('',(1.,0.));
#3258 = ( GEOMETRIC_REPRESENTATION_CONTEXT(2) 
PARAMETRIC_REPRESENTATION_CONTEXT() REPRESENTATION_CONTEXT('2D SPACE',''
  ) );
#3259 = PCURVE('',#3260,#3265);
#3260 = PLANE('',#3261);
#3261 = AXIS2_PLACEMENT_3D('',#3262,#3263,#3264);
#3262 = CARTESIAN_POINT('',(-18.76404587551,36.76488013173,-355.25));
#3263 = DIRECTION('',(-0.,1.,0.));
#3264 = DIRECTION('',(0.,0.,1.));
#3265 = DEFINITIONAL_REPRESENTATION('',(#3266),#3270);
#3266 = LINE('',#3267,#3268);
#3267 = CARTESIAN_POINT('',(0.,0.));
#3268 = VECTOR('',#3269,1.);
#3269 = DIRECTION('',(0.,1.));
#3270 = ( GEOMETRIC_REPRESENTATION_CONTEXT(2) 
PARAMETRIC_REPRESENTATION_CONTEXT() REPRESENTATION_CONTEXT('2D SPACE',''
  ) );
#3271 = FACE_BOUND('',#3272,.F.);
#3272 = EDGE_LOOP('',(#3273));
#3273 = ORIENTED_EDGE('',*,*,#3274,.F.);
#3274 = EDGE_CURVE('',#3275,#3275,#3277,.T.);
#3275 = VERTEX_POINT('',#3276);
#3276 = CARTESIAN_POINT('',(8.1,-1.983927814619E-15,-355.25));
#3277 = SURFACE_CURVE('',#3278,(#3283,#3290),.PCURVE_S1.);
#3278 = CIRCLE('',#3279,8.1);
#3279 = AXIS2_PLACEMENT_3D('',#3280,#3281,#3282);
#3280 = CARTESIAN_POINT('',(0.,0.,-355.25));
#3281 = DIRECTION('',(0.,0.,1.));
#3282 = DIRECTION('',(1.,0.,-0.));
#3283 = PCURVE('',#71,#3284);
#3284 = DEFINITIONAL_REPRESENTATION('',(#3285),#3289);
#3285 = CIRCLE('',#3286,8.1);
#3286 = AXIS2_PLACEMENT_2D('',#3287,#3288);
#3287 = CARTESIAN_POINT('',(0.,0.));
#3288 = DIRECTION('',(1.,0.));
#3289 = ( GEOMETRIC_REPRESENTATION_CONTEXT(2) 
PARAMETRIC_REPRESENTATION_CONTEXT() REPRESENTATION_CONTEXT('2D SPACE',''
  ) );
#3290 = PCURVE('',#3291,#3296);
#3291 = CYLINDRICAL_SURFACE('',#3292,8.1);
#3292 = AXIS2_PLACEMENT_3D('',#3293,#3294,#3295);
#3293 = CARTESIAN_POINT('',(0.,0.,-356.25));
#3294 = DIRECTION('',(0.,0.,1.));
#3295 = DIRECTION('',(1.,0.,-0.));
#3296 = DEFINITIONAL_REPRESENTATION('',(#3297),#3301);
#3297 = LINE('',#3298,#3299);
#3298 = CARTESIAN_POINT('',(0.,1.));
#3299 = VECTOR('',#3300,1.);
#3300 = DIRECTION('',(1.,0.));
#3301 = ( GEOMETRIC_REPRESENTATION_CONTEXT(2) 
PARAMETRIC_REPRESENTATION_CONTEXT() REPRESENTATION_CONTEXT('2D SPACE',''
  ) );
#3302 = FACE_BOUND('',#3303,.F.);
#3303 = EDGE_LOOP('',(#3304));
#3304 = ORIENTED_EDGE('',*,*,#3305,.F.);
#3305 = EDGE_CURVE('',#3306,#3306,#3308,.T.);
#3306 = VERTEX_POINT('',#3307);
#3307 = CARTESIAN_POINT('',(14.7,-4.163799117101E-16,-355.25));
#3308 = SURFACE_CURVE('',#3309,(#3314,#3321),.PCURVE_S1.);
#3309 = CIRCLE('',#3310,1.7);
#3310 = AXIS2_PLACEMENT_3D('',#3311,#3312,#3313);
#3311 = CARTESIAN_POINT('',(13.,0.,-355.25));
#3312 = DIRECTION('',(0.,0.,1.));
#3313 = DIRECTION('',(1.,0.,-0.));
#3314 = PCURVE('',#71,#3315);
#3315 = DEFINITIONAL_REPRESENTATION('',(#3316),#3320);
#3316 = CIRCLE('',#3317,1.7);
#3317 = AXIS2_PLACEMENT_2D('',#3318,#3319);
#3318 = CARTESIAN_POINT('',(13.,0.));
#3319 = DIRECTION('',(1.,0.));
#3320 = ( GEOMETRIC_REPRESENTATION_CONTEXT(2) 
PARAMETRIC_REPRESENTATION_CONTEXT() REPRESENTATION_CONTEXT('2D SPACE',''
  ) );
#3321 = PCURVE('',#3322,#3327);
#3322 = CYLINDRICAL_SURFACE('',#3323,1.7);
#3323 = AXIS2_PLACEMENT_3D('',#3324,#3325,#3326);
#3324 = CARTESIAN_POINT('',(13.,0.,-356.25));
#3325 = DIRECTION('',(0.,0.,1.));
#3326 = DIRECTION('',(1.,0.,-0.));
#3327 = DEFINITIONAL_REPRESENTATION('',(#3328),#3332);
#3328 = LINE('',#3329,#3330);
#3329 = CARTESIAN_POINT('',(0.,1.));
#3330 = VECTOR('',#3331,1.);
#3331 = DIRECTION('',(1.,0.));
#3332 = ( GEOMETRIC_REPRESENTATION_CONTEXT(2) 
PARAMETRIC_REPRESENTATION_CONTEXT() REPRESENTATION_CONTEXT('2D SPACE',''
  ) );
#3333 = FACE_BOUND('',#3334,.F.);
#3334 = EDGE_LOOP('',(#3335));
#3335 = ORIENTED_EDGE('',*,*,#3336,.F.);
#3336 = EDGE_CURVE('',#3337,#3337,#3339,.T.);
#3337 = VERTEX_POINT('',#3338);
#3338 = CARTESIAN_POINT('',(1.7,13.,-355.25));
#3339 = SURFACE_CURVE('',#3340,(#3345,#3352),.PCURVE_S1.);
#3340 = CIRCLE('',#3341,1.7);
#3341 = AXIS2_PLACEMENT_3D('',#3342,#3343,#3344);
#3342 = CARTESIAN_POINT('',(0.,13.,-355.25));
#3343 = DIRECTION('',(0.,0.,1.));
#3344 = DIRECTION('',(1.,0.,-0.));
#3345 = PCURVE('',#71,#3346);
#3346 = DEFINITIONAL_REPRESENTATION('',(#3347),#3351);
#3347 = CIRCLE('',#3348,1.7);
#3348 = AXIS2_PLACEMENT_2D('',#3349,#3350);
#3349 = CARTESIAN_POINT('',(0.,13.));
#3350 = DIRECTION('',(1.,0.));
#3351 = ( GEOMETRIC_REPRESENTATION_CONTEXT(2) 
PARAMETRIC_REPRESENTATION_CONTEXT() REPRESENTATION_CONTEXT('2D SPACE',''
  ) );
#3352 = PCURVE('',#3353,#3358);
#3353 = CYLINDRICAL_SURFACE('',#3354,1.7);
#3354 = AXIS2_PLACEMENT_3D('',#3355,#3356,#3357);
#3355 = CARTESIAN_POINT('',(0.,13.,-356.25));
#3356 = DIRECTION('',(0.,0.,1.));
#3357 = DIRECTION('',(1.,0.,-0.));
#3358 = DEFINITIONAL_REPRESENTATION('',(#3359),#3363);
#3359 = LINE('',#3360,#3361);
#3360 = CARTESIAN_POINT('',(0.,1.));
#3361 = VECTOR('',#3362,1.);
#3362 = DIRECTION('',(1.,0.));
#3363 = ( GEOMETRIC_REPRESENTATION_CONTEXT(2) 
PARAMETRIC_REPRESENTATION_CONTEXT() REPRESENTATION_CONTEXT('2D SPACE',''
  ) );
#3364 = FACE_BOUND('',#3365,.F.);
#3365 = EDGE_LOOP('',(#3366,#3392,#3414,#3438));
#3366 = ORIENTED_EDGE('',*,*,#3367,.F.);
#3367 = EDGE_CURVE('',#3368,#3370,#3372,.T.);
#3368 = VERTEX_POINT('',#3369);
#3369 = CARTESIAN_POINT('',(46.344545617105,-6.513301124931,-355.25));
#3370 = VERTEX_POINT('',#3371);
#3371 = CARTESIAN_POINT('',(5.703485271361,46.451159896814,-355.25));
#3372 = SURFACE_CURVE('',#3373,(#3378,#3385),.PCURVE_S1.);
#3373 = CIRCLE('',#3374,46.8);
#3374 = AXIS2_PLACEMENT_3D('',#3375,#3376,#3377);
#3375 = CARTESIAN_POINT('',(0.,0.,-355.25));
#3376 = DIRECTION('',(0.,0.,1.));
#3377 = DIRECTION('',(1.,0.,-0.));
#3378 = PCURVE('',#71,#3379);
#3379 = DEFINITIONAL_REPRESENTATION('',(#3380),#3384);
#3380 = CIRCLE('',#3381,46.8);
#3381 = AXIS2_PLACEMENT_2D('',#3382,#3383);
#3382 = CARTESIAN_POINT('',(0.,0.));
#3383 = DIRECTION('',(1.,0.));
#3384 = ( GEOMETRIC_REPRESENTATION_CONTEXT(2) 
PARAMETRIC_REPRESENTATION_CONTEXT() REPRESENTATION_CONTEXT('2D SPACE',''
  ) );
#3385 = PCURVE('',#1434,#3386);
#3386 = DEFINITIONAL_REPRESENTATION('',(#3387),#3391);
#3387 = LINE('',#3388,#3389);
#3388 = CARTESIAN_POINT('',(0.,1.));
#3389 = VECTOR('',#3390,1.);
#3390 = DIRECTION('',(1.,0.));
#3391 = ( GEOMETRIC_REPRESENTATION_CONTEXT(2) 
PARAMETRIC_REPRESENTATION_CONTEXT() REPRESENTATION_CONTEXT('2D SPACE',''
  ) );
#3392 = ORIENTED_EDGE('',*,*,#3393,.T.);
#3393 = EDGE_CURVE('',#3368,#3394,#3396,.T.);
#3394 = VERTEX_POINT('',#3395);
#3395 = CARTESIAN_POINT('',(45.25525074149,-6.360210713875,-355.25));
#3396 = SURFACE_CURVE('',#3397,(#3401,#3408),.PCURVE_S1.);
#3397 = LINE('',#3398,#3399);
#3398 = CARTESIAN_POINT('',(0.,0.,-355.25));
#3399 = VECTOR('',#3400,1.);
#3400 = DIRECTION('',(-0.990268068742,0.13917310096,0.));
#3401 = PCURVE('',#71,#3402);
#3402 = DEFINITIONAL_REPRESENTATION('',(#3403),#3407);
#3403 = LINE('',#3404,#3405);
#3404 = CARTESIAN_POINT('',(0.,0.));
#3405 = VECTOR('',#3406,1.);
#3406 = DIRECTION('',(-0.990268068742,0.13917310096));
#3407 = ( GEOMETRIC_REPRESENTATION_CONTEXT(2) 
PARAMETRIC_REPRESENTATION_CONTEXT() REPRESENTATION_CONTEXT('2D SPACE',''
  ) );
#3408 = PCURVE('',#1462,#3409);
#3409 = DEFINITIONAL_REPRESENTATION('',(#3410),#3413);
#3410 = B_SPLINE_CURVE_WITH_KNOTS('',1,(#3411,#3412),.UNSPECIFIED.,.F.,
  .F.,(2,2),(-46.8,-45.7),.PIECEWISE_BEZIER_KNOTS.);
#3411 = CARTESIAN_POINT('',(46.8,-3.));
#3412 = CARTESIAN_POINT('',(45.7,-3.));
#3413 = ( GEOMETRIC_REPRESENTATION_CONTEXT(2) 
PARAMETRIC_REPRESENTATION_CONTEXT() REPRESENTATION_CONTEXT('2D SPACE',''
  ) );
#3414 = ORIENTED_EDGE('',*,*,#3415,.T.);
#3415 = EDGE_CURVE('',#3394,#3416,#3418,.T.);
#3416 = VERTEX_POINT('',#3417);
#3417 = CARTESIAN_POINT('',(5.569428993615,45.359359130008,-355.25));
#3418 = SURFACE_CURVE('',#3419,(#3424,#3431),.PCURVE_S1.);
#3419 = CIRCLE('',#3420,45.7);
#3420 = AXIS2_PLACEMENT_3D('',#3421,#3422,#3423);
#3421 = CARTESIAN_POINT('',(0.,0.,-355.25));
#3422 = DIRECTION('',(0.,0.,1.));
#3423 = DIRECTION('',(1.,0.,-0.));
#3424 = PCURVE('',#71,#3425);
#3425 = DEFINITIONAL_REPRESENTATION('',(#3426),#3430);
#3426 = CIRCLE('',#3427,45.7);
#3427 = AXIS2_PLACEMENT_2D('',#3428,#3429);
#3428 = CARTESIAN_POINT('',(0.,0.));
#3429 = DIRECTION('',(1.,0.));
#3430 = ( GEOMETRIC_REPRESENTATION_CONTEXT(2) 
PARAMETRIC_REPRESENTATION_CONTEXT() REPRESENTATION_CONTEXT('2D SPACE',''
  ) );
#3431 = PCURVE('',#1490,#3432);
#3432 = DEFINITIONAL_REPRESENTATION('',(#3433),#3437);
#3433 = LINE('',#3434,#3435);
#3434 = CARTESIAN_POINT('',(0.,2.));
#3435 = VECTOR('',#3436,1.);
#3436 = DIRECTION('',(1.,0.));
#3437 = ( GEOMETRIC_REPRESENTATION_CONTEXT(2) 
PARAMETRIC_REPRESENTATION_CONTEXT() REPRESENTATION_CONTEXT('2D SPACE',''
  ) );
#3438 = ORIENTED_EDGE('',*,*,#3439,.T.);
#3439 = EDGE_CURVE('',#3416,#3370,#3440,.T.);
#3440 = SURFACE_CURVE('',#3441,(#3445,#3452),.PCURVE_S1.);
#3441 = LINE('',#3442,#3443);
#3442 = CARTESIAN_POINT('',(5.703485271361,46.451159896814,-355.25));
#3443 = VECTOR('',#3444,1.);
#3444 = DIRECTION('',(0.121869343405,0.992546151641,-0.));
#3445 = PCURVE('',#71,#3446);
#3446 = DEFINITIONAL_REPRESENTATION('',(#3447),#3451);
#3447 = LINE('',#3448,#3449);
#3448 = CARTESIAN_POINT('',(5.703485271361,46.451159896814));
#3449 = VECTOR('',#3450,1.);
#3450 = DIRECTION('',(0.121869343405,0.992546151641));
#3451 = ( GEOMETRIC_REPRESENTATION_CONTEXT(2) 
PARAMETRIC_REPRESENTATION_CONTEXT() REPRESENTATION_CONTEXT('2D SPACE',''
  ) );
#3452 = PCURVE('',#1516,#3453);
#3453 = DEFINITIONAL_REPRESENTATION('',(#3454),#3457);
#3454 = B_SPLINE_CURVE_WITH_KNOTS('',1,(#3455,#3456),.UNSPECIFIED.,.F.,
  .F.,(2,2),(-1.1,0.),.PIECEWISE_BEZIER_KNOTS.);
#3455 = CARTESIAN_POINT('',(47.9,-3.));
#3456 = CARTESIAN_POINT('',(46.8,-3.));
#3457 = ( GEOMETRIC_REPRESENTATION_CONTEXT(2) 
PARAMETRIC_REPRESENTATION_CONTEXT() REPRESENTATION_CONTEXT('2D SPACE',''
  ) );
#3458 = FACE_BOUND('',#3459,.F.);
#3459 = EDGE_LOOP('',(#3460,#3488,#3514,#3540));
#3460 = ORIENTED_EDGE('',*,*,#3461,.T.);
#3461 = EDGE_CURVE('',#3462,#3464,#3466,.T.);
#3462 = VERTEX_POINT('',#3463);
#3463 = CARTESIAN_POINT('',(11.5,31.,-355.25));
#3464 = VERTEX_POINT('',#3465);
#3465 = CARTESIAN_POINT('',(8.5,31.,-355.25));
#3466 = SURFACE_CURVE('',#3467,(#3471,#3477),.PCURVE_S1.);
#3467 = LINE('',#3468,#3469);
#3468 = CARTESIAN_POINT('',(4.25,31.,-355.25));
#3469 = VECTOR('',#3470,1.);
#3470 = DIRECTION('',(-1.,-0.,0.));
#3471 = PCURVE('',#71,#3472);
#3472 = DEFINITIONAL_REPRESENTATION('',(#3473),#3476);
#3473 = B_SPLINE_CURVE_WITH_KNOTS('',1,(#3474,#3475),.UNSPECIFIED.,.F.,
  .F.,(2,2),(-7.25,-4.25),.PIECEWISE_BEZIER_KNOTS.);
#3474 = CARTESIAN_POINT('',(11.5,31.));
#3475 = CARTESIAN_POINT('',(8.5,31.));
#3476 = ( GEOMETRIC_REPRESENTATION_CONTEXT(2) 
PARAMETRIC_REPRESENTATION_CONTEXT() REPRESENTATION_CONTEXT('2D SPACE',''
  ) );
#3477 = PCURVE('',#3478,#3483);
#3478 = PLANE('',#3479);
#3479 = AXIS2_PLACEMENT_3D('',#3480,#3481,#3482);
#3480 = CARTESIAN_POINT('',(8.5,31.,-362.25));
#3481 = DIRECTION('',(-0.,1.,0.));
#3482 = DIRECTION('',(0.,0.,1.));
#3483 = DEFINITIONAL_REPRESENTATION('',(#3484),#3487);
#3484 = B_SPLINE_CURVE_WITH_KNOTS('',1,(#3485,#3486),.UNSPECIFIED.,.F.,
  .F.,(2,2),(-7.25,-4.25),.PIECEWISE_BEZIER_KNOTS.);
#3485 = CARTESIAN_POINT('',(7.,3.));
#3486 = CARTESIAN_POINT('',(7.,0.));
#3487 = ( GEOMETRIC_REPRESENTATION_CONTEXT(2) 
PARAMETRIC_REPRESENTATION_CONTEXT() REPRESENTATION_CONTEXT('2D SPACE',''
  ) );
#3488 = ORIENTED_EDGE('',*,*,#3489,.T.);
#3489 = EDGE_CURVE('',#3464,#3490,#3492,.T.);
#3490 = VERTEX_POINT('',#3491);
#3491 = CARTESIAN_POINT('',(8.5,34.,-355.25));
#3492 = SURFACE_CURVE('',#3493,(#3497,#3503),.PCURVE_S1.);
#3493 = LINE('',#3494,#3495);
#3494 = CARTESIAN_POINT('',(8.5,15.5,-355.25));
#3495 = VECTOR('',#3496,1.);
#3496 = DIRECTION('',(-0.,1.,0.));
#3497 = PCURVE('',#71,#3498);
#3498 = DEFINITIONAL_REPRESENTATION('',(#3499),#3502);
#3499 = B_SPLINE_CURVE_WITH_KNOTS('',1,(#3500,#3501),.UNSPECIFIED.,.F.,
  .F.,(2,2),(15.5,18.5),.PIECEWISE_BEZIER_KNOTS.);
#3500 = CARTESIAN_POINT('',(8.5,31.));
#3501 = CARTESIAN_POINT('',(8.5,34.));
#3502 = ( GEOMETRIC_REPRESENTATION_CONTEXT(2) 
PARAMETRIC_REPRESENTATION_CONTEXT() REPRESENTATION_CONTEXT('2D SPACE',''
  ) );
#3503 = PCURVE('',#3504,#3509);
#3504 = PLANE('',#3505);
#3505 = AXIS2_PLACEMENT_3D('',#3506,#3507,#3508);
#3506 = CARTESIAN_POINT('',(8.5,31.,-362.25));
#3507 = DIRECTION('',(1.,0.,-0.));
#3508 = DIRECTION('',(0.,0.,1.));
#3509 = DEFINITIONAL_REPRESENTATION('',(#3510),#3513);
#3510 = B_SPLINE_CURVE_WITH_KNOTS('',1,(#3511,#3512),.UNSPECIFIED.,.F.,
  .F.,(2,2),(15.5,18.5),.PIECEWISE_BEZIER_KNOTS.);
#3511 = CARTESIAN_POINT('',(7.,0.));
#3512 = CARTESIAN_POINT('',(7.,-3.));
#3513 = ( GEOMETRIC_REPRESENTATION_CONTEXT(2) 
PARAMETRIC_REPRESENTATION_CONTEXT() REPRESENTATION_CONTEXT('2D SPACE',''
  ) );
#3514 = ORIENTED_EDGE('',*,*,#3515,.F.);
#3515 = EDGE_CURVE('',#3516,#3490,#3518,.T.);
#3516 = VERTEX_POINT('',#3517);
#3517 = CARTESIAN_POINT('',(11.5,34.,-355.25));
#3518 = SURFACE_CURVE('',#3519,(#3523,#3529),.PCURVE_S1.);
#3519 = LINE('',#3520,#3521);
#3520 = CARTESIAN_POINT('',(4.25,34.,-355.25));
#3521 = VECTOR('',#3522,1.);
#3522 = DIRECTION('',(-1.,-0.,0.));
#3523 = PCURVE('',#71,#3524);
#3524 = DEFINITIONAL_REPRESENTATION('',(#3525),#3528);
#3525 = B_SPLINE_CURVE_WITH_KNOTS('',1,(#3526,#3527),.UNSPECIFIED.,.F.,
  .F.,(2,2),(-7.25,-4.25),.PIECEWISE_BEZIER_KNOTS.);
#3526 = CARTESIAN_POINT('',(11.5,34.));
#3527 = CARTESIAN_POINT('',(8.5,34.));
#3528 = ( GEOMETRIC_REPRESENTATION_CONTEXT(2) 
PARAMETRIC_REPRESENTATION_CONTEXT() REPRESENTATION_CONTEXT('2D SPACE',''
  ) );
#3529 = PCURVE('',#3530,#3535);
#3530 = PLANE('',#3531);
#3531 = AXIS2_PLACEMENT_3D('',#3532,#3533,#3534);
#3532 = CARTESIAN_POINT('',(8.5,34.,-362.25));
#3533 = DIRECTION('',(-0.,1.,0.));
#3534 = DIRECTION('',(0.,0.,1.));
#3535 = DEFINITIONAL_REPRESENTATION('',(#3536),#3539);
#3536 = B_SPLINE_CURVE_WITH_KNOTS('',1,(#3537,#3538),.UNSPECIFIED.,.F.,
  .F.,(2,2),(-7.25,-4.25),.PIECEWISE_BEZIER_KNOTS.);
#3537 = CARTESIAN_POINT('',(7.,3.));
#3538 = CARTESIAN_POINT('',(7.,0.));
#3539 = ( GEOMETRIC_REPRESENTATION_CONTEXT(2) 
PARAMETRIC_REPRESENTATION_CONTEXT() REPRESENTATION_CONTEXT('2D SPACE',''
  ) );
#3540 = ORIENTED_EDGE('',*,*,#3541,.F.);
#3541 = EDGE_CURVE('',#3462,#3516,#3542,.T.);
#3542 = SURFACE_CURVE('',#3543,(#3547,#3553),.PCURVE_S1.);
#3543 = LINE('',#3544,#3545);
#3544 = CARTESIAN_POINT('',(11.5,15.5,-355.25));
#3545 = VECTOR('',#3546,1.);
#3546 = DIRECTION('',(-0.,1.,0.));
#3547 = PCURVE('',#71,#3548);
#3548 = DEFINITIONAL_REPRESENTATION('',(#3549),#3552);
#3549 = B_SPLINE_CURVE_WITH_KNOTS('',1,(#3550,#3551),.UNSPECIFIED.,.F.,
  .F.,(2,2),(15.5,18.5),.PIECEWISE_BEZIER_KNOTS.);
#3550 = CARTESIAN_POINT('',(11.5,31.));
#3551 = CARTESIAN_POINT('',(11.5,34.));
#3552 = ( GEOMETRIC_REPRESENTATION_CONTEXT(2) 
PARAMETRIC_REPRESENTATION_CONTEXT() REPRESENTATION_CONTEXT('2D SPACE',''
  ) );
#3553 = PCURVE('',#3554,#3559);
#3554 = PLANE('',#3555);
#3555 = AXIS2_PLACEMENT_3D('',#3556,#3557,#3558);
#3556 = CARTESIAN_POINT('',(11.5,31.,-362.25));
#3557 = DIRECTION('',(1.,0.,-0.));
#3558 = DIRECTION('',(0.,0.,1.));
#3559 = DEFINITIONAL_REPRESENTATION('',(#3560),#3563);
#3560 = B_SPLINE_CURVE_WITH_KNOTS('',1,(#3561,#3562),.UNSPECIFIED.,.F.,
  .F.,(2,2),(15.5,18.5),.PIECEWISE_BEZIER_KNOTS.);
#3561 = CARTESIAN_POINT('',(7.,0.));
#3562 = CARTESIAN_POINT('',(7.,-3.));
#3563 = ( GEOMETRIC_REPRESENTATION_CONTEXT(2) 
PARAMETRIC_REPRESENTATION_CONTEXT() REPRESENTATION_CONTEXT('2D SPACE',''
  ) );
#3564 = FACE_BOUND('',#3565,.F.);
#3565 = EDGE_LOOP('',(#3566,#3596,#3624,#3652));
#3566 = ORIENTED_EDGE('',*,*,#3567,.T.);
#3567 = EDGE_CURVE('',#3568,#3570,#3572,.T.);
#3568 = VERTEX_POINT('',#3569);
#3569 = CARTESIAN_POINT('',(-2.5,40.,-355.25));
#3570 = VERTEX_POINT('',#3571);
#3571 = CARTESIAN_POINT('',(-2.5,45.,-355.25));
#3572 = SURFACE_CURVE('',#3573,(#3577,#3584),.PCURVE_S1.);
#3573 = LINE('',#3574,#3575);
#3574 = CARTESIAN_POINT('',(-2.5,40.,-355.25));
#3575 = VECTOR('',#3576,1.);
#3576 = DIRECTION('',(-0.,1.,0.));
#3577 = PCURVE('',#71,#3578);
#3578 = DEFINITIONAL_REPRESENTATION('',(#3579),#3583);
#3579 = LINE('',#3580,#3581);
#3580 = CARTESIAN_POINT('',(-2.5,40.));
#3581 = VECTOR('',#3582,1.);
#3582 = DIRECTION('',(0.,1.));
#3583 = ( GEOMETRIC_REPRESENTATION_CONTEXT(2) 
PARAMETRIC_REPRESENTATION_CONTEXT() REPRESENTATION_CONTEXT('2D SPACE',''
  ) );
#3584 = PCURVE('',#3585,#3590);
#3585 = PLANE('',#3586);
#3586 = AXIS2_PLACEMENT_3D('',#3587,#3588,#3589);
#3587 = CARTESIAN_POINT('',(-2.5,40.,-355.25));
#3588 = DIRECTION('',(1.,0.,-0.));
#3589 = DIRECTION('',(0.,0.,1.));
#3590 = DEFINITIONAL_REPRESENTATION('',(#3591),#3595);
#3591 = LINE('',#3592,#3593);
#3592 = CARTESIAN_POINT('',(0.,0.));
#3593 = VECTOR('',#3594,1.);
#3594 = DIRECTION('',(0.,-1.));
#3595 = ( GEOMETRIC_REPRESENTATION_CONTEXT(2) 
PARAMETRIC_REPRESENTATION_CONTEXT() REPRESENTATION_CONTEXT('2D SPACE',''
  ) );
#3596 = ORIENTED_EDGE('',*,*,#3597,.T.);
#3597 = EDGE_CURVE('',#3570,#3598,#3600,.T.);
#3598 = VERTEX_POINT('',#3599);
#3599 = CARTESIAN_POINT('',(2.5,45.,-355.25));
#3600 = SURFACE_CURVE('',#3601,(#3605,#3612),.PCURVE_S1.);
#3601 = LINE('',#3602,#3603);
#3602 = CARTESIAN_POINT('',(-2.5,45.,-355.25));
#3603 = VECTOR('',#3604,1.);
#3604 = DIRECTION('',(1.,0.,-0.));
#3605 = PCURVE('',#71,#3606);
#3606 = DEFINITIONAL_REPRESENTATION('',(#3607),#3611);
#3607 = LINE('',#3608,#3609);
#3608 = CARTESIAN_POINT('',(-2.5,45.));
#3609 = VECTOR('',#3610,1.);
#3610 = DIRECTION('',(1.,0.));
#3611 = ( GEOMETRIC_REPRESENTATION_CONTEXT(2) 
PARAMETRIC_REPRESENTATION_CONTEXT() REPRESENTATION_CONTEXT('2D SPACE',''
  ) );
#3612 = PCURVE('',#3613,#3618);
#3613 = PLANE('',#3614);
#3614 = AXIS2_PLACEMENT_3D('',#3615,#3616,#3617);
#3615 = CARTESIAN_POINT('',(-2.5,45.,-355.25));
#3616 = DIRECTION('',(-0.,1.,0.));
#3617 = DIRECTION('',(0.,0.,1.));
#3618 = DEFINITIONAL_REPRESENTATION('',(#3619),#3623);
#3619 = LINE('',#3620,#3621);
#3620 = CARTESIAN_POINT('',(0.,0.));
#3621 = VECTOR('',#3622,1.);
#3622 = DIRECTION('',(0.,1.));
#3623 = ( GEOMETRIC_REPRESENTATION_CONTEXT(2) 
PARAMETRIC_REPRESENTATION_CONTEXT() REPRESENTATION_CONTEXT('2D SPACE',''
  ) );
#3624 = ORIENTED_EDGE('',*,*,#3625,.F.);
#3625 = EDGE_CURVE('',#3626,#3598,#3628,.T.);
#3626 = VERTEX_POINT('',#3627);
#3627 = CARTESIAN_POINT('',(2.5,40.,-355.25));
#3628 = SURFACE_CURVE('',#3629,(#3633,#3640),.PCURVE_S1.);
#3629 = LINE('',#3630,#3631);
#3630 = CARTESIAN_POINT('',(2.5,40.,-355.25));
#3631 = VECTOR('',#3632,1.);
#3632 = DIRECTION('',(-0.,1.,0.));
#3633 = PCURVE('',#71,#3634);
#3634 = DEFINITIONAL_REPRESENTATION('',(#3635),#3639);
#3635 = LINE('',#3636,#3637);
#3636 = CARTESIAN_POINT('',(2.5,40.));
#3637 = VECTOR('',#3638,1.);
#3638 = DIRECTION('',(0.,1.));
#3639 = ( GEOMETRIC_REPRESENTATION_CONTEXT(2) 
PARAMETRIC_REPRESENTATION_CONTEXT() REPRESENTATION_CONTEXT('2D SPACE',''
  ) );
#3640 = PCURVE('',#3641,#3646);
#3641 = PLANE('',#3642);
#3642 = AXIS2_PLACEMENT_3D('',#3643,#3644,#3645);
#3643 = CARTESIAN_POINT('',(2.5,40.,-355.25));
#3644 = DIRECTION('',(1.,0.,-0.));
#3645 = DIRECTION('',(0.,0.,1.));
#3646 = DEFINITIONAL_REPRESENTATION('',(#3647),#3651);
#3647 = LINE('',#3648,#3649);
#3648 = CARTESIAN_POINT('',(0.,0.));
#3649 = VECTOR('',#3650,1.);
#3650 = DIRECTION('',(0.,-1.));
#3651 = ( GEOMETRIC_REPRESENTATION_CONTEXT(2) 
PARAMETRIC_REPRESENTATION_CONTEXT() REPRESENTATION_CONTEXT('2D SPACE',''
  ) );
#3652 = ORIENTED_EDGE('',*,*,#3653,.F.);
#3653 = EDGE_CURVE('',#3568,#3626,#3654,.T.);
#3654 = SURFACE_CURVE('',#3655,(#3659,#3666),.PCURVE_S1.);
#3655 = LINE('',#3656,#3657);
#3656 = CARTESIAN_POINT('',(-2.5,40.,-355.25));
#3657 = VECTOR('',#3658,1.);
#3658 = DIRECTION('',(1.,0.,-0.));
#3659 = PCURVE('',#71,#3660);
#3660 = DEFINITIONAL_REPRESENTATION('',(#3661),#3665);
#3661 = LINE('',#3662,#3663);
#3662 = CARTESIAN_POINT('',(-2.5,40.));
#3663 = VECTOR('',#3664,1.);
#3664 = DIRECTION('',(1.,0.));
#3665 = ( GEOMETRIC_REPRESENTATION_CONTEXT(2) 
PARAMETRIC_REPRESENTATION_CONTEXT() REPRESENTATION_CONTEXT('2D SPACE',''
  ) );
#3666 = PCURVE('',#3667,#3672);
#3667 = PLANE('',#3668);
#3668 = AXIS2_PLACEMENT_3D('',#3669,#3670,#3671);
#3669 = CARTESIAN_POINT('',(-2.5,40.,-355.25));
#3670 = DIRECTION('',(-0.,1.,0.));
#3671 = DIRECTION('',(0.,0.,1.));
#3672 = DEFINITIONAL_REPRESENTATION('',(#3673),#3677);
#3673 = LINE('',#3674,#3675);
#3674 = CARTESIAN_POINT('',(0.,0.));
#3675 = VECTOR('',#3676,1.);
#3676 = DIRECTION('',(0.,1.));
#3677 = ( GEOMETRIC_REPRESENTATION_CONTEXT(2) 
PARAMETRIC_REPRESENTATION_CONTEXT() REPRESENTATION_CONTEXT('2D SPACE',''
  ) );
#3678 = ADVANCED_FACE('',(#3679),#204,.T.);
#3679 = FACE_BOUND('',#3680,.T.);
#3680 = EDGE_LOOP('',(#3681,#3682,#3683,#3684));
#3681 = ORIENTED_EDGE('',*,*,#1906,.F.);
#3682 = ORIENTED_EDGE('',*,*,#190,.T.);
#3683 = ORIENTED_EDGE('',*,*,#338,.T.);
#3684 = ORIENTED_EDGE('',*,*,#3685,.F.);
#3685 = EDGE_CURVE('',#1884,#311,#3686,.T.);
#3686 = SURFACE_CURVE('',#3687,(#3691,#3698),.PCURVE_S1.);
#3687 = LINE('',#3688,#3689);
#3688 = CARTESIAN_POINT('',(23.319872981078,50.391204829279,-355.25));
#3689 = VECTOR('',#3690,1.);
#3690 = DIRECTION('',(0.,0.,1.));
#3691 = PCURVE('',#204,#3692);
#3692 = DEFINITIONAL_REPRESENTATION('',(#3693),#3697);
#3693 = LINE('',#3694,#3695);
#3694 = CARTESIAN_POINT('',(0.,3.5));
#3695 = VECTOR('',#3696,1.);
#3696 = DIRECTION('',(1.,0.));
#3697 = ( GEOMETRIC_REPRESENTATION_CONTEXT(2) 
PARAMETRIC_REPRESENTATION_CONTEXT() REPRESENTATION_CONTEXT('2D SPACE',''
  ) );
#3698 = PCURVE('',#326,#3699);
#3699 = DEFINITIONAL_REPRESENTATION('',(#3700),#3704);
#3700 = LINE('',#3701,#3702);
#3701 = CARTESIAN_POINT('',(0.,-10.));
#3702 = VECTOR('',#3703,1.);
#3703 = DIRECTION('',(1.,0.));
#3704 = ( GEOMETRIC_REPRESENTATION_CONTEXT(2) 
PARAMETRIC_REPRESENTATION_CONTEXT() REPRESENTATION_CONTEXT('2D SPACE',''
  ) );
#3705 = ADVANCED_FACE('',(#3706),#242,.T.);
#3706 = FACE_BOUND('',#3707,.T.);
#3707 = EDGE_LOOP('',(#3708,#3727,#3728,#3747));
#3708 = ORIENTED_EDGE('',*,*,#3709,.F.);
#3709 = EDGE_CURVE('',#1791,#222,#3710,.T.);
#3710 = SURFACE_CURVE('',#3711,(#3715,#3721),.PCURVE_S1.);
#3711 = LINE('',#3712,#3713);
#3712 = CARTESIAN_POINT('',(29.84588393139,-42.58195876605,-355.25));
#3713 = VECTOR('',#3714,1.);
#3714 = DIRECTION('',(0.,0.,1.));
#3715 = PCURVE('',#242,#3716);
#3716 = DEFINITIONAL_REPRESENTATION('',(#3717),#3720);
#3717 = B_SPLINE_CURVE_WITH_KNOTS('',1,(#3718,#3719),.UNSPECIFIED.,.F.,
  .F.,(2,2),(-2.400000028047E-06,4.0000024),.PIECEWISE_BEZIER_KNOTS.);
#3718 = CARTESIAN_POINT('',(5.323721693102,-2.400000028047E-06));
#3719 = CARTESIAN_POINT('',(5.323721693102,4.0000024));
#3720 = ( GEOMETRIC_REPRESENTATION_CONTEXT(2) 
PARAMETRIC_REPRESENTATION_CONTEXT() REPRESENTATION_CONTEXT('2D SPACE',''
  ) );
#3721 = PCURVE('',#655,#3722);
#3722 = DEFINITIONAL_REPRESENTATION('',(#3723),#3726);
#3723 = B_SPLINE_CURVE_WITH_KNOTS('',1,(#3724,#3725),.UNSPECIFIED.,.F.,
  .F.,(2,2),(-2.400000028047E-06,4.0000024),.PIECEWISE_BEZIER_KNOTS.);
#3724 = CARTESIAN_POINT('',(-2.400000028047E-06,-9.556314299958));
#3725 = CARTESIAN_POINT('',(4.0000024,-9.556314299958));
#3726 = ( GEOMETRIC_REPRESENTATION_CONTEXT(2) 
PARAMETRIC_REPRESENTATION_CONTEXT() REPRESENTATION_CONTEXT('2D SPACE',''
  ) );
#3727 = ORIENTED_EDGE('',*,*,#1813,.T.);
#3728 = ORIENTED_EDGE('',*,*,#3729,.T.);
#3729 = EDGE_CURVE('',#1814,#220,#3730,.T.);
#3730 = SURFACE_CURVE('',#3731,(#3735,#3741),.PCURVE_S1.);
#3731 = LINE('',#3732,#3733);
#3732 = CARTESIAN_POINT('',(29.84588393139,42.581958766055,-355.25));
#3733 = VECTOR('',#3734,1.);
#3734 = DIRECTION('',(0.,0.,1.));
#3735 = PCURVE('',#242,#3736);
#3736 = DEFINITIONAL_REPRESENTATION('',(#3737),#3740);
#3737 = B_SPLINE_CURVE_WITH_KNOTS('',1,(#3738,#3739),.UNSPECIFIED.,.F.,
  .F.,(2,2),(0.,4.),.PIECEWISE_BEZIER_KNOTS.);
#3738 = CARTESIAN_POINT('',(7.242648921257,0.));
#3739 = CARTESIAN_POINT('',(7.242648921257,4.));
#3740 = ( GEOMETRIC_REPRESENTATION_CONTEXT(2) 
PARAMETRIC_REPRESENTATION_CONTEXT() REPRESENTATION_CONTEXT('2D SPACE',''
  ) );
#3741 = PCURVE('',#270,#3742);
#3742 = DEFINITIONAL_REPRESENTATION('',(#3743),#3746);
#3743 = B_SPLINE_CURVE_WITH_KNOTS('',1,(#3744,#3745),.UNSPECIFIED.,.F.,
  .F.,(2,2),(-2.400000028047E-06,4.0000024),.PIECEWISE_BEZIER_KNOTS.);
#3744 = CARTESIAN_POINT('',(-2.400000028047E-06,-0.443685700042));
#3745 = CARTESIAN_POINT('',(4.0000024,-0.443685700042));
#3746 = ( GEOMETRIC_REPRESENTATION_CONTEXT(2) 
PARAMETRIC_REPRESENTATION_CONTEXT() REPRESENTATION_CONTEXT('2D SPACE',''
  ) );
#3747 = ORIENTED_EDGE('',*,*,#219,.T.);
#3748 = ADVANCED_FACE('',(#3749),#270,.F.);
#3749 = FACE_BOUND('',#3750,.F.);
#3750 = EDGE_LOOP('',(#3751,#3752,#3773,#3774));
#3751 = ORIENTED_EDGE('',*,*,#254,.F.);
#3752 = ORIENTED_EDGE('',*,*,#3753,.F.);
#3753 = EDGE_CURVE('',#1838,#255,#3754,.T.);
#3754 = SURFACE_CURVE('',#3755,(#3759,#3766),.PCURVE_S1.);
#3755 = LINE('',#3756,#3757);
#3756 = CARTESIAN_POINT('',(30.230127018922,42.360115916034,-355.25));
#3757 = VECTOR('',#3758,1.);
#3758 = DIRECTION('',(0.,0.,1.));
#3759 = PCURVE('',#270,#3760);
#3760 = DEFINITIONAL_REPRESENTATION('',(#3761),#3765);
#3761 = LINE('',#3762,#3763);
#3762 = CARTESIAN_POINT('',(0.,0.));
#3763 = VECTOR('',#3764,1.);
#3764 = DIRECTION('',(1.,0.));
#3765 = ( GEOMETRIC_REPRESENTATION_CONTEXT(2) 
PARAMETRIC_REPRESENTATION_CONTEXT() REPRESENTATION_CONTEXT('2D SPACE',''
  ) );
#3766 = PCURVE('',#298,#3767);
#3767 = DEFINITIONAL_REPRESENTATION('',(#3768),#3772);
#3768 = LINE('',#3769,#3770);
#3769 = CARTESIAN_POINT('',(0.,0.));
#3770 = VECTOR('',#3771,1.);
#3771 = DIRECTION('',(1.,0.));
#3772 = ( GEOMETRIC_REPRESENTATION_CONTEXT(2) 
PARAMETRIC_REPRESENTATION_CONTEXT() REPRESENTATION_CONTEXT('2D SPACE',''
  ) );
#3773 = ORIENTED_EDGE('',*,*,#1837,.T.);
#3774 = ORIENTED_EDGE('',*,*,#3729,.T.);
#3775 = ADVANCED_FACE('',(#3776),#298,.F.);
#3776 = FACE_BOUND('',#3777,.F.);
#3777 = EDGE_LOOP('',(#3778,#3779,#3780,#3781));
#3778 = ORIENTED_EDGE('',*,*,#1860,.F.);
#3779 = ORIENTED_EDGE('',*,*,#3753,.T.);
#3780 = ORIENTED_EDGE('',*,*,#282,.T.);
#3781 = ORIENTED_EDGE('',*,*,#3782,.F.);
#3782 = EDGE_CURVE('',#1861,#283,#3783,.T.);
#3783 = SURFACE_CURVE('',#3784,(#3788,#3795),.PCURVE_S1.);
#3784 = LINE('',#3785,#3786);
#3785 = CARTESIAN_POINT('',(31.980127018922,45.391204829279,-355.25));
#3786 = VECTOR('',#3787,1.);
#3787 = DIRECTION('',(0.,0.,1.));
#3788 = PCURVE('',#298,#3789);
#3789 = DEFINITIONAL_REPRESENTATION('',(#3790),#3794);
#3790 = LINE('',#3791,#3792);
#3791 = CARTESIAN_POINT('',(0.,3.5));
#3792 = VECTOR('',#3793,1.);
#3793 = DIRECTION('',(1.,0.));
#3794 = ( GEOMETRIC_REPRESENTATION_CONTEXT(2) 
PARAMETRIC_REPRESENTATION_CONTEXT() REPRESENTATION_CONTEXT('2D SPACE',''
  ) );
#3795 = PCURVE('',#326,#3796);
#3796 = DEFINITIONAL_REPRESENTATION('',(#3797),#3801);
#3797 = LINE('',#3798,#3799);
#3798 = CARTESIAN_POINT('',(0.,0.));
#3799 = VECTOR('',#3800,1.);
#3800 = DIRECTION('',(1.,0.));
#3801 = ( GEOMETRIC_REPRESENTATION_CONTEXT(2) 
PARAMETRIC_REPRESENTATION_CONTEXT() REPRESENTATION_CONTEXT('2D SPACE',''
  ) );
#3802 = ADVANCED_FACE('',(#3803),#326,.T.);
#3803 = FACE_BOUND('',#3804,.T.);
#3804 = EDGE_LOOP('',(#3805,#3806,#3807,#3808));
#3805 = ORIENTED_EDGE('',*,*,#3782,.F.);
#3806 = ORIENTED_EDGE('',*,*,#1883,.T.);
#3807 = ORIENTED_EDGE('',*,*,#3685,.T.);
#3808 = ORIENTED_EDGE('',*,*,#310,.F.);
#3809 = ADVANCED_FACE('',(#3810),#400,.F.);
#3810 = FACE_BOUND('',#3811,.F.);
#3811 = EDGE_LOOP('',(#3812,#3813,#3814,#3815));
#3812 = ORIENTED_EDGE('',*,*,#1582,.F.);
#3813 = ORIENTED_EDGE('',*,*,#1531,.T.);
#3814 = ORIENTED_EDGE('',*,*,#384,.T.);
#3815 = ORIENTED_EDGE('',*,*,#3816,.F.);
#3816 = EDGE_CURVE('',#1583,#385,#3817,.T.);
#3817 = SURFACE_CURVE('',#3818,(#3822,#3829),.PCURVE_S1.);
#3818 = LINE('',#3819,#3820);
#3819 = CARTESIAN_POINT('',(-55.3,5.,-355.25));
#3820 = VECTOR('',#3821,1.);
#3821 = DIRECTION('',(0.,0.,1.));
#3822 = PCURVE('',#400,#3823);
#3823 = DEFINITIONAL_REPRESENTATION('',(#3824),#3828);
#3824 = LINE('',#3825,#3826);
#3825 = CARTESIAN_POINT('',(0.,3.5));
#3826 = VECTOR('',#3827,1.);
#3827 = DIRECTION('',(1.,0.));
#3828 = ( GEOMETRIC_REPRESENTATION_CONTEXT(2) 
PARAMETRIC_REPRESENTATION_CONTEXT() REPRESENTATION_CONTEXT('2D SPACE',''
  ) );
#3829 = PCURVE('',#428,#3830);
#3830 = DEFINITIONAL_REPRESENTATION('',(#3831),#3835);
#3831 = LINE('',#3832,#3833);
#3832 = CARTESIAN_POINT('',(0.,0.));
#3833 = VECTOR('',#3834,1.);
#3834 = DIRECTION('',(1.,0.));
#3835 = ( GEOMETRIC_REPRESENTATION_CONTEXT(2) 
PARAMETRIC_REPRESENTATION_CONTEXT() REPRESENTATION_CONTEXT('2D SPACE',''
  ) );
#3836 = ADVANCED_FACE('',(#3837),#428,.T.);
#3837 = FACE_BOUND('',#3838,.T.);
#3838 = EDGE_LOOP('',(#3839,#3840,#3841,#3862));
#3839 = ORIENTED_EDGE('',*,*,#3816,.F.);
#3840 = ORIENTED_EDGE('',*,*,#1605,.T.);
#3841 = ORIENTED_EDGE('',*,*,#3842,.T.);
#3842 = EDGE_CURVE('',#1606,#413,#3843,.T.);
#3843 = SURFACE_CURVE('',#3844,(#3848,#3855),.PCURVE_S1.);
#3844 = LINE('',#3845,#3846);
#3845 = CARTESIAN_POINT('',(-55.3,-5.,-355.25));
#3846 = VECTOR('',#3847,1.);
#3847 = DIRECTION('',(0.,0.,1.));
#3848 = PCURVE('',#428,#3849);
#3849 = DEFINITIONAL_REPRESENTATION('',(#3850),#3854);
#3850 = LINE('',#3851,#3852);
#3851 = CARTESIAN_POINT('',(0.,-10.));
#3852 = VECTOR('',#3853,1.);
#3853 = DIRECTION('',(1.,0.));
#3854 = ( GEOMETRIC_REPRESENTATION_CONTEXT(2) 
PARAMETRIC_REPRESENTATION_CONTEXT() REPRESENTATION_CONTEXT('2D SPACE',''
  ) );
#3855 = PCURVE('',#456,#3856);
#3856 = DEFINITIONAL_REPRESENTATION('',(#3857),#3861);
#3857 = LINE('',#3858,#3859);
#3858 = CARTESIAN_POINT('',(0.,3.5));
#3859 = VECTOR('',#3860,1.);
#3860 = DIRECTION('',(1.,0.));
#3861 = ( GEOMETRIC_REPRESENTATION_CONTEXT(2) 
PARAMETRIC_REPRESENTATION_CONTEXT() REPRESENTATION_CONTEXT('2D SPACE',''
  ) );
#3862 = ORIENTED_EDGE('',*,*,#412,.F.);
#3863 = ADVANCED_FACE('',(#3864),#456,.T.);
#3864 = FACE_BOUND('',#3865,.T.);
#3865 = EDGE_LOOP('',(#3866,#3867,#3888,#3889));
#3866 = ORIENTED_EDGE('',*,*,#1628,.F.);
#3867 = ORIENTED_EDGE('',*,*,#3868,.T.);
#3868 = EDGE_CURVE('',#1629,#441,#3869,.T.);
#3869 = SURFACE_CURVE('',#3870,(#3874,#3881),.PCURVE_S1.);
#3870 = LINE('',#3871,#3872);
#3871 = CARTESIAN_POINT('',(-51.8,-5.,-355.25));
#3872 = VECTOR('',#3873,1.);
#3873 = DIRECTION('',(0.,0.,1.));
#3874 = PCURVE('',#456,#3875);
#3875 = DEFINITIONAL_REPRESENTATION('',(#3876),#3880);
#3876 = LINE('',#3877,#3878);
#3877 = CARTESIAN_POINT('',(0.,0.));
#3878 = VECTOR('',#3879,1.);
#3879 = DIRECTION('',(1.,0.));
#3880 = ( GEOMETRIC_REPRESENTATION_CONTEXT(2) 
PARAMETRIC_REPRESENTATION_CONTEXT() REPRESENTATION_CONTEXT('2D SPACE',''
  ) );
#3881 = PCURVE('',#484,#3882);
#3882 = DEFINITIONAL_REPRESENTATION('',(#3883),#3887);
#3883 = LINE('',#3884,#3885);
#3884 = CARTESIAN_POINT('',(0.,-10.));
#3885 = VECTOR('',#3886,1.);
#3886 = DIRECTION('',(1.,0.));
#3887 = ( GEOMETRIC_REPRESENTATION_CONTEXT(2) 
PARAMETRIC_REPRESENTATION_CONTEXT() REPRESENTATION_CONTEXT('2D SPACE',''
  ) );
#3888 = ORIENTED_EDGE('',*,*,#440,.T.);
#3889 = ORIENTED_EDGE('',*,*,#3842,.F.);
#3890 = ADVANCED_FACE('',(#3891),#484,.F.);
#3891 = FACE_BOUND('',#3892,.F.);
#3892 = EDGE_LOOP('',(#3893,#3894,#3913,#3914));
#3893 = ORIENTED_EDGE('',*,*,#468,.F.);
#3894 = ORIENTED_EDGE('',*,*,#3895,.F.);
#3895 = EDGE_CURVE('',#1652,#469,#3896,.T.);
#3896 = SURFACE_CURVE('',#3897,(#3901,#3907),.PCURVE_S1.);
#3897 = LINE('',#3898,#3899);
#3898 = CARTESIAN_POINT('',(-51.8,-4.556314299958,-355.25));
#3899 = VECTOR('',#3900,1.);
#3900 = DIRECTION('',(0.,0.,1.));
#3901 = PCURVE('',#484,#3902);
#3902 = DEFINITIONAL_REPRESENTATION('',(#3903),#3906);
#3903 = B_SPLINE_CURVE_WITH_KNOTS('',1,(#3904,#3905),.UNSPECIFIED.,.F.,
  .F.,(2,2),(-2.400000028047E-06,4.0000024),.PIECEWISE_BEZIER_KNOTS.);
#3904 = CARTESIAN_POINT('',(-2.400000028047E-06,-9.556314299958));
#3905 = CARTESIAN_POINT('',(4.0000024,-9.556314299958));
#3906 = ( GEOMETRIC_REPRESENTATION_CONTEXT(2) 
PARAMETRIC_REPRESENTATION_CONTEXT() REPRESENTATION_CONTEXT('2D SPACE',''
  ) );
#3907 = PCURVE('',#517,#3908);
#3908 = DEFINITIONAL_REPRESENTATION('',(#3909),#3912);
#3909 = B_SPLINE_CURVE_WITH_KNOTS('',1,(#3910,#3911),.UNSPECIFIED.,.F.,
  .F.,(2,2),(-2.400000028047E-06,4.0000024),.PIECEWISE_BEZIER_KNOTS.);
#3910 = CARTESIAN_POINT('',(3.229326590709,-2.400000028047E-06));
#3911 = CARTESIAN_POINT('',(3.229326590709,4.0000024));
#3912 = ( GEOMETRIC_REPRESENTATION_CONTEXT(2) 
PARAMETRIC_REPRESENTATION_CONTEXT() REPRESENTATION_CONTEXT('2D SPACE',''
  ) );
#3913 = ORIENTED_EDGE('',*,*,#1651,.T.);
#3914 = ORIENTED_EDGE('',*,*,#3868,.T.);
#3915 = ADVANCED_FACE('',(#3916),#517,.T.);
#3916 = FACE_BOUND('',#3917,.T.);
#3917 = EDGE_LOOP('',(#3918,#3919,#3920,#3939));
#3918 = ORIENTED_EDGE('',*,*,#3895,.F.);
#3919 = ORIENTED_EDGE('',*,*,#1674,.T.);
#3920 = ORIENTED_EDGE('',*,*,#3921,.T.);
#3921 = EDGE_CURVE('',#1675,#497,#3922,.T.);
#3922 = SURFACE_CURVE('',#3923,(#3927,#3933),.PCURVE_S1.);
#3923 = LINE('',#3924,#3925);
#3924 = CARTESIAN_POINT('',(21.95411606861,-47.13827306601,-355.25));
#3925 = VECTOR('',#3926,1.);
#3926 = DIRECTION('',(0.,0.,1.));
#3927 = PCURVE('',#517,#3928);
#3928 = DEFINITIONAL_REPRESENTATION('',(#3929),#3932);
#3929 = B_SPLINE_CURVE_WITH_KNOTS('',1,(#3930,#3931),.UNSPECIFIED.,.F.,
  .F.,(2,2),(-2.400000028047E-06,4.0000024),.PIECEWISE_BEZIER_KNOTS.);
#3930 = CARTESIAN_POINT('',(5.148253818864,-2.400000028047E-06));
#3931 = CARTESIAN_POINT('',(5.148253818864,4.0000024));
#3932 = ( GEOMETRIC_REPRESENTATION_CONTEXT(2) 
PARAMETRIC_REPRESENTATION_CONTEXT() REPRESENTATION_CONTEXT('2D SPACE',''
  ) );
#3933 = PCURVE('',#545,#3934);
#3934 = DEFINITIONAL_REPRESENTATION('',(#3935),#3938);
#3935 = B_SPLINE_CURVE_WITH_KNOTS('',1,(#3936,#3937),.UNSPECIFIED.,.F.,
  .F.,(2,2),(-2.400000028047E-06,4.0000024),.PIECEWISE_BEZIER_KNOTS.);
#3936 = CARTESIAN_POINT('',(-2.400000028047E-06,-0.443685700042));
#3937 = CARTESIAN_POINT('',(4.0000024,-0.443685700042));
#3938 = ( GEOMETRIC_REPRESENTATION_CONTEXT(2) 
PARAMETRIC_REPRESENTATION_CONTEXT() REPRESENTATION_CONTEXT('2D SPACE',''
  ) );
#3939 = ORIENTED_EDGE('',*,*,#496,.T.);
#3940 = ADVANCED_FACE('',(#3941),#545,.F.);
#3941 = FACE_BOUND('',#3942,.F.);
#3942 = EDGE_LOOP('',(#3943,#3944,#3965,#3966));
#3943 = ORIENTED_EDGE('',*,*,#529,.F.);
#3944 = ORIENTED_EDGE('',*,*,#3945,.F.);
#3945 = EDGE_CURVE('',#1699,#530,#3946,.T.);
#3946 = SURFACE_CURVE('',#3947,(#3951,#3958),.PCURVE_S1.);
#3947 = LINE('',#3948,#3949);
#3948 = CARTESIAN_POINT('',(21.569872981078,-47.36011591603,-355.25));
#3949 = VECTOR('',#3950,1.);
#3950 = DIRECTION('',(0.,0.,1.));
#3951 = PCURVE('',#545,#3952);
#3952 = DEFINITIONAL_REPRESENTATION('',(#3953),#3957);
#3953 = LINE('',#3954,#3955);
#3954 = CARTESIAN_POINT('',(0.,0.));
#3955 = VECTOR('',#3956,1.);
#3956 = DIRECTION('',(1.,0.));
#3957 = ( GEOMETRIC_REPRESENTATION_CONTEXT(2) 
PARAMETRIC_REPRESENTATION_CONTEXT() REPRESENTATION_CONTEXT('2D SPACE',''
  ) );
#3958 = PCURVE('',#573,#3959);
#3959 = DEFINITIONAL_REPRESENTATION('',(#3960),#3964);
#3960 = LINE('',#3961,#3962);
#3961 = CARTESIAN_POINT('',(0.,0.));
#3962 = VECTOR('',#3963,1.);
#3963 = DIRECTION('',(1.,0.));
#3964 = ( GEOMETRIC_REPRESENTATION_CONTEXT(2) 
PARAMETRIC_REPRESENTATION_CONTEXT() REPRESENTATION_CONTEXT('2D SPACE',''
  ) );
#3965 = ORIENTED_EDGE('',*,*,#1698,.T.);
#3966 = ORIENTED_EDGE('',*,*,#3921,.T.);
#3967 = ADVANCED_FACE('',(#3968),#573,.F.);
#3968 = FACE_BOUND('',#3969,.F.);
#3969 = EDGE_LOOP('',(#3970,#3971,#3972,#3973));
#3970 = ORIENTED_EDGE('',*,*,#1721,.F.);
#3971 = ORIENTED_EDGE('',*,*,#3945,.T.);
#3972 = ORIENTED_EDGE('',*,*,#557,.T.);
#3973 = ORIENTED_EDGE('',*,*,#3974,.F.);
#3974 = EDGE_CURVE('',#1722,#558,#3975,.T.);
#3975 = SURFACE_CURVE('',#3976,(#3980,#3987),.PCURVE_S1.);
#3976 = LINE('',#3977,#3978);
#3977 = CARTESIAN_POINT('',(23.319872981078,-50.39120482927,-355.25));
#3978 = VECTOR('',#3979,1.);
#3979 = DIRECTION('',(0.,0.,1.));
#3980 = PCURVE('',#573,#3981);
#3981 = DEFINITIONAL_REPRESENTATION('',(#3982),#3986);
#3982 = LINE('',#3983,#3984);
#3983 = CARTESIAN_POINT('',(0.,3.5));
#3984 = VECTOR('',#3985,1.);
#3985 = DIRECTION('',(1.,0.));
#3986 = ( GEOMETRIC_REPRESENTATION_CONTEXT(2) 
PARAMETRIC_REPRESENTATION_CONTEXT() REPRESENTATION_CONTEXT('2D SPACE',''
  ) );
#3987 = PCURVE('',#601,#3988);
#3988 = DEFINITIONAL_REPRESENTATION('',(#3989),#3993);
#3989 = LINE('',#3990,#3991);
#3990 = CARTESIAN_POINT('',(0.,0.));
#3991 = VECTOR('',#3992,1.);
#3992 = DIRECTION('',(1.,0.));
#3993 = ( GEOMETRIC_REPRESENTATION_CONTEXT(2) 
PARAMETRIC_REPRESENTATION_CONTEXT() REPRESENTATION_CONTEXT('2D SPACE',''
  ) );
#3994 = ADVANCED_FACE('',(#3995),#601,.T.);
#3995 = FACE_BOUND('',#3996,.T.);
#3996 = EDGE_LOOP('',(#3997,#3998,#3999,#4020));
#3997 = ORIENTED_EDGE('',*,*,#3974,.F.);
#3998 = ORIENTED_EDGE('',*,*,#1744,.T.);
#3999 = ORIENTED_EDGE('',*,*,#4000,.T.);
#4000 = EDGE_CURVE('',#1745,#586,#4001,.T.);
#4001 = SURFACE_CURVE('',#4002,(#4006,#4013),.PCURVE_S1.);
#4002 = LINE('',#4003,#4004);
#4003 = CARTESIAN_POINT('',(31.980127018922,-45.39120482927,-355.25));
#4004 = VECTOR('',#4005,1.);
#4005 = DIRECTION('',(0.,0.,1.));
#4006 = PCURVE('',#601,#4007);
#4007 = DEFINITIONAL_REPRESENTATION('',(#4008),#4012);
#4008 = LINE('',#4009,#4010);
#4009 = CARTESIAN_POINT('',(0.,-10.));
#4010 = VECTOR('',#4011,1.);
#4011 = DIRECTION('',(1.,0.));
#4012 = ( GEOMETRIC_REPRESENTATION_CONTEXT(2) 
PARAMETRIC_REPRESENTATION_CONTEXT() REPRESENTATION_CONTEXT('2D SPACE',''
  ) );
#4013 = PCURVE('',#629,#4014);
#4014 = DEFINITIONAL_REPRESENTATION('',(#4015),#4019);
#4015 = LINE('',#4016,#4017);
#4016 = CARTESIAN_POINT('',(0.,3.5));
#4017 = VECTOR('',#4018,1.);
#4018 = DIRECTION('',(1.,0.));
#4019 = ( GEOMETRIC_REPRESENTATION_CONTEXT(2) 
PARAMETRIC_REPRESENTATION_CONTEXT() REPRESENTATION_CONTEXT('2D SPACE',''
  ) );
#4020 = ORIENTED_EDGE('',*,*,#585,.F.);
#4021 = ADVANCED_FACE('',(#4022),#629,.T.);
#4022 = FACE_BOUND('',#4023,.T.);
#4023 = EDGE_LOOP('',(#4024,#4025,#4046,#4047));
#4024 = ORIENTED_EDGE('',*,*,#1767,.F.);
#4025 = ORIENTED_EDGE('',*,*,#4026,.T.);
#4026 = EDGE_CURVE('',#1768,#614,#4027,.T.);
#4027 = SURFACE_CURVE('',#4028,(#4032,#4039),.PCURVE_S1.);
#4028 = LINE('',#4029,#4030);
#4029 = CARTESIAN_POINT('',(30.230127018922,-42.36011591603,-355.25));
#4030 = VECTOR('',#4031,1.);
#4031 = DIRECTION('',(0.,0.,1.));
#4032 = PCURVE('',#629,#4033);
#4033 = DEFINITIONAL_REPRESENTATION('',(#4034),#4038);
#4034 = LINE('',#4035,#4036);
#4035 = CARTESIAN_POINT('',(0.,0.));
#4036 = VECTOR('',#4037,1.);
#4037 = DIRECTION('',(1.,0.));
#4038 = ( GEOMETRIC_REPRESENTATION_CONTEXT(2) 
PARAMETRIC_REPRESENTATION_CONTEXT() REPRESENTATION_CONTEXT('2D SPACE',''
  ) );
#4039 = PCURVE('',#655,#4040);
#4040 = DEFINITIONAL_REPRESENTATION('',(#4041),#4045);
#4041 = LINE('',#4042,#4043);
#4042 = CARTESIAN_POINT('',(0.,-10.));
#4043 = VECTOR('',#4044,1.);
#4044 = DIRECTION('',(1.,0.));
#4045 = ( GEOMETRIC_REPRESENTATION_CONTEXT(2) 
PARAMETRIC_REPRESENTATION_CONTEXT() REPRESENTATION_CONTEXT('2D SPACE',''
  ) );
#4046 = ORIENTED_EDGE('',*,*,#613,.T.);
#4047 = ORIENTED_EDGE('',*,*,#4000,.F.);
#4048 = ADVANCED_FACE('',(#4049),#655,.F.);
#4049 = FACE_BOUND('',#4050,.F.);
#4050 = EDGE_LOOP('',(#4051,#4052,#4053,#4054));
#4051 = ORIENTED_EDGE('',*,*,#641,.F.);
#4052 = ORIENTED_EDGE('',*,*,#3709,.F.);
#4053 = ORIENTED_EDGE('',*,*,#1790,.T.);
#4054 = ORIENTED_EDGE('',*,*,#4026,.T.);
#4055 = ADVANCED_FACE('',(#4056),#688,.F.);
#4056 = FACE_BOUND('',#4057,.F.);
#4057 = EDGE_LOOP('',(#4058,#4059,#4078,#4079));
#4058 = ORIENTED_EDGE('',*,*,#669,.F.);
#4059 = ORIENTED_EDGE('',*,*,#4060,.F.);
#4060 = EDGE_CURVE('',#2036,#670,#4061,.T.);
#4061 = SURFACE_CURVE('',#4062,(#4066,#4072),.PCURVE_S1.);
#4062 = LINE('',#4063,#4064);
#4063 = CARTESIAN_POINT('',(-33.39953771998,28.025539782333,-356.25));
#4064 = VECTOR('',#4065,1.);
#4065 = DIRECTION('',(0.,0.,1.));
#4066 = PCURVE('',#688,#4067);
#4067 = DEFINITIONAL_REPRESENTATION('',(#4068),#4071);
#4068 = B_SPLINE_CURVE_WITH_KNOTS('',1,(#4069,#4070),.UNSPECIFIED.,.F.,
  .F.,(2,2),(-5.999999999062E-07,6.0000006),.PIECEWISE_BEZIER_KNOTS.);
#4069 = CARTESIAN_POINT('',(2.443460952792,-5.999999999062E-07));
#4070 = CARTESIAN_POINT('',(2.443460952792,6.0000006));
#4071 = ( GEOMETRIC_REPRESENTATION_CONTEXT(2) 
PARAMETRIC_REPRESENTATION_CONTEXT() REPRESENTATION_CONTEXT('2D SPACE',''
  ) );
#4072 = PCURVE('',#716,#4073);
#4073 = DEFINITIONAL_REPRESENTATION('',(#4074),#4077);
#4074 = B_SPLINE_CURVE_WITH_KNOTS('',1,(#4075,#4076),.UNSPECIFIED.,.F.,
  .F.,(2,2),(-5.999999999062E-07,6.0000006),.PIECEWISE_BEZIER_KNOTS.);
#4075 = CARTESIAN_POINT('',(43.6,-1.9999994));
#4076 = CARTESIAN_POINT('',(43.6,-8.0000006));
#4077 = ( GEOMETRIC_REPRESENTATION_CONTEXT(2) 
PARAMETRIC_REPRESENTATION_CONTEXT() REPRESENTATION_CONTEXT('2D SPACE',''
  ) );
#4078 = ORIENTED_EDGE('',*,*,#2035,.T.);
#4079 = ORIENTED_EDGE('',*,*,#4080,.T.);
#4080 = EDGE_CURVE('',#2038,#672,#4081,.T.);
#4081 = SURFACE_CURVE('',#4082,(#4086,#4092),.PCURVE_S1.);
#4082 = LINE('',#4083,#4084);
#4083 = CARTESIAN_POINT('',(-28.02553978233,-33.39953771998,-356.25));
#4084 = VECTOR('',#4085,1.);
#4085 = DIRECTION('',(0.,0.,1.));
#4086 = PCURVE('',#688,#4087);
#4087 = DEFINITIONAL_REPRESENTATION('',(#4088),#4091);
#4088 = B_SPLINE_CURVE_WITH_KNOTS('',1,(#4089,#4090),.UNSPECIFIED.,.F.,
  .F.,(2,2),(-5.999999999062E-07,6.0000006),.PIECEWISE_BEZIER_KNOTS.);
#4089 = CARTESIAN_POINT('',(4.014257279587,-5.999999999062E-07));
#4090 = CARTESIAN_POINT('',(4.014257279587,6.0000006));
#4091 = ( GEOMETRIC_REPRESENTATION_CONTEXT(2) 
PARAMETRIC_REPRESENTATION_CONTEXT() REPRESENTATION_CONTEXT('2D SPACE',''
  ) );
#4092 = PCURVE('',#770,#4093);
#4093 = DEFINITIONAL_REPRESENTATION('',(#4094),#4097);
#4094 = B_SPLINE_CURVE_WITH_KNOTS('',1,(#4095,#4096),.UNSPECIFIED.,.F.,
  .F.,(2,2),(-5.999999999062E-07,6.0000006),.PIECEWISE_BEZIER_KNOTS.);
#4095 = CARTESIAN_POINT('',(43.6,-1.9999994));
#4096 = CARTESIAN_POINT('',(43.6,-8.0000006));
#4097 = ( GEOMETRIC_REPRESENTATION_CONTEXT(2) 
PARAMETRIC_REPRESENTATION_CONTEXT() REPRESENTATION_CONTEXT('2D SPACE',''
  ) );
#4098 = ADVANCED_FACE('',(#4099),#716,.T.);
#4099 = FACE_BOUND('',#4100,.T.);
#4100 = EDGE_LOOP('',(#4101,#4102,#4103,#4122));
#4101 = ORIENTED_EDGE('',*,*,#4060,.F.);
#4102 = ORIENTED_EDGE('',*,*,#2061,.T.);
#4103 = ORIENTED_EDGE('',*,*,#4104,.T.);
#4104 = EDGE_CURVE('',#2062,#701,#4105,.T.);
#4105 = SURFACE_CURVE('',#4106,(#4110,#4116),.PCURVE_S1.);
#4106 = LINE('',#4107,#4108);
#4107 = CARTESIAN_POINT('',(-31.02479994631,26.032898192305,-357.25));
#4108 = VECTOR('',#4109,1.);
#4109 = DIRECTION('',(0.,0.,1.));
#4110 = PCURVE('',#716,#4111);
#4111 = DEFINITIONAL_REPRESENTATION('',(#4112),#4115);
#4112 = B_SPLINE_CURVE_WITH_KNOTS('',1,(#4113,#4114),.UNSPECIFIED.,.F.,
  .F.,(2,2),(0.9999994,7.0000006),.PIECEWISE_BEZIER_KNOTS.);
#4113 = CARTESIAN_POINT('',(40.5,-1.9999994));
#4114 = CARTESIAN_POINT('',(40.5,-8.0000006));
#4115 = ( GEOMETRIC_REPRESENTATION_CONTEXT(2) 
PARAMETRIC_REPRESENTATION_CONTEXT() REPRESENTATION_CONTEXT('2D SPACE',''
  ) );
#4116 = PCURVE('',#744,#4117);
#4117 = DEFINITIONAL_REPRESENTATION('',(#4118),#4121);
#4118 = B_SPLINE_CURVE_WITH_KNOTS('',1,(#4119,#4120),.UNSPECIFIED.,.F.,
  .F.,(2,2),(0.9999994,7.0000006),.PIECEWISE_BEZIER_KNOTS.);
#4119 = CARTESIAN_POINT('',(2.443460952792,0.9999994));
#4120 = CARTESIAN_POINT('',(2.443460952792,7.0000006));
#4121 = ( GEOMETRIC_REPRESENTATION_CONTEXT(2) 
PARAMETRIC_REPRESENTATION_CONTEXT() REPRESENTATION_CONTEXT('2D SPACE',''
  ) );
#4122 = ORIENTED_EDGE('',*,*,#700,.F.);
#4123 = ADVANCED_FACE('',(#4124),#744,.T.);
#4124 = FACE_BOUND('',#4125,.T.);
#4125 = EDGE_LOOP('',(#4126,#4127,#4128,#4129));
#4126 = ORIENTED_EDGE('',*,*,#727,.F.);
#4127 = ORIENTED_EDGE('',*,*,#4104,.F.);
#4128 = ORIENTED_EDGE('',*,*,#2083,.T.);
#4129 = ORIENTED_EDGE('',*,*,#4130,.T.);
#4130 = EDGE_CURVE('',#2084,#728,#4131,.T.);
#4131 = SURFACE_CURVE('',#4132,(#4136,#4142),.PCURVE_S1.);
#4132 = LINE('',#4133,#4134);
#4133 = CARTESIAN_POINT('',(-26.0328981923,-31.02479994631,-357.25));
#4134 = VECTOR('',#4135,1.);
#4135 = DIRECTION('',(0.,0.,1.));
#4136 = PCURVE('',#744,#4137);
#4137 = DEFINITIONAL_REPRESENTATION('',(#4138),#4141);
#4138 = B_SPLINE_CURVE_WITH_KNOTS('',1,(#4139,#4140),.UNSPECIFIED.,.F.,
  .F.,(2,2),(0.9999994,7.0000006),.PIECEWISE_BEZIER_KNOTS.);
#4139 = CARTESIAN_POINT('',(4.014257279587,0.9999994));
#4140 = CARTESIAN_POINT('',(4.014257279587,7.0000006));
#4141 = ( GEOMETRIC_REPRESENTATION_CONTEXT(2) 
PARAMETRIC_REPRESENTATION_CONTEXT() REPRESENTATION_CONTEXT('2D SPACE',''
  ) );
#4142 = PCURVE('',#770,#4143);
#4143 = DEFINITIONAL_REPRESENTATION('',(#4144),#4147);
#4144 = B_SPLINE_CURVE_WITH_KNOTS('',1,(#4145,#4146),.UNSPECIFIED.,.F.,
  .F.,(2,2),(0.9999994,7.0000006),.PIECEWISE_BEZIER_KNOTS.);
#4145 = CARTESIAN_POINT('',(46.7,-1.9999994));
#4146 = CARTESIAN_POINT('',(46.7,-8.0000006));
#4147 = ( GEOMETRIC_REPRESENTATION_CONTEXT(2) 
PARAMETRIC_REPRESENTATION_CONTEXT() REPRESENTATION_CONTEXT('2D SPACE',''
  ) );
#4148 = ADVANCED_FACE('',(#4149),#770,.T.);
#4149 = FACE_BOUND('',#4150,.T.);
#4150 = EDGE_LOOP('',(#4151,#4152,#4153,#4154));
#4151 = ORIENTED_EDGE('',*,*,#4130,.F.);
#4152 = ORIENTED_EDGE('',*,*,#2107,.T.);
#4153 = ORIENTED_EDGE('',*,*,#4080,.T.);
#4154 = ORIENTED_EDGE('',*,*,#756,.F.);
#4155 = ADVANCED_FACE('',(#4156),#802,.F.);
#4156 = FACE_BOUND('',#4157,.F.);
#4157 = EDGE_LOOP('',(#4158,#4159,#4178,#4179));
#4158 = ORIENTED_EDGE('',*,*,#783,.F.);
#4159 = ORIENTED_EDGE('',*,*,#4160,.F.);
#4160 = EDGE_CURVE('',#2130,#784,#4161,.T.);
#4161 = SURFACE_CURVE('',#4162,(#4166,#4172),.PCURVE_S1.);
#4162 = LINE('',#4163,#4164);
#4163 = CARTESIAN_POINT('',(-23.4,40.529988897112,-356.25));
#4164 = VECTOR('',#4165,1.);
#4165 = DIRECTION('',(0.,0.,1.));
#4166 = PCURVE('',#802,#4167);
#4167 = DEFINITIONAL_REPRESENTATION('',(#4168),#4171);
#4168 = B_SPLINE_CURVE_WITH_KNOTS('',1,(#4169,#4170),.UNSPECIFIED.,.F.,
  .F.,(2,2),(-5.999999999062E-07,6.0000006),.PIECEWISE_BEZIER_KNOTS.);
#4169 = CARTESIAN_POINT('',(2.094395102393,-5.999999999062E-07));
#4170 = CARTESIAN_POINT('',(2.094395102393,6.0000006));
#4171 = ( GEOMETRIC_REPRESENTATION_CONTEXT(2) 
PARAMETRIC_REPRESENTATION_CONTEXT() REPRESENTATION_CONTEXT('2D SPACE',''
  ) );
#4172 = PCURVE('',#830,#4173);
#4173 = DEFINITIONAL_REPRESENTATION('',(#4174),#4177);
#4174 = B_SPLINE_CURVE_WITH_KNOTS('',1,(#4175,#4176),.UNSPECIFIED.,.F.,
  .F.,(2,2),(-5.999999999062E-07,6.0000006),.PIECEWISE_BEZIER_KNOTS.);
#4175 = CARTESIAN_POINT('',(46.8,-1.9999994));
#4176 = CARTESIAN_POINT('',(46.8,-8.0000006));
#4177 = ( GEOMETRIC_REPRESENTATION_CONTEXT(2) 
PARAMETRIC_REPRESENTATION_CONTEXT() REPRESENTATION_CONTEXT('2D SPACE',''
  ) );
#4178 = ORIENTED_EDGE('',*,*,#2129,.T.);
#4179 = ORIENTED_EDGE('',*,*,#4180,.T.);
#4180 = EDGE_CURVE('',#2132,#786,#4181,.T.);
#4181 = SURFACE_CURVE('',#4182,(#4186,#4192),.PCURVE_S1.);
#4182 = LINE('',#4183,#4184);
#4183 = CARTESIAN_POINT('',(-16.00654270764,-43.97761465278,-356.25));
#4184 = VECTOR('',#4185,1.);
#4185 = DIRECTION('',(0.,0.,1.));
#4186 = PCURVE('',#802,#4187);
#4187 = DEFINITIONAL_REPRESENTATION('',(#4188),#4191);
#4188 = B_SPLINE_CURVE_WITH_KNOTS('',1,(#4189,#4190),.UNSPECIFIED.,.F.,
  .F.,(2,2),(-5.999999999062E-07,6.0000006),.PIECEWISE_BEZIER_KNOTS.);
#4189 = CARTESIAN_POINT('',(4.363323129986,-5.999999999062E-07));
#4190 = CARTESIAN_POINT('',(4.363323129986,6.0000006));
#4191 = ( GEOMETRIC_REPRESENTATION_CONTEXT(2) 
PARAMETRIC_REPRESENTATION_CONTEXT() REPRESENTATION_CONTEXT('2D SPACE',''
  ) );
#4192 = PCURVE('',#884,#4193);
#4193 = DEFINITIONAL_REPRESENTATION('',(#4194),#4197);
#4194 = B_SPLINE_CURVE_WITH_KNOTS('',1,(#4195,#4196),.UNSPECIFIED.,.F.,
  .F.,(2,2),(-5.999999999062E-07,6.0000006),.PIECEWISE_BEZIER_KNOTS.);
#4195 = CARTESIAN_POINT('',(46.8,-1.9999994));
#4196 = CARTESIAN_POINT('',(46.8,-8.0000006));
#4197 = ( GEOMETRIC_REPRESENTATION_CONTEXT(2) 
PARAMETRIC_REPRESENTATION_CONTEXT() REPRESENTATION_CONTEXT('2D SPACE',''
  ) );
#4198 = ADVANCED_FACE('',(#4199),#830,.T.);
#4199 = FACE_BOUND('',#4200,.T.);
#4200 = EDGE_LOOP('',(#4201,#4202,#4203,#4222));
#4201 = ORIENTED_EDGE('',*,*,#4160,.F.);
#4202 = ORIENTED_EDGE('',*,*,#2155,.T.);
#4203 = ORIENTED_EDGE('',*,*,#4204,.T.);
#4204 = EDGE_CURVE('',#2156,#815,#4205,.T.);
#4205 = SURFACE_CURVE('',#4206,(#4210,#4216),.PCURVE_S1.);
#4206 = LINE('',#4207,#4208);
#4207 = CARTESIAN_POINT('',(-22.85,39.577360952949,-357.25));
#4208 = VECTOR('',#4209,1.);
#4209 = DIRECTION('',(0.,0.,1.));
#4210 = PCURVE('',#830,#4211);
#4211 = DEFINITIONAL_REPRESENTATION('',(#4212),#4215);
#4212 = B_SPLINE_CURVE_WITH_KNOTS('',1,(#4213,#4214),.UNSPECIFIED.,.F.,
  .F.,(2,2),(0.9999994,7.0000006),.PIECEWISE_BEZIER_KNOTS.);
#4213 = CARTESIAN_POINT('',(45.7,-1.9999994));
#4214 = CARTESIAN_POINT('',(45.7,-8.0000006));
#4215 = ( GEOMETRIC_REPRESENTATION_CONTEXT(2) 
PARAMETRIC_REPRESENTATION_CONTEXT() REPRESENTATION_CONTEXT('2D SPACE',''
  ) );
#4216 = PCURVE('',#858,#4217);
#4217 = DEFINITIONAL_REPRESENTATION('',(#4218),#4221);
#4218 = B_SPLINE_CURVE_WITH_KNOTS('',1,(#4219,#4220),.UNSPECIFIED.,.F.,
  .F.,(2,2),(0.9999994,7.0000006),.PIECEWISE_BEZIER_KNOTS.);
#4219 = CARTESIAN_POINT('',(2.094395102393,0.9999994));
#4220 = CARTESIAN_POINT('',(2.094395102393,7.0000006));
#4221 = ( GEOMETRIC_REPRESENTATION_CONTEXT(2) 
PARAMETRIC_REPRESENTATION_CONTEXT() REPRESENTATION_CONTEXT('2D SPACE',''
  ) );
#4222 = ORIENTED_EDGE('',*,*,#814,.F.);
#4223 = ADVANCED_FACE('',(#4224),#858,.T.);
#4224 = FACE_BOUND('',#4225,.T.);
#4225 = EDGE_LOOP('',(#4226,#4227,#4228,#4229));
#4226 = ORIENTED_EDGE('',*,*,#841,.F.);
#4227 = ORIENTED_EDGE('',*,*,#4204,.F.);
#4228 = ORIENTED_EDGE('',*,*,#2177,.T.);
#4229 = ORIENTED_EDGE('',*,*,#4230,.T.);
#4230 = EDGE_CURVE('',#2178,#842,#4231,.T.);
#4231 = SURFACE_CURVE('',#4232,(#4236,#4242),.PCURVE_S1.);
#4232 = LINE('',#4233,#4234);
#4233 = CARTESIAN_POINT('',(-15.63032054998,-42.94395276991,-357.25));
#4234 = VECTOR('',#4235,1.);
#4235 = DIRECTION('',(0.,0.,1.));
#4236 = PCURVE('',#858,#4237);
#4237 = DEFINITIONAL_REPRESENTATION('',(#4238),#4241);
#4238 = B_SPLINE_CURVE_WITH_KNOTS('',1,(#4239,#4240),.UNSPECIFIED.,.F.,
  .F.,(2,2),(0.9999994,7.0000006),.PIECEWISE_BEZIER_KNOTS.);
#4239 = CARTESIAN_POINT('',(4.363323129986,0.9999994));
#4240 = CARTESIAN_POINT('',(4.363323129986,7.0000006));
#4241 = ( GEOMETRIC_REPRESENTATION_CONTEXT(2) 
PARAMETRIC_REPRESENTATION_CONTEXT() REPRESENTATION_CONTEXT('2D SPACE',''
  ) );
#4242 = PCURVE('',#884,#4243);
#4243 = DEFINITIONAL_REPRESENTATION('',(#4244),#4247);
#4244 = B_SPLINE_CURVE_WITH_KNOTS('',1,(#4245,#4246),.UNSPECIFIED.,.F.,
  .F.,(2,2),(0.9999994,7.0000006),.PIECEWISE_BEZIER_KNOTS.);
#4245 = CARTESIAN_POINT('',(47.9,-1.9999994));
#4246 = CARTESIAN_POINT('',(47.9,-8.0000006));
#4247 = ( GEOMETRIC_REPRESENTATION_CONTEXT(2) 
PARAMETRIC_REPRESENTATION_CONTEXT() REPRESENTATION_CONTEXT('2D SPACE',''
  ) );
#4248 = ADVANCED_FACE('',(#4249),#884,.T.);
#4249 = FACE_BOUND('',#4250,.T.);
#4250 = EDGE_LOOP('',(#4251,#4252,#4253,#4254));
#4251 = ORIENTED_EDGE('',*,*,#4230,.F.);
#4252 = ORIENTED_EDGE('',*,*,#2201,.T.);
#4253 = ORIENTED_EDGE('',*,*,#4180,.T.);
#4254 = ORIENTED_EDGE('',*,*,#870,.F.);
#4255 = ADVANCED_FACE('',(#4256),#916,.F.);
#4256 = FACE_BOUND('',#4257,.F.);
#4257 = EDGE_LOOP('',(#4258,#4259,#4278,#4279));
#4258 = ORIENTED_EDGE('',*,*,#897,.F.);
#4259 = ORIENTED_EDGE('',*,*,#4260,.F.);
#4260 = EDGE_CURVE('',#2224,#898,#4261,.T.);
#4261 = SURFACE_CURVE('',#4262,(#4266,#4272),.PCURVE_S1.);
#4262 = LINE('',#4263,#4264);
#4263 = CARTESIAN_POINT('',(-18.00204441329,15.105508827634,-356.25));
#4264 = VECTOR('',#4265,1.);
#4265 = DIRECTION('',(0.,0.,1.));
#4266 = PCURVE('',#916,#4267);
#4267 = DEFINITIONAL_REPRESENTATION('',(#4268),#4271);
#4268 = B_SPLINE_CURVE_WITH_KNOTS('',1,(#4269,#4270),.UNSPECIFIED.,.F.,
  .F.,(2,2),(-5.999999999062E-07,6.0000006),.PIECEWISE_BEZIER_KNOTS.);
#4269 = CARTESIAN_POINT('',(2.443460952792,-5.999999999062E-07));
#4270 = CARTESIAN_POINT('',(2.443460952792,6.0000006));
#4271 = ( GEOMETRIC_REPRESENTATION_CONTEXT(2) 
PARAMETRIC_REPRESENTATION_CONTEXT() REPRESENTATION_CONTEXT('2D SPACE',''
  ) );
#4272 = PCURVE('',#944,#4273);
#4273 = DEFINITIONAL_REPRESENTATION('',(#4274),#4277);
#4274 = B_SPLINE_CURVE_WITH_KNOTS('',1,(#4275,#4276),.UNSPECIFIED.,.F.,
  .F.,(2,2),(-5.999999999062E-07,6.0000006),.PIECEWISE_BEZIER_KNOTS.);
#4275 = CARTESIAN_POINT('',(23.5,-1.9999994));
#4276 = CARTESIAN_POINT('',(23.5,-8.0000006));
#4277 = ( GEOMETRIC_REPRESENTATION_CONTEXT(2) 
PARAMETRIC_REPRESENTATION_CONTEXT() REPRESENTATION_CONTEXT('2D SPACE',''
  ) );
#4278 = ORIENTED_EDGE('',*,*,#2223,.T.);
#4279 = ORIENTED_EDGE('',*,*,#4280,.T.);
#4280 = EDGE_CURVE('',#2226,#900,#4281,.T.);
#4281 = SURFACE_CURVE('',#4282,(#4286,#4292),.PCURVE_S1.);
#4282 = LINE('',#4283,#4284);
#4283 = CARTESIAN_POINT('',(-15.10550882763,-18.00204441329,-356.25));
#4284 = VECTOR('',#4285,1.);
#4285 = DIRECTION('',(0.,0.,1.));
#4286 = PCURVE('',#916,#4287);
#4287 = DEFINITIONAL_REPRESENTATION('',(#4288),#4291);
#4288 = B_SPLINE_CURVE_WITH_KNOTS('',1,(#4289,#4290),.UNSPECIFIED.,.F.,
  .F.,(2,2),(-5.999999999062E-07,6.0000006),.PIECEWISE_BEZIER_KNOTS.);
#4289 = CARTESIAN_POINT('',(4.014257279587,-5.999999999062E-07));
#4290 = CARTESIAN_POINT('',(4.014257279587,6.0000006));
#4291 = ( GEOMETRIC_REPRESENTATION_CONTEXT(2) 
PARAMETRIC_REPRESENTATION_CONTEXT() REPRESENTATION_CONTEXT('2D SPACE',''
  ) );
#4292 = PCURVE('',#998,#4293);
#4293 = DEFINITIONAL_REPRESENTATION('',(#4294),#4297);
#4294 = B_SPLINE_CURVE_WITH_KNOTS('',1,(#4295,#4296),.UNSPECIFIED.,.F.,
  .F.,(2,2),(-5.999999999062E-07,6.0000006),.PIECEWISE_BEZIER_KNOTS.);
#4295 = CARTESIAN_POINT('',(23.5,-1.9999994));
#4296 = CARTESIAN_POINT('',(23.5,-8.0000006));
#4297 = ( GEOMETRIC_REPRESENTATION_CONTEXT(2) 
PARAMETRIC_REPRESENTATION_CONTEXT() REPRESENTATION_CONTEXT('2D SPACE',''
  ) );
#4298 = ADVANCED_FACE('',(#4299),#944,.T.);
#4299 = FACE_BOUND('',#4300,.T.);
#4300 = EDGE_LOOP('',(#4301,#4302,#4303,#4322));
#4301 = ORIENTED_EDGE('',*,*,#4260,.F.);
#4302 = ORIENTED_EDGE('',*,*,#2249,.T.);
#4303 = ORIENTED_EDGE('',*,*,#4304,.T.);
#4304 = EDGE_CURVE('',#2250,#929,#4305,.T.);
#4305 = SURFACE_CURVE('',#4306,(#4310,#4316),.PCURVE_S1.);
#4306 = LINE('',#4307,#4308);
#4307 = CARTESIAN_POINT('',(-14.93786664082,12.534358388888,-357.25));
#4308 = VECTOR('',#4309,1.);
#4309 = DIRECTION('',(0.,0.,1.));
#4310 = PCURVE('',#944,#4311);
#4311 = DEFINITIONAL_REPRESENTATION('',(#4312),#4315);
#4312 = B_SPLINE_CURVE_WITH_KNOTS('',1,(#4313,#4314),.UNSPECIFIED.,.F.,
  .F.,(2,2),(0.9999994,7.0000006),.PIECEWISE_BEZIER_KNOTS.);
#4313 = CARTESIAN_POINT('',(19.5,-1.9999994));
#4314 = CARTESIAN_POINT('',(19.5,-8.0000006));
#4315 = ( GEOMETRIC_REPRESENTATION_CONTEXT(2) 
PARAMETRIC_REPRESENTATION_CONTEXT() REPRESENTATION_CONTEXT('2D SPACE',''
  ) );
#4316 = PCURVE('',#972,#4317);
#4317 = DEFINITIONAL_REPRESENTATION('',(#4318),#4321);
#4318 = B_SPLINE_CURVE_WITH_KNOTS('',1,(#4319,#4320),.UNSPECIFIED.,.F.,
  .F.,(2,2),(0.9999994,7.0000006),.PIECEWISE_BEZIER_KNOTS.);
#4319 = CARTESIAN_POINT('',(2.443460952792,0.9999994));
#4320 = CARTESIAN_POINT('',(2.443460952792,7.0000006));
#4321 = ( GEOMETRIC_REPRESENTATION_CONTEXT(2) 
PARAMETRIC_REPRESENTATION_CONTEXT() REPRESENTATION_CONTEXT('2D SPACE',''
  ) );
#4322 = ORIENTED_EDGE('',*,*,#928,.F.);
#4323 = ADVANCED_FACE('',(#4324),#972,.T.);
#4324 = FACE_BOUND('',#4325,.T.);
#4325 = EDGE_LOOP('',(#4326,#4327,#4328,#4329));
#4326 = ORIENTED_EDGE('',*,*,#955,.F.);
#4327 = ORIENTED_EDGE('',*,*,#4304,.F.);
#4328 = ORIENTED_EDGE('',*,*,#2271,.T.);
#4329 = ORIENTED_EDGE('',*,*,#4330,.T.);
#4330 = EDGE_CURVE('',#2272,#956,#4331,.T.);
#4331 = SURFACE_CURVE('',#4332,(#4336,#4342),.PCURVE_S1.);
#4332 = LINE('',#4333,#4334);
#4333 = CARTESIAN_POINT('',(-12.53435838888,-14.93786664082,-357.25));
#4334 = VECTOR('',#4335,1.);
#4335 = DIRECTION('',(0.,0.,1.));
#4336 = PCURVE('',#972,#4337);
#4337 = DEFINITIONAL_REPRESENTATION('',(#4338),#4341);
#4338 = B_SPLINE_CURVE_WITH_KNOTS('',1,(#4339,#4340),.UNSPECIFIED.,.F.,
  .F.,(2,2),(0.9999994,7.0000006),.PIECEWISE_BEZIER_KNOTS.);
#4339 = CARTESIAN_POINT('',(4.014257279587,0.9999994));
#4340 = CARTESIAN_POINT('',(4.014257279587,7.0000006));
#4341 = ( GEOMETRIC_REPRESENTATION_CONTEXT(2) 
PARAMETRIC_REPRESENTATION_CONTEXT() REPRESENTATION_CONTEXT('2D SPACE',''
  ) );
#4342 = PCURVE('',#998,#4343);
#4343 = DEFINITIONAL_REPRESENTATION('',(#4344),#4347);
#4344 = B_SPLINE_CURVE_WITH_KNOTS('',1,(#4345,#4346),.UNSPECIFIED.,.F.,
  .F.,(2,2),(0.9999994,7.0000006),.PIECEWISE_BEZIER_KNOTS.);
#4345 = CARTESIAN_POINT('',(27.5,-1.9999994));
#4346 = CARTESIAN_POINT('',(27.5,-8.0000006));
#4347 = ( GEOMETRIC_REPRESENTATION_CONTEXT(2) 
PARAMETRIC_REPRESENTATION_CONTEXT() REPRESENTATION_CONTEXT('2D SPACE',''
  ) );
#4348 = ADVANCED_FACE('',(#4349),#998,.T.);
#4349 = FACE_BOUND('',#4350,.T.);
#4350 = EDGE_LOOP('',(#4351,#4352,#4353,#4354));
#4351 = ORIENTED_EDGE('',*,*,#4330,.F.);
#4352 = ORIENTED_EDGE('',*,*,#2295,.T.);
#4353 = ORIENTED_EDGE('',*,*,#4280,.T.);
#4354 = ORIENTED_EDGE('',*,*,#984,.F.);
#4355 = ADVANCED_FACE('',(#4356),#1030,.F.);
#4356 = FACE_BOUND('',#4357,.F.);
#4357 = EDGE_LOOP('',(#4358,#4359,#4378,#4379));
#4358 = ORIENTED_EDGE('',*,*,#1011,.F.);
#4359 = ORIENTED_EDGE('',*,*,#4360,.F.);
#4360 = EDGE_CURVE('',#2530,#1012,#4361,.T.);
#4361 = SURFACE_CURVE('',#4362,(#4366,#4372),.PCURVE_S1.);
#4362 = LINE('',#4363,#4364);
#4363 = CARTESIAN_POINT('',(-9.730267130271,-45.77730771434,-356.25));
#4364 = VECTOR('',#4365,1.);
#4365 = DIRECTION('',(0.,0.,1.));
#4366 = PCURVE('',#1030,#4367);
#4367 = DEFINITIONAL_REPRESENTATION('',(#4368),#4371);
#4368 = B_SPLINE_CURVE_WITH_KNOTS('',1,(#4369,#4370),.UNSPECIFIED.,.F.,
  .F.,(2,2),(-5.999999999062E-07,6.0000006),.PIECEWISE_BEZIER_KNOTS.);
#4369 = CARTESIAN_POINT('',(4.502949470145,-5.999999999062E-07));
#4370 = CARTESIAN_POINT('',(4.502949470145,6.0000006));
#4371 = ( GEOMETRIC_REPRESENTATION_CONTEXT(2) 
PARAMETRIC_REPRESENTATION_CONTEXT() REPRESENTATION_CONTEXT('2D SPACE',''
  ) );
#4372 = PCURVE('',#1058,#4373);
#4373 = DEFINITIONAL_REPRESENTATION('',(#4374),#4377);
#4374 = B_SPLINE_CURVE_WITH_KNOTS('',1,(#4375,#4376),.UNSPECIFIED.,.F.,
  .F.,(2,2),(-5.999999999062E-07,6.0000006),.PIECEWISE_BEZIER_KNOTS.);
#4375 = CARTESIAN_POINT('',(46.8,-1.9999994));
#4376 = CARTESIAN_POINT('',(46.8,-8.0000006));
#4377 = ( GEOMETRIC_REPRESENTATION_CONTEXT(2) 
PARAMETRIC_REPRESENTATION_CONTEXT() REPRESENTATION_CONTEXT('2D SPACE',''
  ) );
#4378 = ORIENTED_EDGE('',*,*,#2529,.T.);
#4379 = ORIENTED_EDGE('',*,*,#4380,.T.);
#4380 = EDGE_CURVE('',#2532,#1014,#4381,.T.);
#4381 = SURFACE_CURVE('',#4382,(#4386,#4392),.PCURVE_S1.);
#4382 = LINE('',#4383,#4384);
#4383 = CARTESIAN_POINT('',(44.987047369913,-12.89982825223,-356.25));
#4384 = VECTOR('',#4385,1.);
#4385 = DIRECTION('',(0.,0.,1.));
#4386 = PCURVE('',#1030,#4387);
#4387 = DEFINITIONAL_REPRESENTATION('',(#4388),#4391);
#4388 = B_SPLINE_CURVE_WITH_KNOTS('',1,(#4389,#4390),.UNSPECIFIED.,.F.,
  .F.,(2,2),(-5.999999999062E-07,6.0000006),.PIECEWISE_BEZIER_KNOTS.);
#4389 = CARTESIAN_POINT('',(6.00393262686,-5.999999999062E-07));
#4390 = CARTESIAN_POINT('',(6.00393262686,6.0000006));
#4391 = ( GEOMETRIC_REPRESENTATION_CONTEXT(2) 
PARAMETRIC_REPRESENTATION_CONTEXT() REPRESENTATION_CONTEXT('2D SPACE',''
  ) );
#4392 = PCURVE('',#1112,#4393);
#4393 = DEFINITIONAL_REPRESENTATION('',(#4394),#4397);
#4394 = B_SPLINE_CURVE_WITH_KNOTS('',1,(#4395,#4396),.UNSPECIFIED.,.F.,
  .F.,(2,2),(-5.999999999062E-07,6.0000006),.PIECEWISE_BEZIER_KNOTS.);
#4395 = CARTESIAN_POINT('',(46.8,-1.9999994));
#4396 = CARTESIAN_POINT('',(46.8,-8.0000006));
#4397 = ( GEOMETRIC_REPRESENTATION_CONTEXT(2) 
PARAMETRIC_REPRESENTATION_CONTEXT() REPRESENTATION_CONTEXT('2D SPACE',''
  ) );
#4398 = ADVANCED_FACE('',(#4399),#1058,.T.);
#4399 = FACE_BOUND('',#4400,.T.);
#4400 = EDGE_LOOP('',(#4401,#4402,#4403,#4422));
#4401 = ORIENTED_EDGE('',*,*,#4360,.F.);
#4402 = ORIENTED_EDGE('',*,*,#2555,.T.);
#4403 = ORIENTED_EDGE('',*,*,#4404,.T.);
#4404 = EDGE_CURVE('',#2556,#1043,#4405,.T.);
#4405 = SURFACE_CURVE('',#4406,(#4410,#4416),.PCURVE_S1.);
#4406 = LINE('',#4407,#4408);
#4407 = CARTESIAN_POINT('',(-9.501564270372,-44.70134535353,-357.25));
#4408 = VECTOR('',#4409,1.);
#4409 = DIRECTION('',(0.,0.,1.));
#4410 = PCURVE('',#1058,#4411);
#4411 = DEFINITIONAL_REPRESENTATION('',(#4412),#4415);
#4412 = B_SPLINE_CURVE_WITH_KNOTS('',1,(#4413,#4414),.UNSPECIFIED.,.F.,
  .F.,(2,2),(0.9999994,7.0000006),.PIECEWISE_BEZIER_KNOTS.);
#4413 = CARTESIAN_POINT('',(45.7,-1.9999994));
#4414 = CARTESIAN_POINT('',(45.7,-8.0000006));
#4415 = ( GEOMETRIC_REPRESENTATION_CONTEXT(2) 
PARAMETRIC_REPRESENTATION_CONTEXT() REPRESENTATION_CONTEXT('2D SPACE',''
  ) );
#4416 = PCURVE('',#1086,#4417);
#4417 = DEFINITIONAL_REPRESENTATION('',(#4418),#4421);
#4418 = B_SPLINE_CURVE_WITH_KNOTS('',1,(#4419,#4420),.UNSPECIFIED.,.F.,
  .F.,(2,2),(0.9999994,7.0000006),.PIECEWISE_BEZIER_KNOTS.);
#4419 = CARTESIAN_POINT('',(4.502949470145,0.9999994));
#4420 = CARTESIAN_POINT('',(4.502949470145,7.0000006));
#4421 = ( GEOMETRIC_REPRESENTATION_CONTEXT(2) 
PARAMETRIC_REPRESENTATION_CONTEXT() REPRESENTATION_CONTEXT('2D SPACE',''
  ) );
#4422 = ORIENTED_EDGE('',*,*,#1042,.F.);
#4423 = ADVANCED_FACE('',(#4424),#1086,.T.);
#4424 = FACE_BOUND('',#4425,.T.);
#4425 = EDGE_LOOP('',(#4426,#4427,#4428,#4429));
#4426 = ORIENTED_EDGE('',*,*,#1069,.F.);
#4427 = ORIENTED_EDGE('',*,*,#4404,.F.);
#4428 = ORIENTED_EDGE('',*,*,#2577,.T.);
#4429 = ORIENTED_EDGE('',*,*,#4430,.T.);
#4430 = EDGE_CURVE('',#2578,#1070,#4431,.T.);
#4431 = SURFACE_CURVE('',#4432,(#4436,#4442),.PCURVE_S1.);
#4432 = LINE('',#4433,#4434);
#4433 = CARTESIAN_POINT('',(43.929659504381,-12.59662716083,-357.25));
#4434 = VECTOR('',#4435,1.);
#4435 = DIRECTION('',(0.,0.,1.));
#4436 = PCURVE('',#1086,#4437);
#4437 = DEFINITIONAL_REPRESENTATION('',(#4438),#4441);
#4438 = B_SPLINE_CURVE_WITH_KNOTS('',1,(#4439,#4440),.UNSPECIFIED.,.F.,
  .F.,(2,2),(0.9999994,7.0000006),.PIECEWISE_BEZIER_KNOTS.);
#4439 = CARTESIAN_POINT('',(6.00393262686,0.9999994));
#4440 = CARTESIAN_POINT('',(6.00393262686,7.0000006));
#4441 = ( GEOMETRIC_REPRESENTATION_CONTEXT(2) 
PARAMETRIC_REPRESENTATION_CONTEXT() REPRESENTATION_CONTEXT('2D SPACE',''
  ) );
#4442 = PCURVE('',#1112,#4443);
#4443 = DEFINITIONAL_REPRESENTATION('',(#4444),#4447);
#4444 = B_SPLINE_CURVE_WITH_KNOTS('',1,(#4445,#4446),.UNSPECIFIED.,.F.,
  .F.,(2,2),(0.9999994,7.0000006),.PIECEWISE_BEZIER_KNOTS.);
#4445 = CARTESIAN_POINT('',(47.9,-1.9999994));
#4446 = CARTESIAN_POINT('',(47.9,-8.0000006));
#4447 = ( GEOMETRIC_REPRESENTATION_CONTEXT(2) 
PARAMETRIC_REPRESENTATION_CONTEXT() REPRESENTATION_CONTEXT('2D SPACE',''
  ) );
#4448 = ADVANCED_FACE('',(#4449),#1112,.T.);
#4449 = FACE_BOUND('',#4450,.T.);
#4450 = EDGE_LOOP('',(#4451,#4452,#4453,#4454));
#4451 = ORIENTED_EDGE('',*,*,#4430,.F.);
#4452 = ORIENTED_EDGE('',*,*,#2601,.T.);
#4453 = ORIENTED_EDGE('',*,*,#4380,.T.);
#4454 = ORIENTED_EDGE('',*,*,#1098,.F.);
#4455 = ADVANCED_FACE('',(#4456),#1144,.F.);
#4456 = FACE_BOUND('',#4457,.F.);
#4457 = EDGE_LOOP('',(#4458,#4459,#4478,#4479));
#4458 = ORIENTED_EDGE('',*,*,#1125,.F.);
#4459 = ORIENTED_EDGE('',*,*,#4460,.F.);
#4460 = EDGE_CURVE('',#2655,#1126,#4461,.T.);
#4461 = SURFACE_CURVE('',#4462,(#4466,#4472),.PCURVE_S1.);
#4462 = LINE('',#4463,#4464);
#4463 = CARTESIAN_POINT('',(-11.28451036647,-42.1143660262,-356.25));
#4464 = VECTOR('',#4465,1.);
#4465 = DIRECTION('',(0.,0.,1.));
#4466 = PCURVE('',#1144,#4467);
#4467 = DEFINITIONAL_REPRESENTATION('',(#4468),#4471);
#4468 = B_SPLINE_CURVE_WITH_KNOTS('',1,(#4469,#4470),.UNSPECIFIED.,.F.,
  .F.,(2,2),(-5.999999999062E-07,6.0000006),.PIECEWISE_BEZIER_KNOTS.);
#4469 = CARTESIAN_POINT('',(4.450589592586,-5.999999999062E-07));
#4470 = CARTESIAN_POINT('',(4.450589592586,6.0000006));
#4471 = ( GEOMETRIC_REPRESENTATION_CONTEXT(2) 
PARAMETRIC_REPRESENTATION_CONTEXT() REPRESENTATION_CONTEXT('2D SPACE',''
  ) );
#4472 = PCURVE('',#1172,#4473);
#4473 = DEFINITIONAL_REPRESENTATION('',(#4474),#4477);
#4474 = B_SPLINE_CURVE_WITH_KNOTS('',1,(#4475,#4476),.UNSPECIFIED.,.F.,
  .F.,(2,2),(-5.999999999062E-07,6.0000006),.PIECEWISE_BEZIER_KNOTS.);
#4475 = CARTESIAN_POINT('',(43.6,-1.9999994));
#4476 = CARTESIAN_POINT('',(43.6,-8.0000006));
#4477 = ( GEOMETRIC_REPRESENTATION_CONTEXT(2) 
PARAMETRIC_REPRESENTATION_CONTEXT() REPRESENTATION_CONTEXT('2D SPACE',''
  ) );
#4478 = ORIENTED_EDGE('',*,*,#2654,.T.);
#4479 = ORIENTED_EDGE('',*,*,#4480,.T.);
#4480 = EDGE_CURVE('',#2657,#1128,#4481,.T.);
#4481 = SURFACE_CURVE('',#4482,(#4486,#4492),.PCURVE_S1.);
#4482 = LINE('',#4483,#4484);
#4483 = CARTESIAN_POINT('',(42.114366026203,-11.28451036647,-356.25));
#4484 = VECTOR('',#4485,1.);
#4485 = DIRECTION('',(0.,0.,1.));
#4486 = PCURVE('',#1144,#4487);
#4487 = DEFINITIONAL_REPRESENTATION('',(#4488),#4491);
#4488 = B_SPLINE_CURVE_WITH_KNOTS('',1,(#4489,#4490),.UNSPECIFIED.,.F.,
  .F.,(2,2),(-5.999999999062E-07,6.0000006),.PIECEWISE_BEZIER_KNOTS.);
#4489 = CARTESIAN_POINT('',(6.02138591938,-5.999999999062E-07));
#4490 = CARTESIAN_POINT('',(6.02138591938,6.0000006));
#4491 = ( GEOMETRIC_REPRESENTATION_CONTEXT(2) 
PARAMETRIC_REPRESENTATION_CONTEXT() REPRESENTATION_CONTEXT('2D SPACE',''
  ) );
#4492 = PCURVE('',#1226,#4493);
#4493 = DEFINITIONAL_REPRESENTATION('',(#4494),#4497);
#4494 = B_SPLINE_CURVE_WITH_KNOTS('',1,(#4495,#4496),.UNSPECIFIED.,.F.,
  .F.,(2,2),(-5.999999999062E-07,6.0000006),.PIECEWISE_BEZIER_KNOTS.);
#4495 = CARTESIAN_POINT('',(43.6,-1.9999994));
#4496 = CARTESIAN_POINT('',(43.6,-8.0000006));
#4497 = ( GEOMETRIC_REPRESENTATION_CONTEXT(2) 
PARAMETRIC_REPRESENTATION_CONTEXT() REPRESENTATION_CONTEXT('2D SPACE',''
  ) );
#4498 = ADVANCED_FACE('',(#4499),#1172,.T.);
#4499 = FACE_BOUND('',#4500,.T.);
#4500 = EDGE_LOOP('',(#4501,#4502,#4503,#4522));
#4501 = ORIENTED_EDGE('',*,*,#4460,.F.);
#4502 = ORIENTED_EDGE('',*,*,#2680,.T.);
#4503 = ORIENTED_EDGE('',*,*,#4504,.T.);
#4504 = EDGE_CURVE('',#2681,#1157,#4505,.T.);
#4505 = SURFACE_CURVE('',#4506,(#4510,#4516),.PCURVE_S1.);
#4506 = LINE('',#4507,#4508);
#4507 = CARTESIAN_POINT('',(-10.48217132665,-39.1199959647,-357.25));
#4508 = VECTOR('',#4509,1.);
#4509 = DIRECTION('',(0.,0.,1.));
#4510 = PCURVE('',#1172,#4511);
#4511 = DEFINITIONAL_REPRESENTATION('',(#4512),#4515);
#4512 = B_SPLINE_CURVE_WITH_KNOTS('',1,(#4513,#4514),.UNSPECIFIED.,.F.,
  .F.,(2,2),(0.9999994,7.0000006),.PIECEWISE_BEZIER_KNOTS.);
#4513 = CARTESIAN_POINT('',(40.5,-1.9999994));
#4514 = CARTESIAN_POINT('',(40.5,-8.0000006));
#4515 = ( GEOMETRIC_REPRESENTATION_CONTEXT(2) 
PARAMETRIC_REPRESENTATION_CONTEXT() REPRESENTATION_CONTEXT('2D SPACE',''
  ) );
#4516 = PCURVE('',#1200,#4517);
#4517 = DEFINITIONAL_REPRESENTATION('',(#4518),#4521);
#4518 = B_SPLINE_CURVE_WITH_KNOTS('',1,(#4519,#4520),.UNSPECIFIED.,.F.,
  .F.,(2,2),(0.9999994,7.0000006),.PIECEWISE_BEZIER_KNOTS.);
#4519 = CARTESIAN_POINT('',(4.450589592586,0.9999994));
#4520 = CARTESIAN_POINT('',(4.450589592586,7.0000006));
#4521 = ( GEOMETRIC_REPRESENTATION_CONTEXT(2) 
PARAMETRIC_REPRESENTATION_CONTEXT() REPRESENTATION_CONTEXT('2D SPACE',''
  ) );
#4522 = ORIENTED_EDGE('',*,*,#1156,.F.);
#4523 = ADVANCED_FACE('',(#4524),#1200,.T.);
#4524 = FACE_BOUND('',#4525,.T.);
#4525 = EDGE_LOOP('',(#4526,#4527,#4528,#4529,#4558));
#4526 = ORIENTED_EDGE('',*,*,#1183,.F.);
#4527 = ORIENTED_EDGE('',*,*,#4504,.F.);
#4528 = ORIENTED_EDGE('',*,*,#2702,.T.);
#4529 = ORIENTED_EDGE('',*,*,#4530,.T.);
#4530 = EDGE_CURVE('',#2703,#4531,#4533,.T.);
#4531 = VERTEX_POINT('',#4532);
#4532 = CARTESIAN_POINT('',(39.119995964707,-10.48217132665,-355.25));
#4533 = SURFACE_CURVE('',#4534,(#4539,#4546),.PCURVE_S1.);
#4534 = CIRCLE('',#4535,40.5);
#4535 = AXIS2_PLACEMENT_3D('',#4536,#4537,#4538);
#4536 = CARTESIAN_POINT('',(0.,0.,-355.25));
#4537 = DIRECTION('',(0.,0.,1.));
#4538 = DIRECTION('',(1.,0.,-0.));
#4539 = PCURVE('',#1200,#4540);
#4540 = DEFINITIONAL_REPRESENTATION('',(#4541),#4545);
#4541 = LINE('',#4542,#4543);
#4542 = CARTESIAN_POINT('',(0.,2.));
#4543 = VECTOR('',#4544,1.);
#4544 = DIRECTION('',(1.,0.));
#4545 = ( GEOMETRIC_REPRESENTATION_CONTEXT(2) 
PARAMETRIC_REPRESENTATION_CONTEXT() REPRESENTATION_CONTEXT('2D SPACE',''
  ) );
#4546 = PCURVE('',#4547,#4552);
#4547 = PLANE('',#4548);
#4548 = AXIS2_PLACEMENT_3D('',#4549,#4550,#4551);
#4549 = CARTESIAN_POINT('',(32.,0.,-355.25));
#4550 = DIRECTION('',(0.,0.,1.));
#4551 = DIRECTION('',(1.,0.,-0.));
#4552 = DEFINITIONAL_REPRESENTATION('',(#4553),#4557);
#4553 = CIRCLE('',#4554,40.5);
#4554 = AXIS2_PLACEMENT_2D('',#4555,#4556);
#4555 = CARTESIAN_POINT('',(-32.,0.));
#4556 = DIRECTION('',(1.,0.));
#4557 = ( GEOMETRIC_REPRESENTATION_CONTEXT(2) 
PARAMETRIC_REPRESENTATION_CONTEXT() REPRESENTATION_CONTEXT('2D SPACE',''
  ) );
#4558 = ORIENTED_EDGE('',*,*,#4559,.T.);
#4559 = EDGE_CURVE('',#4531,#1184,#4560,.T.);
#4560 = SURFACE_CURVE('',#4561,(#4565,#4571),.PCURVE_S1.);
#4561 = LINE('',#4562,#4563);
#4562 = CARTESIAN_POINT('',(39.119995964707,-10.48217132665,-357.25));
#4563 = VECTOR('',#4564,1.);
#4564 = DIRECTION('',(0.,0.,1.));
#4565 = PCURVE('',#1200,#4566);
#4566 = DEFINITIONAL_REPRESENTATION('',(#4567),#4570);
#4567 = B_SPLINE_CURVE_WITH_KNOTS('',1,(#4568,#4569),.UNSPECIFIED.,.F.,
  .F.,(2,2),(0.9999994,7.0000006),.PIECEWISE_BEZIER_KNOTS.);
#4568 = CARTESIAN_POINT('',(6.02138591938,0.9999994));
#4569 = CARTESIAN_POINT('',(6.02138591938,7.0000006));
#4570 = ( GEOMETRIC_REPRESENTATION_CONTEXT(2) 
PARAMETRIC_REPRESENTATION_CONTEXT() REPRESENTATION_CONTEXT('2D SPACE',''
  ) );
#4571 = PCURVE('',#1226,#4572);
#4572 = DEFINITIONAL_REPRESENTATION('',(#4573),#4576);
#4573 = B_SPLINE_CURVE_WITH_KNOTS('',1,(#4574,#4575),.UNSPECIFIED.,.F.,
  .F.,(2,2),(0.9999994,7.0000006),.PIECEWISE_BEZIER_KNOTS.);
#4574 = CARTESIAN_POINT('',(46.7,-1.9999994));
#4575 = CARTESIAN_POINT('',(46.7,-8.0000006));
#4576 = ( GEOMETRIC_REPRESENTATION_CONTEXT(2) 
PARAMETRIC_REPRESENTATION_CONTEXT() REPRESENTATION_CONTEXT('2D SPACE',''
  ) );
#4577 = ADVANCED_FACE('',(#4578),#1226,.T.);
#4578 = FACE_BOUND('',#4579,.T.);
#4579 = EDGE_LOOP('',(#4580,#4581,#4601,#4602,#4603));
#4580 = ORIENTED_EDGE('',*,*,#4559,.F.);
#4581 = ORIENTED_EDGE('',*,*,#4582,.T.);
#4582 = EDGE_CURVE('',#4531,#2872,#4583,.T.);
#4583 = SURFACE_CURVE('',#4584,(#4588,#4594),.PCURVE_S1.);
#4584 = LINE('',#4585,#4586);
#4585 = CARTESIAN_POINT('',(42.114366026203,-11.28451036647,-355.25));
#4586 = VECTOR('',#4587,1.);
#4587 = DIRECTION('',(0.965925826289,-0.258819045103,0.));
#4588 = PCURVE('',#1226,#4589);
#4589 = DEFINITIONAL_REPRESENTATION('',(#4590),#4593);
#4590 = B_SPLINE_CURVE_WITH_KNOTS('',1,(#4591,#4592),.UNSPECIFIED.,.F.,
  .F.,(2,2),(-3.1,-0.),.PIECEWISE_BEZIER_KNOTS.);
#4591 = CARTESIAN_POINT('',(46.7,-3.));
#4592 = CARTESIAN_POINT('',(43.6,-3.));
#4593 = ( GEOMETRIC_REPRESENTATION_CONTEXT(2) 
PARAMETRIC_REPRESENTATION_CONTEXT() REPRESENTATION_CONTEXT('2D SPACE',''
  ) );
#4594 = PCURVE('',#4547,#4595);
#4595 = DEFINITIONAL_REPRESENTATION('',(#4596),#4600);
#4596 = LINE('',#4597,#4598);
#4597 = CARTESIAN_POINT('',(10.114366026203,-11.28451036647));
#4598 = VECTOR('',#4599,1.);
#4599 = DIRECTION('',(0.965925826289,-0.258819045103));
#4600 = ( GEOMETRIC_REPRESENTATION_CONTEXT(2) 
PARAMETRIC_REPRESENTATION_CONTEXT() REPRESENTATION_CONTEXT('2D SPACE',''
  ) );
#4601 = ORIENTED_EDGE('',*,*,#2895,.T.);
#4602 = ORIENTED_EDGE('',*,*,#4480,.T.);
#4603 = ORIENTED_EDGE('',*,*,#1212,.F.);
#4604 = ADVANCED_FACE('',(#4605),#1258,.F.);
#4605 = FACE_BOUND('',#4606,.F.);
#4606 = EDGE_LOOP('',(#4607,#4608,#4627,#4628,#4657));
#4607 = ORIENTED_EDGE('',*,*,#1239,.F.);
#4608 = ORIENTED_EDGE('',*,*,#4609,.F.);
#4609 = EDGE_CURVE('',#2756,#1240,#4610,.T.);
#4610 = SURFACE_CURVE('',#4611,(#4615,#4621),.PCURVE_S1.);
#4611 = LINE('',#4612,#4613);
#4612 = CARTESIAN_POINT('',(-6.082247559909,-22.69925691779,-356.25));
#4613 = VECTOR('',#4614,1.);
#4614 = DIRECTION('',(0.,0.,1.));
#4615 = PCURVE('',#1258,#4616);
#4616 = DEFINITIONAL_REPRESENTATION('',(#4617),#4620);
#4617 = B_SPLINE_CURVE_WITH_KNOTS('',1,(#4618,#4619),.UNSPECIFIED.,.F.,
  .F.,(2,2),(-5.999999999062E-07,6.0000006),.PIECEWISE_BEZIER_KNOTS.);
#4618 = CARTESIAN_POINT('',(4.450589592586,-5.999999999062E-07));
#4619 = CARTESIAN_POINT('',(4.450589592586,6.0000006));
#4620 = ( GEOMETRIC_REPRESENTATION_CONTEXT(2) 
PARAMETRIC_REPRESENTATION_CONTEXT() REPRESENTATION_CONTEXT('2D SPACE',''
  ) );
#4621 = PCURVE('',#1286,#4622);
#4622 = DEFINITIONAL_REPRESENTATION('',(#4623),#4626);
#4623 = B_SPLINE_CURVE_WITH_KNOTS('',1,(#4624,#4625),.UNSPECIFIED.,.F.,
  .F.,(2,2),(-5.999999999062E-07,6.0000006),.PIECEWISE_BEZIER_KNOTS.);
#4624 = CARTESIAN_POINT('',(23.5,-1.9999994));
#4625 = CARTESIAN_POINT('',(23.5,-8.0000006));
#4626 = ( GEOMETRIC_REPRESENTATION_CONTEXT(2) 
PARAMETRIC_REPRESENTATION_CONTEXT() REPRESENTATION_CONTEXT('2D SPACE',''
  ) );
#4627 = ORIENTED_EDGE('',*,*,#2755,.T.);
#4628 = ORIENTED_EDGE('',*,*,#4629,.T.);
#4629 = EDGE_CURVE('',#2727,#4630,#4632,.T.);
#4630 = VERTEX_POINT('',#4631);
#4631 = CARTESIAN_POINT('',(22.699256917793,-6.082247559909,-355.25));
#4632 = SURFACE_CURVE('',#4633,(#4638,#4645),.PCURVE_S1.);
#4633 = CIRCLE('',#4634,23.5);
#4634 = AXIS2_PLACEMENT_3D('',#4635,#4636,#4637);
#4635 = CARTESIAN_POINT('',(0.,0.,-355.25));
#4636 = DIRECTION('',(0.,0.,1.));
#4637 = DIRECTION('',(1.,0.,-0.));
#4638 = PCURVE('',#1258,#4639);
#4639 = DEFINITIONAL_REPRESENTATION('',(#4640),#4644);
#4640 = LINE('',#4641,#4642);
#4641 = CARTESIAN_POINT('',(0.,1.));
#4642 = VECTOR('',#4643,1.);
#4643 = DIRECTION('',(1.,0.));
#4644 = ( GEOMETRIC_REPRESENTATION_CONTEXT(2) 
PARAMETRIC_REPRESENTATION_CONTEXT() REPRESENTATION_CONTEXT('2D SPACE',''
  ) );
#4645 = PCURVE('',#4646,#4651);
#4646 = PLANE('',#4647);
#4647 = AXIS2_PLACEMENT_3D('',#4648,#4649,#4650);
#4648 = CARTESIAN_POINT('',(32.,0.,-355.25));
#4649 = DIRECTION('',(0.,0.,1.));
#4650 = DIRECTION('',(1.,0.,-0.));
#4651 = DEFINITIONAL_REPRESENTATION('',(#4652),#4656);
#4652 = CIRCLE('',#4653,23.5);
#4653 = AXIS2_PLACEMENT_2D('',#4654,#4655);
#4654 = CARTESIAN_POINT('',(-32.,0.));
#4655 = DIRECTION('',(1.,0.));
#4656 = ( GEOMETRIC_REPRESENTATION_CONTEXT(2) 
PARAMETRIC_REPRESENTATION_CONTEXT() REPRESENTATION_CONTEXT('2D SPACE',''
  ) );
#4657 = ORIENTED_EDGE('',*,*,#4658,.T.);
#4658 = EDGE_CURVE('',#4630,#1242,#4659,.T.);
#4659 = SURFACE_CURVE('',#4660,(#4664,#4670),.PCURVE_S1.);
#4660 = LINE('',#4661,#4662);
#4661 = CARTESIAN_POINT('',(22.699256917793,-6.082247559909,-356.25));
#4662 = VECTOR('',#4663,1.);
#4663 = DIRECTION('',(0.,0.,1.));
#4664 = PCURVE('',#1258,#4665);
#4665 = DEFINITIONAL_REPRESENTATION('',(#4666),#4669);
#4666 = B_SPLINE_CURVE_WITH_KNOTS('',1,(#4667,#4668),.UNSPECIFIED.,.F.,
  .F.,(2,2),(-5.999999999062E-07,6.0000006),.PIECEWISE_BEZIER_KNOTS.);
#4667 = CARTESIAN_POINT('',(6.02138591938,-5.999999999062E-07));
#4668 = CARTESIAN_POINT('',(6.02138591938,6.0000006));
#4669 = ( GEOMETRIC_REPRESENTATION_CONTEXT(2) 
PARAMETRIC_REPRESENTATION_CONTEXT() REPRESENTATION_CONTEXT('2D SPACE',''
  ) );
#4670 = PCURVE('',#1340,#4671);
#4671 = DEFINITIONAL_REPRESENTATION('',(#4672),#4675);
#4672 = B_SPLINE_CURVE_WITH_KNOTS('',1,(#4673,#4674),.UNSPECIFIED.,.F.,
  .F.,(2,2),(-5.999999999062E-07,6.0000006),.PIECEWISE_BEZIER_KNOTS.);
#4673 = CARTESIAN_POINT('',(23.5,-1.9999994));
#4674 = CARTESIAN_POINT('',(23.5,-8.0000006));
#4675 = ( GEOMETRIC_REPRESENTATION_CONTEXT(2) 
PARAMETRIC_REPRESENTATION_CONTEXT() REPRESENTATION_CONTEXT('2D SPACE',''
  ) );
#4676 = ADVANCED_FACE('',(#4677),#1286,.T.);
#4677 = FACE_BOUND('',#4678,.T.);
#4678 = EDGE_LOOP('',(#4679,#4680,#4681,#4700));
#4679 = ORIENTED_EDGE('',*,*,#4609,.F.);
#4680 = ORIENTED_EDGE('',*,*,#2779,.T.);
#4681 = ORIENTED_EDGE('',*,*,#4682,.T.);
#4682 = EDGE_CURVE('',#2780,#1271,#4683,.T.);
#4683 = SURFACE_CURVE('',#4684,(#4688,#4694),.PCURVE_S1.);
#4684 = LINE('',#4685,#4686);
#4685 = CARTESIAN_POINT('',(-5.046971379499,-18.83555361263,-357.25));
#4686 = VECTOR('',#4687,1.);
#4687 = DIRECTION('',(0.,0.,1.));
#4688 = PCURVE('',#1286,#4689);
#4689 = DEFINITIONAL_REPRESENTATION('',(#4690),#4693);
#4690 = B_SPLINE_CURVE_WITH_KNOTS('',1,(#4691,#4692),.UNSPECIFIED.,.F.,
  .F.,(2,2),(0.9999994,7.0000006),.PIECEWISE_BEZIER_KNOTS.);
#4691 = CARTESIAN_POINT('',(19.5,-1.9999994));
#4692 = CARTESIAN_POINT('',(19.5,-8.0000006));
#4693 = ( GEOMETRIC_REPRESENTATION_CONTEXT(2) 
PARAMETRIC_REPRESENTATION_CONTEXT() REPRESENTATION_CONTEXT('2D SPACE',''
  ) );
#4694 = PCURVE('',#1314,#4695);
#4695 = DEFINITIONAL_REPRESENTATION('',(#4696),#4699);
#4696 = B_SPLINE_CURVE_WITH_KNOTS('',1,(#4697,#4698),.UNSPECIFIED.,.F.,
  .F.,(2,2),(0.9999994,7.0000006),.PIECEWISE_BEZIER_KNOTS.);
#4697 = CARTESIAN_POINT('',(4.450589592586,0.9999994));
#4698 = CARTESIAN_POINT('',(4.450589592586,7.0000006));
#4699 = ( GEOMETRIC_REPRESENTATION_CONTEXT(2) 
PARAMETRIC_REPRESENTATION_CONTEXT() REPRESENTATION_CONTEXT('2D SPACE',''
  ) );
#4700 = ORIENTED_EDGE('',*,*,#1270,.F.);
#4701 = ADVANCED_FACE('',(#4702),#1314,.T.);
#4702 = FACE_BOUND('',#4703,.T.);
#4703 = EDGE_LOOP('',(#4704,#4705,#4706,#4707));
#4704 = ORIENTED_EDGE('',*,*,#1297,.F.);
#4705 = ORIENTED_EDGE('',*,*,#4682,.F.);
#4706 = ORIENTED_EDGE('',*,*,#2801,.T.);
#4707 = ORIENTED_EDGE('',*,*,#4708,.T.);
#4708 = EDGE_CURVE('',#2802,#1298,#4709,.T.);
#4709 = SURFACE_CURVE('',#4710,(#4714,#4720),.PCURVE_S1.);
#4710 = LINE('',#4711,#4712);
#4711 = CARTESIAN_POINT('',(18.835553612637,-5.046971379499,-357.25));
#4712 = VECTOR('',#4713,1.);
#4713 = DIRECTION('',(0.,0.,1.));
#4714 = PCURVE('',#1314,#4715);
#4715 = DEFINITIONAL_REPRESENTATION('',(#4716),#4719);
#4716 = B_SPLINE_CURVE_WITH_KNOTS('',1,(#4717,#4718),.UNSPECIFIED.,.F.,
  .F.,(2,2),(0.9999994,7.0000006),.PIECEWISE_BEZIER_KNOTS.);
#4717 = CARTESIAN_POINT('',(6.02138591938,0.9999994));
#4718 = CARTESIAN_POINT('',(6.02138591938,7.0000006));
#4719 = ( GEOMETRIC_REPRESENTATION_CONTEXT(2) 
PARAMETRIC_REPRESENTATION_CONTEXT() REPRESENTATION_CONTEXT('2D SPACE',''
  ) );
#4720 = PCURVE('',#1340,#4721);
#4721 = DEFINITIONAL_REPRESENTATION('',(#4722),#4725);
#4722 = B_SPLINE_CURVE_WITH_KNOTS('',1,(#4723,#4724),.UNSPECIFIED.,.F.,
  .F.,(2,2),(0.9999994,7.0000006),.PIECEWISE_BEZIER_KNOTS.);
#4723 = CARTESIAN_POINT('',(27.5,-1.9999994));
#4724 = CARTESIAN_POINT('',(27.5,-8.0000006));
#4725 = ( GEOMETRIC_REPRESENTATION_CONTEXT(2) 
PARAMETRIC_REPRESENTATION_CONTEXT() REPRESENTATION_CONTEXT('2D SPACE',''
  ) );
#4726 = ADVANCED_FACE('',(#4727),#1340,.T.);
#4727 = FACE_BOUND('',#4728,.T.);
#4728 = EDGE_LOOP('',(#4729,#4730,#4731,#4751,#4752));
#4729 = ORIENTED_EDGE('',*,*,#4708,.F.);
#4730 = ORIENTED_EDGE('',*,*,#2825,.T.);
#4731 = ORIENTED_EDGE('',*,*,#4732,.T.);
#4732 = EDGE_CURVE('',#2826,#4630,#4733,.T.);
#4733 = SURFACE_CURVE('',#4734,(#4738,#4744),.PCURVE_S1.);
#4734 = LINE('',#4735,#4736);
#4735 = CARTESIAN_POINT('',(22.699256917793,-6.082247559909,-355.25));
#4736 = VECTOR('',#4737,1.);
#4737 = DIRECTION('',(0.965925826289,-0.258819045103,0.));
#4738 = PCURVE('',#1340,#4739);
#4739 = DEFINITIONAL_REPRESENTATION('',(#4740),#4743);
#4740 = B_SPLINE_CURVE_WITH_KNOTS('',1,(#4741,#4742),.UNSPECIFIED.,.F.,
  .F.,(2,2),(-4.,3.552713678801E-15),.PIECEWISE_BEZIER_KNOTS.);
#4741 = CARTESIAN_POINT('',(27.5,-3.));
#4742 = CARTESIAN_POINT('',(23.5,-3.));
#4743 = ( GEOMETRIC_REPRESENTATION_CONTEXT(2) 
PARAMETRIC_REPRESENTATION_CONTEXT() REPRESENTATION_CONTEXT('2D SPACE',''
  ) );
#4744 = PCURVE('',#4646,#4745);
#4745 = DEFINITIONAL_REPRESENTATION('',(#4746),#4750);
#4746 = LINE('',#4747,#4748);
#4747 = CARTESIAN_POINT('',(-9.300743082207,-6.082247559909));
#4748 = VECTOR('',#4749,1.);
#4749 = DIRECTION('',(0.965925826289,-0.258819045103));
#4750 = ( GEOMETRIC_REPRESENTATION_CONTEXT(2) 
PARAMETRIC_REPRESENTATION_CONTEXT() REPRESENTATION_CONTEXT('2D SPACE',''
  ) );
#4751 = ORIENTED_EDGE('',*,*,#4658,.T.);
#4752 = ORIENTED_EDGE('',*,*,#1326,.F.);
#4753 = ADVANCED_FACE('',(#4754),#1370,.F.);
#4754 = FACE_BOUND('',#4755,.F.);
#4755 = EDGE_LOOP('',(#4756,#4757,#4780,#4807));
#4756 = ORIENTED_EDGE('',*,*,#1353,.F.);
#4757 = ORIENTED_EDGE('',*,*,#4758,.F.);
#4758 = EDGE_CURVE('',#4759,#1354,#4761,.T.);
#4759 = VERTEX_POINT('',#4760);
#4760 = CARTESIAN_POINT('',(19.3,-4.727136644709E-15,-352.255));
#4761 = SEAM_CURVE('',#4762,(#4766,#4773),.PCURVE_S1.);
#4762 = LINE('',#4763,#4764);
#4763 = CARTESIAN_POINT('',(19.3,-4.727136644709E-15,-352.255));
#4764 = VECTOR('',#4765,1.);
#4765 = DIRECTION('',(0.,0.,1.));
#4766 = PCURVE('',#1370,#4767);
#4767 = DEFINITIONAL_REPRESENTATION('',(#4768),#4772);
#4768 = LINE('',#4769,#4770);
#4769 = CARTESIAN_POINT('',(6.28318530718,-0.));
#4770 = VECTOR('',#4771,1.);
#4771 = DIRECTION('',(0.,1.));
#4772 = ( GEOMETRIC_REPRESENTATION_CONTEXT(2) 
PARAMETRIC_REPRESENTATION_CONTEXT() REPRESENTATION_CONTEXT('2D SPACE',''
  ) );
#4773 = PCURVE('',#1370,#4774);
#4774 = DEFINITIONAL_REPRESENTATION('',(#4775),#4779);
#4775 = LINE('',#4776,#4777);
#4776 = CARTESIAN_POINT('',(0.,-0.));
#4777 = VECTOR('',#4778,1.);
#4778 = DIRECTION('',(0.,1.));
#4779 = ( GEOMETRIC_REPRESENTATION_CONTEXT(2) 
PARAMETRIC_REPRESENTATION_CONTEXT() REPRESENTATION_CONTEXT('2D SPACE',''
  ) );
#4780 = ORIENTED_EDGE('',*,*,#4781,.T.);
#4781 = EDGE_CURVE('',#4759,#4759,#4782,.T.);
#4782 = SURFACE_CURVE('',#4783,(#4788,#4795),.PCURVE_S1.);
#4783 = CIRCLE('',#4784,19.3);
#4784 = AXIS2_PLACEMENT_3D('',#4785,#4786,#4787);
#4785 = CARTESIAN_POINT('',(0.,0.,-352.255));
#4786 = DIRECTION('',(0.,0.,1.));
#4787 = DIRECTION('',(1.,0.,-0.));
#4788 = PCURVE('',#1370,#4789);
#4789 = DEFINITIONAL_REPRESENTATION('',(#4790),#4794);
#4790 = LINE('',#4791,#4792);
#4791 = CARTESIAN_POINT('',(0.,0.));
#4792 = VECTOR('',#4793,1.);
#4793 = DIRECTION('',(1.,0.));
#4794 = ( GEOMETRIC_REPRESENTATION_CONTEXT(2) 
PARAMETRIC_REPRESENTATION_CONTEXT() REPRESENTATION_CONTEXT('2D SPACE',''
  ) );
#4795 = PCURVE('',#4796,#4801);
#4796 = PLANE('',#4797);
#4797 = AXIS2_PLACEMENT_3D('',#4798,#4799,#4800);
#4798 = CARTESIAN_POINT('',(0.,0.,-352.255));
#4799 = DIRECTION('',(0.,0.,1.));
#4800 = DIRECTION('',(1.,0.,-0.));
#4801 = DEFINITIONAL_REPRESENTATION('',(#4802),#4806);
#4802 = CIRCLE('',#4803,19.3);
#4803 = AXIS2_PLACEMENT_2D('',#4804,#4805);
#4804 = CARTESIAN_POINT('',(0.,0.));
#4805 = DIRECTION('',(1.,0.));
#4806 = ( GEOMETRIC_REPRESENTATION_CONTEXT(2) 
PARAMETRIC_REPRESENTATION_CONTEXT() REPRESENTATION_CONTEXT('2D SPACE',''
  ) );
#4807 = ORIENTED_EDGE('',*,*,#4758,.T.);
#4808 = ADVANCED_FACE('',(#4809),#1401,.F.);
#4809 = FACE_BOUND('',#4810,.F.);
#4810 = EDGE_LOOP('',(#4811,#4812,#4835,#4862));
#4811 = ORIENTED_EDGE('',*,*,#1384,.F.);
#4812 = ORIENTED_EDGE('',*,*,#4813,.F.);
#4813 = EDGE_CURVE('',#4814,#1385,#4816,.T.);
#4814 = VERTEX_POINT('',#4815);
#4815 = CARTESIAN_POINT('',(40.,-1.959434878636E-15,-352.));
#4816 = SEAM_CURVE('',#4817,(#4821,#4828),.PCURVE_S1.);
#4817 = LINE('',#4818,#4819);
#4818 = CARTESIAN_POINT('',(40.,-1.959434878636E-15,-352.));
#4819 = VECTOR('',#4820,1.);
#4820 = DIRECTION('',(0.707106781187,-1.731912112471E-16,0.707106781187)
  );
#4821 = PCURVE('',#1401,#4822);
#4822 = DEFINITIONAL_REPRESENTATION('',(#4823),#4827);
#4823 = LINE('',#4824,#4825);
#4824 = CARTESIAN_POINT('',(6.28318530718,-0.));
#4825 = VECTOR('',#4826,1.);
#4826 = DIRECTION('',(0.,1.));
#4827 = ( GEOMETRIC_REPRESENTATION_CONTEXT(2) 
PARAMETRIC_REPRESENTATION_CONTEXT() REPRESENTATION_CONTEXT('2D SPACE',''
  ) );
#4828 = PCURVE('',#1401,#4829);
#4829 = DEFINITIONAL_REPRESENTATION('',(#4830),#4834);
#4830 = LINE('',#4831,#4832);
#4831 = CARTESIAN_POINT('',(0.,-0.));
#4832 = VECTOR('',#4833,1.);
#4833 = DIRECTION('',(0.,1.));
#4834 = ( GEOMETRIC_REPRESENTATION_CONTEXT(2) 
PARAMETRIC_REPRESENTATION_CONTEXT() REPRESENTATION_CONTEXT('2D SPACE',''
  ) );
#4835 = ORIENTED_EDGE('',*,*,#4836,.T.);
#4836 = EDGE_CURVE('',#4814,#4814,#4837,.T.);
#4837 = SURFACE_CURVE('',#4838,(#4843,#4850),.PCURVE_S1.);
#4838 = CIRCLE('',#4839,8.);
#4839 = AXIS2_PLACEMENT_3D('',#4840,#4841,#4842);
#4840 = CARTESIAN_POINT('',(32.,0.,-352.));
#4841 = DIRECTION('',(0.,0.,1.));
#4842 = DIRECTION('',(1.,0.,-0.));
#4843 = PCURVE('',#1401,#4844);
#4844 = DEFINITIONAL_REPRESENTATION('',(#4845),#4849);
#4845 = LINE('',#4846,#4847);
#4846 = CARTESIAN_POINT('',(0.,0.));
#4847 = VECTOR('',#4848,1.);
#4848 = DIRECTION('',(1.,0.));
#4849 = ( GEOMETRIC_REPRESENTATION_CONTEXT(2) 
PARAMETRIC_REPRESENTATION_CONTEXT() REPRESENTATION_CONTEXT('2D SPACE',''
  ) );
#4850 = PCURVE('',#4851,#4856);
#4851 = CYLINDRICAL_SURFACE('',#4852,8.);
#4852 = AXIS2_PLACEMENT_3D('',#4853,#4854,#4855);
#4853 = CARTESIAN_POINT('',(32.,0.,-356.25));
#4854 = DIRECTION('',(0.,0.,1.));
#4855 = DIRECTION('',(1.,0.,-0.));
#4856 = DEFINITIONAL_REPRESENTATION('',(#4857),#4861);
#4857 = LINE('',#4858,#4859);
#4858 = CARTESIAN_POINT('',(0.,4.25));
#4859 = VECTOR('',#4860,1.);
#4860 = DIRECTION('',(1.,0.));
#4861 = ( GEOMETRIC_REPRESENTATION_CONTEXT(2) 
PARAMETRIC_REPRESENTATION_CONTEXT() REPRESENTATION_CONTEXT('2D SPACE',''
  ) );
#4862 = ORIENTED_EDGE('',*,*,#4813,.T.);
#4863 = ADVANCED_FACE('',(#4864),#1434,.F.);
#4864 = FACE_BOUND('',#4865,.F.);
#4865 = EDGE_LOOP('',(#4866,#4885,#4886,#4905));
#4866 = ORIENTED_EDGE('',*,*,#4867,.F.);
#4867 = EDGE_CURVE('',#3368,#1416,#4868,.T.);
#4868 = SURFACE_CURVE('',#4869,(#4873,#4879),.PCURVE_S1.);
#4869 = LINE('',#4870,#4871);
#4870 = CARTESIAN_POINT('',(46.344545617105,-6.513301124931,-356.25));
#4871 = VECTOR('',#4872,1.);
#4872 = DIRECTION('',(0.,0.,1.));
#4873 = PCURVE('',#1434,#4874);
#4874 = DEFINITIONAL_REPRESENTATION('',(#4875),#4878);
#4875 = B_SPLINE_CURVE_WITH_KNOTS('',1,(#4876,#4877),.UNSPECIFIED.,.F.,
  .F.,(2,2),(0.,6.),.PIECEWISE_BEZIER_KNOTS.);
#4876 = CARTESIAN_POINT('',(6.14355896702,0.));
#4877 = CARTESIAN_POINT('',(6.14355896702,6.));
#4878 = ( GEOMETRIC_REPRESENTATION_CONTEXT(2) 
PARAMETRIC_REPRESENTATION_CONTEXT() REPRESENTATION_CONTEXT('2D SPACE',''
  ) );
#4879 = PCURVE('',#1462,#4880);
#4880 = DEFINITIONAL_REPRESENTATION('',(#4881),#4884);
#4881 = B_SPLINE_CURVE_WITH_KNOTS('',1,(#4882,#4883),.UNSPECIFIED.,.F.,
  .F.,(2,2),(-5.999999999062E-07,6.0000006),.PIECEWISE_BEZIER_KNOTS.);
#4882 = CARTESIAN_POINT('',(46.8,-1.9999994));
#4883 = CARTESIAN_POINT('',(46.8,-8.0000006));
#4884 = ( GEOMETRIC_REPRESENTATION_CONTEXT(2) 
PARAMETRIC_REPRESENTATION_CONTEXT() REPRESENTATION_CONTEXT('2D SPACE',''
  ) );
#4885 = ORIENTED_EDGE('',*,*,#3367,.T.);
#4886 = ORIENTED_EDGE('',*,*,#4887,.T.);
#4887 = EDGE_CURVE('',#3370,#1418,#4888,.T.);
#4888 = SURFACE_CURVE('',#4889,(#4893,#4899),.PCURVE_S1.);
#4889 = LINE('',#4890,#4891);
#4890 = CARTESIAN_POINT('',(5.703485271361,46.451159896814,-356.25));
#4891 = VECTOR('',#4892,1.);
#4892 = DIRECTION('',(0.,0.,1.));
#4893 = PCURVE('',#1434,#4894);
#4894 = DEFINITIONAL_REPRESENTATION('',(#4895),#4898);
#4895 = B_SPLINE_CURVE_WITH_KNOTS('',1,(#4896,#4897),.UNSPECIFIED.,.F.,
  .F.,(2,2),(0.,6.),.PIECEWISE_BEZIER_KNOTS.);
#4896 = CARTESIAN_POINT('',(7.731808586335,0.));
#4897 = CARTESIAN_POINT('',(7.731808586335,6.));
#4898 = ( GEOMETRIC_REPRESENTATION_CONTEXT(2) 
PARAMETRIC_REPRESENTATION_CONTEXT() REPRESENTATION_CONTEXT('2D SPACE',''
  ) );
#4899 = PCURVE('',#1516,#4900);
#4900 = DEFINITIONAL_REPRESENTATION('',(#4901),#4904);
#4901 = B_SPLINE_CURVE_WITH_KNOTS('',1,(#4902,#4903),.UNSPECIFIED.,.F.,
  .F.,(2,2),(-5.999999999062E-07,6.0000006),.PIECEWISE_BEZIER_KNOTS.);
#4902 = CARTESIAN_POINT('',(46.8,-1.9999994));
#4903 = CARTESIAN_POINT('',(46.8,-8.0000006));
#4904 = ( GEOMETRIC_REPRESENTATION_CONTEXT(2) 
PARAMETRIC_REPRESENTATION_CONTEXT() REPRESENTATION_CONTEXT('2D SPACE',''
  ) );
#4905 = ORIENTED_EDGE('',*,*,#1415,.F.);
#4906 = ADVANCED_FACE('',(#4907),#1462,.T.);
#4907 = FACE_BOUND('',#4908,.T.);
#4908 = EDGE_LOOP('',(#4909,#4910,#4911,#4930));
#4909 = ORIENTED_EDGE('',*,*,#4867,.F.);
#4910 = ORIENTED_EDGE('',*,*,#3393,.T.);
#4911 = ORIENTED_EDGE('',*,*,#4912,.T.);
#4912 = EDGE_CURVE('',#3394,#1447,#4913,.T.);
#4913 = SURFACE_CURVE('',#4914,(#4918,#4924),.PCURVE_S1.);
#4914 = LINE('',#4915,#4916);
#4915 = CARTESIAN_POINT('',(45.25525074149,-6.360210713875,-357.25));
#4916 = VECTOR('',#4917,1.);
#4917 = DIRECTION('',(0.,0.,1.));
#4918 = PCURVE('',#1462,#4919);
#4919 = DEFINITIONAL_REPRESENTATION('',(#4920),#4923);
#4920 = B_SPLINE_CURVE_WITH_KNOTS('',1,(#4921,#4922),.UNSPECIFIED.,.F.,
  .F.,(2,2),(0.9999994,7.0000006),.PIECEWISE_BEZIER_KNOTS.);
#4921 = CARTESIAN_POINT('',(45.7,-1.9999994));
#4922 = CARTESIAN_POINT('',(45.7,-8.0000006));
#4923 = ( GEOMETRIC_REPRESENTATION_CONTEXT(2) 
PARAMETRIC_REPRESENTATION_CONTEXT() REPRESENTATION_CONTEXT('2D SPACE',''
  ) );
#4924 = PCURVE('',#1490,#4925);
#4925 = DEFINITIONAL_REPRESENTATION('',(#4926),#4929);
#4926 = B_SPLINE_CURVE_WITH_KNOTS('',1,(#4927,#4928),.UNSPECIFIED.,.F.,
  .F.,(2,2),(1.,7.),.PIECEWISE_BEZIER_KNOTS.);
#4927 = CARTESIAN_POINT('',(6.14355896702,1.));
#4928 = CARTESIAN_POINT('',(6.14355896702,7.));
#4929 = ( GEOMETRIC_REPRESENTATION_CONTEXT(2) 
PARAMETRIC_REPRESENTATION_CONTEXT() REPRESENTATION_CONTEXT('2D SPACE',''
  ) );
#4930 = ORIENTED_EDGE('',*,*,#1446,.F.);
#4931 = ADVANCED_FACE('',(#4932),#1490,.T.);
#4932 = FACE_BOUND('',#4933,.T.);
#4933 = EDGE_LOOP('',(#4934,#4935,#4936,#4955));
#4934 = ORIENTED_EDGE('',*,*,#4912,.F.);
#4935 = ORIENTED_EDGE('',*,*,#3415,.T.);
#4936 = ORIENTED_EDGE('',*,*,#4937,.T.);
#4937 = EDGE_CURVE('',#3416,#1474,#4938,.T.);
#4938 = SURFACE_CURVE('',#4939,(#4943,#4949),.PCURVE_S1.);
#4939 = LINE('',#4940,#4941);
#4940 = CARTESIAN_POINT('',(5.569428993615,45.359359130008,-357.25));
#4941 = VECTOR('',#4942,1.);
#4942 = DIRECTION('',(0.,0.,1.));
#4943 = PCURVE('',#1490,#4944);
#4944 = DEFINITIONAL_REPRESENTATION('',(#4945),#4948);
#4945 = B_SPLINE_CURVE_WITH_KNOTS('',1,(#4946,#4947),.UNSPECIFIED.,.F.,
  .F.,(2,2),(1.,7.),.PIECEWISE_BEZIER_KNOTS.);
#4946 = CARTESIAN_POINT('',(7.731808586335,1.));
#4947 = CARTESIAN_POINT('',(7.731808586335,7.));
#4948 = ( GEOMETRIC_REPRESENTATION_CONTEXT(2) 
PARAMETRIC_REPRESENTATION_CONTEXT() REPRESENTATION_CONTEXT('2D SPACE',''
  ) );
#4949 = PCURVE('',#1516,#4950);
#4950 = DEFINITIONAL_REPRESENTATION('',(#4951),#4954);
#4951 = B_SPLINE_CURVE_WITH_KNOTS('',1,(#4952,#4953),.UNSPECIFIED.,.F.,
  .F.,(2,2),(0.9999994,7.0000006),.PIECEWISE_BEZIER_KNOTS.);
#4952 = CARTESIAN_POINT('',(47.9,-1.9999994));
#4953 = CARTESIAN_POINT('',(47.9,-8.0000006));
#4954 = ( GEOMETRIC_REPRESENTATION_CONTEXT(2) 
PARAMETRIC_REPRESENTATION_CONTEXT() REPRESENTATION_CONTEXT('2D SPACE',''
  ) );
#4955 = ORIENTED_EDGE('',*,*,#1473,.F.);
#4956 = ADVANCED_FACE('',(#4957),#1516,.T.);
#4957 = FACE_BOUND('',#4958,.T.);
#4958 = EDGE_LOOP('',(#4959,#4960,#4961,#4962));
#4959 = ORIENTED_EDGE('',*,*,#4937,.F.);
#4960 = ORIENTED_EDGE('',*,*,#3439,.T.);
#4961 = ORIENTED_EDGE('',*,*,#4887,.T.);
#4962 = ORIENTED_EDGE('',*,*,#1502,.F.);
#4963 = ADVANCED_FACE('',(#4964),#1946,.F.);
#4964 = FACE_BOUND('',#4965,.F.);
#4965 = EDGE_LOOP('',(#4966,#4989,#5015,#5036));
#4966 = ORIENTED_EDGE('',*,*,#4967,.F.);
#4967 = EDGE_CURVE('',#4968,#1930,#4970,.T.);
#4968 = VERTEX_POINT('',#4969);
#4969 = CARTESIAN_POINT('',(-13.5,-34.,-359.5419007564));
#4970 = SURFACE_CURVE('',#4971,(#4975,#4982),.PCURVE_S1.);
#4971 = LINE('',#4972,#4973);
#4972 = CARTESIAN_POINT('',(-13.5,-34.,-362.25));
#4973 = VECTOR('',#4974,1.);
#4974 = DIRECTION('',(0.,0.,1.));
#4975 = PCURVE('',#1946,#4976);
#4976 = DEFINITIONAL_REPRESENTATION('',(#4977),#4981);
#4977 = LINE('',#4978,#4979);
#4978 = CARTESIAN_POINT('',(0.,3.));
#4979 = VECTOR('',#4980,1.);
#4980 = DIRECTION('',(1.,0.));
#4981 = ( GEOMETRIC_REPRESENTATION_CONTEXT(2) 
PARAMETRIC_REPRESENTATION_CONTEXT() REPRESENTATION_CONTEXT('2D SPACE',''
  ) );
#4982 = PCURVE('',#2022,#4983);
#4983 = DEFINITIONAL_REPRESENTATION('',(#4984),#4988);
#4984 = LINE('',#4985,#4986);
#4985 = CARTESIAN_POINT('',(0.,0.));
#4986 = VECTOR('',#4987,1.);
#4987 = DIRECTION('',(1.,0.));
#4988 = ( GEOMETRIC_REPRESENTATION_CONTEXT(2) 
PARAMETRIC_REPRESENTATION_CONTEXT() REPRESENTATION_CONTEXT('2D SPACE',''
  ) );
#4989 = ORIENTED_EDGE('',*,*,#4990,.F.);
#4990 = EDGE_CURVE('',#4991,#4968,#4993,.T.);
#4991 = VERTEX_POINT('',#4992);
#4992 = CARTESIAN_POINT('',(-16.5,-34.,-359.5419007564));
#4993 = SURFACE_CURVE('',#4994,(#4998,#5004),.PCURVE_S1.);
#4994 = LINE('',#4995,#4996);
#4995 = CARTESIAN_POINT('',(-32.5,-34.,-359.5419007564));
#4996 = VECTOR('',#4997,1.);
#4997 = DIRECTION('',(1.,0.,2.22044604925E-16));
#4998 = PCURVE('',#1946,#4999);
#4999 = DEFINITIONAL_REPRESENTATION('',(#5000),#5003);
#5000 = B_SPLINE_CURVE_WITH_KNOTS('',1,(#5001,#5002),.UNSPECIFIED.,.F.,
  .F.,(2,2),(15.7,19.3),.PIECEWISE_BEZIER_KNOTS.);
#5001 = CARTESIAN_POINT('',(2.708099243548,-0.3));
#5002 = CARTESIAN_POINT('',(2.708099243548,3.3));
#5003 = ( GEOMETRIC_REPRESENTATION_CONTEXT(2) 
PARAMETRIC_REPRESENTATION_CONTEXT() REPRESENTATION_CONTEXT('2D SPACE',''
  ) );
#5004 = PCURVE('',#5005,#5010);
#5005 = CYLINDRICAL_SURFACE('',#5006,4.);
#5006 = AXIS2_PLACEMENT_3D('',#5007,#5008,#5009);
#5007 = CARTESIAN_POINT('',(-32.5,-32.5,-363.25));
#5008 = DIRECTION('',(1.,0.,2.22044604925E-16));
#5009 = DIRECTION('',(2.22044604925E-16,0.,-1.));
#5010 = DEFINITIONAL_REPRESENTATION('',(#5011),#5014);
#5011 = B_SPLINE_CURVE_WITH_KNOTS('',1,(#5012,#5013),.UNSPECIFIED.,.F.,
  .F.,(2,2),(15.7,19.3),.PIECEWISE_BEZIER_KNOTS.);
#5012 = CARTESIAN_POINT('',(3.525989428085,15.7));
#5013 = CARTESIAN_POINT('',(3.525989428085,19.3));
#5014 = ( GEOMETRIC_REPRESENTATION_CONTEXT(2) 
PARAMETRIC_REPRESENTATION_CONTEXT() REPRESENTATION_CONTEXT('2D SPACE',''
  ) );
#5015 = ORIENTED_EDGE('',*,*,#5016,.T.);
#5016 = EDGE_CURVE('',#4991,#1932,#5017,.T.);
#5017 = SURFACE_CURVE('',#5018,(#5022,#5029),.PCURVE_S1.);
#5018 = LINE('',#5019,#5020);
#5019 = CARTESIAN_POINT('',(-16.5,-34.,-362.25));
#5020 = VECTOR('',#5021,1.);
#5021 = DIRECTION('',(0.,0.,1.));
#5022 = PCURVE('',#1946,#5023);
#5023 = DEFINITIONAL_REPRESENTATION('',(#5024),#5028);
#5024 = LINE('',#5025,#5026);
#5025 = CARTESIAN_POINT('',(0.,0.));
#5026 = VECTOR('',#5027,1.);
#5027 = DIRECTION('',(1.,0.));
#5028 = ( GEOMETRIC_REPRESENTATION_CONTEXT(2) 
PARAMETRIC_REPRESENTATION_CONTEXT() REPRESENTATION_CONTEXT('2D SPACE',''
  ) );
#5029 = PCURVE('',#1972,#5030);
#5030 = DEFINITIONAL_REPRESENTATION('',(#5031),#5035);
#5031 = LINE('',#5032,#5033);
#5032 = CARTESIAN_POINT('',(0.,0.));
#5033 = VECTOR('',#5034,1.);
#5034 = DIRECTION('',(1.,0.));
#5035 = ( GEOMETRIC_REPRESENTATION_CONTEXT(2) 
PARAMETRIC_REPRESENTATION_CONTEXT() REPRESENTATION_CONTEXT('2D SPACE',''
  ) );
#5036 = ORIENTED_EDGE('',*,*,#1929,.F.);
#5037 = ADVANCED_FACE('',(#5038),#2022,.T.);
#5038 = FACE_BOUND('',#5039,.T.);
#5039 = EDGE_LOOP('',(#5040,#5041,#5065,#5086));
#5040 = ORIENTED_EDGE('',*,*,#4967,.F.);
#5041 = ORIENTED_EDGE('',*,*,#5042,.F.);
#5042 = EDGE_CURVE('',#5043,#4968,#5045,.T.);
#5043 = VERTEX_POINT('',#5044);
#5044 = CARTESIAN_POINT('',(-13.5,-31.,-359.5419007564));
#5045 = SURFACE_CURVE('',#5046,(#5051,#5058),.PCURVE_S1.);
#5046 = CIRCLE('',#5047,4.);
#5047 = AXIS2_PLACEMENT_3D('',#5048,#5049,#5050);
#5048 = CARTESIAN_POINT('',(-13.5,-32.5,-363.25));
#5049 = DIRECTION('',(1.,0.,2.22044604925E-16));
#5050 = DIRECTION('',(2.22044604925E-16,0.,-1.));
#5051 = PCURVE('',#2022,#5052);
#5052 = DEFINITIONAL_REPRESENTATION('',(#5053),#5057);
#5053 = CIRCLE('',#5054,4.);
#5054 = AXIS2_PLACEMENT_2D('',#5055,#5056);
#5055 = CARTESIAN_POINT('',(-1.,-1.5));
#5056 = DIRECTION('',(-1.,0.));
#5057 = ( GEOMETRIC_REPRESENTATION_CONTEXT(2) 
PARAMETRIC_REPRESENTATION_CONTEXT() REPRESENTATION_CONTEXT('2D SPACE',''
  ) );
#5058 = PCURVE('',#5005,#5059);
#5059 = DEFINITIONAL_REPRESENTATION('',(#5060),#5064);
#5060 = LINE('',#5061,#5062);
#5061 = CARTESIAN_POINT('',(0.,19.));
#5062 = VECTOR('',#5063,1.);
#5063 = DIRECTION('',(1.,0.));
#5064 = ( GEOMETRIC_REPRESENTATION_CONTEXT(2) 
PARAMETRIC_REPRESENTATION_CONTEXT() REPRESENTATION_CONTEXT('2D SPACE',''
  ) );
#5065 = ORIENTED_EDGE('',*,*,#5066,.T.);
#5066 = EDGE_CURVE('',#5043,#1984,#5067,.T.);
#5067 = SURFACE_CURVE('',#5068,(#5072,#5079),.PCURVE_S1.);
#5068 = LINE('',#5069,#5070);
#5069 = CARTESIAN_POINT('',(-13.5,-31.,-362.25));
#5070 = VECTOR('',#5071,1.);
#5071 = DIRECTION('',(0.,0.,1.));
#5072 = PCURVE('',#2022,#5073);
#5073 = DEFINITIONAL_REPRESENTATION('',(#5074),#5078);
#5074 = LINE('',#5075,#5076);
#5075 = CARTESIAN_POINT('',(0.,-3.));
#5076 = VECTOR('',#5077,1.);
#5077 = DIRECTION('',(1.,0.));
#5078 = ( GEOMETRIC_REPRESENTATION_CONTEXT(2) 
PARAMETRIC_REPRESENTATION_CONTEXT() REPRESENTATION_CONTEXT('2D SPACE',''
  ) );
#5079 = PCURVE('',#1998,#5080);
#5080 = DEFINITIONAL_REPRESENTATION('',(#5081),#5085);
#5081 = LINE('',#5082,#5083);
#5082 = CARTESIAN_POINT('',(0.,3.));
#5083 = VECTOR('',#5084,1.);
#5084 = DIRECTION('',(1.,0.));
#5085 = ( GEOMETRIC_REPRESENTATION_CONTEXT(2) 
PARAMETRIC_REPRESENTATION_CONTEXT() REPRESENTATION_CONTEXT('2D SPACE',''
  ) );
#5086 = ORIENTED_EDGE('',*,*,#2009,.F.);
#5087 = ADVANCED_FACE('',(#5088),#1972,.F.);
#5088 = FACE_BOUND('',#5089,.F.);
#5089 = EDGE_LOOP('',(#5090,#5091,#5115,#5136));
#5090 = ORIENTED_EDGE('',*,*,#5016,.F.);
#5091 = ORIENTED_EDGE('',*,*,#5092,.F.);
#5092 = EDGE_CURVE('',#5093,#4991,#5095,.T.);
#5093 = VERTEX_POINT('',#5094);
#5094 = CARTESIAN_POINT('',(-16.5,-31.,-359.5419007564));
#5095 = SURFACE_CURVE('',#5096,(#5101,#5108),.PCURVE_S1.);
#5096 = CIRCLE('',#5097,4.);
#5097 = AXIS2_PLACEMENT_3D('',#5098,#5099,#5100);
#5098 = CARTESIAN_POINT('',(-16.5,-32.5,-363.25));
#5099 = DIRECTION('',(1.,0.,2.22044604925E-16));
#5100 = DIRECTION('',(2.22044604925E-16,0.,-1.));
#5101 = PCURVE('',#1972,#5102);
#5102 = DEFINITIONAL_REPRESENTATION('',(#5103),#5107);
#5103 = CIRCLE('',#5104,4.);
#5104 = AXIS2_PLACEMENT_2D('',#5105,#5106);
#5105 = CARTESIAN_POINT('',(-1.,-1.5));
#5106 = DIRECTION('',(-1.,0.));
#5107 = ( GEOMETRIC_REPRESENTATION_CONTEXT(2) 
PARAMETRIC_REPRESENTATION_CONTEXT() REPRESENTATION_CONTEXT('2D SPACE',''
  ) );
#5108 = PCURVE('',#5005,#5109);
#5109 = DEFINITIONAL_REPRESENTATION('',(#5110),#5114);
#5110 = LINE('',#5111,#5112);
#5111 = CARTESIAN_POINT('',(0.,16.));
#5112 = VECTOR('',#5113,1.);
#5113 = DIRECTION('',(1.,0.));
#5114 = ( GEOMETRIC_REPRESENTATION_CONTEXT(2) 
PARAMETRIC_REPRESENTATION_CONTEXT() REPRESENTATION_CONTEXT('2D SPACE',''
  ) );
#5115 = ORIENTED_EDGE('',*,*,#5116,.T.);
#5116 = EDGE_CURVE('',#5093,#1958,#5117,.T.);
#5117 = SURFACE_CURVE('',#5118,(#5122,#5129),.PCURVE_S1.);
#5118 = LINE('',#5119,#5120);
#5119 = CARTESIAN_POINT('',(-16.5,-31.,-362.25));
#5120 = VECTOR('',#5121,1.);
#5121 = DIRECTION('',(0.,0.,1.));
#5122 = PCURVE('',#1972,#5123);
#5123 = DEFINITIONAL_REPRESENTATION('',(#5124),#5128);
#5124 = LINE('',#5125,#5126);
#5125 = CARTESIAN_POINT('',(0.,-3.));
#5126 = VECTOR('',#5127,1.);
#5127 = DIRECTION('',(1.,0.));
#5128 = ( GEOMETRIC_REPRESENTATION_CONTEXT(2) 
PARAMETRIC_REPRESENTATION_CONTEXT() REPRESENTATION_CONTEXT('2D SPACE',''
  ) );
#5129 = PCURVE('',#1998,#5130);
#5130 = DEFINITIONAL_REPRESENTATION('',(#5131),#5135);
#5131 = LINE('',#5132,#5133);
#5132 = CARTESIAN_POINT('',(0.,0.));
#5133 = VECTOR('',#5134,1.);
#5134 = DIRECTION('',(1.,0.));
#5135 = ( GEOMETRIC_REPRESENTATION_CONTEXT(2) 
PARAMETRIC_REPRESENTATION_CONTEXT() REPRESENTATION_CONTEXT('2D SPACE',''
  ) );
#5136 = ORIENTED_EDGE('',*,*,#1957,.F.);
#5137 = ADVANCED_FACE('',(#5138),#1998,.T.);
#5138 = FACE_BOUND('',#5139,.T.);
#5139 = EDGE_LOOP('',(#5140,#5141,#5160,#5161));
#5140 = ORIENTED_EDGE('',*,*,#5066,.F.);
#5141 = ORIENTED_EDGE('',*,*,#5142,.F.);
#5142 = EDGE_CURVE('',#5093,#5043,#5143,.T.);
#5143 = SURFACE_CURVE('',#5144,(#5148,#5154),.PCURVE_S1.);
#5144 = LINE('',#5145,#5146);
#5145 = CARTESIAN_POINT('',(-32.5,-31.,-359.5419007564));
#5146 = VECTOR('',#5147,1.);
#5147 = DIRECTION('',(1.,0.,2.22044604925E-16));
#5148 = PCURVE('',#1998,#5149);
#5149 = DEFINITIONAL_REPRESENTATION('',(#5150),#5153);
#5150 = B_SPLINE_CURVE_WITH_KNOTS('',1,(#5151,#5152),.UNSPECIFIED.,.F.,
  .F.,(2,2),(15.7,19.3),.PIECEWISE_BEZIER_KNOTS.);
#5151 = CARTESIAN_POINT('',(2.708099243548,-0.3));
#5152 = CARTESIAN_POINT('',(2.708099243548,3.3));
#5153 = ( GEOMETRIC_REPRESENTATION_CONTEXT(2) 
PARAMETRIC_REPRESENTATION_CONTEXT() REPRESENTATION_CONTEXT('2D SPACE',''
  ) );
#5154 = PCURVE('',#5005,#5155);
#5155 = DEFINITIONAL_REPRESENTATION('',(#5156),#5159);
#5156 = B_SPLINE_CURVE_WITH_KNOTS('',1,(#5157,#5158),.UNSPECIFIED.,.F.,
  .F.,(2,2),(15.7,19.3),.PIECEWISE_BEZIER_KNOTS.);
#5157 = CARTESIAN_POINT('',(2.757195879094,15.7));
#5158 = CARTESIAN_POINT('',(2.757195879094,19.3));
#5159 = ( GEOMETRIC_REPRESENTATION_CONTEXT(2) 
PARAMETRIC_REPRESENTATION_CONTEXT() REPRESENTATION_CONTEXT('2D SPACE',''
  ) );
#5160 = ORIENTED_EDGE('',*,*,#5116,.T.);
#5161 = ORIENTED_EDGE('',*,*,#1983,.F.);
#5162 = ADVANCED_FACE('',(#5163),#2334,.F.);
#5163 = FACE_BOUND('',#5164,.F.);
#5164 = EDGE_LOOP('',(#5165,#5188,#5221,#5242));
#5165 = ORIENTED_EDGE('',*,*,#5166,.F.);
#5166 = EDGE_CURVE('',#5167,#2318,#5169,.T.);
#5167 = VERTEX_POINT('',#5168);
#5168 = CARTESIAN_POINT('',(1.5,-39.5,-359.5419007564));
#5169 = SURFACE_CURVE('',#5170,(#5174,#5181),.PCURVE_S1.);
#5170 = LINE('',#5171,#5172);
#5171 = CARTESIAN_POINT('',(1.5,-39.5,-362.25));
#5172 = VECTOR('',#5173,1.);
#5173 = DIRECTION('',(0.,0.,1.));
#5174 = PCURVE('',#2334,#5175);
#5175 = DEFINITIONAL_REPRESENTATION('',(#5176),#5180);
#5176 = LINE('',#5177,#5178);
#5177 = CARTESIAN_POINT('',(0.,3.));
#5178 = VECTOR('',#5179,1.);
#5179 = DIRECTION('',(1.,0.));
#5180 = ( GEOMETRIC_REPRESENTATION_CONTEXT(2) 
PARAMETRIC_REPRESENTATION_CONTEXT() REPRESENTATION_CONTEXT('2D SPACE',''
  ) );
#5181 = PCURVE('',#2410,#5182);
#5182 = DEFINITIONAL_REPRESENTATION('',(#5183),#5187);
#5183 = LINE('',#5184,#5185);
#5184 = CARTESIAN_POINT('',(0.,0.));
#5185 = VECTOR('',#5186,1.);
#5186 = DIRECTION('',(1.,0.));
#5187 = ( GEOMETRIC_REPRESENTATION_CONTEXT(2) 
PARAMETRIC_REPRESENTATION_CONTEXT() REPRESENTATION_CONTEXT('2D SPACE',''
  ) );
#5188 = ORIENTED_EDGE('',*,*,#5189,.T.);
#5189 = EDGE_CURVE('',#5167,#5190,#5192,.T.);
#5190 = VERTEX_POINT('',#5191);
#5191 = CARTESIAN_POINT('',(-1.5,-39.5,-359.5419007564));
#5192 = SURFACE_CURVE('',#5193,(#5198,#5209),.PCURVE_S1.);
#5193 = CIRCLE('',#5194,4.);
#5194 = AXIS2_PLACEMENT_3D('',#5195,#5196,#5197);
#5195 = CARTESIAN_POINT('',(0.,-39.5,-363.25));
#5196 = DIRECTION('',(0.,-1.,2.22044604925E-16));
#5197 = DIRECTION('',(1.,0.,0.));
#5198 = PCURVE('',#2334,#5199);
#5199 = DEFINITIONAL_REPRESENTATION('',(#5200),#5208);
#5200 = ( BOUNDED_CURVE() B_SPLINE_CURVE(2,(#5201,#5202,#5203,#5204,
#5205,#5206,#5207),.UNSPECIFIED.,.T.,.F.) B_SPLINE_CURVE_WITH_KNOTS((1,2
    ,2,2,2,1),(-2.094395102393,0.,2.094395102393,4.188790204786,
6.28318530718,8.377580409573),.UNSPECIFIED.) CURVE() 
GEOMETRIC_REPRESENTATION_ITEM() RATIONAL_B_SPLINE_CURVE((1.,0.5,1.,0.5,
1.,0.5,1.)) REPRESENTATION_ITEM('') );
#5201 = CARTESIAN_POINT('',(-1.,5.5));
#5202 = CARTESIAN_POINT('',(5.928203230276,5.5));
#5203 = CARTESIAN_POINT('',(2.464101615138,-0.5));
#5204 = CARTESIAN_POINT('',(-1.,-6.5));
#5205 = CARTESIAN_POINT('',(-4.464101615138,-0.5));
#5206 = CARTESIAN_POINT('',(-7.928203230276,5.5));
#5207 = CARTESIAN_POINT('',(-1.,5.5));
#5208 = ( GEOMETRIC_REPRESENTATION_CONTEXT(2) 
PARAMETRIC_REPRESENTATION_CONTEXT() REPRESENTATION_CONTEXT('2D SPACE',''
  ) );
#5209 = PCURVE('',#5210,#5215);
#5210 = CYLINDRICAL_SURFACE('',#5211,4.);
#5211 = AXIS2_PLACEMENT_3D('',#5212,#5213,#5214);
#5212 = CARTESIAN_POINT('',(0.,-32.5,-363.25));
#5213 = DIRECTION('',(0.,-1.,2.22044604925E-16));
#5214 = DIRECTION('',(1.,0.,0.));
#5215 = DEFINITIONAL_REPRESENTATION('',(#5216),#5220);
#5216 = LINE('',#5217,#5218);
#5217 = CARTESIAN_POINT('',(0.,7.));
#5218 = VECTOR('',#5219,1.);
#5219 = DIRECTION('',(1.,0.));
#5220 = ( GEOMETRIC_REPRESENTATION_CONTEXT(2) 
PARAMETRIC_REPRESENTATION_CONTEXT() REPRESENTATION_CONTEXT('2D SPACE',''
  ) );
#5221 = ORIENTED_EDGE('',*,*,#5222,.T.);
#5222 = EDGE_CURVE('',#5190,#2320,#5223,.T.);
#5223 = SURFACE_CURVE('',#5224,(#5228,#5235),.PCURVE_S1.);
#5224 = LINE('',#5225,#5226);
#5225 = CARTESIAN_POINT('',(-1.5,-39.5,-362.25));
#5226 = VECTOR('',#5227,1.);
#5227 = DIRECTION('',(0.,0.,1.));
#5228 = PCURVE('',#2334,#5229);
#5229 = DEFINITIONAL_REPRESENTATION('',(#5230),#5234);
#5230 = LINE('',#5231,#5232);
#5231 = CARTESIAN_POINT('',(0.,0.));
#5232 = VECTOR('',#5233,1.);
#5233 = DIRECTION('',(1.,0.));
#5234 = ( GEOMETRIC_REPRESENTATION_CONTEXT(2) 
PARAMETRIC_REPRESENTATION_CONTEXT() REPRESENTATION_CONTEXT('2D SPACE',''
  ) );
#5235 = PCURVE('',#2360,#5236);
#5236 = DEFINITIONAL_REPRESENTATION('',(#5237),#5241);
#5237 = LINE('',#5238,#5239);
#5238 = CARTESIAN_POINT('',(0.,0.));
#5239 = VECTOR('',#5240,1.);
#5240 = DIRECTION('',(1.,0.));
#5241 = ( GEOMETRIC_REPRESENTATION_CONTEXT(2) 
PARAMETRIC_REPRESENTATION_CONTEXT() REPRESENTATION_CONTEXT('2D SPACE',''
  ) );
#5242 = ORIENTED_EDGE('',*,*,#2317,.F.);
#5243 = ADVANCED_FACE('',(#5244),#2410,.T.);
#5244 = FACE_BOUND('',#5245,.T.);
#5245 = EDGE_LOOP('',(#5246,#5247,#5268,#5289));
#5246 = ORIENTED_EDGE('',*,*,#5166,.F.);
#5247 = ORIENTED_EDGE('',*,*,#5248,.F.);
#5248 = EDGE_CURVE('',#5249,#5167,#5251,.T.);
#5249 = VERTEX_POINT('',#5250);
#5250 = CARTESIAN_POINT('',(1.5,-36.5,-359.5419007564));
#5251 = SURFACE_CURVE('',#5252,(#5256,#5262),.PCURVE_S1.);
#5252 = LINE('',#5253,#5254);
#5253 = CARTESIAN_POINT('',(1.5,-32.5,-359.5419007564));
#5254 = VECTOR('',#5255,1.);
#5255 = DIRECTION('',(0.,-1.,2.22044604925E-16));
#5256 = PCURVE('',#2410,#5257);
#5257 = DEFINITIONAL_REPRESENTATION('',(#5258),#5261);
#5258 = B_SPLINE_CURVE_WITH_KNOTS('',1,(#5259,#5260),.UNSPECIFIED.,.F.,
  .F.,(2,2),(3.7,7.3),.PIECEWISE_BEZIER_KNOTS.);
#5259 = CARTESIAN_POINT('',(2.708099243548,-3.3));
#5260 = CARTESIAN_POINT('',(2.708099243548,0.3));
#5261 = ( GEOMETRIC_REPRESENTATION_CONTEXT(2) 
PARAMETRIC_REPRESENTATION_CONTEXT() REPRESENTATION_CONTEXT('2D SPACE',''
  ) );
#5262 = PCURVE('',#5210,#5263);
#5263 = DEFINITIONAL_REPRESENTATION('',(#5264),#5267);
#5264 = B_SPLINE_CURVE_WITH_KNOTS('',1,(#5265,#5266),.UNSPECIFIED.,.F.,
  .F.,(2,2),(3.7,7.3),.PIECEWISE_BEZIER_KNOTS.);
#5265 = CARTESIAN_POINT('',(1.186399552299,3.7));
#5266 = CARTESIAN_POINT('',(1.186399552299,7.3));
#5267 = ( GEOMETRIC_REPRESENTATION_CONTEXT(2) 
PARAMETRIC_REPRESENTATION_CONTEXT() REPRESENTATION_CONTEXT('2D SPACE',''
  ) );
#5268 = ORIENTED_EDGE('',*,*,#5269,.T.);
#5269 = EDGE_CURVE('',#5249,#2372,#5270,.T.);
#5270 = SURFACE_CURVE('',#5271,(#5275,#5282),.PCURVE_S1.);
#5271 = LINE('',#5272,#5273);
#5272 = CARTESIAN_POINT('',(1.5,-36.5,-362.25));
#5273 = VECTOR('',#5274,1.);
#5274 = DIRECTION('',(0.,0.,1.));
#5275 = PCURVE('',#2410,#5276);
#5276 = DEFINITIONAL_REPRESENTATION('',(#5277),#5281);
#5277 = LINE('',#5278,#5279);
#5278 = CARTESIAN_POINT('',(0.,-3.));
#5279 = VECTOR('',#5280,1.);
#5280 = DIRECTION('',(1.,0.));
#5281 = ( GEOMETRIC_REPRESENTATION_CONTEXT(2) 
PARAMETRIC_REPRESENTATION_CONTEXT() REPRESENTATION_CONTEXT('2D SPACE',''
  ) );
#5282 = PCURVE('',#2386,#5283);
#5283 = DEFINITIONAL_REPRESENTATION('',(#5284),#5288);
#5284 = LINE('',#5285,#5286);
#5285 = CARTESIAN_POINT('',(0.,3.));
#5286 = VECTOR('',#5287,1.);
#5287 = DIRECTION('',(1.,0.));
#5288 = ( GEOMETRIC_REPRESENTATION_CONTEXT(2) 
PARAMETRIC_REPRESENTATION_CONTEXT() REPRESENTATION_CONTEXT('2D SPACE',''
  ) );
#5289 = ORIENTED_EDGE('',*,*,#2397,.F.);
#5290 = ADVANCED_FACE('',(#5291),#2360,.F.);
#5291 = FACE_BOUND('',#5292,.F.);
#5292 = EDGE_LOOP('',(#5293,#5294,#5315,#5336));
#5293 = ORIENTED_EDGE('',*,*,#5222,.F.);
#5294 = ORIENTED_EDGE('',*,*,#5295,.F.);
#5295 = EDGE_CURVE('',#5296,#5190,#5298,.T.);
#5296 = VERTEX_POINT('',#5297);
#5297 = CARTESIAN_POINT('',(-1.5,-36.5,-359.5419007564));
#5298 = SURFACE_CURVE('',#5299,(#5303,#5309),.PCURVE_S1.);
#5299 = LINE('',#5300,#5301);
#5300 = CARTESIAN_POINT('',(-1.5,-32.5,-359.5419007564));
#5301 = VECTOR('',#5302,1.);
#5302 = DIRECTION('',(0.,-1.,2.22044604925E-16));
#5303 = PCURVE('',#2360,#5304);
#5304 = DEFINITIONAL_REPRESENTATION('',(#5305),#5308);
#5305 = B_SPLINE_CURVE_WITH_KNOTS('',1,(#5306,#5307),.UNSPECIFIED.,.F.,
  .F.,(2,2),(3.7,7.3),.PIECEWISE_BEZIER_KNOTS.);
#5306 = CARTESIAN_POINT('',(2.708099243548,-3.3));
#5307 = CARTESIAN_POINT('',(2.708099243548,0.3));
#5308 = ( GEOMETRIC_REPRESENTATION_CONTEXT(2) 
PARAMETRIC_REPRESENTATION_CONTEXT() REPRESENTATION_CONTEXT('2D SPACE',''
  ) );
#5309 = PCURVE('',#5210,#5310);
#5310 = DEFINITIONAL_REPRESENTATION('',(#5311),#5314);
#5311 = B_SPLINE_CURVE_WITH_KNOTS('',1,(#5312,#5313),.UNSPECIFIED.,.F.,
  .F.,(2,2),(3.7,7.3),.PIECEWISE_BEZIER_KNOTS.);
#5312 = CARTESIAN_POINT('',(1.955193101291,3.7));
#5313 = CARTESIAN_POINT('',(1.955193101291,7.3));
#5314 = ( GEOMETRIC_REPRESENTATION_CONTEXT(2) 
PARAMETRIC_REPRESENTATION_CONTEXT() REPRESENTATION_CONTEXT('2D SPACE',''
  ) );
#5315 = ORIENTED_EDGE('',*,*,#5316,.T.);
#5316 = EDGE_CURVE('',#5296,#2346,#5317,.T.);
#5317 = SURFACE_CURVE('',#5318,(#5322,#5329),.PCURVE_S1.);
#5318 = LINE('',#5319,#5320);
#5319 = CARTESIAN_POINT('',(-1.5,-36.5,-362.25));
#5320 = VECTOR('',#5321,1.);
#5321 = DIRECTION('',(0.,0.,1.));
#5322 = PCURVE('',#2360,#5323);
#5323 = DEFINITIONAL_REPRESENTATION('',(#5324),#5328);
#5324 = LINE('',#5325,#5326);
#5325 = CARTESIAN_POINT('',(0.,-3.));
#5326 = VECTOR('',#5327,1.);
#5327 = DIRECTION('',(1.,0.));
#5328 = ( GEOMETRIC_REPRESENTATION_CONTEXT(2) 
PARAMETRIC_REPRESENTATION_CONTEXT() REPRESENTATION_CONTEXT('2D SPACE',''
  ) );
#5329 = PCURVE('',#2386,#5330);
#5330 = DEFINITIONAL_REPRESENTATION('',(#5331),#5335);
#5331 = LINE('',#5332,#5333);
#5332 = CARTESIAN_POINT('',(0.,0.));
#5333 = VECTOR('',#5334,1.);
#5334 = DIRECTION('',(1.,0.));
#5335 = ( GEOMETRIC_REPRESENTATION_CONTEXT(2) 
PARAMETRIC_REPRESENTATION_CONTEXT() REPRESENTATION_CONTEXT('2D SPACE',''
  ) );
#5336 = ORIENTED_EDGE('',*,*,#2345,.F.);
#5337 = ADVANCED_FACE('',(#5338),#2386,.T.);
#5338 = FACE_BOUND('',#5339,.T.);
#5339 = EDGE_LOOP('',(#5340,#5341,#5367,#5368));
#5340 = ORIENTED_EDGE('',*,*,#5269,.F.);
#5341 = ORIENTED_EDGE('',*,*,#5342,.T.);
#5342 = EDGE_CURVE('',#5249,#5296,#5343,.T.);
#5343 = SURFACE_CURVE('',#5344,(#5349,#5360),.PCURVE_S1.);
#5344 = CIRCLE('',#5345,4.);
#5345 = AXIS2_PLACEMENT_3D('',#5346,#5347,#5348);
#5346 = CARTESIAN_POINT('',(0.,-36.5,-363.25));
#5347 = DIRECTION('',(0.,-1.,2.22044604925E-16));
#5348 = DIRECTION('',(1.,0.,0.));
#5349 = PCURVE('',#2386,#5350);
#5350 = DEFINITIONAL_REPRESENTATION('',(#5351),#5359);
#5351 = ( BOUNDED_CURVE() B_SPLINE_CURVE(2,(#5352,#5353,#5354,#5355,
#5356,#5357,#5358),.UNSPECIFIED.,.T.,.F.) B_SPLINE_CURVE_WITH_KNOTS((1,2
    ,2,2,2,1),(-2.094395102393,0.,2.094395102393,4.188790204786,
6.28318530718,8.377580409573),.UNSPECIFIED.) CURVE() 
GEOMETRIC_REPRESENTATION_ITEM() RATIONAL_B_SPLINE_CURVE((1.,0.5,1.,0.5,
1.,0.5,1.)) REPRESENTATION_ITEM('') );
#5352 = CARTESIAN_POINT('',(-1.,5.5));
#5353 = CARTESIAN_POINT('',(5.928203230276,5.5));
#5354 = CARTESIAN_POINT('',(2.464101615138,-0.5));
#5355 = CARTESIAN_POINT('',(-1.,-6.5));
#5356 = CARTESIAN_POINT('',(-4.464101615138,-0.5));
#5357 = CARTESIAN_POINT('',(-7.928203230276,5.5));
#5358 = CARTESIAN_POINT('',(-1.,5.5));
#5359 = ( GEOMETRIC_REPRESENTATION_CONTEXT(2) 
PARAMETRIC_REPRESENTATION_CONTEXT() REPRESENTATION_CONTEXT('2D SPACE',''
  ) );
#5360 = PCURVE('',#5210,#5361);
#5361 = DEFINITIONAL_REPRESENTATION('',(#5362),#5366);
#5362 = LINE('',#5363,#5364);
#5363 = CARTESIAN_POINT('',(0.,4.));
#5364 = VECTOR('',#5365,1.);
#5365 = DIRECTION('',(1.,0.));
#5366 = ( GEOMETRIC_REPRESENTATION_CONTEXT(2) 
PARAMETRIC_REPRESENTATION_CONTEXT() REPRESENTATION_CONTEXT('2D SPACE',''
  ) );
#5367 = ORIENTED_EDGE('',*,*,#5316,.T.);
#5368 = ORIENTED_EDGE('',*,*,#2371,.F.);
#5369 = ADVANCED_FACE('',(#5370),#2440,.F.);
#5370 = FACE_BOUND('',#5371,.F.);
#5371 = EDGE_LOOP('',(#5372,#5395,#5416,#5437));
#5372 = ORIENTED_EDGE('',*,*,#5373,.F.);
#5373 = EDGE_CURVE('',#5374,#2424,#5376,.T.);
#5374 = VERTEX_POINT('',#5375);
#5375 = CARTESIAN_POINT('',(11.5,-34.,-359.5419007564));
#5376 = SURFACE_CURVE('',#5377,(#5381,#5388),.PCURVE_S1.);
#5377 = LINE('',#5378,#5379);
#5378 = CARTESIAN_POINT('',(11.5,-34.,-362.25));
#5379 = VECTOR('',#5380,1.);
#5380 = DIRECTION('',(0.,0.,1.));
#5381 = PCURVE('',#2440,#5382);
#5382 = DEFINITIONAL_REPRESENTATION('',(#5383),#5387);
#5383 = LINE('',#5384,#5385);
#5384 = CARTESIAN_POINT('',(0.,3.));
#5385 = VECTOR('',#5386,1.);
#5386 = DIRECTION('',(1.,0.));
#5387 = ( GEOMETRIC_REPRESENTATION_CONTEXT(2) 
PARAMETRIC_REPRESENTATION_CONTEXT() REPRESENTATION_CONTEXT('2D SPACE',''
  ) );
#5388 = PCURVE('',#2516,#5389);
#5389 = DEFINITIONAL_REPRESENTATION('',(#5390),#5394);
#5390 = LINE('',#5391,#5392);
#5391 = CARTESIAN_POINT('',(0.,0.));
#5392 = VECTOR('',#5393,1.);
#5393 = DIRECTION('',(1.,0.));
#5394 = ( GEOMETRIC_REPRESENTATION_CONTEXT(2) 
PARAMETRIC_REPRESENTATION_CONTEXT() REPRESENTATION_CONTEXT('2D SPACE',''
  ) );
#5395 = ORIENTED_EDGE('',*,*,#5396,.F.);
#5396 = EDGE_CURVE('',#5397,#5374,#5399,.T.);
#5397 = VERTEX_POINT('',#5398);
#5398 = CARTESIAN_POINT('',(8.5,-34.,-359.5419007564));
#5399 = SURFACE_CURVE('',#5400,(#5404,#5410),.PCURVE_S1.);
#5400 = LINE('',#5401,#5402);
#5401 = CARTESIAN_POINT('',(-32.5,-34.,-359.5419007564));
#5402 = VECTOR('',#5403,1.);
#5403 = DIRECTION('',(1.,0.,2.22044604925E-16));
#5404 = PCURVE('',#2440,#5405);
#5405 = DEFINITIONAL_REPRESENTATION('',(#5406),#5409);
#5406 = B_SPLINE_CURVE_WITH_KNOTS('',1,(#5407,#5408),.UNSPECIFIED.,.F.,
  .F.,(2,2),(40.7,44.3),.PIECEWISE_BEZIER_KNOTS.);
#5407 = CARTESIAN_POINT('',(2.708099243548,-0.3));
#5408 = CARTESIAN_POINT('',(2.708099243548,3.3));
#5409 = ( GEOMETRIC_REPRESENTATION_CONTEXT(2) 
PARAMETRIC_REPRESENTATION_CONTEXT() REPRESENTATION_CONTEXT('2D SPACE',''
  ) );
#5410 = PCURVE('',#5005,#5411);
#5411 = DEFINITIONAL_REPRESENTATION('',(#5412),#5415);
#5412 = B_SPLINE_CURVE_WITH_KNOTS('',1,(#5413,#5414),.UNSPECIFIED.,.F.,
  .F.,(2,2),(40.7,44.3),.PIECEWISE_BEZIER_KNOTS.);
#5413 = CARTESIAN_POINT('',(3.525989428085,40.7));
#5414 = CARTESIAN_POINT('',(3.525989428085,44.3));
#5415 = ( GEOMETRIC_REPRESENTATION_CONTEXT(2) 
PARAMETRIC_REPRESENTATION_CONTEXT() REPRESENTATION_CONTEXT('2D SPACE',''
  ) );
#5416 = ORIENTED_EDGE('',*,*,#5417,.T.);
#5417 = EDGE_CURVE('',#5397,#2426,#5418,.T.);
#5418 = SURFACE_CURVE('',#5419,(#5423,#5430),.PCURVE_S1.);
#5419 = LINE('',#5420,#5421);
#5420 = CARTESIAN_POINT('',(8.5,-34.,-362.25));
#5421 = VECTOR('',#5422,1.);
#5422 = DIRECTION('',(0.,0.,1.));
#5423 = PCURVE('',#2440,#5424);
#5424 = DEFINITIONAL_REPRESENTATION('',(#5425),#5429);
#5425 = LINE('',#5426,#5427);
#5426 = CARTESIAN_POINT('',(0.,0.));
#5427 = VECTOR('',#5428,1.);
#5428 = DIRECTION('',(1.,0.));
#5429 = ( GEOMETRIC_REPRESENTATION_CONTEXT(2) 
PARAMETRIC_REPRESENTATION_CONTEXT() REPRESENTATION_CONTEXT('2D SPACE',''
  ) );
#5430 = PCURVE('',#2466,#5431);
#5431 = DEFINITIONAL_REPRESENTATION('',(#5432),#5436);
#5432 = LINE('',#5433,#5434);
#5433 = CARTESIAN_POINT('',(0.,0.));
#5434 = VECTOR('',#5435,1.);
#5435 = DIRECTION('',(1.,0.));
#5436 = ( GEOMETRIC_REPRESENTATION_CONTEXT(2) 
PARAMETRIC_REPRESENTATION_CONTEXT() REPRESENTATION_CONTEXT('2D SPACE',''
  ) );
#5437 = ORIENTED_EDGE('',*,*,#2423,.F.);
#5438 = ADVANCED_FACE('',(#5439),#2516,.T.);
#5439 = FACE_BOUND('',#5440,.T.);
#5440 = EDGE_LOOP('',(#5441,#5442,#5466,#5487));
#5441 = ORIENTED_EDGE('',*,*,#5373,.F.);
#5442 = ORIENTED_EDGE('',*,*,#5443,.F.);
#5443 = EDGE_CURVE('',#5444,#5374,#5446,.T.);
#5444 = VERTEX_POINT('',#5445);
#5445 = CARTESIAN_POINT('',(11.5,-31.,-359.5419007564));
#5446 = SURFACE_CURVE('',#5447,(#5452,#5459),.PCURVE_S1.);
#5447 = CIRCLE('',#5448,4.);
#5448 = AXIS2_PLACEMENT_3D('',#5449,#5450,#5451);
#5449 = CARTESIAN_POINT('',(11.5,-32.5,-363.25));
#5450 = DIRECTION('',(1.,0.,2.22044604925E-16));
#5451 = DIRECTION('',(2.22044604925E-16,0.,-1.));
#5452 = PCURVE('',#2516,#5453);
#5453 = DEFINITIONAL_REPRESENTATION('',(#5454),#5458);
#5454 = CIRCLE('',#5455,4.);
#5455 = AXIS2_PLACEMENT_2D('',#5456,#5457);
#5456 = CARTESIAN_POINT('',(-1.,-1.5));
#5457 = DIRECTION('',(-1.,0.));
#5458 = ( GEOMETRIC_REPRESENTATION_CONTEXT(2) 
PARAMETRIC_REPRESENTATION_CONTEXT() REPRESENTATION_CONTEXT('2D SPACE',''
  ) );
#5459 = PCURVE('',#5005,#5460);
#5460 = DEFINITIONAL_REPRESENTATION('',(#5461),#5465);
#5461 = LINE('',#5462,#5463);
#5462 = CARTESIAN_POINT('',(0.,44.));
#5463 = VECTOR('',#5464,1.);
#5464 = DIRECTION('',(1.,0.));
#5465 = ( GEOMETRIC_REPRESENTATION_CONTEXT(2) 
PARAMETRIC_REPRESENTATION_CONTEXT() REPRESENTATION_CONTEXT('2D SPACE',''
  ) );
#5466 = ORIENTED_EDGE('',*,*,#5467,.T.);
#5467 = EDGE_CURVE('',#5444,#2478,#5468,.T.);
#5468 = SURFACE_CURVE('',#5469,(#5473,#5480),.PCURVE_S1.);
#5469 = LINE('',#5470,#5471);
#5470 = CARTESIAN_POINT('',(11.5,-31.,-362.25));
#5471 = VECTOR('',#5472,1.);
#5472 = DIRECTION('',(0.,0.,1.));
#5473 = PCURVE('',#2516,#5474);
#5474 = DEFINITIONAL_REPRESENTATION('',(#5475),#5479);
#5475 = LINE('',#5476,#5477);
#5476 = CARTESIAN_POINT('',(0.,-3.));
#5477 = VECTOR('',#5478,1.);
#5478 = DIRECTION('',(1.,0.));
#5479 = ( GEOMETRIC_REPRESENTATION_CONTEXT(2) 
PARAMETRIC_REPRESENTATION_CONTEXT() REPRESENTATION_CONTEXT('2D SPACE',''
  ) );
#5480 = PCURVE('',#2492,#5481);
#5481 = DEFINITIONAL_REPRESENTATION('',(#5482),#5486);
#5482 = LINE('',#5483,#5484);
#5483 = CARTESIAN_POINT('',(0.,3.));
#5484 = VECTOR('',#5485,1.);
#5485 = DIRECTION('',(1.,0.));
#5486 = ( GEOMETRIC_REPRESENTATION_CONTEXT(2) 
PARAMETRIC_REPRESENTATION_CONTEXT() REPRESENTATION_CONTEXT('2D SPACE',''
  ) );
#5487 = ORIENTED_EDGE('',*,*,#2503,.F.);
#5488 = ADVANCED_FACE('',(#5489),#2466,.F.);
#5489 = FACE_BOUND('',#5490,.F.);
#5490 = EDGE_LOOP('',(#5491,#5492,#5516,#5537));
#5491 = ORIENTED_EDGE('',*,*,#5417,.F.);
#5492 = ORIENTED_EDGE('',*,*,#5493,.F.);
#5493 = EDGE_CURVE('',#5494,#5397,#5496,.T.);
#5494 = VERTEX_POINT('',#5495);
#5495 = CARTESIAN_POINT('',(8.5,-31.,-359.5419007564));
#5496 = SURFACE_CURVE('',#5497,(#5502,#5509),.PCURVE_S1.);
#5497 = CIRCLE('',#5498,4.);
#5498 = AXIS2_PLACEMENT_3D('',#5499,#5500,#5501);
#5499 = CARTESIAN_POINT('',(8.5,-32.5,-363.25));
#5500 = DIRECTION('',(1.,0.,2.22044604925E-16));
#5501 = DIRECTION('',(2.22044604925E-16,0.,-1.));
#5502 = PCURVE('',#2466,#5503);
#5503 = DEFINITIONAL_REPRESENTATION('',(#5504),#5508);
#5504 = CIRCLE('',#5505,4.);
#5505 = AXIS2_PLACEMENT_2D('',#5506,#5507);
#5506 = CARTESIAN_POINT('',(-1.,-1.5));
#5507 = DIRECTION('',(-1.,0.));
#5508 = ( GEOMETRIC_REPRESENTATION_CONTEXT(2) 
PARAMETRIC_REPRESENTATION_CONTEXT() REPRESENTATION_CONTEXT('2D SPACE',''
  ) );
#5509 = PCURVE('',#5005,#5510);
#5510 = DEFINITIONAL_REPRESENTATION('',(#5511),#5515);
#5511 = LINE('',#5512,#5513);
#5512 = CARTESIAN_POINT('',(0.,41.));
#5513 = VECTOR('',#5514,1.);
#5514 = DIRECTION('',(1.,0.));
#5515 = ( GEOMETRIC_REPRESENTATION_CONTEXT(2) 
PARAMETRIC_REPRESENTATION_CONTEXT() REPRESENTATION_CONTEXT('2D SPACE',''
  ) );
#5516 = ORIENTED_EDGE('',*,*,#5517,.T.);
#5517 = EDGE_CURVE('',#5494,#2452,#5518,.T.);
#5518 = SURFACE_CURVE('',#5519,(#5523,#5530),.PCURVE_S1.);
#5519 = LINE('',#5520,#5521);
#5520 = CARTESIAN_POINT('',(8.5,-31.,-362.25));
#5521 = VECTOR('',#5522,1.);
#5522 = DIRECTION('',(0.,0.,1.));
#5523 = PCURVE('',#2466,#5524);
#5524 = DEFINITIONAL_REPRESENTATION('',(#5525),#5529);
#5525 = LINE('',#5526,#5527);
#5526 = CARTESIAN_POINT('',(0.,-3.));
#5527 = VECTOR('',#5528,1.);
#5528 = DIRECTION('',(1.,0.));
#5529 = ( GEOMETRIC_REPRESENTATION_CONTEXT(2) 
PARAMETRIC_REPRESENTATION_CONTEXT() REPRESENTATION_CONTEXT('2D SPACE',''
  ) );
#5530 = PCURVE('',#2492,#5531);
#5531 = DEFINITIONAL_REPRESENTATION('',(#5532),#5536);
#5532 = LINE('',#5533,#5534);
#5533 = CARTESIAN_POINT('',(0.,0.));
#5534 = VECTOR('',#5535,1.);
#5535 = DIRECTION('',(1.,0.));
#5536 = ( GEOMETRIC_REPRESENTATION_CONTEXT(2) 
PARAMETRIC_REPRESENTATION_CONTEXT() REPRESENTATION_CONTEXT('2D SPACE',''
  ) );
#5537 = ORIENTED_EDGE('',*,*,#2451,.F.);
#5538 = ADVANCED_FACE('',(#5539),#2492,.T.);
#5539 = FACE_BOUND('',#5540,.T.);
#5540 = EDGE_LOOP('',(#5541,#5542,#5561,#5562));
#5541 = ORIENTED_EDGE('',*,*,#5467,.F.);
#5542 = ORIENTED_EDGE('',*,*,#5543,.F.);
#5543 = EDGE_CURVE('',#5494,#5444,#5544,.T.);
#5544 = SURFACE_CURVE('',#5545,(#5549,#5555),.PCURVE_S1.);
#5545 = LINE('',#5546,#5547);
#5546 = CARTESIAN_POINT('',(-32.5,-31.,-359.5419007564));
#5547 = VECTOR('',#5548,1.);
#5548 = DIRECTION('',(1.,0.,2.22044604925E-16));
#5549 = PCURVE('',#2492,#5550);
#5550 = DEFINITIONAL_REPRESENTATION('',(#5551),#5554);
#5551 = B_SPLINE_CURVE_WITH_KNOTS('',1,(#5552,#5553),.UNSPECIFIED.,.F.,
  .F.,(2,2),(40.7,44.3),.PIECEWISE_BEZIER_KNOTS.);
#5552 = CARTESIAN_POINT('',(2.708099243548,-0.3));
#5553 = CARTESIAN_POINT('',(2.708099243548,3.3));
#5554 = ( GEOMETRIC_REPRESENTATION_CONTEXT(2) 
PARAMETRIC_REPRESENTATION_CONTEXT() REPRESENTATION_CONTEXT('2D SPACE',''
  ) );
#5555 = PCURVE('',#5005,#5556);
#5556 = DEFINITIONAL_REPRESENTATION('',(#5557),#5560);
#5557 = B_SPLINE_CURVE_WITH_KNOTS('',1,(#5558,#5559),.UNSPECIFIED.,.F.,
  .F.,(2,2),(40.7,44.3),.PIECEWISE_BEZIER_KNOTS.);
#5558 = CARTESIAN_POINT('',(2.757195879094,40.7));
#5559 = CARTESIAN_POINT('',(2.757195879094,44.3));
#5560 = ( GEOMETRIC_REPRESENTATION_CONTEXT(2) 
PARAMETRIC_REPRESENTATION_CONTEXT() REPRESENTATION_CONTEXT('2D SPACE',''
  ) );
#5561 = ORIENTED_EDGE('',*,*,#5517,.T.);
#5562 = ORIENTED_EDGE('',*,*,#2477,.F.);
#5563 = ADVANCED_FACE('',(#5564),#2640,.F.);
#5564 = FACE_BOUND('',#5565,.F.);
#5565 = EDGE_LOOP('',(#5566,#5595,#5616,#5617));
#5566 = ORIENTED_EDGE('',*,*,#5567,.F.);
#5567 = EDGE_CURVE('',#5568,#5568,#5570,.T.);
#5568 = VERTEX_POINT('',#5569);
#5569 = CARTESIAN_POINT('',(1.7,-13.,-352.65));
#5570 = SURFACE_CURVE('',#5571,(#5576,#5583),.PCURVE_S1.);
#5571 = CIRCLE('',#5572,1.7);
#5572 = AXIS2_PLACEMENT_3D('',#5573,#5574,#5575);
#5573 = CARTESIAN_POINT('',(0.,-13.,-352.65));
#5574 = DIRECTION('',(0.,0.,1.));
#5575 = DIRECTION('',(1.,0.,-0.));
#5576 = PCURVE('',#2640,#5577);
#5577 = DEFINITIONAL_REPRESENTATION('',(#5578),#5582);
#5578 = LINE('',#5579,#5580);
#5579 = CARTESIAN_POINT('',(0.,3.6));
#5580 = VECTOR('',#5581,1.);
#5581 = DIRECTION('',(1.,0.));
#5582 = ( GEOMETRIC_REPRESENTATION_CONTEXT(2) 
PARAMETRIC_REPRESENTATION_CONTEXT() REPRESENTATION_CONTEXT('2D SPACE',''
  ) );
#5583 = PCURVE('',#5584,#5589);
#5584 = CONICAL_SURFACE('',#5585,1.7,0.785398163397);
#5585 = AXIS2_PLACEMENT_3D('',#5586,#5587,#5588);
#5586 = CARTESIAN_POINT('',(0.,-13.,-352.65));
#5587 = DIRECTION('',(0.,0.,1.));
#5588 = DIRECTION('',(1.,0.,-0.));
#5589 = DEFINITIONAL_REPRESENTATION('',(#5590),#5594);
#5590 = LINE('',#5591,#5592);
#5591 = CARTESIAN_POINT('',(0.,0.));
#5592 = VECTOR('',#5593,1.);
#5593 = DIRECTION('',(1.,0.));
#5594 = ( GEOMETRIC_REPRESENTATION_CONTEXT(2) 
PARAMETRIC_REPRESENTATION_CONTEXT() REPRESENTATION_CONTEXT('2D SPACE',''
  ) );
#5595 = ORIENTED_EDGE('',*,*,#5596,.F.);
#5596 = EDGE_CURVE('',#2624,#5568,#5597,.T.);
#5597 = SEAM_CURVE('',#5598,(#5602,#5609),.PCURVE_S1.);
#5598 = LINE('',#5599,#5600);
#5599 = CARTESIAN_POINT('',(1.7,-13.,-356.25));
#5600 = VECTOR('',#5601,1.);
#5601 = DIRECTION('',(0.,0.,1.));
#5602 = PCURVE('',#2640,#5603);
#5603 = DEFINITIONAL_REPRESENTATION('',(#5604),#5608);
#5604 = LINE('',#5605,#5606);
#5605 = CARTESIAN_POINT('',(6.28318530718,-0.));
#5606 = VECTOR('',#5607,1.);
#5607 = DIRECTION('',(0.,1.));
#5608 = ( GEOMETRIC_REPRESENTATION_CONTEXT(2) 
PARAMETRIC_REPRESENTATION_CONTEXT() REPRESENTATION_CONTEXT('2D SPACE',''
  ) );
#5609 = PCURVE('',#2640,#5610);
#5610 = DEFINITIONAL_REPRESENTATION('',(#5611),#5615);
#5611 = LINE('',#5612,#5613);
#5612 = CARTESIAN_POINT('',(0.,-0.));
#5613 = VECTOR('',#5614,1.);
#5614 = DIRECTION('',(0.,1.));
#5615 = ( GEOMETRIC_REPRESENTATION_CONTEXT(2) 
PARAMETRIC_REPRESENTATION_CONTEXT() REPRESENTATION_CONTEXT('2D SPACE',''
  ) );
#5616 = ORIENTED_EDGE('',*,*,#2623,.T.);
#5617 = ORIENTED_EDGE('',*,*,#5596,.T.);
#5618 = ADVANCED_FACE('',(#5619),#2743,.T.);
#5619 = FACE_BOUND('',#5620,.T.);
#5620 = EDGE_LOOP('',(#5621,#5622,#5645,#5674,#5700,#5729,#5752,#5781,
    #5809,#5838,#5864,#5893,#5919,#5948,#5974,#6003,#6029,#6058,#6084,
    #6113,#6139,#6168,#6196,#6218,#6219,#6243,#6269,#6291,#6292,#6293,
    #6315,#6316));
#5621 = ORIENTED_EDGE('',*,*,#2847,.F.);
#5622 = ORIENTED_EDGE('',*,*,#5623,.F.);
#5623 = EDGE_CURVE('',#5624,#2848,#5626,.T.);
#5624 = VERTEX_POINT('',#5625);
#5625 = CARTESIAN_POINT('',(45.,-3.184081677783E-15,-398.));
#5626 = SEAM_CURVE('',#5627,(#5631,#5638),.PCURVE_S1.);
#5627 = LINE('',#5628,#5629);
#5628 = CARTESIAN_POINT('',(45.,-3.184081677783E-15,-405.25));
#5629 = VECTOR('',#5630,1.);
#5630 = DIRECTION('',(0.,0.,1.));
#5631 = PCURVE('',#2743,#5632);
#5632 = DEFINITIONAL_REPRESENTATION('',(#5633),#5637);
#5633 = LINE('',#5634,#5635);
#5634 = CARTESIAN_POINT('',(6.28318530718,-0.));
#5635 = VECTOR('',#5636,1.);
#5636 = DIRECTION('',(0.,1.));
#5637 = ( GEOMETRIC_REPRESENTATION_CONTEXT(2) 
PARAMETRIC_REPRESENTATION_CONTEXT() REPRESENTATION_CONTEXT('2D SPACE',''
  ) );
#5638 = PCURVE('',#2743,#5639);
#5639 = DEFINITIONAL_REPRESENTATION('',(#5640),#5644);
#5640 = LINE('',#5641,#5642);
#5641 = CARTESIAN_POINT('',(0.,-0.));
#5642 = VECTOR('',#5643,1.);
#5643 = DIRECTION('',(0.,1.));
#5644 = ( GEOMETRIC_REPRESENTATION_CONTEXT(2) 
PARAMETRIC_REPRESENTATION_CONTEXT() REPRESENTATION_CONTEXT('2D SPACE',''
  ) );
#5645 = ORIENTED_EDGE('',*,*,#5646,.T.);
#5646 = EDGE_CURVE('',#5624,#5647,#5649,.T.);
#5647 = VERTEX_POINT('',#5648);
#5648 = CARTESIAN_POINT('',(44.369316876853,4.,-398.));
#5649 = SURFACE_CURVE('',#5650,(#5655,#5662),.PCURVE_S1.);
#5650 = CIRCLE('',#5651,13.);
#5651 = AXIS2_PLACEMENT_3D('',#5652,#5653,#5654);
#5652 = CARTESIAN_POINT('',(32.,0.,-398.));
#5653 = DIRECTION('',(0.,0.,1.));
#5654 = DIRECTION('',(1.,0.,-0.));
#5655 = PCURVE('',#2743,#5656);
#5656 = DEFINITIONAL_REPRESENTATION('',(#5657),#5661);
#5657 = LINE('',#5658,#5659);
#5658 = CARTESIAN_POINT('',(0.,7.25));
#5659 = VECTOR('',#5660,1.);
#5660 = DIRECTION('',(1.,0.));
#5661 = ( GEOMETRIC_REPRESENTATION_CONTEXT(2) 
PARAMETRIC_REPRESENTATION_CONTEXT() REPRESENTATION_CONTEXT('2D SPACE',''
  ) );
#5662 = PCURVE('',#5663,#5668);
#5663 = PLANE('',#5664);
#5664 = AXIS2_PLACEMENT_3D('',#5665,#5666,#5667);
#5665 = CARTESIAN_POINT('',(43.,-4.,-398.));
#5666 = DIRECTION('',(0.,0.,1.));
#5667 = DIRECTION('',(1.,0.,-0.));
#5668 = DEFINITIONAL_REPRESENTATION('',(#5669),#5673);
#5669 = CIRCLE('',#5670,13.);
#5670 = AXIS2_PLACEMENT_2D('',#5671,#5672);
#5671 = CARTESIAN_POINT('',(-11.,4.));
#5672 = DIRECTION('',(1.,0.));
#5673 = ( GEOMETRIC_REPRESENTATION_CONTEXT(2) 
PARAMETRIC_REPRESENTATION_CONTEXT() REPRESENTATION_CONTEXT('2D SPACE',''
  ) );
#5674 = ORIENTED_EDGE('',*,*,#5675,.F.);
#5675 = EDGE_CURVE('',#5676,#5647,#5678,.T.);
#5676 = VERTEX_POINT('',#5677);
#5677 = CARTESIAN_POINT('',(44.369316876853,4.,-404.));
#5678 = SURFACE_CURVE('',#5679,(#5683,#5689),.PCURVE_S1.);
#5679 = LINE('',#5680,#5681);
#5680 = CARTESIAN_POINT('',(44.369316876853,4.,-405.25));
#5681 = VECTOR('',#5682,1.);
#5682 = DIRECTION('',(0.,0.,1.));
#5683 = PCURVE('',#2743,#5684);
#5684 = DEFINITIONAL_REPRESENTATION('',(#5685),#5688);
#5685 = B_SPLINE_CURVE_WITH_KNOTS('',1,(#5686,#5687),.UNSPECIFIED.,.F.,
  .F.,(2,2),(0.65,7.85),.PIECEWISE_BEZIER_KNOTS.);
#5686 = CARTESIAN_POINT('',(0.312766721942,0.65));
#5687 = CARTESIAN_POINT('',(0.312766721942,7.85));
#5688 = ( GEOMETRIC_REPRESENTATION_CONTEXT(2) 
PARAMETRIC_REPRESENTATION_CONTEXT() REPRESENTATION_CONTEXT('2D SPACE',''
  ) );
#5689 = PCURVE('',#5690,#5695);
#5690 = PLANE('',#5691);
#5691 = AXIS2_PLACEMENT_3D('',#5692,#5693,#5694);
#5692 = CARTESIAN_POINT('',(43.,4.,-404.));
#5693 = DIRECTION('',(-0.,1.,0.));
#5694 = DIRECTION('',(0.,0.,1.));
#5695 = DEFINITIONAL_REPRESENTATION('',(#5696),#5699);
#5696 = B_SPLINE_CURVE_WITH_KNOTS('',1,(#5697,#5698),.UNSPECIFIED.,.F.,
  .F.,(2,2),(0.65,7.85),.PIECEWISE_BEZIER_KNOTS.);
#5697 = CARTESIAN_POINT('',(-0.6,1.369316876853));
#5698 = CARTESIAN_POINT('',(6.6,1.369316876853));
#5699 = ( GEOMETRIC_REPRESENTATION_CONTEXT(2) 
PARAMETRIC_REPRESENTATION_CONTEXT() REPRESENTATION_CONTEXT('2D SPACE',''
  ) );
#5700 = ORIENTED_EDGE('',*,*,#5701,.F.);
#5701 = EDGE_CURVE('',#5702,#5676,#5704,.T.);
#5702 = VERTEX_POINT('',#5703);
#5703 = CARTESIAN_POINT('',(45.,-3.184081677783E-15,-404.));
#5704 = SURFACE_CURVE('',#5705,(#5710,#5717),.PCURVE_S1.);
#5705 = CIRCLE('',#5706,13.);
#5706 = AXIS2_PLACEMENT_3D('',#5707,#5708,#5709);
#5707 = CARTESIAN_POINT('',(32.,0.,-404.));
#5708 = DIRECTION('',(0.,0.,1.));
#5709 = DIRECTION('',(1.,0.,-0.));
#5710 = PCURVE('',#2743,#5711);
#5711 = DEFINITIONAL_REPRESENTATION('',(#5712),#5716);
#5712 = LINE('',#5713,#5714);
#5713 = CARTESIAN_POINT('',(0.,1.25));
#5714 = VECTOR('',#5715,1.);
#5715 = DIRECTION('',(1.,0.));
#5716 = ( GEOMETRIC_REPRESENTATION_CONTEXT(2) 
PARAMETRIC_REPRESENTATION_CONTEXT() REPRESENTATION_CONTEXT('2D SPACE',''
  ) );
#5717 = PCURVE('',#5718,#5723);
#5718 = PLANE('',#5719);
#5719 = AXIS2_PLACEMENT_3D('',#5720,#5721,#5722);
#5720 = CARTESIAN_POINT('',(43.,-4.,-404.));
#5721 = DIRECTION('',(0.,0.,1.));
#5722 = DIRECTION('',(1.,0.,-0.));
#5723 = DEFINITIONAL_REPRESENTATION('',(#5724),#5728);
#5724 = CIRCLE('',#5725,13.);
#5725 = AXIS2_PLACEMENT_2D('',#5726,#5727);
#5726 = CARTESIAN_POINT('',(-11.,4.));
#5727 = DIRECTION('',(1.,0.));
#5728 = ( GEOMETRIC_REPRESENTATION_CONTEXT(2) 
PARAMETRIC_REPRESENTATION_CONTEXT() REPRESENTATION_CONTEXT('2D SPACE',''
  ) );
#5729 = ORIENTED_EDGE('',*,*,#5730,.F.);
#5730 = EDGE_CURVE('',#5731,#5702,#5733,.T.);
#5731 = VERTEX_POINT('',#5732);
#5732 = CARTESIAN_POINT('',(45.,-3.184081677783E-15,-405.25));
#5733 = SEAM_CURVE('',#5734,(#5738,#5745),.PCURVE_S1.);
#5734 = LINE('',#5735,#5736);
#5735 = CARTESIAN_POINT('',(45.,-3.184081677783E-15,-405.25));
#5736 = VECTOR('',#5737,1.);
#5737 = DIRECTION('',(0.,0.,1.));
#5738 = PCURVE('',#2743,#5739);
#5739 = DEFINITIONAL_REPRESENTATION('',(#5740),#5744);
#5740 = LINE('',#5741,#5742);
#5741 = CARTESIAN_POINT('',(6.28318530718,-0.));
#5742 = VECTOR('',#5743,1.);
#5743 = DIRECTION('',(0.,1.));
#5744 = ( GEOMETRIC_REPRESENTATION_CONTEXT(2) 
PARAMETRIC_REPRESENTATION_CONTEXT() REPRESENTATION_CONTEXT('2D SPACE',''
  ) );
#5745 = PCURVE('',#2743,#5746);
#5746 = DEFINITIONAL_REPRESENTATION('',(#5747),#5751);
#5747 = LINE('',#5748,#5749);
#5748 = CARTESIAN_POINT('',(0.,-0.));
#5749 = VECTOR('',#5750,1.);
#5750 = DIRECTION('',(0.,1.));
#5751 = ( GEOMETRIC_REPRESENTATION_CONTEXT(2) 
PARAMETRIC_REPRESENTATION_CONTEXT() REPRESENTATION_CONTEXT('2D SPACE',''
  ) );
#5752 = ORIENTED_EDGE('',*,*,#5753,.T.);
#5753 = EDGE_CURVE('',#5731,#5754,#5756,.T.);
#5754 = VERTEX_POINT('',#5755);
#5755 = CARTESIAN_POINT('',(38.928203230276,11.,-405.25));
#5756 = SURFACE_CURVE('',#5757,(#5762,#5769),.PCURVE_S1.);
#5757 = CIRCLE('',#5758,13.);
#5758 = AXIS2_PLACEMENT_3D('',#5759,#5760,#5761);
#5759 = CARTESIAN_POINT('',(32.,0.,-405.25));
#5760 = DIRECTION('',(0.,0.,1.));
#5761 = DIRECTION('',(1.,0.,-0.));
#5762 = PCURVE('',#2743,#5763);
#5763 = DEFINITIONAL_REPRESENTATION('',(#5764),#5768);
#5764 = LINE('',#5765,#5766);
#5765 = CARTESIAN_POINT('',(0.,0.));
#5766 = VECTOR('',#5767,1.);
#5767 = DIRECTION('',(1.,0.));
#5768 = ( GEOMETRIC_REPRESENTATION_CONTEXT(2) 
PARAMETRIC_REPRESENTATION_CONTEXT() REPRESENTATION_CONTEXT('2D SPACE',''
  ) );
#5769 = PCURVE('',#5770,#5775);
#5770 = PLANE('',#5771);
#5771 = AXIS2_PLACEMENT_3D('',#5772,#5773,#5774);
#5772 = CARTESIAN_POINT('',(32.,0.,-405.25));
#5773 = DIRECTION('',(0.,0.,1.));
#5774 = DIRECTION('',(1.,0.,-0.));
#5775 = DEFINITIONAL_REPRESENTATION('',(#5776),#5780);
#5776 = CIRCLE('',#5777,13.);
#5777 = AXIS2_PLACEMENT_2D('',#5778,#5779);
#5778 = CARTESIAN_POINT('',(0.,0.));
#5779 = DIRECTION('',(1.,0.));
#5780 = ( GEOMETRIC_REPRESENTATION_CONTEXT(2) 
PARAMETRIC_REPRESENTATION_CONTEXT() REPRESENTATION_CONTEXT('2D SPACE',''
  ) );
#5781 = ORIENTED_EDGE('',*,*,#5782,.T.);
#5782 = EDGE_CURVE('',#5754,#5783,#5785,.T.);
#5783 = VERTEX_POINT('',#5784);
#5784 = CARTESIAN_POINT('',(38.928203230276,11.,-380.75));
#5785 = SURFACE_CURVE('',#5786,(#5790,#5797),.PCURVE_S1.);
#5786 = LINE('',#5787,#5788);
#5787 = CARTESIAN_POINT('',(38.928203230276,11.,-405.25));
#5788 = VECTOR('',#5789,1.);
#5789 = DIRECTION('',(0.,-7.250436079185E-17,1.));
#5790 = PCURVE('',#2743,#5791);
#5791 = DEFINITIONAL_REPRESENTATION('',(#5792),#5796);
#5792 = LINE('',#5793,#5794);
#5793 = CARTESIAN_POINT('',(1.008726523789,0.));
#5794 = VECTOR('',#5795,1.);
#5795 = DIRECTION('',(0.,1.));
#5796 = ( GEOMETRIC_REPRESENTATION_CONTEXT(2) 
PARAMETRIC_REPRESENTATION_CONTEXT() REPRESENTATION_CONTEXT('2D SPACE',''
  ) );
#5797 = PCURVE('',#5798,#5803);
#5798 = PLANE('',#5799);
#5799 = AXIS2_PLACEMENT_3D('',#5800,#5801,#5802);
#5800 = CARTESIAN_POINT('',(29.,11.,-385.75));
#5801 = DIRECTION('',(-0.,1.,0.));
#5802 = DIRECTION('',(0.,0.,1.));
#5803 = DEFINITIONAL_REPRESENTATION('',(#5804),#5808);
#5804 = LINE('',#5805,#5806);
#5805 = CARTESIAN_POINT('',(-19.5,9.928203230276));
#5806 = VECTOR('',#5807,1.);
#5807 = DIRECTION('',(1.,0.));
#5808 = ( GEOMETRIC_REPRESENTATION_CONTEXT(2) 
PARAMETRIC_REPRESENTATION_CONTEXT() REPRESENTATION_CONTEXT('2D SPACE',''
  ) );
#5809 = ORIENTED_EDGE('',*,*,#5810,.T.);
#5810 = EDGE_CURVE('',#5783,#5811,#5813,.T.);
#5811 = VERTEX_POINT('',#5812);
#5812 = CARTESIAN_POINT('',(29.,12.649110640674,-380.75));
#5813 = SURFACE_CURVE('',#5814,(#5819,#5826),.PCURVE_S1.);
#5814 = CIRCLE('',#5815,13.);
#5815 = AXIS2_PLACEMENT_3D('',#5816,#5817,#5818);
#5816 = CARTESIAN_POINT('',(32.,0.,-380.75));
#5817 = DIRECTION('',(0.,0.,1.));
#5818 = DIRECTION('',(1.,0.,-0.));
#5819 = PCURVE('',#2743,#5820);
#5820 = DEFINITIONAL_REPRESENTATION('',(#5821),#5825);
#5821 = LINE('',#5822,#5823);
#5822 = CARTESIAN_POINT('',(0.,24.5));
#5823 = VECTOR('',#5824,1.);
#5824 = DIRECTION('',(1.,0.));
#5825 = ( GEOMETRIC_REPRESENTATION_CONTEXT(2) 
PARAMETRIC_REPRESENTATION_CONTEXT() REPRESENTATION_CONTEXT('2D SPACE',''
  ) );
#5826 = PCURVE('',#5827,#5832);
#5827 = PLANE('',#5828);
#5828 = AXIS2_PLACEMENT_3D('',#5829,#5830,#5831);
#5829 = CARTESIAN_POINT('',(29.,11.,-380.75));
#5830 = DIRECTION('',(0.,0.,1.));
#5831 = DIRECTION('',(1.,0.,-0.));
#5832 = DEFINITIONAL_REPRESENTATION('',(#5833),#5837);
#5833 = CIRCLE('',#5834,13.);
#5834 = AXIS2_PLACEMENT_2D('',#5835,#5836);
#5835 = CARTESIAN_POINT('',(3.,-11.));
#5836 = DIRECTION('',(1.,0.));
#5837 = ( GEOMETRIC_REPRESENTATION_CONTEXT(2) 
PARAMETRIC_REPRESENTATION_CONTEXT() REPRESENTATION_CONTEXT('2D SPACE',''
  ) );
#5838 = ORIENTED_EDGE('',*,*,#5839,.F.);
#5839 = EDGE_CURVE('',#5840,#5811,#5842,.T.);
#5840 = VERTEX_POINT('',#5841);
#5841 = CARTESIAN_POINT('',(29.,12.649110640674,-385.75));
#5842 = SURFACE_CURVE('',#5843,(#5847,#5853),.PCURVE_S1.);
#5843 = LINE('',#5844,#5845);
#5844 = CARTESIAN_POINT('',(29.,12.649110640674,-405.25));
#5845 = VECTOR('',#5846,1.);
#5846 = DIRECTION('',(0.,0.,1.));
#5847 = PCURVE('',#2743,#5848);
#5848 = DEFINITIONAL_REPRESENTATION('',(#5849),#5852);
#5849 = B_SPLINE_CURVE_WITH_KNOTS('',1,(#5850,#5851),.UNSPECIFIED.,.F.,
  .F.,(2,2),(19.,25.),.PIECEWISE_BEZIER_KNOTS.);
#5850 = CARTESIAN_POINT('',(1.803664505053,19.));
#5851 = CARTESIAN_POINT('',(1.803664505053,25.));
#5852 = ( GEOMETRIC_REPRESENTATION_CONTEXT(2) 
PARAMETRIC_REPRESENTATION_CONTEXT() REPRESENTATION_CONTEXT('2D SPACE',''
  ) );
#5853 = PCURVE('',#5854,#5859);
#5854 = PLANE('',#5855);
#5855 = AXIS2_PLACEMENT_3D('',#5856,#5857,#5858);
#5856 = CARTESIAN_POINT('',(29.,11.,-385.75));
#5857 = DIRECTION('',(1.,0.,-0.));
#5858 = DIRECTION('',(0.,0.,1.));
#5859 = DEFINITIONAL_REPRESENTATION('',(#5860),#5863);
#5860 = B_SPLINE_CURVE_WITH_KNOTS('',1,(#5861,#5862),.UNSPECIFIED.,.F.,
  .F.,(2,2),(19.,25.),.PIECEWISE_BEZIER_KNOTS.);
#5861 = CARTESIAN_POINT('',(-0.5,-1.649110640674));
#5862 = CARTESIAN_POINT('',(5.5,-1.649110640674));
#5863 = ( GEOMETRIC_REPRESENTATION_CONTEXT(2) 
PARAMETRIC_REPRESENTATION_CONTEXT() REPRESENTATION_CONTEXT('2D SPACE',''
  ) );
#5864 = ORIENTED_EDGE('',*,*,#5865,.T.);
#5865 = EDGE_CURVE('',#5840,#5866,#5868,.T.);
#5866 = VERTEX_POINT('',#5867);
#5867 = CARTESIAN_POINT('',(25.071796769724,11.,-385.75));
#5868 = SURFACE_CURVE('',#5869,(#5874,#5881),.PCURVE_S1.);
#5869 = CIRCLE('',#5870,13.);
#5870 = AXIS2_PLACEMENT_3D('',#5871,#5872,#5873);
#5871 = CARTESIAN_POINT('',(32.,0.,-385.75));
#5872 = DIRECTION('',(0.,0.,1.));
#5873 = DIRECTION('',(1.,0.,-0.));
#5874 = PCURVE('',#2743,#5875);
#5875 = DEFINITIONAL_REPRESENTATION('',(#5876),#5880);
#5876 = LINE('',#5877,#5878);
#5877 = CARTESIAN_POINT('',(0.,19.5));
#5878 = VECTOR('',#5879,1.);
#5879 = DIRECTION('',(1.,0.));
#5880 = ( GEOMETRIC_REPRESENTATION_CONTEXT(2) 
PARAMETRIC_REPRESENTATION_CONTEXT() REPRESENTATION_CONTEXT('2D SPACE',''
  ) );
#5881 = PCURVE('',#5882,#5887);
#5882 = PLANE('',#5883);
#5883 = AXIS2_PLACEMENT_3D('',#5884,#5885,#5886);
#5884 = CARTESIAN_POINT('',(22.,11.,-385.75));
#5885 = DIRECTION('',(0.,0.,1.));
#5886 = DIRECTION('',(1.,0.,-0.));
#5887 = DEFINITIONAL_REPRESENTATION('',(#5888),#5892);
#5888 = CIRCLE('',#5889,13.);
#5889 = AXIS2_PLACEMENT_2D('',#5890,#5891);
#5890 = CARTESIAN_POINT('',(10.,-11.));
#5891 = DIRECTION('',(1.,0.));
#5892 = ( GEOMETRIC_REPRESENTATION_CONTEXT(2) 
PARAMETRIC_REPRESENTATION_CONTEXT() REPRESENTATION_CONTEXT('2D SPACE',''
  ) );
#5893 = ORIENTED_EDGE('',*,*,#5894,.F.);
#5894 = EDGE_CURVE('',#5895,#5866,#5897,.T.);
#5895 = VERTEX_POINT('',#5896);
#5896 = CARTESIAN_POINT('',(25.071796769724,11.,-404.75));
#5897 = SURFACE_CURVE('',#5898,(#5902,#5908),.PCURVE_S1.);
#5898 = LINE('',#5899,#5900);
#5899 = CARTESIAN_POINT('',(25.071796769724,11.,-405.25));
#5900 = VECTOR('',#5901,1.);
#5901 = DIRECTION('',(0.,0.,1.));
#5902 = PCURVE('',#2743,#5903);
#5903 = DEFINITIONAL_REPRESENTATION('',(#5904),#5907);
#5904 = B_SPLINE_CURVE_WITH_KNOTS('',1,(#5905,#5906),.UNSPECIFIED.,.F.,
  .F.,(2,2),(-2.400000028047E-06,21.4),.PIECEWISE_BEZIER_KNOTS.);
#5905 = CARTESIAN_POINT('',(2.132866129801,-2.400000028047E-06));
#5906 = CARTESIAN_POINT('',(2.132866129801,21.4));
#5907 = ( GEOMETRIC_REPRESENTATION_CONTEXT(2) 
PARAMETRIC_REPRESENTATION_CONTEXT() REPRESENTATION_CONTEXT('2D SPACE',''
  ) );
#5908 = PCURVE('',#5909,#5914);
#5909 = PLANE('',#5910);
#5910 = AXIS2_PLACEMENT_3D('',#5911,#5912,#5913);
#5911 = CARTESIAN_POINT('',(22.,11.,-404.75));
#5912 = DIRECTION('',(-0.,1.,0.));
#5913 = DIRECTION('',(0.,0.,1.));
#5914 = DEFINITIONAL_REPRESENTATION('',(#5915),#5918);
#5915 = B_SPLINE_CURVE_WITH_KNOTS('',1,(#5916,#5917),.UNSPECIFIED.,.F.,
  .F.,(2,2),(-2.400000028047E-06,21.4),.PIECEWISE_BEZIER_KNOTS.);
#5916 = CARTESIAN_POINT('',(-0.5000024,3.071796769724));
#5917 = CARTESIAN_POINT('',(20.9,3.071796769724));
#5918 = ( GEOMETRIC_REPRESENTATION_CONTEXT(2) 
PARAMETRIC_REPRESENTATION_CONTEXT() REPRESENTATION_CONTEXT('2D SPACE',''
  ) );
#5919 = ORIENTED_EDGE('',*,*,#5920,.F.);
#5920 = EDGE_CURVE('',#5921,#5895,#5923,.T.);
#5921 = VERTEX_POINT('',#5922);
#5922 = CARTESIAN_POINT('',(29.,12.649110640674,-404.75));
#5923 = SURFACE_CURVE('',#5924,(#5929,#5936),.PCURVE_S1.);
#5924 = CIRCLE('',#5925,13.);
#5925 = AXIS2_PLACEMENT_3D('',#5926,#5927,#5928);
#5926 = CARTESIAN_POINT('',(32.,0.,-404.75));
#5927 = DIRECTION('',(0.,0.,1.));
#5928 = DIRECTION('',(1.,0.,-0.));
#5929 = PCURVE('',#2743,#5930);
#5930 = DEFINITIONAL_REPRESENTATION('',(#5931),#5935);
#5931 = LINE('',#5932,#5933);
#5932 = CARTESIAN_POINT('',(0.,0.5));
#5933 = VECTOR('',#5934,1.);
#5934 = DIRECTION('',(1.,0.));
#5935 = ( GEOMETRIC_REPRESENTATION_CONTEXT(2) 
PARAMETRIC_REPRESENTATION_CONTEXT() REPRESENTATION_CONTEXT('2D SPACE',''
  ) );
#5936 = PCURVE('',#5937,#5942);
#5937 = PLANE('',#5938);
#5938 = AXIS2_PLACEMENT_3D('',#5939,#5940,#5941);
#5939 = CARTESIAN_POINT('',(22.,11.,-404.75));
#5940 = DIRECTION('',(0.,0.,1.));
#5941 = DIRECTION('',(1.,0.,-0.));
#5942 = DEFINITIONAL_REPRESENTATION('',(#5943),#5947);
#5943 = CIRCLE('',#5944,13.);
#5944 = AXIS2_PLACEMENT_2D('',#5945,#5946);
#5945 = CARTESIAN_POINT('',(10.,-11.));
#5946 = DIRECTION('',(1.,0.));
#5947 = ( GEOMETRIC_REPRESENTATION_CONTEXT(2) 
PARAMETRIC_REPRESENTATION_CONTEXT() REPRESENTATION_CONTEXT('2D SPACE',''
  ) );
#5948 = ORIENTED_EDGE('',*,*,#5949,.F.);
#5949 = EDGE_CURVE('',#5950,#5921,#5952,.T.);
#5950 = VERTEX_POINT('',#5951);
#5951 = CARTESIAN_POINT('',(29.,12.649110640674,-405.25));
#5952 = SURFACE_CURVE('',#5953,(#5957,#5963),.PCURVE_S1.);
#5953 = LINE('',#5954,#5955);
#5954 = CARTESIAN_POINT('',(29.,12.649110640674,-405.25));
#5955 = VECTOR('',#5956,1.);
#5956 = DIRECTION('',(0.,0.,1.));
#5957 = PCURVE('',#2743,#5958);
#5958 = DEFINITIONAL_REPRESENTATION('',(#5959),#5962);
#5959 = B_SPLINE_CURVE_WITH_KNOTS('',1,(#5960,#5961),.UNSPECIFIED.,.F.,
  .F.,(2,2),(-2.400000028047E-06,1.),.PIECEWISE_BEZIER_KNOTS.);
#5960 = CARTESIAN_POINT('',(1.803664505053,-2.400000028047E-06));
#5961 = CARTESIAN_POINT('',(1.803664505053,1.));
#5962 = ( GEOMETRIC_REPRESENTATION_CONTEXT(2) 
PARAMETRIC_REPRESENTATION_CONTEXT() REPRESENTATION_CONTEXT('2D SPACE',''
  ) );
#5963 = PCURVE('',#5964,#5969);
#5964 = PLANE('',#5965);
#5965 = AXIS2_PLACEMENT_3D('',#5966,#5967,#5968);
#5966 = CARTESIAN_POINT('',(29.,11.,-409.75));
#5967 = DIRECTION('',(1.,0.,-0.));
#5968 = DIRECTION('',(0.,0.,1.));
#5969 = DEFINITIONAL_REPRESENTATION('',(#5970),#5973);
#5970 = B_SPLINE_CURVE_WITH_KNOTS('',1,(#5971,#5972),.UNSPECIFIED.,.F.,
  .F.,(2,2),(-2.400000028047E-06,1.),.PIECEWISE_BEZIER_KNOTS.);
#5971 = CARTESIAN_POINT('',(4.4999976,-1.649110640674));
#5972 = CARTESIAN_POINT('',(5.5,-1.649110640674));
#5973 = ( GEOMETRIC_REPRESENTATION_CONTEXT(2) 
PARAMETRIC_REPRESENTATION_CONTEXT() REPRESENTATION_CONTEXT('2D SPACE',''
  ) );
#5974 = ORIENTED_EDGE('',*,*,#5975,.T.);
#5975 = EDGE_CURVE('',#5950,#5976,#5978,.T.);
#5976 = VERTEX_POINT('',#5977);
#5977 = CARTESIAN_POINT('',(29.,-12.64911064067,-405.25));
#5978 = SURFACE_CURVE('',#5979,(#5984,#5991),.PCURVE_S1.);
#5979 = CIRCLE('',#5980,13.);
#5980 = AXIS2_PLACEMENT_3D('',#5981,#5982,#5983);
#5981 = CARTESIAN_POINT('',(32.,0.,-405.25));
#5982 = DIRECTION('',(0.,0.,1.));
#5983 = DIRECTION('',(1.,0.,-0.));
#5984 = PCURVE('',#2743,#5985);
#5985 = DEFINITIONAL_REPRESENTATION('',(#5986),#5990);
#5986 = LINE('',#5987,#5988);
#5987 = CARTESIAN_POINT('',(0.,0.));
#5988 = VECTOR('',#5989,1.);
#5989 = DIRECTION('',(1.,0.));
#5990 = ( GEOMETRIC_REPRESENTATION_CONTEXT(2) 
PARAMETRIC_REPRESENTATION_CONTEXT() REPRESENTATION_CONTEXT('2D SPACE',''
  ) );
#5991 = PCURVE('',#5992,#5997);
#5992 = PLANE('',#5993);
#5993 = AXIS2_PLACEMENT_3D('',#5994,#5995,#5996);
#5994 = CARTESIAN_POINT('',(32.,0.,-405.25));
#5995 = DIRECTION('',(0.,0.,1.));
#5996 = DIRECTION('',(1.,0.,-0.));
#5997 = DEFINITIONAL_REPRESENTATION('',(#5998),#6002);
#5998 = CIRCLE('',#5999,13.);
#5999 = AXIS2_PLACEMENT_2D('',#6000,#6001);
#6000 = CARTESIAN_POINT('',(0.,0.));
#6001 = DIRECTION('',(1.,0.));
#6002 = ( GEOMETRIC_REPRESENTATION_CONTEXT(2) 
PARAMETRIC_REPRESENTATION_CONTEXT() REPRESENTATION_CONTEXT('2D SPACE',''
  ) );
#6003 = ORIENTED_EDGE('',*,*,#6004,.T.);
#6004 = EDGE_CURVE('',#5976,#6005,#6007,.T.);
#6005 = VERTEX_POINT('',#6006);
#6006 = CARTESIAN_POINT('',(29.,-12.64911064067,-404.75));
#6007 = SURFACE_CURVE('',#6008,(#6012,#6018),.PCURVE_S1.);
#6008 = LINE('',#6009,#6010);
#6009 = CARTESIAN_POINT('',(29.,-12.64911064067,-405.25));
#6010 = VECTOR('',#6011,1.);
#6011 = DIRECTION('',(0.,0.,1.));
#6012 = PCURVE('',#2743,#6013);
#6013 = DEFINITIONAL_REPRESENTATION('',(#6014),#6017);
#6014 = B_SPLINE_CURVE_WITH_KNOTS('',1,(#6015,#6016),.UNSPECIFIED.,.F.,
  .F.,(2,2),(-2.400000028047E-06,1.),.PIECEWISE_BEZIER_KNOTS.);
#6015 = CARTESIAN_POINT('',(4.479520802127,-2.400000028047E-06));
#6016 = CARTESIAN_POINT('',(4.479520802127,1.));
#6017 = ( GEOMETRIC_REPRESENTATION_CONTEXT(2) 
PARAMETRIC_REPRESENTATION_CONTEXT() REPRESENTATION_CONTEXT('2D SPACE',''
  ) );
#6018 = PCURVE('',#6019,#6024);
#6019 = PLANE('',#6020);
#6020 = AXIS2_PLACEMENT_3D('',#6021,#6022,#6023);
#6021 = CARTESIAN_POINT('',(29.,-30.5,-409.75));
#6022 = DIRECTION('',(1.,0.,-0.));
#6023 = DIRECTION('',(0.,0.,1.));
#6024 = DEFINITIONAL_REPRESENTATION('',(#6025),#6028);
#6025 = B_SPLINE_CURVE_WITH_KNOTS('',1,(#6026,#6027),.UNSPECIFIED.,.F.,
  .F.,(2,2),(-2.400000028047E-06,1.),.PIECEWISE_BEZIER_KNOTS.);
#6026 = CARTESIAN_POINT('',(4.4999976,-17.85088935932));
#6027 = CARTESIAN_POINT('',(5.5,-17.85088935932));
#6028 = ( GEOMETRIC_REPRESENTATION_CONTEXT(2) 
PARAMETRIC_REPRESENTATION_CONTEXT() REPRESENTATION_CONTEXT('2D SPACE',''
  ) );
#6029 = ORIENTED_EDGE('',*,*,#6030,.F.);
#6030 = EDGE_CURVE('',#6031,#6005,#6033,.T.);
#6031 = VERTEX_POINT('',#6032);
#6032 = CARTESIAN_POINT('',(25.071796769724,-11.,-404.75));
#6033 = SURFACE_CURVE('',#6034,(#6039,#6046),.PCURVE_S1.);
#6034 = CIRCLE('',#6035,13.);
#6035 = AXIS2_PLACEMENT_3D('',#6036,#6037,#6038);
#6036 = CARTESIAN_POINT('',(32.,0.,-404.75));
#6037 = DIRECTION('',(0.,0.,1.));
#6038 = DIRECTION('',(1.,0.,-0.));
#6039 = PCURVE('',#2743,#6040);
#6040 = DEFINITIONAL_REPRESENTATION('',(#6041),#6045);
#6041 = LINE('',#6042,#6043);
#6042 = CARTESIAN_POINT('',(0.,0.5));
#6043 = VECTOR('',#6044,1.);
#6044 = DIRECTION('',(1.,0.));
#6045 = ( GEOMETRIC_REPRESENTATION_CONTEXT(2) 
PARAMETRIC_REPRESENTATION_CONTEXT() REPRESENTATION_CONTEXT('2D SPACE',''
  ) );
#6046 = PCURVE('',#6047,#6052);
#6047 = PLANE('',#6048);
#6048 = AXIS2_PLACEMENT_3D('',#6049,#6050,#6051);
#6049 = CARTESIAN_POINT('',(22.,-30.5,-404.75));
#6050 = DIRECTION('',(0.,0.,1.));
#6051 = DIRECTION('',(1.,0.,-0.));
#6052 = DEFINITIONAL_REPRESENTATION('',(#6053),#6057);
#6053 = CIRCLE('',#6054,13.);
#6054 = AXIS2_PLACEMENT_2D('',#6055,#6056);
#6055 = CARTESIAN_POINT('',(10.,30.5));
#6056 = DIRECTION('',(1.,0.));
#6057 = ( GEOMETRIC_REPRESENTATION_CONTEXT(2) 
PARAMETRIC_REPRESENTATION_CONTEXT() REPRESENTATION_CONTEXT('2D SPACE',''
  ) );
#6058 = ORIENTED_EDGE('',*,*,#6059,.T.);
#6059 = EDGE_CURVE('',#6031,#6060,#6062,.T.);
#6060 = VERTEX_POINT('',#6061);
#6061 = CARTESIAN_POINT('',(25.071796769724,-11.,-385.75));
#6062 = SURFACE_CURVE('',#6063,(#6067,#6073),.PCURVE_S1.);
#6063 = LINE('',#6064,#6065);
#6064 = CARTESIAN_POINT('',(25.071796769724,-11.,-405.25));
#6065 = VECTOR('',#6066,1.);
#6066 = DIRECTION('',(0.,0.,1.));
#6067 = PCURVE('',#2743,#6068);
#6068 = DEFINITIONAL_REPRESENTATION('',(#6069),#6072);
#6069 = B_SPLINE_CURVE_WITH_KNOTS('',1,(#6070,#6071),.UNSPECIFIED.,.F.,
  .F.,(2,2),(-2.400000028047E-06,21.4),.PIECEWISE_BEZIER_KNOTS.);
#6070 = CARTESIAN_POINT('',(4.150319177379,-2.400000028047E-06));
#6071 = CARTESIAN_POINT('',(4.150319177379,21.4));
#6072 = ( GEOMETRIC_REPRESENTATION_CONTEXT(2) 
PARAMETRIC_REPRESENTATION_CONTEXT() REPRESENTATION_CONTEXT('2D SPACE',''
  ) );
#6073 = PCURVE('',#6074,#6079);
#6074 = PLANE('',#6075);
#6075 = AXIS2_PLACEMENT_3D('',#6076,#6077,#6078);
#6076 = CARTESIAN_POINT('',(22.,-11.,-404.75));
#6077 = DIRECTION('',(-0.,1.,0.));
#6078 = DIRECTION('',(0.,0.,1.));
#6079 = DEFINITIONAL_REPRESENTATION('',(#6080),#6083);
#6080 = B_SPLINE_CURVE_WITH_KNOTS('',1,(#6081,#6082),.UNSPECIFIED.,.F.,
  .F.,(2,2),(-2.400000028047E-06,21.4),.PIECEWISE_BEZIER_KNOTS.);
#6081 = CARTESIAN_POINT('',(-0.5000024,3.071796769724));
#6082 = CARTESIAN_POINT('',(20.9,3.071796769724));
#6083 = ( GEOMETRIC_REPRESENTATION_CONTEXT(2) 
PARAMETRIC_REPRESENTATION_CONTEXT() REPRESENTATION_CONTEXT('2D SPACE',''
  ) );
#6084 = ORIENTED_EDGE('',*,*,#6085,.T.);
#6085 = EDGE_CURVE('',#6060,#6086,#6088,.T.);
#6086 = VERTEX_POINT('',#6087);
#6087 = CARTESIAN_POINT('',(29.,-12.64911064067,-385.75));
#6088 = SURFACE_CURVE('',#6089,(#6094,#6101),.PCURVE_S1.);
#6089 = CIRCLE('',#6090,13.);
#6090 = AXIS2_PLACEMENT_3D('',#6091,#6092,#6093);
#6091 = CARTESIAN_POINT('',(32.,0.,-385.75));
#6092 = DIRECTION('',(0.,0.,1.));
#6093 = DIRECTION('',(1.,0.,-0.));
#6094 = PCURVE('',#2743,#6095);
#6095 = DEFINITIONAL_REPRESENTATION('',(#6096),#6100);
#6096 = LINE('',#6097,#6098);
#6097 = CARTESIAN_POINT('',(0.,19.5));
#6098 = VECTOR('',#6099,1.);
#6099 = DIRECTION('',(1.,0.));
#6100 = ( GEOMETRIC_REPRESENTATION_CONTEXT(2) 
PARAMETRIC_REPRESENTATION_CONTEXT() REPRESENTATION_CONTEXT('2D SPACE',''
  ) );
#6101 = PCURVE('',#6102,#6107);
#6102 = PLANE('',#6103);
#6103 = AXIS2_PLACEMENT_3D('',#6104,#6105,#6106);
#6104 = CARTESIAN_POINT('',(22.,-30.5,-385.75));
#6105 = DIRECTION('',(0.,0.,1.));
#6106 = DIRECTION('',(1.,0.,-0.));
#6107 = DEFINITIONAL_REPRESENTATION('',(#6108),#6112);
#6108 = CIRCLE('',#6109,13.);
#6109 = AXIS2_PLACEMENT_2D('',#6110,#6111);
#6110 = CARTESIAN_POINT('',(10.,30.5));
#6111 = DIRECTION('',(1.,0.));
#6112 = ( GEOMETRIC_REPRESENTATION_CONTEXT(2) 
PARAMETRIC_REPRESENTATION_CONTEXT() REPRESENTATION_CONTEXT('2D SPACE',''
  ) );
#6113 = ORIENTED_EDGE('',*,*,#6114,.T.);
#6114 = EDGE_CURVE('',#6086,#6115,#6117,.T.);
#6115 = VERTEX_POINT('',#6116);
#6116 = CARTESIAN_POINT('',(29.,-12.64911064067,-380.75));
#6117 = SURFACE_CURVE('',#6118,(#6122,#6128),.PCURVE_S1.);
#6118 = LINE('',#6119,#6120);
#6119 = CARTESIAN_POINT('',(29.,-12.64911064067,-405.25));
#6120 = VECTOR('',#6121,1.);
#6121 = DIRECTION('',(0.,0.,1.));
#6122 = PCURVE('',#2743,#6123);
#6123 = DEFINITIONAL_REPRESENTATION('',(#6124),#6127);
#6124 = B_SPLINE_CURVE_WITH_KNOTS('',1,(#6125,#6126),.UNSPECIFIED.,.F.,
  .F.,(2,2),(19.,25.),.PIECEWISE_BEZIER_KNOTS.);
#6125 = CARTESIAN_POINT('',(4.479520802127,19.));
#6126 = CARTESIAN_POINT('',(4.479520802127,25.));
#6127 = ( GEOMETRIC_REPRESENTATION_CONTEXT(2) 
PARAMETRIC_REPRESENTATION_CONTEXT() REPRESENTATION_CONTEXT('2D SPACE',''
  ) );
#6128 = PCURVE('',#6129,#6134);
#6129 = PLANE('',#6130);
#6130 = AXIS2_PLACEMENT_3D('',#6131,#6132,#6133);
#6131 = CARTESIAN_POINT('',(29.,-30.5,-385.75));
#6132 = DIRECTION('',(1.,0.,-0.));
#6133 = DIRECTION('',(0.,0.,1.));
#6134 = DEFINITIONAL_REPRESENTATION('',(#6135),#6138);
#6135 = B_SPLINE_CURVE_WITH_KNOTS('',1,(#6136,#6137),.UNSPECIFIED.,.F.,
  .F.,(2,2),(19.,25.),.PIECEWISE_BEZIER_KNOTS.);
#6136 = CARTESIAN_POINT('',(-0.5,-17.85088935932));
#6137 = CARTESIAN_POINT('',(5.5,-17.85088935932));
#6138 = ( GEOMETRIC_REPRESENTATION_CONTEXT(2) 
PARAMETRIC_REPRESENTATION_CONTEXT() REPRESENTATION_CONTEXT('2D SPACE',''
  ) );
#6139 = ORIENTED_EDGE('',*,*,#6140,.T.);
#6140 = EDGE_CURVE('',#6115,#6141,#6143,.T.);
#6141 = VERTEX_POINT('',#6142);
#6142 = CARTESIAN_POINT('',(38.928203230276,-11.,-380.75));
#6143 = SURFACE_CURVE('',#6144,(#6149,#6156),.PCURVE_S1.);
#6144 = CIRCLE('',#6145,13.);
#6145 = AXIS2_PLACEMENT_3D('',#6146,#6147,#6148);
#6146 = CARTESIAN_POINT('',(32.,0.,-380.75));
#6147 = DIRECTION('',(0.,0.,1.));
#6148 = DIRECTION('',(1.,0.,-0.));
#6149 = PCURVE('',#2743,#6150);
#6150 = DEFINITIONAL_REPRESENTATION('',(#6151),#6155);
#6151 = LINE('',#6152,#6153);
#6152 = CARTESIAN_POINT('',(0.,24.5));
#6153 = VECTOR('',#6154,1.);
#6154 = DIRECTION('',(1.,0.));
#6155 = ( GEOMETRIC_REPRESENTATION_CONTEXT(2) 
PARAMETRIC_REPRESENTATION_CONTEXT() REPRESENTATION_CONTEXT('2D SPACE',''
  ) );
#6156 = PCURVE('',#6157,#6162);
#6157 = PLANE('',#6158);
#6158 = AXIS2_PLACEMENT_3D('',#6159,#6160,#6161);
#6159 = CARTESIAN_POINT('',(29.,-30.5,-380.75));
#6160 = DIRECTION('',(0.,0.,1.));
#6161 = DIRECTION('',(1.,0.,-0.));
#6162 = DEFINITIONAL_REPRESENTATION('',(#6163),#6167);
#6163 = CIRCLE('',#6164,13.);
#6164 = AXIS2_PLACEMENT_2D('',#6165,#6166);
#6165 = CARTESIAN_POINT('',(3.,30.5));
#6166 = DIRECTION('',(1.,0.));
#6167 = ( GEOMETRIC_REPRESENTATION_CONTEXT(2) 
PARAMETRIC_REPRESENTATION_CONTEXT() REPRESENTATION_CONTEXT('2D SPACE',''
  ) );
#6168 = ORIENTED_EDGE('',*,*,#6169,.T.);
#6169 = EDGE_CURVE('',#6141,#6170,#6172,.T.);
#6170 = VERTEX_POINT('',#6171);
#6171 = CARTESIAN_POINT('',(38.928203230276,-11.,-405.25));
#6172 = SURFACE_CURVE('',#6173,(#6177,#6184),.PCURVE_S1.);
#6173 = LINE('',#6174,#6175);
#6174 = CARTESIAN_POINT('',(38.928203230276,-11.,-380.75));
#6175 = VECTOR('',#6176,1.);
#6176 = DIRECTION('',(2.900174431674E-16,0.,-1.));
#6177 = PCURVE('',#2743,#6178);
#6178 = DEFINITIONAL_REPRESENTATION('',(#6179),#6183);
#6179 = LINE('',#6180,#6181);
#6180 = CARTESIAN_POINT('',(5.27445878339,24.5));
#6181 = VECTOR('',#6182,1.);
#6182 = DIRECTION('',(-0.,-1.));
#6183 = ( GEOMETRIC_REPRESENTATION_CONTEXT(2) 
PARAMETRIC_REPRESENTATION_CONTEXT() REPRESENTATION_CONTEXT('2D SPACE',''
  ) );
#6184 = PCURVE('',#6185,#6190);
#6185 = PLANE('',#6186);
#6186 = AXIS2_PLACEMENT_3D('',#6187,#6188,#6189);
#6187 = CARTESIAN_POINT('',(29.,-11.,-409.75));
#6188 = DIRECTION('',(-0.,1.,0.));
#6189 = DIRECTION('',(0.,0.,1.));
#6190 = DEFINITIONAL_REPRESENTATION('',(#6191),#6195);
#6191 = LINE('',#6192,#6193);
#6192 = CARTESIAN_POINT('',(29.,9.928203230276));
#6193 = VECTOR('',#6194,1.);
#6194 = DIRECTION('',(-1.,2.900174431674E-16));
#6195 = ( GEOMETRIC_REPRESENTATION_CONTEXT(2) 
PARAMETRIC_REPRESENTATION_CONTEXT() REPRESENTATION_CONTEXT('2D SPACE',''
  ) );
#6196 = ORIENTED_EDGE('',*,*,#6197,.T.);
#6197 = EDGE_CURVE('',#6170,#5731,#6198,.T.);
#6198 = SURFACE_CURVE('',#6199,(#6204,#6211),.PCURVE_S1.);
#6199 = CIRCLE('',#6200,13.);
#6200 = AXIS2_PLACEMENT_3D('',#6201,#6202,#6203);
#6201 = CARTESIAN_POINT('',(32.,0.,-405.25));
#6202 = DIRECTION('',(0.,0.,1.));
#6203 = DIRECTION('',(1.,0.,-0.));
#6204 = PCURVE('',#2743,#6205);
#6205 = DEFINITIONAL_REPRESENTATION('',(#6206),#6210);
#6206 = LINE('',#6207,#6208);
#6207 = CARTESIAN_POINT('',(0.,0.));
#6208 = VECTOR('',#6209,1.);
#6209 = DIRECTION('',(1.,0.));
#6210 = ( GEOMETRIC_REPRESENTATION_CONTEXT(2) 
PARAMETRIC_REPRESENTATION_CONTEXT() REPRESENTATION_CONTEXT('2D SPACE',''
  ) );
#6211 = PCURVE('',#5770,#6212);
#6212 = DEFINITIONAL_REPRESENTATION('',(#6213),#6217);
#6213 = CIRCLE('',#6214,13.);
#6214 = AXIS2_PLACEMENT_2D('',#6215,#6216);
#6215 = CARTESIAN_POINT('',(0.,0.));
#6216 = DIRECTION('',(1.,0.));
#6217 = ( GEOMETRIC_REPRESENTATION_CONTEXT(2) 
PARAMETRIC_REPRESENTATION_CONTEXT() REPRESENTATION_CONTEXT('2D SPACE',''
  ) );
#6218 = ORIENTED_EDGE('',*,*,#5730,.T.);
#6219 = ORIENTED_EDGE('',*,*,#6220,.F.);
#6220 = EDGE_CURVE('',#6221,#5702,#6223,.T.);
#6221 = VERTEX_POINT('',#6222);
#6222 = CARTESIAN_POINT('',(44.369316876853,-4.,-404.));
#6223 = SURFACE_CURVE('',#6224,(#6229,#6236),.PCURVE_S1.);
#6224 = CIRCLE('',#6225,13.);
#6225 = AXIS2_PLACEMENT_3D('',#6226,#6227,#6228);
#6226 = CARTESIAN_POINT('',(32.,0.,-404.));
#6227 = DIRECTION('',(0.,0.,1.));
#6228 = DIRECTION('',(1.,0.,-0.));
#6229 = PCURVE('',#2743,#6230);
#6230 = DEFINITIONAL_REPRESENTATION('',(#6231),#6235);
#6231 = LINE('',#6232,#6233);
#6232 = CARTESIAN_POINT('',(0.,1.25));
#6233 = VECTOR('',#6234,1.);
#6234 = DIRECTION('',(1.,0.));
#6235 = ( GEOMETRIC_REPRESENTATION_CONTEXT(2) 
PARAMETRIC_REPRESENTATION_CONTEXT() REPRESENTATION_CONTEXT('2D SPACE',''
  ) );
#6236 = PCURVE('',#5718,#6237);
#6237 = DEFINITIONAL_REPRESENTATION('',(#6238),#6242);
#6238 = CIRCLE('',#6239,13.);
#6239 = AXIS2_PLACEMENT_2D('',#6240,#6241);
#6240 = CARTESIAN_POINT('',(-11.,4.));
#6241 = DIRECTION('',(1.,0.));
#6242 = ( GEOMETRIC_REPRESENTATION_CONTEXT(2) 
PARAMETRIC_REPRESENTATION_CONTEXT() REPRESENTATION_CONTEXT('2D SPACE',''
  ) );
#6243 = ORIENTED_EDGE('',*,*,#6244,.T.);
#6244 = EDGE_CURVE('',#6221,#6245,#6247,.T.);
#6245 = VERTEX_POINT('',#6246);
#6246 = CARTESIAN_POINT('',(44.369316876853,-4.,-398.));
#6247 = SURFACE_CURVE('',#6248,(#6252,#6258),.PCURVE_S1.);
#6248 = LINE('',#6249,#6250);
#6249 = CARTESIAN_POINT('',(44.369316876853,-4.,-405.25));
#6250 = VECTOR('',#6251,1.);
#6251 = DIRECTION('',(0.,0.,1.));
#6252 = PCURVE('',#2743,#6253);
#6253 = DEFINITIONAL_REPRESENTATION('',(#6254),#6257);
#6254 = B_SPLINE_CURVE_WITH_KNOTS('',1,(#6255,#6256),.UNSPECIFIED.,.F.,
  .F.,(2,2),(0.65,7.85),.PIECEWISE_BEZIER_KNOTS.);
#6255 = CARTESIAN_POINT('',(5.970418585238,0.65));
#6256 = CARTESIAN_POINT('',(5.970418585238,7.85));
#6257 = ( GEOMETRIC_REPRESENTATION_CONTEXT(2) 
PARAMETRIC_REPRESENTATION_CONTEXT() REPRESENTATION_CONTEXT('2D SPACE',''
  ) );
#6258 = PCURVE('',#6259,#6264);
#6259 = PLANE('',#6260);
#6260 = AXIS2_PLACEMENT_3D('',#6261,#6262,#6263);
#6261 = CARTESIAN_POINT('',(43.,-4.,-404.));
#6262 = DIRECTION('',(-0.,1.,0.));
#6263 = DIRECTION('',(0.,0.,1.));
#6264 = DEFINITIONAL_REPRESENTATION('',(#6265),#6268);
#6265 = B_SPLINE_CURVE_WITH_KNOTS('',1,(#6266,#6267),.UNSPECIFIED.,.F.,
  .F.,(2,2),(0.65,7.85),.PIECEWISE_BEZIER_KNOTS.);
#6266 = CARTESIAN_POINT('',(-0.6,1.369316876853));
#6267 = CARTESIAN_POINT('',(6.6,1.369316876853));
#6268 = ( GEOMETRIC_REPRESENTATION_CONTEXT(2) 
PARAMETRIC_REPRESENTATION_CONTEXT() REPRESENTATION_CONTEXT('2D SPACE',''
  ) );
#6269 = ORIENTED_EDGE('',*,*,#6270,.T.);
#6270 = EDGE_CURVE('',#6245,#5624,#6271,.T.);
#6271 = SURFACE_CURVE('',#6272,(#6277,#6284),.PCURVE_S1.);
#6272 = CIRCLE('',#6273,13.);
#6273 = AXIS2_PLACEMENT_3D('',#6274,#6275,#6276);
#6274 = CARTESIAN_POINT('',(32.,0.,-398.));
#6275 = DIRECTION('',(0.,0.,1.));
#6276 = DIRECTION('',(1.,0.,-0.));
#6277 = PCURVE('',#2743,#6278);
#6278 = DEFINITIONAL_REPRESENTATION('',(#6279),#6283);
#6279 = LINE('',#6280,#6281);
#6280 = CARTESIAN_POINT('',(0.,7.25));
#6281 = VECTOR('',#6282,1.);
#6282 = DIRECTION('',(1.,0.));
#6283 = ( GEOMETRIC_REPRESENTATION_CONTEXT(2) 
PARAMETRIC_REPRESENTATION_CONTEXT() REPRESENTATION_CONTEXT('2D SPACE',''
  ) );
#6284 = PCURVE('',#5663,#6285);
#6285 = DEFINITIONAL_REPRESENTATION('',(#6286),#6290);
#6286 = CIRCLE('',#6287,13.);
#6287 = AXIS2_PLACEMENT_2D('',#6288,#6289);
#6288 = CARTESIAN_POINT('',(-11.,4.));
#6289 = DIRECTION('',(1.,0.));
#6290 = ( GEOMETRIC_REPRESENTATION_CONTEXT(2) 
PARAMETRIC_REPRESENTATION_CONTEXT() REPRESENTATION_CONTEXT('2D SPACE',''
  ) );
#6291 = ORIENTED_EDGE('',*,*,#5623,.T.);
#6292 = ORIENTED_EDGE('',*,*,#2871,.F.);
#6293 = ORIENTED_EDGE('',*,*,#6294,.F.);
#6294 = EDGE_CURVE('',#2703,#2872,#6295,.T.);
#6295 = SURFACE_CURVE('',#6296,(#6301,#6308),.PCURVE_S1.);
#6296 = CIRCLE('',#6297,13.);
#6297 = AXIS2_PLACEMENT_3D('',#6298,#6299,#6300);
#6298 = CARTESIAN_POINT('',(32.,0.,-355.25));
#6299 = DIRECTION('',(0.,0.,1.));
#6300 = DIRECTION('',(1.,0.,-0.));
#6301 = PCURVE('',#2743,#6302);
#6302 = DEFINITIONAL_REPRESENTATION('',(#6303),#6307);
#6303 = LINE('',#6304,#6305);
#6304 = CARTESIAN_POINT('',(0.,50.));
#6305 = VECTOR('',#6306,1.);
#6306 = DIRECTION('',(1.,0.));
#6307 = ( GEOMETRIC_REPRESENTATION_CONTEXT(2) 
PARAMETRIC_REPRESENTATION_CONTEXT() REPRESENTATION_CONTEXT('2D SPACE',''
  ) );
#6308 = PCURVE('',#4547,#6309);
#6309 = DEFINITIONAL_REPRESENTATION('',(#6310),#6314);
#6310 = CIRCLE('',#6311,13.);
#6311 = AXIS2_PLACEMENT_2D('',#6312,#6313);
#6312 = CARTESIAN_POINT('',(0.,0.));
#6313 = DIRECTION('',(1.,0.));
#6314 = ( GEOMETRIC_REPRESENTATION_CONTEXT(2) 
PARAMETRIC_REPRESENTATION_CONTEXT() REPRESENTATION_CONTEXT('2D SPACE',''
  ) );
#6315 = ORIENTED_EDGE('',*,*,#2726,.F.);
#6316 = ORIENTED_EDGE('',*,*,#6317,.F.);
#6317 = EDGE_CURVE('',#2826,#2727,#6318,.T.);
#6318 = SURFACE_CURVE('',#6319,(#6324,#6331),.PCURVE_S1.);
#6319 = CIRCLE('',#6320,13.);
#6320 = AXIS2_PLACEMENT_3D('',#6321,#6322,#6323);
#6321 = CARTESIAN_POINT('',(32.,0.,-355.25));
#6322 = DIRECTION('',(0.,0.,1.));
#6323 = DIRECTION('',(1.,0.,-0.));
#6324 = PCURVE('',#2743,#6325);
#6325 = DEFINITIONAL_REPRESENTATION('',(#6326),#6330);
#6326 = LINE('',#6327,#6328);
#6327 = CARTESIAN_POINT('',(0.,50.));
#6328 = VECTOR('',#6329,1.);
#6329 = DIRECTION('',(1.,0.));
#6330 = ( GEOMETRIC_REPRESENTATION_CONTEXT(2) 
PARAMETRIC_REPRESENTATION_CONTEXT() REPRESENTATION_CONTEXT('2D SPACE',''
  ) );
#6331 = PCURVE('',#4646,#6332);
#6332 = DEFINITIONAL_REPRESENTATION('',(#6333),#6337);
#6333 = CIRCLE('',#6334,13.);
#6334 = AXIS2_PLACEMENT_2D('',#6335,#6336);
#6335 = CARTESIAN_POINT('',(0.,0.));
#6336 = DIRECTION('',(1.,0.));
#6337 = ( GEOMETRIC_REPRESENTATION_CONTEXT(2) 
PARAMETRIC_REPRESENTATION_CONTEXT() REPRESENTATION_CONTEXT('2D SPACE',''
  ) );
#6338 = ADVANCED_FACE('',(#6339),#2934,.F.);
#6339 = FACE_BOUND('',#6340,.F.);
#6340 = EDGE_LOOP('',(#6341,#6364,#6397,#6418));
#6341 = ORIENTED_EDGE('',*,*,#6342,.F.);
#6342 = EDGE_CURVE('',#6343,#2918,#6345,.T.);
#6343 = VERTEX_POINT('',#6344);
#6344 = CARTESIAN_POINT('',(-31.,-1.5,-359.5419007564));
#6345 = SURFACE_CURVE('',#6346,(#6350,#6357),.PCURVE_S1.);
#6346 = LINE('',#6347,#6348);
#6347 = CARTESIAN_POINT('',(-31.,-1.5,-362.25));
#6348 = VECTOR('',#6349,1.);
#6349 = DIRECTION('',(0.,0.,1.));
#6350 = PCURVE('',#2934,#6351);
#6351 = DEFINITIONAL_REPRESENTATION('',(#6352),#6356);
#6352 = LINE('',#6353,#6354);
#6353 = CARTESIAN_POINT('',(0.,3.));
#6354 = VECTOR('',#6355,1.);
#6355 = DIRECTION('',(1.,0.));
#6356 = ( GEOMETRIC_REPRESENTATION_CONTEXT(2) 
PARAMETRIC_REPRESENTATION_CONTEXT() REPRESENTATION_CONTEXT('2D SPACE',''
  ) );
#6357 = PCURVE('',#3010,#6358);
#6358 = DEFINITIONAL_REPRESENTATION('',(#6359),#6363);
#6359 = LINE('',#6360,#6361);
#6360 = CARTESIAN_POINT('',(0.,0.));
#6361 = VECTOR('',#6362,1.);
#6362 = DIRECTION('',(1.,0.));
#6363 = ( GEOMETRIC_REPRESENTATION_CONTEXT(2) 
PARAMETRIC_REPRESENTATION_CONTEXT() REPRESENTATION_CONTEXT('2D SPACE',''
  ) );
#6364 = ORIENTED_EDGE('',*,*,#6365,.T.);
#6365 = EDGE_CURVE('',#6343,#6366,#6368,.T.);
#6366 = VERTEX_POINT('',#6367);
#6367 = CARTESIAN_POINT('',(-34.,-1.5,-359.5419007564));
#6368 = SURFACE_CURVE('',#6369,(#6374,#6385),.PCURVE_S1.);
#6369 = CIRCLE('',#6370,4.);
#6370 = AXIS2_PLACEMENT_3D('',#6371,#6372,#6373);
#6371 = CARTESIAN_POINT('',(-32.5,-1.5,-363.25));
#6372 = DIRECTION('',(0.,-1.,2.22044604925E-16));
#6373 = DIRECTION('',(1.,0.,0.));
#6374 = PCURVE('',#2934,#6375);
#6375 = DEFINITIONAL_REPRESENTATION('',(#6376),#6384);
#6376 = ( BOUNDED_CURVE() B_SPLINE_CURVE(2,(#6377,#6378,#6379,#6380,
#6381,#6382,#6383),.UNSPECIFIED.,.T.,.F.) B_SPLINE_CURVE_WITH_KNOTS((1,2
    ,2,2,2,1),(-2.094395102393,0.,2.094395102393,4.188790204786,
6.28318530718,8.377580409573),.UNSPECIFIED.) CURVE() 
GEOMETRIC_REPRESENTATION_ITEM() RATIONAL_B_SPLINE_CURVE((1.,0.5,1.,0.5,
1.,0.5,1.)) REPRESENTATION_ITEM('') );
#6377 = CARTESIAN_POINT('',(-1.,5.5));
#6378 = CARTESIAN_POINT('',(5.928203230276,5.5));
#6379 = CARTESIAN_POINT('',(2.464101615138,-0.5));
#6380 = CARTESIAN_POINT('',(-1.,-6.5));
#6381 = CARTESIAN_POINT('',(-4.464101615138,-0.5));
#6382 = CARTESIAN_POINT('',(-7.928203230276,5.5));
#6383 = CARTESIAN_POINT('',(-1.,5.5));
#6384 = ( GEOMETRIC_REPRESENTATION_CONTEXT(2) 
PARAMETRIC_REPRESENTATION_CONTEXT() REPRESENTATION_CONTEXT('2D SPACE',''
  ) );
#6385 = PCURVE('',#6386,#6391);
#6386 = CYLINDRICAL_SURFACE('',#6387,4.);
#6387 = AXIS2_PLACEMENT_3D('',#6388,#6389,#6390);
#6388 = CARTESIAN_POINT('',(-32.5,32.5,-363.25));
#6389 = DIRECTION('',(0.,-1.,2.22044604925E-16));
#6390 = DIRECTION('',(1.,0.,0.));
#6391 = DEFINITIONAL_REPRESENTATION('',(#6392),#6396);
#6392 = LINE('',#6393,#6394);
#6393 = CARTESIAN_POINT('',(0.,34.));
#6394 = VECTOR('',#6395,1.);
#6395 = DIRECTION('',(1.,0.));
#6396 = ( GEOMETRIC_REPRESENTATION_CONTEXT(2) 
PARAMETRIC_REPRESENTATION_CONTEXT() REPRESENTATION_CONTEXT('2D SPACE',''
  ) );
#6397 = ORIENTED_EDGE('',*,*,#6398,.T.);
#6398 = EDGE_CURVE('',#6366,#2920,#6399,.T.);
#6399 = SURFACE_CURVE('',#6400,(#6404,#6411),.PCURVE_S1.);
#6400 = LINE('',#6401,#6402);
#6401 = CARTESIAN_POINT('',(-34.,-1.5,-362.25));
#6402 = VECTOR('',#6403,1.);
#6403 = DIRECTION('',(0.,0.,1.));
#6404 = PCURVE('',#2934,#6405);
#6405 = DEFINITIONAL_REPRESENTATION('',(#6406),#6410);
#6406 = LINE('',#6407,#6408);
#6407 = CARTESIAN_POINT('',(0.,0.));
#6408 = VECTOR('',#6409,1.);
#6409 = DIRECTION('',(1.,0.));
#6410 = ( GEOMETRIC_REPRESENTATION_CONTEXT(2) 
PARAMETRIC_REPRESENTATION_CONTEXT() REPRESENTATION_CONTEXT('2D SPACE',''
  ) );
#6411 = PCURVE('',#2960,#6412);
#6412 = DEFINITIONAL_REPRESENTATION('',(#6413),#6417);
#6413 = LINE('',#6414,#6415);
#6414 = CARTESIAN_POINT('',(0.,0.));
#6415 = VECTOR('',#6416,1.);
#6416 = DIRECTION('',(1.,0.));
#6417 = ( GEOMETRIC_REPRESENTATION_CONTEXT(2) 
PARAMETRIC_REPRESENTATION_CONTEXT() REPRESENTATION_CONTEXT('2D SPACE',''
  ) );
#6418 = ORIENTED_EDGE('',*,*,#2917,.F.);
#6419 = ADVANCED_FACE('',(#6420),#3010,.T.);
#6420 = FACE_BOUND('',#6421,.T.);
#6421 = EDGE_LOOP('',(#6422,#6423,#6444,#6465));
#6422 = ORIENTED_EDGE('',*,*,#6342,.F.);
#6423 = ORIENTED_EDGE('',*,*,#6424,.F.);
#6424 = EDGE_CURVE('',#6425,#6343,#6427,.T.);
#6425 = VERTEX_POINT('',#6426);
#6426 = CARTESIAN_POINT('',(-31.,1.5,-359.5419007564));
#6427 = SURFACE_CURVE('',#6428,(#6432,#6438),.PCURVE_S1.);
#6428 = LINE('',#6429,#6430);
#6429 = CARTESIAN_POINT('',(-31.,32.5,-359.5419007564));
#6430 = VECTOR('',#6431,1.);
#6431 = DIRECTION('',(0.,-1.,2.22044604925E-16));
#6432 = PCURVE('',#3010,#6433);
#6433 = DEFINITIONAL_REPRESENTATION('',(#6434),#6437);
#6434 = B_SPLINE_CURVE_WITH_KNOTS('',1,(#6435,#6436),.UNSPECIFIED.,.F.,
  .F.,(2,2),(30.7,34.3),.PIECEWISE_BEZIER_KNOTS.);
#6435 = CARTESIAN_POINT('',(2.708099243548,-3.3));
#6436 = CARTESIAN_POINT('',(2.708099243548,0.3));
#6437 = ( GEOMETRIC_REPRESENTATION_CONTEXT(2) 
PARAMETRIC_REPRESENTATION_CONTEXT() REPRESENTATION_CONTEXT('2D SPACE',''
  ) );
#6438 = PCURVE('',#6386,#6439);
#6439 = DEFINITIONAL_REPRESENTATION('',(#6440),#6443);
#6440 = B_SPLINE_CURVE_WITH_KNOTS('',1,(#6441,#6442),.UNSPECIFIED.,.F.,
  .F.,(2,2),(30.7,34.3),.PIECEWISE_BEZIER_KNOTS.);
#6441 = CARTESIAN_POINT('',(1.186399552299,30.7));
#6442 = CARTESIAN_POINT('',(1.186399552299,34.3));
#6443 = ( GEOMETRIC_REPRESENTATION_CONTEXT(2) 
PARAMETRIC_REPRESENTATION_CONTEXT() REPRESENTATION_CONTEXT('2D SPACE',''
  ) );
#6444 = ORIENTED_EDGE('',*,*,#6445,.T.);
#6445 = EDGE_CURVE('',#6425,#2972,#6446,.T.);
#6446 = SURFACE_CURVE('',#6447,(#6451,#6458),.PCURVE_S1.);
#6447 = LINE('',#6448,#6449);
#6448 = CARTESIAN_POINT('',(-31.,1.5,-362.25));
#6449 = VECTOR('',#6450,1.);
#6450 = DIRECTION('',(0.,0.,1.));
#6451 = PCURVE('',#3010,#6452);
#6452 = DEFINITIONAL_REPRESENTATION('',(#6453),#6457);
#6453 = LINE('',#6454,#6455);
#6454 = CARTESIAN_POINT('',(0.,-3.));
#6455 = VECTOR('',#6456,1.);
#6456 = DIRECTION('',(1.,0.));
#6457 = ( GEOMETRIC_REPRESENTATION_CONTEXT(2) 
PARAMETRIC_REPRESENTATION_CONTEXT() REPRESENTATION_CONTEXT('2D SPACE',''
  ) );
#6458 = PCURVE('',#2986,#6459);
#6459 = DEFINITIONAL_REPRESENTATION('',(#6460),#6464);
#6460 = LINE('',#6461,#6462);
#6461 = CARTESIAN_POINT('',(0.,3.));
#6462 = VECTOR('',#6463,1.);
#6463 = DIRECTION('',(1.,0.));
#6464 = ( GEOMETRIC_REPRESENTATION_CONTEXT(2) 
PARAMETRIC_REPRESENTATION_CONTEXT() REPRESENTATION_CONTEXT('2D SPACE',''
  ) );
#6465 = ORIENTED_EDGE('',*,*,#2997,.F.);
#6466 = ADVANCED_FACE('',(#6467),#2986,.T.);
#6467 = FACE_BOUND('',#6468,.T.);
#6468 = EDGE_LOOP('',(#6469,#6470,#6498,#6519));
#6469 = ORIENTED_EDGE('',*,*,#6445,.F.);
#6470 = ORIENTED_EDGE('',*,*,#6471,.T.);
#6471 = EDGE_CURVE('',#6425,#6472,#6474,.T.);
#6472 = VERTEX_POINT('',#6473);
#6473 = CARTESIAN_POINT('',(-34.,1.5,-359.5419007564));
#6474 = SURFACE_CURVE('',#6475,(#6480,#6491),.PCURVE_S1.);
#6475 = CIRCLE('',#6476,4.);
#6476 = AXIS2_PLACEMENT_3D('',#6477,#6478,#6479);
#6477 = CARTESIAN_POINT('',(-32.5,1.5,-363.25));
#6478 = DIRECTION('',(0.,-1.,2.22044604925E-16));
#6479 = DIRECTION('',(1.,0.,0.));
#6480 = PCURVE('',#2986,#6481);
#6481 = DEFINITIONAL_REPRESENTATION('',(#6482),#6490);
#6482 = ( BOUNDED_CURVE() B_SPLINE_CURVE(2,(#6483,#6484,#6485,#6486,
#6487,#6488,#6489),.UNSPECIFIED.,.T.,.F.) B_SPLINE_CURVE_WITH_KNOTS((1,2
    ,2,2,2,1),(-2.094395102393,0.,2.094395102393,4.188790204786,
6.28318530718,8.377580409573),.UNSPECIFIED.) CURVE() 
GEOMETRIC_REPRESENTATION_ITEM() RATIONAL_B_SPLINE_CURVE((1.,0.5,1.,0.5,
1.,0.5,1.)) REPRESENTATION_ITEM('') );
#6483 = CARTESIAN_POINT('',(-1.,5.5));
#6484 = CARTESIAN_POINT('',(5.928203230276,5.5));
#6485 = CARTESIAN_POINT('',(2.464101615138,-0.5));
#6486 = CARTESIAN_POINT('',(-1.,-6.5));
#6487 = CARTESIAN_POINT('',(-4.464101615138,-0.5));
#6488 = CARTESIAN_POINT('',(-7.928203230276,5.5));
#6489 = CARTESIAN_POINT('',(-1.,5.5));
#6490 = ( GEOMETRIC_REPRESENTATION_CONTEXT(2) 
PARAMETRIC_REPRESENTATION_CONTEXT() REPRESENTATION_CONTEXT('2D SPACE',''
  ) );
#6491 = PCURVE('',#6386,#6492);
#6492 = DEFINITIONAL_REPRESENTATION('',(#6493),#6497);
#6493 = LINE('',#6494,#6495);
#6494 = CARTESIAN_POINT('',(0.,31.));
#6495 = VECTOR('',#6496,1.);
#6496 = DIRECTION('',(1.,0.));
#6497 = ( GEOMETRIC_REPRESENTATION_CONTEXT(2) 
PARAMETRIC_REPRESENTATION_CONTEXT() REPRESENTATION_CONTEXT('2D SPACE',''
  ) );
#6498 = ORIENTED_EDGE('',*,*,#6499,.T.);
#6499 = EDGE_CURVE('',#6472,#2946,#6500,.T.);
#6500 = SURFACE_CURVE('',#6501,(#6505,#6512),.PCURVE_S1.);
#6501 = LINE('',#6502,#6503);
#6502 = CARTESIAN_POINT('',(-34.,1.5,-362.25));
#6503 = VECTOR('',#6504,1.);
#6504 = DIRECTION('',(0.,0.,1.));
#6505 = PCURVE('',#2986,#6506);
#6506 = DEFINITIONAL_REPRESENTATION('',(#6507),#6511);
#6507 = LINE('',#6508,#6509);
#6508 = CARTESIAN_POINT('',(0.,0.));
#6509 = VECTOR('',#6510,1.);
#6510 = DIRECTION('',(1.,0.));
#6511 = ( GEOMETRIC_REPRESENTATION_CONTEXT(2) 
PARAMETRIC_REPRESENTATION_CONTEXT() REPRESENTATION_CONTEXT('2D SPACE',''
  ) );
#6512 = PCURVE('',#2960,#6513);
#6513 = DEFINITIONAL_REPRESENTATION('',(#6514),#6518);
#6514 = LINE('',#6515,#6516);
#6515 = CARTESIAN_POINT('',(0.,-3.));
#6516 = VECTOR('',#6517,1.);
#6517 = DIRECTION('',(1.,0.));
#6518 = ( GEOMETRIC_REPRESENTATION_CONTEXT(2) 
PARAMETRIC_REPRESENTATION_CONTEXT() REPRESENTATION_CONTEXT('2D SPACE',''
  ) );
#6519 = ORIENTED_EDGE('',*,*,#2971,.F.);
#6520 = ADVANCED_FACE('',(#6521),#2960,.F.);
#6521 = FACE_BOUND('',#6522,.F.);
#6522 = EDGE_LOOP('',(#6523,#6524,#6543,#6544));
#6523 = ORIENTED_EDGE('',*,*,#6398,.F.);
#6524 = ORIENTED_EDGE('',*,*,#6525,.F.);
#6525 = EDGE_CURVE('',#6472,#6366,#6526,.T.);
#6526 = SURFACE_CURVE('',#6527,(#6531,#6537),.PCURVE_S1.);
#6527 = LINE('',#6528,#6529);
#6528 = CARTESIAN_POINT('',(-34.,32.5,-359.5419007564));
#6529 = VECTOR('',#6530,1.);
#6530 = DIRECTION('',(0.,-1.,2.22044604925E-16));
#6531 = PCURVE('',#2960,#6532);
#6532 = DEFINITIONAL_REPRESENTATION('',(#6533),#6536);
#6533 = B_SPLINE_CURVE_WITH_KNOTS('',1,(#6534,#6535),.UNSPECIFIED.,.F.,
  .F.,(2,2),(30.7,34.3),.PIECEWISE_BEZIER_KNOTS.);
#6534 = CARTESIAN_POINT('',(2.708099243548,-3.3));
#6535 = CARTESIAN_POINT('',(2.708099243548,0.3));
#6536 = ( GEOMETRIC_REPRESENTATION_CONTEXT(2) 
PARAMETRIC_REPRESENTATION_CONTEXT() REPRESENTATION_CONTEXT('2D SPACE',''
  ) );
#6537 = PCURVE('',#6386,#6538);
#6538 = DEFINITIONAL_REPRESENTATION('',(#6539),#6542);
#6539 = B_SPLINE_CURVE_WITH_KNOTS('',1,(#6540,#6541),.UNSPECIFIED.,.F.,
  .F.,(2,2),(30.7,34.3),.PIECEWISE_BEZIER_KNOTS.);
#6540 = CARTESIAN_POINT('',(1.955193101291,30.7));
#6541 = CARTESIAN_POINT('',(1.955193101291,34.3));
#6542 = ( GEOMETRIC_REPRESENTATION_CONTEXT(2) 
PARAMETRIC_REPRESENTATION_CONTEXT() REPRESENTATION_CONTEXT('2D SPACE',''
  ) );
#6543 = ORIENTED_EDGE('',*,*,#6499,.T.);
#6544 = ORIENTED_EDGE('',*,*,#2945,.F.);
#6545 = ADVANCED_FACE('',(#6546),#3040,.F.);
#6546 = FACE_BOUND('',#6547,.F.);
#6547 = EDGE_LOOP('',(#6548,#6577,#6598,#6599));
#6548 = ORIENTED_EDGE('',*,*,#6549,.F.);
#6549 = EDGE_CURVE('',#6550,#6550,#6552,.T.);
#6550 = VERTEX_POINT('',#6551);
#6551 = CARTESIAN_POINT('',(-11.3,-4.163799117101E-16,-352.65));
#6552 = SURFACE_CURVE('',#6553,(#6558,#6565),.PCURVE_S1.);
#6553 = CIRCLE('',#6554,1.7);
#6554 = AXIS2_PLACEMENT_3D('',#6555,#6556,#6557);
#6555 = CARTESIAN_POINT('',(-13.,0.,-352.65));
#6556 = DIRECTION('',(0.,0.,1.));
#6557 = DIRECTION('',(1.,0.,-0.));
#6558 = PCURVE('',#3040,#6559);
#6559 = DEFINITIONAL_REPRESENTATION('',(#6560),#6564);
#6560 = LINE('',#6561,#6562);
#6561 = CARTESIAN_POINT('',(0.,3.6));
#6562 = VECTOR('',#6563,1.);
#6563 = DIRECTION('',(1.,0.));
#6564 = ( GEOMETRIC_REPRESENTATION_CONTEXT(2) 
PARAMETRIC_REPRESENTATION_CONTEXT() REPRESENTATION_CONTEXT('2D SPACE',''
  ) );
#6565 = PCURVE('',#6566,#6571);
#6566 = CONICAL_SURFACE('',#6567,1.7,0.785398163397);
#6567 = AXIS2_PLACEMENT_3D('',#6568,#6569,#6570);
#6568 = CARTESIAN_POINT('',(-13.,0.,-352.65));
#6569 = DIRECTION('',(0.,0.,1.));
#6570 = DIRECTION('',(1.,0.,-0.));
#6571 = DEFINITIONAL_REPRESENTATION('',(#6572),#6576);
#6572 = LINE('',#6573,#6574);
#6573 = CARTESIAN_POINT('',(0.,0.));
#6574 = VECTOR('',#6575,1.);
#6575 = DIRECTION('',(1.,0.));
#6576 = ( GEOMETRIC_REPRESENTATION_CONTEXT(2) 
PARAMETRIC_REPRESENTATION_CONTEXT() REPRESENTATION_CONTEXT('2D SPACE',''
  ) );
#6577 = ORIENTED_EDGE('',*,*,#6578,.F.);
#6578 = EDGE_CURVE('',#3024,#6550,#6579,.T.);
#6579 = SEAM_CURVE('',#6580,(#6584,#6591),.PCURVE_S1.);
#6580 = LINE('',#6581,#6582);
#6581 = CARTESIAN_POINT('',(-11.3,-4.163799117101E-16,-356.25));
#6582 = VECTOR('',#6583,1.);
#6583 = DIRECTION('',(0.,0.,1.));
#6584 = PCURVE('',#3040,#6585);
#6585 = DEFINITIONAL_REPRESENTATION('',(#6586),#6590);
#6586 = LINE('',#6587,#6588);
#6587 = CARTESIAN_POINT('',(6.28318530718,-0.));
#6588 = VECTOR('',#6589,1.);
#6589 = DIRECTION('',(0.,1.));
#6590 = ( GEOMETRIC_REPRESENTATION_CONTEXT(2) 
PARAMETRIC_REPRESENTATION_CONTEXT() REPRESENTATION_CONTEXT('2D SPACE',''
  ) );
#6591 = PCURVE('',#3040,#6592);
#6592 = DEFINITIONAL_REPRESENTATION('',(#6593),#6597);
#6593 = LINE('',#6594,#6595);
#6594 = CARTESIAN_POINT('',(0.,-0.));
#6595 = VECTOR('',#6596,1.);
#6596 = DIRECTION('',(0.,1.));
#6597 = ( GEOMETRIC_REPRESENTATION_CONTEXT(2) 
PARAMETRIC_REPRESENTATION_CONTEXT() REPRESENTATION_CONTEXT('2D SPACE',''
  ) );
#6598 = ORIENTED_EDGE('',*,*,#3023,.T.);
#6599 = ORIENTED_EDGE('',*,*,#6578,.T.);
#6600 = ADVANCED_FACE('',(#6601),#3071,.F.);
#6601 = FACE_BOUND('',#6602,.F.);
#6602 = EDGE_LOOP('',(#6603,#6626,#6652,#6673));
#6603 = ORIENTED_EDGE('',*,*,#6604,.F.);
#6604 = EDGE_CURVE('',#6605,#3055,#6607,.T.);
#6605 = VERTEX_POINT('',#6606);
#6606 = CARTESIAN_POINT('',(-13.5,31.,-359.5419007564));
#6607 = SURFACE_CURVE('',#6608,(#6612,#6619),.PCURVE_S1.);
#6608 = LINE('',#6609,#6610);
#6609 = CARTESIAN_POINT('',(-13.5,31.,-362.25));
#6610 = VECTOR('',#6611,1.);
#6611 = DIRECTION('',(0.,0.,1.));
#6612 = PCURVE('',#3071,#6613);
#6613 = DEFINITIONAL_REPRESENTATION('',(#6614),#6618);
#6614 = LINE('',#6615,#6616);
#6615 = CARTESIAN_POINT('',(0.,3.));
#6616 = VECTOR('',#6617,1.);
#6617 = DIRECTION('',(1.,0.));
#6618 = ( GEOMETRIC_REPRESENTATION_CONTEXT(2) 
PARAMETRIC_REPRESENTATION_CONTEXT() REPRESENTATION_CONTEXT('2D SPACE',''
  ) );
#6619 = PCURVE('',#3147,#6620);
#6620 = DEFINITIONAL_REPRESENTATION('',(#6621),#6625);
#6621 = LINE('',#6622,#6623);
#6622 = CARTESIAN_POINT('',(0.,0.));
#6623 = VECTOR('',#6624,1.);
#6624 = DIRECTION('',(1.,0.));
#6625 = ( GEOMETRIC_REPRESENTATION_CONTEXT(2) 
PARAMETRIC_REPRESENTATION_CONTEXT() REPRESENTATION_CONTEXT('2D SPACE',''
  ) );
#6626 = ORIENTED_EDGE('',*,*,#6627,.F.);
#6627 = EDGE_CURVE('',#6628,#6605,#6630,.T.);
#6628 = VERTEX_POINT('',#6629);
#6629 = CARTESIAN_POINT('',(-16.5,31.,-359.5419007564));
#6630 = SURFACE_CURVE('',#6631,(#6635,#6641),.PCURVE_S1.);
#6631 = LINE('',#6632,#6633);
#6632 = CARTESIAN_POINT('',(-32.5,31.,-359.5419007564));
#6633 = VECTOR('',#6634,1.);
#6634 = DIRECTION('',(1.,0.,2.22044604925E-16));
#6635 = PCURVE('',#3071,#6636);
#6636 = DEFINITIONAL_REPRESENTATION('',(#6637),#6640);
#6637 = B_SPLINE_CURVE_WITH_KNOTS('',1,(#6638,#6639),.UNSPECIFIED.,.F.,
  .F.,(2,2),(15.7,19.3),.PIECEWISE_BEZIER_KNOTS.);
#6638 = CARTESIAN_POINT('',(2.708099243548,-0.3));
#6639 = CARTESIAN_POINT('',(2.708099243548,3.3));
#6640 = ( GEOMETRIC_REPRESENTATION_CONTEXT(2) 
PARAMETRIC_REPRESENTATION_CONTEXT() REPRESENTATION_CONTEXT('2D SPACE',''
  ) );
#6641 = PCURVE('',#6642,#6647);
#6642 = CYLINDRICAL_SURFACE('',#6643,4.);
#6643 = AXIS2_PLACEMENT_3D('',#6644,#6645,#6646);
#6644 = CARTESIAN_POINT('',(-32.5,32.5,-363.25));
#6645 = DIRECTION('',(1.,0.,2.22044604925E-16));
#6646 = DIRECTION('',(2.22044604925E-16,0.,-1.));
#6647 = DEFINITIONAL_REPRESENTATION('',(#6648),#6651);
#6648 = B_SPLINE_CURVE_WITH_KNOTS('',1,(#6649,#6650),.UNSPECIFIED.,.F.,
  .F.,(2,2),(15.7,19.3),.PIECEWISE_BEZIER_KNOTS.);
#6649 = CARTESIAN_POINT('',(3.525989428085,15.7));
#6650 = CARTESIAN_POINT('',(3.525989428085,19.3));
#6651 = ( GEOMETRIC_REPRESENTATION_CONTEXT(2) 
PARAMETRIC_REPRESENTATION_CONTEXT() REPRESENTATION_CONTEXT('2D SPACE',''
  ) );
#6652 = ORIENTED_EDGE('',*,*,#6653,.T.);
#6653 = EDGE_CURVE('',#6628,#3057,#6654,.T.);
#6654 = SURFACE_CURVE('',#6655,(#6659,#6666),.PCURVE_S1.);
#6655 = LINE('',#6656,#6657);
#6656 = CARTESIAN_POINT('',(-16.5,31.,-362.25));
#6657 = VECTOR('',#6658,1.);
#6658 = DIRECTION('',(0.,0.,1.));
#6659 = PCURVE('',#3071,#6660);
#6660 = DEFINITIONAL_REPRESENTATION('',(#6661),#6665);
#6661 = LINE('',#6662,#6663);
#6662 = CARTESIAN_POINT('',(0.,0.));
#6663 = VECTOR('',#6664,1.);
#6664 = DIRECTION('',(1.,0.));
#6665 = ( GEOMETRIC_REPRESENTATION_CONTEXT(2) 
PARAMETRIC_REPRESENTATION_CONTEXT() REPRESENTATION_CONTEXT('2D SPACE',''
  ) );
#6666 = PCURVE('',#3097,#6667);
#6667 = DEFINITIONAL_REPRESENTATION('',(#6668),#6672);
#6668 = LINE('',#6669,#6670);
#6669 = CARTESIAN_POINT('',(0.,0.));
#6670 = VECTOR('',#6671,1.);
#6671 = DIRECTION('',(1.,0.));
#6672 = ( GEOMETRIC_REPRESENTATION_CONTEXT(2) 
PARAMETRIC_REPRESENTATION_CONTEXT() REPRESENTATION_CONTEXT('2D SPACE',''
  ) );
#6673 = ORIENTED_EDGE('',*,*,#3054,.F.);
#6674 = ADVANCED_FACE('',(#6675),#3147,.T.);
#6675 = FACE_BOUND('',#6676,.T.);
#6676 = EDGE_LOOP('',(#6677,#6678,#6702,#6723));
#6677 = ORIENTED_EDGE('',*,*,#6604,.F.);
#6678 = ORIENTED_EDGE('',*,*,#6679,.F.);
#6679 = EDGE_CURVE('',#6680,#6605,#6682,.T.);
#6680 = VERTEX_POINT('',#6681);
#6681 = CARTESIAN_POINT('',(-13.5,34.,-359.5419007564));
#6682 = SURFACE_CURVE('',#6683,(#6688,#6695),.PCURVE_S1.);
#6683 = CIRCLE('',#6684,4.);
#6684 = AXIS2_PLACEMENT_3D('',#6685,#6686,#6687);
#6685 = CARTESIAN_POINT('',(-13.5,32.5,-363.25));
#6686 = DIRECTION('',(1.,0.,2.22044604925E-16));
#6687 = DIRECTION('',(2.22044604925E-16,0.,-1.));
#6688 = PCURVE('',#3147,#6689);
#6689 = DEFINITIONAL_REPRESENTATION('',(#6690),#6694);
#6690 = CIRCLE('',#6691,4.);
#6691 = AXIS2_PLACEMENT_2D('',#6692,#6693);
#6692 = CARTESIAN_POINT('',(-1.,-1.5));
#6693 = DIRECTION('',(-1.,0.));
#6694 = ( GEOMETRIC_REPRESENTATION_CONTEXT(2) 
PARAMETRIC_REPRESENTATION_CONTEXT() REPRESENTATION_CONTEXT('2D SPACE',''
  ) );
#6695 = PCURVE('',#6642,#6696);
#6696 = DEFINITIONAL_REPRESENTATION('',(#6697),#6701);
#6697 = LINE('',#6698,#6699);
#6698 = CARTESIAN_POINT('',(0.,19.));
#6699 = VECTOR('',#6700,1.);
#6700 = DIRECTION('',(1.,0.));
#6701 = ( GEOMETRIC_REPRESENTATION_CONTEXT(2) 
PARAMETRIC_REPRESENTATION_CONTEXT() REPRESENTATION_CONTEXT('2D SPACE',''
  ) );
#6702 = ORIENTED_EDGE('',*,*,#6703,.T.);
#6703 = EDGE_CURVE('',#6680,#3109,#6704,.T.);
#6704 = SURFACE_CURVE('',#6705,(#6709,#6716),.PCURVE_S1.);
#6705 = LINE('',#6706,#6707);
#6706 = CARTESIAN_POINT('',(-13.5,34.,-362.25));
#6707 = VECTOR('',#6708,1.);
#6708 = DIRECTION('',(0.,0.,1.));
#6709 = PCURVE('',#3147,#6710);
#6710 = DEFINITIONAL_REPRESENTATION('',(#6711),#6715);
#6711 = LINE('',#6712,#6713);
#6712 = CARTESIAN_POINT('',(0.,-3.));
#6713 = VECTOR('',#6714,1.);
#6714 = DIRECTION('',(1.,0.));
#6715 = ( GEOMETRIC_REPRESENTATION_CONTEXT(2) 
PARAMETRIC_REPRESENTATION_CONTEXT() REPRESENTATION_CONTEXT('2D SPACE',''
  ) );
#6716 = PCURVE('',#3123,#6717);
#6717 = DEFINITIONAL_REPRESENTATION('',(#6718),#6722);
#6718 = LINE('',#6719,#6720);
#6719 = CARTESIAN_POINT('',(0.,3.));
#6720 = VECTOR('',#6721,1.);
#6721 = DIRECTION('',(1.,0.));
#6722 = ( GEOMETRIC_REPRESENTATION_CONTEXT(2) 
PARAMETRIC_REPRESENTATION_CONTEXT() REPRESENTATION_CONTEXT('2D SPACE',''
  ) );
#6723 = ORIENTED_EDGE('',*,*,#3134,.F.);
#6724 = ADVANCED_FACE('',(#6725),#3097,.F.);
#6725 = FACE_BOUND('',#6726,.F.);
#6726 = EDGE_LOOP('',(#6727,#6728,#6752,#6773));
#6727 = ORIENTED_EDGE('',*,*,#6653,.F.);
#6728 = ORIENTED_EDGE('',*,*,#6729,.F.);
#6729 = EDGE_CURVE('',#6730,#6628,#6732,.T.);
#6730 = VERTEX_POINT('',#6731);
#6731 = CARTESIAN_POINT('',(-16.5,34.,-359.5419007564));
#6732 = SURFACE_CURVE('',#6733,(#6738,#6745),.PCURVE_S1.);
#6733 = CIRCLE('',#6734,4.);
#6734 = AXIS2_PLACEMENT_3D('',#6735,#6736,#6737);
#6735 = CARTESIAN_POINT('',(-16.5,32.5,-363.25));
#6736 = DIRECTION('',(1.,0.,2.22044604925E-16));
#6737 = DIRECTION('',(2.22044604925E-16,0.,-1.));
#6738 = PCURVE('',#3097,#6739);
#6739 = DEFINITIONAL_REPRESENTATION('',(#6740),#6744);
#6740 = CIRCLE('',#6741,4.);
#6741 = AXIS2_PLACEMENT_2D('',#6742,#6743);
#6742 = CARTESIAN_POINT('',(-1.,-1.5));
#6743 = DIRECTION('',(-1.,0.));
#6744 = ( GEOMETRIC_REPRESENTATION_CONTEXT(2) 
PARAMETRIC_REPRESENTATION_CONTEXT() REPRESENTATION_CONTEXT('2D SPACE',''
  ) );
#6745 = PCURVE('',#6642,#6746);
#6746 = DEFINITIONAL_REPRESENTATION('',(#6747),#6751);
#6747 = LINE('',#6748,#6749);
#6748 = CARTESIAN_POINT('',(0.,16.));
#6749 = VECTOR('',#6750,1.);
#6750 = DIRECTION('',(1.,0.));
#6751 = ( GEOMETRIC_REPRESENTATION_CONTEXT(2) 
PARAMETRIC_REPRESENTATION_CONTEXT() REPRESENTATION_CONTEXT('2D SPACE',''
  ) );
#6752 = ORIENTED_EDGE('',*,*,#6753,.T.);
#6753 = EDGE_CURVE('',#6730,#3083,#6754,.T.);
#6754 = SURFACE_CURVE('',#6755,(#6759,#6766),.PCURVE_S1.);
#6755 = LINE('',#6756,#6757);
#6756 = CARTESIAN_POINT('',(-16.5,34.,-362.25));
#6757 = VECTOR('',#6758,1.);
#6758 = DIRECTION('',(0.,0.,1.));
#6759 = PCURVE('',#3097,#6760);
#6760 = DEFINITIONAL_REPRESENTATION('',(#6761),#6765);
#6761 = LINE('',#6762,#6763);
#6762 = CARTESIAN_POINT('',(0.,-3.));
#6763 = VECTOR('',#6764,1.);
#6764 = DIRECTION('',(1.,0.));
#6765 = ( GEOMETRIC_REPRESENTATION_CONTEXT(2) 
PARAMETRIC_REPRESENTATION_CONTEXT() REPRESENTATION_CONTEXT('2D SPACE',''
  ) );
#6766 = PCURVE('',#3123,#6767);
#6767 = DEFINITIONAL_REPRESENTATION('',(#6768),#6772);
#6768 = LINE('',#6769,#6770);
#6769 = CARTESIAN_POINT('',(0.,0.));
#6770 = VECTOR('',#6771,1.);
#6771 = DIRECTION('',(1.,0.));
#6772 = ( GEOMETRIC_REPRESENTATION_CONTEXT(2) 
PARAMETRIC_REPRESENTATION_CONTEXT() REPRESENTATION_CONTEXT('2D SPACE',''
  ) );
#6773 = ORIENTED_EDGE('',*,*,#3082,.F.);
#6774 = ADVANCED_FACE('',(#6775),#3123,.T.);
#6775 = FACE_BOUND('',#6776,.T.);
#6776 = EDGE_LOOP('',(#6777,#6778,#6797,#6798));
#6777 = ORIENTED_EDGE('',*,*,#6703,.F.);
#6778 = ORIENTED_EDGE('',*,*,#6779,.F.);
#6779 = EDGE_CURVE('',#6730,#6680,#6780,.T.);
#6780 = SURFACE_CURVE('',#6781,(#6785,#6791),.PCURVE_S1.);
#6781 = LINE('',#6782,#6783);
#6782 = CARTESIAN_POINT('',(-32.5,34.,-359.5419007564));
#6783 = VECTOR('',#6784,1.);
#6784 = DIRECTION('',(1.,0.,2.22044604925E-16));
#6785 = PCURVE('',#3123,#6786);
#6786 = DEFINITIONAL_REPRESENTATION('',(#6787),#6790);
#6787 = B_SPLINE_CURVE_WITH_KNOTS('',1,(#6788,#6789),.UNSPECIFIED.,.F.,
  .F.,(2,2),(15.7,19.3),.PIECEWISE_BEZIER_KNOTS.);
#6788 = CARTESIAN_POINT('',(2.708099243548,-0.3));
#6789 = CARTESIAN_POINT('',(2.708099243548,3.3));
#6790 = ( GEOMETRIC_REPRESENTATION_CONTEXT(2) 
PARAMETRIC_REPRESENTATION_CONTEXT() REPRESENTATION_CONTEXT('2D SPACE',''
  ) );
#6791 = PCURVE('',#6642,#6792);
#6792 = DEFINITIONAL_REPRESENTATION('',(#6793),#6796);
#6793 = B_SPLINE_CURVE_WITH_KNOTS('',1,(#6794,#6795),.UNSPECIFIED.,.F.,
  .F.,(2,2),(15.7,19.3),.PIECEWISE_BEZIER_KNOTS.);
#6794 = CARTESIAN_POINT('',(2.757195879094,15.7));
#6795 = CARTESIAN_POINT('',(2.757195879094,19.3));
#6796 = ( GEOMETRIC_REPRESENTATION_CONTEXT(2) 
PARAMETRIC_REPRESENTATION_CONTEXT() REPRESENTATION_CONTEXT('2D SPACE',''
  ) );
#6797 = ORIENTED_EDGE('',*,*,#6753,.T.);
#6798 = ORIENTED_EDGE('',*,*,#3108,.F.);
#6799 = ADVANCED_FACE('',(#6800),#3178,.T.);
#6800 = FACE_BOUND('',#6801,.T.);
#6801 = EDGE_LOOP('',(#6802,#6825,#6826,#6849));
#6802 = ORIENTED_EDGE('',*,*,#6803,.F.);
#6803 = EDGE_CURVE('',#3161,#6804,#6806,.T.);
#6804 = VERTEX_POINT('',#6805);
#6805 = CARTESIAN_POINT('',(-18.76404587551,36.76488013173,-352.75));
#6806 = SURFACE_CURVE('',#6807,(#6811,#6818),.PCURVE_S1.);
#6807 = LINE('',#6808,#6809);
#6808 = CARTESIAN_POINT('',(-18.76404587551,36.76488013173,-355.25));
#6809 = VECTOR('',#6810,1.);
#6810 = DIRECTION('',(0.,0.,1.));
#6811 = PCURVE('',#3178,#6812);
#6812 = DEFINITIONAL_REPRESENTATION('',(#6813),#6817);
#6813 = LINE('',#6814,#6815);
#6814 = CARTESIAN_POINT('',(0.,0.));
#6815 = VECTOR('',#6816,1.);
#6816 = DIRECTION('',(1.,0.));
#6817 = ( GEOMETRIC_REPRESENTATION_CONTEXT(2) 
PARAMETRIC_REPRESENTATION_CONTEXT() REPRESENTATION_CONTEXT('2D SPACE',''
  ) );
#6818 = PCURVE('',#3260,#6819);
#6819 = DEFINITIONAL_REPRESENTATION('',(#6820),#6824);
#6820 = LINE('',#6821,#6822);
#6821 = CARTESIAN_POINT('',(0.,0.));
#6822 = VECTOR('',#6823,1.);
#6823 = DIRECTION('',(1.,0.));
#6824 = ( GEOMETRIC_REPRESENTATION_CONTEXT(2) 
PARAMETRIC_REPRESENTATION_CONTEXT() REPRESENTATION_CONTEXT('2D SPACE',''
  ) );
#6825 = ORIENTED_EDGE('',*,*,#3160,.T.);
#6826 = ORIENTED_EDGE('',*,*,#6827,.T.);
#6827 = EDGE_CURVE('',#3163,#6828,#6830,.T.);
#6828 = VERTEX_POINT('',#6829);
#6829 = CARTESIAN_POINT('',(-18.76404587551,41.76488013173,-352.75));
#6830 = SURFACE_CURVE('',#6831,(#6835,#6842),.PCURVE_S1.);
#6831 = LINE('',#6832,#6833);
#6832 = CARTESIAN_POINT('',(-18.76404587551,41.76488013173,-355.25));
#6833 = VECTOR('',#6834,1.);
#6834 = DIRECTION('',(0.,0.,1.));
#6835 = PCURVE('',#3178,#6836);
#6836 = DEFINITIONAL_REPRESENTATION('',(#6837),#6841);
#6837 = LINE('',#6838,#6839);
#6838 = CARTESIAN_POINT('',(0.,-5.));
#6839 = VECTOR('',#6840,1.);
#6840 = DIRECTION('',(1.,0.));
#6841 = ( GEOMETRIC_REPRESENTATION_CONTEXT(2) 
PARAMETRIC_REPRESENTATION_CONTEXT() REPRESENTATION_CONTEXT('2D SPACE',''
  ) );
#6842 = PCURVE('',#3206,#6843);
#6843 = DEFINITIONAL_REPRESENTATION('',(#6844),#6848);
#6844 = LINE('',#6845,#6846);
#6845 = CARTESIAN_POINT('',(0.,0.));
#6846 = VECTOR('',#6847,1.);
#6847 = DIRECTION('',(1.,0.));
#6848 = ( GEOMETRIC_REPRESENTATION_CONTEXT(2) 
PARAMETRIC_REPRESENTATION_CONTEXT() REPRESENTATION_CONTEXT('2D SPACE',''
  ) );
#6849 = ORIENTED_EDGE('',*,*,#6850,.F.);
#6850 = EDGE_CURVE('',#6804,#6828,#6851,.T.);
#6851 = SURFACE_CURVE('',#6852,(#6856,#6863),.PCURVE_S1.);
#6852 = LINE('',#6853,#6854);
#6853 = CARTESIAN_POINT('',(-18.76404587551,36.76488013173,-352.75));
#6854 = VECTOR('',#6855,1.);
#6855 = DIRECTION('',(-0.,1.,0.));
#6856 = PCURVE('',#3178,#6857);
#6857 = DEFINITIONAL_REPRESENTATION('',(#6858),#6862);
#6858 = LINE('',#6859,#6860);
#6859 = CARTESIAN_POINT('',(2.5,0.));
#6860 = VECTOR('',#6861,1.);
#6861 = DIRECTION('',(0.,-1.));
#6862 = ( GEOMETRIC_REPRESENTATION_CONTEXT(2) 
PARAMETRIC_REPRESENTATION_CONTEXT() REPRESENTATION_CONTEXT('2D SPACE',''
  ) );
#6863 = PCURVE('',#6864,#6869);
#6864 = PLANE('',#6865);
#6865 = AXIS2_PLACEMENT_3D('',#6866,#6867,#6868);
#6866 = CARTESIAN_POINT('',(-18.76404587551,36.76488013173,-352.75));
#6867 = DIRECTION('',(0.,0.,1.));
#6868 = DIRECTION('',(1.,0.,-0.));
#6869 = DEFINITIONAL_REPRESENTATION('',(#6870),#6874);
#6870 = LINE('',#6871,#6872);
#6871 = CARTESIAN_POINT('',(0.,0.));
#6872 = VECTOR('',#6873,1.);
#6873 = DIRECTION('',(0.,1.));
#6874 = ( GEOMETRIC_REPRESENTATION_CONTEXT(2) 
PARAMETRIC_REPRESENTATION_CONTEXT() REPRESENTATION_CONTEXT('2D SPACE',''
  ) );
#6875 = ADVANCED_FACE('',(#6876),#3206,.F.);
#6876 = FACE_BOUND('',#6877,.F.);
#6877 = EDGE_LOOP('',(#6878,#6879,#6880,#6903));
#6878 = ORIENTED_EDGE('',*,*,#3190,.F.);
#6879 = ORIENTED_EDGE('',*,*,#6827,.T.);
#6880 = ORIENTED_EDGE('',*,*,#6881,.T.);
#6881 = EDGE_CURVE('',#6828,#6882,#6884,.T.);
#6882 = VERTEX_POINT('',#6883);
#6883 = CARTESIAN_POINT('',(-13.76404587551,41.76488013173,-352.75));
#6884 = SURFACE_CURVE('',#6885,(#6889,#6896),.PCURVE_S1.);
#6885 = LINE('',#6886,#6887);
#6886 = CARTESIAN_POINT('',(-18.76404587551,41.76488013173,-352.75));
#6887 = VECTOR('',#6888,1.);
#6888 = DIRECTION('',(1.,0.,-0.));
#6889 = PCURVE('',#3206,#6890);
#6890 = DEFINITIONAL_REPRESENTATION('',(#6891),#6895);
#6891 = LINE('',#6892,#6893);
#6892 = CARTESIAN_POINT('',(2.5,0.));
#6893 = VECTOR('',#6894,1.);
#6894 = DIRECTION('',(0.,1.));
#6895 = ( GEOMETRIC_REPRESENTATION_CONTEXT(2) 
PARAMETRIC_REPRESENTATION_CONTEXT() REPRESENTATION_CONTEXT('2D SPACE',''
  ) );
#6896 = PCURVE('',#6864,#6897);
#6897 = DEFINITIONAL_REPRESENTATION('',(#6898),#6902);
#6898 = LINE('',#6899,#6900);
#6899 = CARTESIAN_POINT('',(0.,5.));
#6900 = VECTOR('',#6901,1.);
#6901 = DIRECTION('',(1.,0.));
#6902 = ( GEOMETRIC_REPRESENTATION_CONTEXT(2) 
PARAMETRIC_REPRESENTATION_CONTEXT() REPRESENTATION_CONTEXT('2D SPACE',''
  ) );
#6903 = ORIENTED_EDGE('',*,*,#6904,.F.);
#6904 = EDGE_CURVE('',#3191,#6882,#6905,.T.);
#6905 = SURFACE_CURVE('',#6906,(#6910,#6917),.PCURVE_S1.);
#6906 = LINE('',#6907,#6908);
#6907 = CARTESIAN_POINT('',(-13.76404587551,41.76488013173,-355.25));
#6908 = VECTOR('',#6909,1.);
#6909 = DIRECTION('',(0.,0.,1.));
#6910 = PCURVE('',#3206,#6911);
#6911 = DEFINITIONAL_REPRESENTATION('',(#6912),#6916);
#6912 = LINE('',#6913,#6914);
#6913 = CARTESIAN_POINT('',(0.,5.));
#6914 = VECTOR('',#6915,1.);
#6915 = DIRECTION('',(1.,0.));
#6916 = ( GEOMETRIC_REPRESENTATION_CONTEXT(2) 
PARAMETRIC_REPRESENTATION_CONTEXT() REPRESENTATION_CONTEXT('2D SPACE',''
  ) );
#6917 = PCURVE('',#3234,#6918);
#6918 = DEFINITIONAL_REPRESENTATION('',(#6919),#6923);
#6919 = LINE('',#6920,#6921);
#6920 = CARTESIAN_POINT('',(0.,-5.));
#6921 = VECTOR('',#6922,1.);
#6922 = DIRECTION('',(1.,0.));
#6923 = ( GEOMETRIC_REPRESENTATION_CONTEXT(2) 
PARAMETRIC_REPRESENTATION_CONTEXT() REPRESENTATION_CONTEXT('2D SPACE',''
  ) );
#6924 = ADVANCED_FACE('',(#6925),#3260,.T.);
#6925 = FACE_BOUND('',#6926,.T.);
#6926 = EDGE_LOOP('',(#6927,#6928,#6929,#6952));
#6927 = ORIENTED_EDGE('',*,*,#3246,.F.);
#6928 = ORIENTED_EDGE('',*,*,#6803,.T.);
#6929 = ORIENTED_EDGE('',*,*,#6930,.T.);
#6930 = EDGE_CURVE('',#6804,#6931,#6933,.T.);
#6931 = VERTEX_POINT('',#6932);
#6932 = CARTESIAN_POINT('',(-13.76404587551,36.76488013173,-352.75));
#6933 = SURFACE_CURVE('',#6934,(#6938,#6945),.PCURVE_S1.);
#6934 = LINE('',#6935,#6936);
#6935 = CARTESIAN_POINT('',(-18.76404587551,36.76488013173,-352.75));
#6936 = VECTOR('',#6937,1.);
#6937 = DIRECTION('',(1.,0.,-0.));
#6938 = PCURVE('',#3260,#6939);
#6939 = DEFINITIONAL_REPRESENTATION('',(#6940),#6944);
#6940 = LINE('',#6941,#6942);
#6941 = CARTESIAN_POINT('',(2.5,0.));
#6942 = VECTOR('',#6943,1.);
#6943 = DIRECTION('',(0.,1.));
#6944 = ( GEOMETRIC_REPRESENTATION_CONTEXT(2) 
PARAMETRIC_REPRESENTATION_CONTEXT() REPRESENTATION_CONTEXT('2D SPACE',''
  ) );
#6945 = PCURVE('',#6864,#6946);
#6946 = DEFINITIONAL_REPRESENTATION('',(#6947),#6951);
#6947 = LINE('',#6948,#6949);
#6948 = CARTESIAN_POINT('',(0.,0.));
#6949 = VECTOR('',#6950,1.);
#6950 = DIRECTION('',(1.,0.));
#6951 = ( GEOMETRIC_REPRESENTATION_CONTEXT(2) 
PARAMETRIC_REPRESENTATION_CONTEXT() REPRESENTATION_CONTEXT('2D SPACE',''
  ) );
#6952 = ORIENTED_EDGE('',*,*,#6953,.F.);
#6953 = EDGE_CURVE('',#3219,#6931,#6954,.T.);
#6954 = SURFACE_CURVE('',#6955,(#6959,#6966),.PCURVE_S1.);
#6955 = LINE('',#6956,#6957);
#6956 = CARTESIAN_POINT('',(-13.76404587551,36.76488013173,-355.25));
#6957 = VECTOR('',#6958,1.);
#6958 = DIRECTION('',(0.,0.,1.));
#6959 = PCURVE('',#3260,#6960);
#6960 = DEFINITIONAL_REPRESENTATION('',(#6961),#6965);
#6961 = LINE('',#6962,#6963);
#6962 = CARTESIAN_POINT('',(0.,5.));
#6963 = VECTOR('',#6964,1.);
#6964 = DIRECTION('',(1.,0.));
#6965 = ( GEOMETRIC_REPRESENTATION_CONTEXT(2) 
PARAMETRIC_REPRESENTATION_CONTEXT() REPRESENTATION_CONTEXT('2D SPACE',''
  ) );
#6966 = PCURVE('',#3234,#6967);
#6967 = DEFINITIONAL_REPRESENTATION('',(#6968),#6972);
#6968 = LINE('',#6969,#6970);
#6969 = CARTESIAN_POINT('',(0.,0.));
#6970 = VECTOR('',#6971,1.);
#6971 = DIRECTION('',(1.,0.));
#6972 = ( GEOMETRIC_REPRESENTATION_CONTEXT(2) 
PARAMETRIC_REPRESENTATION_CONTEXT() REPRESENTATION_CONTEXT('2D SPACE',''
  ) );
#6973 = ADVANCED_FACE('',(#6974),#3234,.F.);
#6974 = FACE_BOUND('',#6975,.F.);
#6975 = EDGE_LOOP('',(#6976,#6977,#6978,#6979));
#6976 = ORIENTED_EDGE('',*,*,#6953,.F.);
#6977 = ORIENTED_EDGE('',*,*,#3218,.T.);
#6978 = ORIENTED_EDGE('',*,*,#6904,.T.);
#6979 = ORIENTED_EDGE('',*,*,#6980,.F.);
#6980 = EDGE_CURVE('',#6931,#6882,#6981,.T.);
#6981 = SURFACE_CURVE('',#6982,(#6986,#6993),.PCURVE_S1.);
#6982 = LINE('',#6983,#6984);
#6983 = CARTESIAN_POINT('',(-13.76404587551,36.76488013173,-352.75));
#6984 = VECTOR('',#6985,1.);
#6985 = DIRECTION('',(-0.,1.,0.));
#6986 = PCURVE('',#3234,#6987);
#6987 = DEFINITIONAL_REPRESENTATION('',(#6988),#6992);
#6988 = LINE('',#6989,#6990);
#6989 = CARTESIAN_POINT('',(2.5,0.));
#6990 = VECTOR('',#6991,1.);
#6991 = DIRECTION('',(0.,-1.));
#6992 = ( GEOMETRIC_REPRESENTATION_CONTEXT(2) 
PARAMETRIC_REPRESENTATION_CONTEXT() REPRESENTATION_CONTEXT('2D SPACE',''
  ) );
#6993 = PCURVE('',#6864,#6994);
#6994 = DEFINITIONAL_REPRESENTATION('',(#6995),#6999);
#6995 = LINE('',#6996,#6997);
#6996 = CARTESIAN_POINT('',(5.,0.));
#6997 = VECTOR('',#6998,1.);
#6998 = DIRECTION('',(0.,1.));
#6999 = ( GEOMETRIC_REPRESENTATION_CONTEXT(2) 
PARAMETRIC_REPRESENTATION_CONTEXT() REPRESENTATION_CONTEXT('2D SPACE',''
  ) );
#7000 = ADVANCED_FACE('',(#7001),#3291,.F.);
#7001 = FACE_BOUND('',#7002,.F.);
#7002 = EDGE_LOOP('',(#7003,#7032,#7053,#7054));
#7003 = ORIENTED_EDGE('',*,*,#7004,.F.);
#7004 = EDGE_CURVE('',#7005,#7005,#7007,.T.);
#7005 = VERTEX_POINT('',#7006);
#7006 = CARTESIAN_POINT('',(8.1,-1.983927814619E-15,-351.25));
#7007 = SURFACE_CURVE('',#7008,(#7013,#7020),.PCURVE_S1.);
#7008 = CIRCLE('',#7009,8.1);
#7009 = AXIS2_PLACEMENT_3D('',#7010,#7011,#7012);
#7010 = CARTESIAN_POINT('',(0.,0.,-351.25));
#7011 = DIRECTION('',(0.,0.,1.));
#7012 = DIRECTION('',(1.,0.,-0.));
#7013 = PCURVE('',#3291,#7014);
#7014 = DEFINITIONAL_REPRESENTATION('',(#7015),#7019);
#7015 = LINE('',#7016,#7017);
#7016 = CARTESIAN_POINT('',(0.,5.));
#7017 = VECTOR('',#7018,1.);
#7018 = DIRECTION('',(1.,0.));
#7019 = ( GEOMETRIC_REPRESENTATION_CONTEXT(2) 
PARAMETRIC_REPRESENTATION_CONTEXT() REPRESENTATION_CONTEXT('2D SPACE',''
  ) );
#7020 = PCURVE('',#7021,#7026);
#7021 = PLANE('',#7022);
#7022 = AXIS2_PLACEMENT_3D('',#7023,#7024,#7025);
#7023 = CARTESIAN_POINT('',(0.,0.,-351.25));
#7024 = DIRECTION('',(0.,0.,1.));
#7025 = DIRECTION('',(1.,0.,-0.));
#7026 = DEFINITIONAL_REPRESENTATION('',(#7027),#7031);
#7027 = CIRCLE('',#7028,8.1);
#7028 = AXIS2_PLACEMENT_2D('',#7029,#7030);
#7029 = CARTESIAN_POINT('',(0.,0.));
#7030 = DIRECTION('',(1.,0.));
#7031 = ( GEOMETRIC_REPRESENTATION_CONTEXT(2) 
PARAMETRIC_REPRESENTATION_CONTEXT() REPRESENTATION_CONTEXT('2D SPACE',''
  ) );
#7032 = ORIENTED_EDGE('',*,*,#7033,.F.);
#7033 = EDGE_CURVE('',#3275,#7005,#7034,.T.);
#7034 = SEAM_CURVE('',#7035,(#7039,#7046),.PCURVE_S1.);
#7035 = LINE('',#7036,#7037);
#7036 = CARTESIAN_POINT('',(8.1,-1.983927814619E-15,-356.25));
#7037 = VECTOR('',#7038,1.);
#7038 = DIRECTION('',(0.,0.,1.));
#7039 = PCURVE('',#3291,#7040);
#7040 = DEFINITIONAL_REPRESENTATION('',(#7041),#7045);
#7041 = LINE('',#7042,#7043);
#7042 = CARTESIAN_POINT('',(6.28318530718,-0.));
#7043 = VECTOR('',#7044,1.);
#7044 = DIRECTION('',(0.,1.));
#7045 = ( GEOMETRIC_REPRESENTATION_CONTEXT(2) 
PARAMETRIC_REPRESENTATION_CONTEXT() REPRESENTATION_CONTEXT('2D SPACE',''
  ) );
#7046 = PCURVE('',#3291,#7047);
#7047 = DEFINITIONAL_REPRESENTATION('',(#7048),#7052);
#7048 = LINE('',#7049,#7050);
#7049 = CARTESIAN_POINT('',(0.,-0.));
#7050 = VECTOR('',#7051,1.);
#7051 = DIRECTION('',(0.,1.));
#7052 = ( GEOMETRIC_REPRESENTATION_CONTEXT(2) 
PARAMETRIC_REPRESENTATION_CONTEXT() REPRESENTATION_CONTEXT('2D SPACE',''
  ) );
#7053 = ORIENTED_EDGE('',*,*,#3274,.T.);
#7054 = ORIENTED_EDGE('',*,*,#7033,.T.);
#7055 = ADVANCED_FACE('',(#7056),#3322,.F.);
#7056 = FACE_BOUND('',#7057,.F.);
#7057 = EDGE_LOOP('',(#7058,#7087,#7108,#7109));
#7058 = ORIENTED_EDGE('',*,*,#7059,.F.);
#7059 = EDGE_CURVE('',#7060,#7060,#7062,.T.);
#7060 = VERTEX_POINT('',#7061);
#7061 = CARTESIAN_POINT('',(14.7,-4.163799117101E-16,-352.65));
#7062 = SURFACE_CURVE('',#7063,(#7068,#7075),.PCURVE_S1.);
#7063 = CIRCLE('',#7064,1.7);
#7064 = AXIS2_PLACEMENT_3D('',#7065,#7066,#7067);
#7065 = CARTESIAN_POINT('',(13.,0.,-352.65));
#7066 = DIRECTION('',(0.,0.,1.));
#7067 = DIRECTION('',(1.,0.,-0.));
#7068 = PCURVE('',#3322,#7069);
#7069 = DEFINITIONAL_REPRESENTATION('',(#7070),#7074);
#7070 = LINE('',#7071,#7072);
#7071 = CARTESIAN_POINT('',(0.,3.6));
#7072 = VECTOR('',#7073,1.);
#7073 = DIRECTION('',(1.,0.));
#7074 = ( GEOMETRIC_REPRESENTATION_CONTEXT(2) 
PARAMETRIC_REPRESENTATION_CONTEXT() REPRESENTATION_CONTEXT('2D SPACE',''
  ) );
#7075 = PCURVE('',#7076,#7081);
#7076 = CONICAL_SURFACE('',#7077,1.7,0.785398163397);
#7077 = AXIS2_PLACEMENT_3D('',#7078,#7079,#7080);
#7078 = CARTESIAN_POINT('',(13.,0.,-352.65));
#7079 = DIRECTION('',(0.,0.,1.));
#7080 = DIRECTION('',(1.,0.,-0.));
#7081 = DEFINITIONAL_REPRESENTATION('',(#7082),#7086);
#7082 = LINE('',#7083,#7084);
#7083 = CARTESIAN_POINT('',(0.,0.));
#7084 = VECTOR('',#7085,1.);
#7085 = DIRECTION('',(1.,0.));
#7086 = ( GEOMETRIC_REPRESENTATION_CONTEXT(2) 
PARAMETRIC_REPRESENTATION_CONTEXT() REPRESENTATION_CONTEXT('2D SPACE',''
  ) );
#7087 = ORIENTED_EDGE('',*,*,#7088,.F.);
#7088 = EDGE_CURVE('',#3306,#7060,#7089,.T.);
#7089 = SEAM_CURVE('',#7090,(#7094,#7101),.PCURVE_S1.);
#7090 = LINE('',#7091,#7092);
#7091 = CARTESIAN_POINT('',(14.7,-4.163799117101E-16,-356.25));
#7092 = VECTOR('',#7093,1.);
#7093 = DIRECTION('',(0.,0.,1.));
#7094 = PCURVE('',#3322,#7095);
#7095 = DEFINITIONAL_REPRESENTATION('',(#7096),#7100);
#7096 = LINE('',#7097,#7098);
#7097 = CARTESIAN_POINT('',(6.28318530718,-0.));
#7098 = VECTOR('',#7099,1.);
#7099 = DIRECTION('',(0.,1.));
#7100 = ( GEOMETRIC_REPRESENTATION_CONTEXT(2) 
PARAMETRIC_REPRESENTATION_CONTEXT() REPRESENTATION_CONTEXT('2D SPACE',''
  ) );
#7101 = PCURVE('',#3322,#7102);
#7102 = DEFINITIONAL_REPRESENTATION('',(#7103),#7107);
#7103 = LINE('',#7104,#7105);
#7104 = CARTESIAN_POINT('',(0.,-0.));
#7105 = VECTOR('',#7106,1.);
#7106 = DIRECTION('',(0.,1.));
#7107 = ( GEOMETRIC_REPRESENTATION_CONTEXT(2) 
PARAMETRIC_REPRESENTATION_CONTEXT() REPRESENTATION_CONTEXT('2D SPACE',''
  ) );
#7108 = ORIENTED_EDGE('',*,*,#3305,.T.);
#7109 = ORIENTED_EDGE('',*,*,#7088,.T.);
#7110 = ADVANCED_FACE('',(#7111),#3353,.F.);
#7111 = FACE_BOUND('',#7112,.F.);
#7112 = EDGE_LOOP('',(#7113,#7142,#7163,#7164));
#7113 = ORIENTED_EDGE('',*,*,#7114,.F.);
#7114 = EDGE_CURVE('',#7115,#7115,#7117,.T.);
#7115 = VERTEX_POINT('',#7116);
#7116 = CARTESIAN_POINT('',(1.7,13.,-352.65));
#7117 = SURFACE_CURVE('',#7118,(#7123,#7130),.PCURVE_S1.);
#7118 = CIRCLE('',#7119,1.7);
#7119 = AXIS2_PLACEMENT_3D('',#7120,#7121,#7122);
#7120 = CARTESIAN_POINT('',(0.,13.,-352.65));
#7121 = DIRECTION('',(0.,0.,1.));
#7122 = DIRECTION('',(1.,0.,-0.));
#7123 = PCURVE('',#3353,#7124);
#7124 = DEFINITIONAL_REPRESENTATION('',(#7125),#7129);
#7125 = LINE('',#7126,#7127);
#7126 = CARTESIAN_POINT('',(0.,3.6));
#7127 = VECTOR('',#7128,1.);
#7128 = DIRECTION('',(1.,0.));
#7129 = ( GEOMETRIC_REPRESENTATION_CONTEXT(2) 
PARAMETRIC_REPRESENTATION_CONTEXT() REPRESENTATION_CONTEXT('2D SPACE',''
  ) );
#7130 = PCURVE('',#7131,#7136);
#7131 = CONICAL_SURFACE('',#7132,1.7,0.785398163397);
#7132 = AXIS2_PLACEMENT_3D('',#7133,#7134,#7135);
#7133 = CARTESIAN_POINT('',(0.,13.,-352.65));
#7134 = DIRECTION('',(0.,0.,1.));
#7135 = DIRECTION('',(1.,0.,-0.));
#7136 = DEFINITIONAL_REPRESENTATION('',(#7137),#7141);
#7137 = LINE('',#7138,#7139);
#7138 = CARTESIAN_POINT('',(0.,0.));
#7139 = VECTOR('',#7140,1.);
#7140 = DIRECTION('',(1.,0.));
#7141 = ( GEOMETRIC_REPRESENTATION_CONTEXT(2) 
PARAMETRIC_REPRESENTATION_CONTEXT() REPRESENTATION_CONTEXT('2D SPACE',''
  ) );
#7142 = ORIENTED_EDGE('',*,*,#7143,.F.);
#7143 = EDGE_CURVE('',#3337,#7115,#7144,.T.);
#7144 = SEAM_CURVE('',#7145,(#7149,#7156),.PCURVE_S1.);
#7145 = LINE('',#7146,#7147);
#7146 = CARTESIAN_POINT('',(1.7,13.,-356.25));
#7147 = VECTOR('',#7148,1.);
#7148 = DIRECTION('',(0.,0.,1.));
#7149 = PCURVE('',#3353,#7150);
#7150 = DEFINITIONAL_REPRESENTATION('',(#7151),#7155);
#7151 = LINE('',#7152,#7153);
#7152 = CARTESIAN_POINT('',(6.28318530718,-0.));
#7153 = VECTOR('',#7154,1.);
#7154 = DIRECTION('',(0.,1.));
#7155 = ( GEOMETRIC_REPRESENTATION_CONTEXT(2) 
PARAMETRIC_REPRESENTATION_CONTEXT() REPRESENTATION_CONTEXT('2D SPACE',''
  ) );
#7156 = PCURVE('',#3353,#7157);
#7157 = DEFINITIONAL_REPRESENTATION('',(#7158),#7162);
#7158 = LINE('',#7159,#7160);
#7159 = CARTESIAN_POINT('',(0.,-0.));
#7160 = VECTOR('',#7161,1.);
#7161 = DIRECTION('',(0.,1.));
#7162 = ( GEOMETRIC_REPRESENTATION_CONTEXT(2) 
PARAMETRIC_REPRESENTATION_CONTEXT() REPRESENTATION_CONTEXT('2D SPACE',''
  ) );
#7163 = ORIENTED_EDGE('',*,*,#3336,.T.);
#7164 = ORIENTED_EDGE('',*,*,#7143,.T.);
#7165 = ADVANCED_FACE('',(#7166),#3478,.F.);
#7166 = FACE_BOUND('',#7167,.F.);
#7167 = EDGE_LOOP('',(#7168,#7191,#7212,#7233));
#7168 = ORIENTED_EDGE('',*,*,#7169,.F.);
#7169 = EDGE_CURVE('',#7170,#3462,#7172,.T.);
#7170 = VERTEX_POINT('',#7171);
#7171 = CARTESIAN_POINT('',(11.5,31.,-359.5419007564));
#7172 = SURFACE_CURVE('',#7173,(#7177,#7184),.PCURVE_S1.);
#7173 = LINE('',#7174,#7175);
#7174 = CARTESIAN_POINT('',(11.5,31.,-362.25));
#7175 = VECTOR('',#7176,1.);
#7176 = DIRECTION('',(0.,0.,1.));
#7177 = PCURVE('',#3478,#7178);
#7178 = DEFINITIONAL_REPRESENTATION('',(#7179),#7183);
#7179 = LINE('',#7180,#7181);
#7180 = CARTESIAN_POINT('',(0.,3.));
#7181 = VECTOR('',#7182,1.);
#7182 = DIRECTION('',(1.,0.));
#7183 = ( GEOMETRIC_REPRESENTATION_CONTEXT(2) 
PARAMETRIC_REPRESENTATION_CONTEXT() REPRESENTATION_CONTEXT('2D SPACE',''
  ) );
#7184 = PCURVE('',#3554,#7185);
#7185 = DEFINITIONAL_REPRESENTATION('',(#7186),#7190);
#7186 = LINE('',#7187,#7188);
#7187 = CARTESIAN_POINT('',(0.,0.));
#7188 = VECTOR('',#7189,1.);
#7189 = DIRECTION('',(1.,0.));
#7190 = ( GEOMETRIC_REPRESENTATION_CONTEXT(2) 
PARAMETRIC_REPRESENTATION_CONTEXT() REPRESENTATION_CONTEXT('2D SPACE',''
  ) );
#7191 = ORIENTED_EDGE('',*,*,#7192,.F.);
#7192 = EDGE_CURVE('',#7193,#7170,#7195,.T.);
#7193 = VERTEX_POINT('',#7194);
#7194 = CARTESIAN_POINT('',(8.5,31.,-359.5419007564));
#7195 = SURFACE_CURVE('',#7196,(#7200,#7206),.PCURVE_S1.);
#7196 = LINE('',#7197,#7198);
#7197 = CARTESIAN_POINT('',(-32.5,31.,-359.5419007564));
#7198 = VECTOR('',#7199,1.);
#7199 = DIRECTION('',(1.,0.,2.22044604925E-16));
#7200 = PCURVE('',#3478,#7201);
#7201 = DEFINITIONAL_REPRESENTATION('',(#7202),#7205);
#7202 = B_SPLINE_CURVE_WITH_KNOTS('',1,(#7203,#7204),.UNSPECIFIED.,.F.,
  .F.,(2,2),(40.7,44.3),.PIECEWISE_BEZIER_KNOTS.);
#7203 = CARTESIAN_POINT('',(2.708099243548,-0.3));
#7204 = CARTESIAN_POINT('',(2.708099243548,3.3));
#7205 = ( GEOMETRIC_REPRESENTATION_CONTEXT(2) 
PARAMETRIC_REPRESENTATION_CONTEXT() REPRESENTATION_CONTEXT('2D SPACE',''
  ) );
#7206 = PCURVE('',#6642,#7207);
#7207 = DEFINITIONAL_REPRESENTATION('',(#7208),#7211);
#7208 = B_SPLINE_CURVE_WITH_KNOTS('',1,(#7209,#7210),.UNSPECIFIED.,.F.,
  .F.,(2,2),(40.7,44.3),.PIECEWISE_BEZIER_KNOTS.);
#7209 = CARTESIAN_POINT('',(3.525989428085,40.7));
#7210 = CARTESIAN_POINT('',(3.525989428085,44.3));
#7211 = ( GEOMETRIC_REPRESENTATION_CONTEXT(2) 
PARAMETRIC_REPRESENTATION_CONTEXT() REPRESENTATION_CONTEXT('2D SPACE',''
  ) );
#7212 = ORIENTED_EDGE('',*,*,#7213,.T.);
#7213 = EDGE_CURVE('',#7193,#3464,#7214,.T.);
#7214 = SURFACE_CURVE('',#7215,(#7219,#7226),.PCURVE_S1.);
#7215 = LINE('',#7216,#7217);
#7216 = CARTESIAN_POINT('',(8.5,31.,-362.25));
#7217 = VECTOR('',#7218,1.);
#7218 = DIRECTION('',(0.,0.,1.));
#7219 = PCURVE('',#3478,#7220);
#7220 = DEFINITIONAL_REPRESENTATION('',(#7221),#7225);
#7221 = LINE('',#7222,#7223);
#7222 = CARTESIAN_POINT('',(0.,0.));
#7223 = VECTOR('',#7224,1.);
#7224 = DIRECTION('',(1.,0.));
#7225 = ( GEOMETRIC_REPRESENTATION_CONTEXT(2) 
PARAMETRIC_REPRESENTATION_CONTEXT() REPRESENTATION_CONTEXT('2D SPACE',''
  ) );
#7226 = PCURVE('',#3504,#7227);
#7227 = DEFINITIONAL_REPRESENTATION('',(#7228),#7232);
#7228 = LINE('',#7229,#7230);
#7229 = CARTESIAN_POINT('',(0.,0.));
#7230 = VECTOR('',#7231,1.);
#7231 = DIRECTION('',(1.,0.));
#7232 = ( GEOMETRIC_REPRESENTATION_CONTEXT(2) 
PARAMETRIC_REPRESENTATION_CONTEXT() REPRESENTATION_CONTEXT('2D SPACE',''
  ) );
#7233 = ORIENTED_EDGE('',*,*,#3461,.F.);
#7234 = ADVANCED_FACE('',(#7235),#3554,.T.);
#7235 = FACE_BOUND('',#7236,.T.);
#7236 = EDGE_LOOP('',(#7237,#7238,#7262,#7283));
#7237 = ORIENTED_EDGE('',*,*,#7169,.F.);
#7238 = ORIENTED_EDGE('',*,*,#7239,.F.);
#7239 = EDGE_CURVE('',#7240,#7170,#7242,.T.);
#7240 = VERTEX_POINT('',#7241);
#7241 = CARTESIAN_POINT('',(11.5,34.,-359.5419007564));
#7242 = SURFACE_CURVE('',#7243,(#7248,#7255),.PCURVE_S1.);
#7243 = CIRCLE('',#7244,4.);
#7244 = AXIS2_PLACEMENT_3D('',#7245,#7246,#7247);
#7245 = CARTESIAN_POINT('',(11.5,32.5,-363.25));
#7246 = DIRECTION('',(1.,0.,2.22044604925E-16));
#7247 = DIRECTION('',(2.22044604925E-16,0.,-1.));
#7248 = PCURVE('',#3554,#7249);
#7249 = DEFINITIONAL_REPRESENTATION('',(#7250),#7254);
#7250 = CIRCLE('',#7251,4.);
#7251 = AXIS2_PLACEMENT_2D('',#7252,#7253);
#7252 = CARTESIAN_POINT('',(-1.,-1.5));
#7253 = DIRECTION('',(-1.,0.));
#7254 = ( GEOMETRIC_REPRESENTATION_CONTEXT(2) 
PARAMETRIC_REPRESENTATION_CONTEXT() REPRESENTATION_CONTEXT('2D SPACE',''
  ) );
#7255 = PCURVE('',#6642,#7256);
#7256 = DEFINITIONAL_REPRESENTATION('',(#7257),#7261);
#7257 = LINE('',#7258,#7259);
#7258 = CARTESIAN_POINT('',(0.,44.));
#7259 = VECTOR('',#7260,1.);
#7260 = DIRECTION('',(1.,0.));
#7261 = ( GEOMETRIC_REPRESENTATION_CONTEXT(2) 
PARAMETRIC_REPRESENTATION_CONTEXT() REPRESENTATION_CONTEXT('2D SPACE',''
  ) );
#7262 = ORIENTED_EDGE('',*,*,#7263,.T.);
#7263 = EDGE_CURVE('',#7240,#3516,#7264,.T.);
#7264 = SURFACE_CURVE('',#7265,(#7269,#7276),.PCURVE_S1.);
#7265 = LINE('',#7266,#7267);
#7266 = CARTESIAN_POINT('',(11.5,34.,-362.25));
#7267 = VECTOR('',#7268,1.);
#7268 = DIRECTION('',(0.,0.,1.));
#7269 = PCURVE('',#3554,#7270);
#7270 = DEFINITIONAL_REPRESENTATION('',(#7271),#7275);
#7271 = LINE('',#7272,#7273);
#7272 = CARTESIAN_POINT('',(0.,-3.));
#7273 = VECTOR('',#7274,1.);
#7274 = DIRECTION('',(1.,0.));
#7275 = ( GEOMETRIC_REPRESENTATION_CONTEXT(2) 
PARAMETRIC_REPRESENTATION_CONTEXT() REPRESENTATION_CONTEXT('2D SPACE',''
  ) );
#7276 = PCURVE('',#3530,#7277);
#7277 = DEFINITIONAL_REPRESENTATION('',(#7278),#7282);
#7278 = LINE('',#7279,#7280);
#7279 = CARTESIAN_POINT('',(0.,3.));
#7280 = VECTOR('',#7281,1.);
#7281 = DIRECTION('',(1.,0.));
#7282 = ( GEOMETRIC_REPRESENTATION_CONTEXT(2) 
PARAMETRIC_REPRESENTATION_CONTEXT() REPRESENTATION_CONTEXT('2D SPACE',''
  ) );
#7283 = ORIENTED_EDGE('',*,*,#3541,.F.);
#7284 = ADVANCED_FACE('',(#7285),#3504,.F.);
#7285 = FACE_BOUND('',#7286,.F.);
#7286 = EDGE_LOOP('',(#7287,#7288,#7312,#7333));
#7287 = ORIENTED_EDGE('',*,*,#7213,.F.);
#7288 = ORIENTED_EDGE('',*,*,#7289,.F.);
#7289 = EDGE_CURVE('',#7290,#7193,#7292,.T.);
#7290 = VERTEX_POINT('',#7291);
#7291 = CARTESIAN_POINT('',(8.5,34.,-359.5419007564));
#7292 = SURFACE_CURVE('',#7293,(#7298,#7305),.PCURVE_S1.);
#7293 = CIRCLE('',#7294,4.);
#7294 = AXIS2_PLACEMENT_3D('',#7295,#7296,#7297);
#7295 = CARTESIAN_POINT('',(8.5,32.5,-363.25));
#7296 = DIRECTION('',(1.,0.,2.22044604925E-16));
#7297 = DIRECTION('',(2.22044604925E-16,0.,-1.));
#7298 = PCURVE('',#3504,#7299);
#7299 = DEFINITIONAL_REPRESENTATION('',(#7300),#7304);
#7300 = CIRCLE('',#7301,4.);
#7301 = AXIS2_PLACEMENT_2D('',#7302,#7303);
#7302 = CARTESIAN_POINT('',(-1.,-1.5));
#7303 = DIRECTION('',(-1.,0.));
#7304 = ( GEOMETRIC_REPRESENTATION_CONTEXT(2) 
PARAMETRIC_REPRESENTATION_CONTEXT() REPRESENTATION_CONTEXT('2D SPACE',''
  ) );
#7305 = PCURVE('',#6642,#7306);
#7306 = DEFINITIONAL_REPRESENTATION('',(#7307),#7311);
#7307 = LINE('',#7308,#7309);
#7308 = CARTESIAN_POINT('',(0.,41.));
#7309 = VECTOR('',#7310,1.);
#7310 = DIRECTION('',(1.,0.));
#7311 = ( GEOMETRIC_REPRESENTATION_CONTEXT(2) 
PARAMETRIC_REPRESENTATION_CONTEXT() REPRESENTATION_CONTEXT('2D SPACE',''
  ) );
#7312 = ORIENTED_EDGE('',*,*,#7313,.T.);
#7313 = EDGE_CURVE('',#7290,#3490,#7314,.T.);
#7314 = SURFACE_CURVE('',#7315,(#7319,#7326),.PCURVE_S1.);
#7315 = LINE('',#7316,#7317);
#7316 = CARTESIAN_POINT('',(8.5,34.,-362.25));
#7317 = VECTOR('',#7318,1.);
#7318 = DIRECTION('',(0.,0.,1.));
#7319 = PCURVE('',#3504,#7320);
#7320 = DEFINITIONAL_REPRESENTATION('',(#7321),#7325);
#7321 = LINE('',#7322,#7323);
#7322 = CARTESIAN_POINT('',(0.,-3.));
#7323 = VECTOR('',#7324,1.);
#7324 = DIRECTION('',(1.,0.));
#7325 = ( GEOMETRIC_REPRESENTATION_CONTEXT(2) 
PARAMETRIC_REPRESENTATION_CONTEXT() REPRESENTATION_CONTEXT('2D SPACE',''
  ) );
#7326 = PCURVE('',#3530,#7327);
#7327 = DEFINITIONAL_REPRESENTATION('',(#7328),#7332);
#7328 = LINE('',#7329,#7330);
#7329 = CARTESIAN_POINT('',(0.,0.));
#7330 = VECTOR('',#7331,1.);
#7331 = DIRECTION('',(1.,0.));
#7332 = ( GEOMETRIC_REPRESENTATION_CONTEXT(2) 
PARAMETRIC_REPRESENTATION_CONTEXT() REPRESENTATION_CONTEXT('2D SPACE',''
  ) );
#7333 = ORIENTED_EDGE('',*,*,#3489,.F.);
#7334 = ADVANCED_FACE('',(#7335),#3530,.T.);
#7335 = FACE_BOUND('',#7336,.T.);
#7336 = EDGE_LOOP('',(#7337,#7338,#7357,#7358));
#7337 = ORIENTED_EDGE('',*,*,#7263,.F.);
#7338 = ORIENTED_EDGE('',*,*,#7339,.F.);
#7339 = EDGE_CURVE('',#7290,#7240,#7340,.T.);
#7340 = SURFACE_CURVE('',#7341,(#7345,#7351),.PCURVE_S1.);
#7341 = LINE('',#7342,#7343);
#7342 = CARTESIAN_POINT('',(-32.5,34.,-359.5419007564));
#7343 = VECTOR('',#7344,1.);
#7344 = DIRECTION('',(1.,0.,2.22044604925E-16));
#7345 = PCURVE('',#3530,#7346);
#7346 = DEFINITIONAL_REPRESENTATION('',(#7347),#7350);
#7347 = B_SPLINE_CURVE_WITH_KNOTS('',1,(#7348,#7349),.UNSPECIFIED.,.F.,
  .F.,(2,2),(40.7,44.3),.PIECEWISE_BEZIER_KNOTS.);
#7348 = CARTESIAN_POINT('',(2.708099243548,-0.3));
#7349 = CARTESIAN_POINT('',(2.708099243548,3.3));
#7350 = ( GEOMETRIC_REPRESENTATION_CONTEXT(2) 
PARAMETRIC_REPRESENTATION_CONTEXT() REPRESENTATION_CONTEXT('2D SPACE',''
  ) );
#7351 = PCURVE('',#6642,#7352);
#7352 = DEFINITIONAL_REPRESENTATION('',(#7353),#7356);
#7353 = B_SPLINE_CURVE_WITH_KNOTS('',1,(#7354,#7355),.UNSPECIFIED.,.F.,
  .F.,(2,2),(40.7,44.3),.PIECEWISE_BEZIER_KNOTS.);
#7354 = CARTESIAN_POINT('',(2.757195879094,40.7));
#7355 = CARTESIAN_POINT('',(2.757195879094,44.3));
#7356 = ( GEOMETRIC_REPRESENTATION_CONTEXT(2) 
PARAMETRIC_REPRESENTATION_CONTEXT() REPRESENTATION_CONTEXT('2D SPACE',''
  ) );
#7357 = ORIENTED_EDGE('',*,*,#7313,.T.);
#7358 = ORIENTED_EDGE('',*,*,#3515,.F.);
#7359 = ADVANCED_FACE('',(#7360),#3585,.T.);
#7360 = FACE_BOUND('',#7361,.T.);
#7361 = EDGE_LOOP('',(#7362,#7385,#7386,#7409));
#7362 = ORIENTED_EDGE('',*,*,#7363,.F.);
#7363 = EDGE_CURVE('',#3568,#7364,#7366,.T.);
#7364 = VERTEX_POINT('',#7365);
#7365 = CARTESIAN_POINT('',(-2.5,40.,-352.75));
#7366 = SURFACE_CURVE('',#7367,(#7371,#7378),.PCURVE_S1.);
#7367 = LINE('',#7368,#7369);
#7368 = CARTESIAN_POINT('',(-2.5,40.,-355.25));
#7369 = VECTOR('',#7370,1.);
#7370 = DIRECTION('',(0.,0.,1.));
#7371 = PCURVE('',#3585,#7372);
#7372 = DEFINITIONAL_REPRESENTATION('',(#7373),#7377);
#7373 = LINE('',#7374,#7375);
#7374 = CARTESIAN_POINT('',(0.,0.));
#7375 = VECTOR('',#7376,1.);
#7376 = DIRECTION('',(1.,0.));
#7377 = ( GEOMETRIC_REPRESENTATION_CONTEXT(2) 
PARAMETRIC_REPRESENTATION_CONTEXT() REPRESENTATION_CONTEXT('2D SPACE',''
  ) );
#7378 = PCURVE('',#3667,#7379);
#7379 = DEFINITIONAL_REPRESENTATION('',(#7380),#7384);
#7380 = LINE('',#7381,#7382);
#7381 = CARTESIAN_POINT('',(0.,0.));
#7382 = VECTOR('',#7383,1.);
#7383 = DIRECTION('',(1.,0.));
#7384 = ( GEOMETRIC_REPRESENTATION_CONTEXT(2) 
PARAMETRIC_REPRESENTATION_CONTEXT() REPRESENTATION_CONTEXT('2D SPACE',''
  ) );
#7385 = ORIENTED_EDGE('',*,*,#3567,.T.);
#7386 = ORIENTED_EDGE('',*,*,#7387,.T.);
#7387 = EDGE_CURVE('',#3570,#7388,#7390,.T.);
#7388 = VERTEX_POINT('',#7389);
#7389 = CARTESIAN_POINT('',(-2.5,45.,-352.75));
#7390 = SURFACE_CURVE('',#7391,(#7395,#7402),.PCURVE_S1.);
#7391 = LINE('',#7392,#7393);
#7392 = CARTESIAN_POINT('',(-2.5,45.,-355.25));
#7393 = VECTOR('',#7394,1.);
#7394 = DIRECTION('',(0.,0.,1.));
#7395 = PCURVE('',#3585,#7396);
#7396 = DEFINITIONAL_REPRESENTATION('',(#7397),#7401);
#7397 = LINE('',#7398,#7399);
#7398 = CARTESIAN_POINT('',(0.,-5.));
#7399 = VECTOR('',#7400,1.);
#7400 = DIRECTION('',(1.,0.));
#7401 = ( GEOMETRIC_REPRESENTATION_CONTEXT(2) 
PARAMETRIC_REPRESENTATION_CONTEXT() REPRESENTATION_CONTEXT('2D SPACE',''
  ) );
#7402 = PCURVE('',#3613,#7403);
#7403 = DEFINITIONAL_REPRESENTATION('',(#7404),#7408);
#7404 = LINE('',#7405,#7406);
#7405 = CARTESIAN_POINT('',(0.,0.));
#7406 = VECTOR('',#7407,1.);
#7407 = DIRECTION('',(1.,0.));
#7408 = ( GEOMETRIC_REPRESENTATION_CONTEXT(2) 
PARAMETRIC_REPRESENTATION_CONTEXT() REPRESENTATION_CONTEXT('2D SPACE',''
  ) );
#7409 = ORIENTED_EDGE('',*,*,#7410,.F.);
#7410 = EDGE_CURVE('',#7364,#7388,#7411,.T.);
#7411 = SURFACE_CURVE('',#7412,(#7416,#7423),.PCURVE_S1.);
#7412 = LINE('',#7413,#7414);
#7413 = CARTESIAN_POINT('',(-2.5,40.,-352.75));
#7414 = VECTOR('',#7415,1.);
#7415 = DIRECTION('',(-0.,1.,0.));
#7416 = PCURVE('',#3585,#7417);
#7417 = DEFINITIONAL_REPRESENTATION('',(#7418),#7422);
#7418 = LINE('',#7419,#7420);
#7419 = CARTESIAN_POINT('',(2.5,0.));
#7420 = VECTOR('',#7421,1.);
#7421 = DIRECTION('',(0.,-1.));
#7422 = ( GEOMETRIC_REPRESENTATION_CONTEXT(2) 
PARAMETRIC_REPRESENTATION_CONTEXT() REPRESENTATION_CONTEXT('2D SPACE',''
  ) );
#7423 = PCURVE('',#7424,#7429);
#7424 = PLANE('',#7425);
#7425 = AXIS2_PLACEMENT_3D('',#7426,#7427,#7428);
#7426 = CARTESIAN_POINT('',(-2.5,40.,-352.75));
#7427 = DIRECTION('',(0.,0.,1.));
#7428 = DIRECTION('',(1.,0.,-0.));
#7429 = DEFINITIONAL_REPRESENTATION('',(#7430),#7434);
#7430 = LINE('',#7431,#7432);
#7431 = CARTESIAN_POINT('',(0.,0.));
#7432 = VECTOR('',#7433,1.);
#7433 = DIRECTION('',(0.,1.));
#7434 = ( GEOMETRIC_REPRESENTATION_CONTEXT(2) 
PARAMETRIC_REPRESENTATION_CONTEXT() REPRESENTATION_CONTEXT('2D SPACE',''
  ) );
#7435 = ADVANCED_FACE('',(#7436),#3613,.F.);
#7436 = FACE_BOUND('',#7437,.F.);
#7437 = EDGE_LOOP('',(#7438,#7439,#7440,#7463));
#7438 = ORIENTED_EDGE('',*,*,#3597,.F.);
#7439 = ORIENTED_EDGE('',*,*,#7387,.T.);
#7440 = ORIENTED_EDGE('',*,*,#7441,.T.);
#7441 = EDGE_CURVE('',#7388,#7442,#7444,.T.);
#7442 = VERTEX_POINT('',#7443);
#7443 = CARTESIAN_POINT('',(2.5,45.,-352.75));
#7444 = SURFACE_CURVE('',#7445,(#7449,#7456),.PCURVE_S1.);
#7445 = LINE('',#7446,#7447);
#7446 = CARTESIAN_POINT('',(-2.5,45.,-352.75));
#7447 = VECTOR('',#7448,1.);
#7448 = DIRECTION('',(1.,0.,-0.));
#7449 = PCURVE('',#3613,#7450);
#7450 = DEFINITIONAL_REPRESENTATION('',(#7451),#7455);
#7451 = LINE('',#7452,#7453);
#7452 = CARTESIAN_POINT('',(2.5,0.));
#7453 = VECTOR('',#7454,1.);
#7454 = DIRECTION('',(0.,1.));
#7455 = ( GEOMETRIC_REPRESENTATION_CONTEXT(2) 
PARAMETRIC_REPRESENTATION_CONTEXT() REPRESENTATION_CONTEXT('2D SPACE',''
  ) );
#7456 = PCURVE('',#7424,#7457);
#7457 = DEFINITIONAL_REPRESENTATION('',(#7458),#7462);
#7458 = LINE('',#7459,#7460);
#7459 = CARTESIAN_POINT('',(0.,5.));
#7460 = VECTOR('',#7461,1.);
#7461 = DIRECTION('',(1.,0.));
#7462 = ( GEOMETRIC_REPRESENTATION_CONTEXT(2) 
PARAMETRIC_REPRESENTATION_CONTEXT() REPRESENTATION_CONTEXT('2D SPACE',''
  ) );
#7463 = ORIENTED_EDGE('',*,*,#7464,.F.);
#7464 = EDGE_CURVE('',#3598,#7442,#7465,.T.);
#7465 = SURFACE_CURVE('',#7466,(#7470,#7477),.PCURVE_S1.);
#7466 = LINE('',#7467,#7468);
#7467 = CARTESIAN_POINT('',(2.5,45.,-355.25));
#7468 = VECTOR('',#7469,1.);
#7469 = DIRECTION('',(0.,0.,1.));
#7470 = PCURVE('',#3613,#7471);
#7471 = DEFINITIONAL_REPRESENTATION('',(#7472),#7476);
#7472 = LINE('',#7473,#7474);
#7473 = CARTESIAN_POINT('',(0.,5.));
#7474 = VECTOR('',#7475,1.);
#7475 = DIRECTION('',(1.,0.));
#7476 = ( GEOMETRIC_REPRESENTATION_CONTEXT(2) 
PARAMETRIC_REPRESENTATION_CONTEXT() REPRESENTATION_CONTEXT('2D SPACE',''
  ) );
#7477 = PCURVE('',#3641,#7478);
#7478 = DEFINITIONAL_REPRESENTATION('',(#7479),#7483);
#7479 = LINE('',#7480,#7481);
#7480 = CARTESIAN_POINT('',(0.,-5.));
#7481 = VECTOR('',#7482,1.);
#7482 = DIRECTION('',(1.,0.));
#7483 = ( GEOMETRIC_REPRESENTATION_CONTEXT(2) 
PARAMETRIC_REPRESENTATION_CONTEXT() REPRESENTATION_CONTEXT('2D SPACE',''
  ) );
#7484 = ADVANCED_FACE('',(#7485),#3667,.T.);
#7485 = FACE_BOUND('',#7486,.T.);
#7486 = EDGE_LOOP('',(#7487,#7488,#7489,#7512));
#7487 = ORIENTED_EDGE('',*,*,#3653,.F.);
#7488 = ORIENTED_EDGE('',*,*,#7363,.T.);
#7489 = ORIENTED_EDGE('',*,*,#7490,.T.);
#7490 = EDGE_CURVE('',#7364,#7491,#7493,.T.);
#7491 = VERTEX_POINT('',#7492);
#7492 = CARTESIAN_POINT('',(2.5,40.,-352.75));
#7493 = SURFACE_CURVE('',#7494,(#7498,#7505),.PCURVE_S1.);
#7494 = LINE('',#7495,#7496);
#7495 = CARTESIAN_POINT('',(-2.5,40.,-352.75));
#7496 = VECTOR('',#7497,1.);
#7497 = DIRECTION('',(1.,0.,-0.));
#7498 = PCURVE('',#3667,#7499);
#7499 = DEFINITIONAL_REPRESENTATION('',(#7500),#7504);
#7500 = LINE('',#7501,#7502);
#7501 = CARTESIAN_POINT('',(2.5,0.));
#7502 = VECTOR('',#7503,1.);
#7503 = DIRECTION('',(0.,1.));
#7504 = ( GEOMETRIC_REPRESENTATION_CONTEXT(2) 
PARAMETRIC_REPRESENTATION_CONTEXT() REPRESENTATION_CONTEXT('2D SPACE',''
  ) );
#7505 = PCURVE('',#7424,#7506);
#7506 = DEFINITIONAL_REPRESENTATION('',(#7507),#7511);
#7507 = LINE('',#7508,#7509);
#7508 = CARTESIAN_POINT('',(0.,0.));
#7509 = VECTOR('',#7510,1.);
#7510 = DIRECTION('',(1.,0.));
#7511 = ( GEOMETRIC_REPRESENTATION_CONTEXT(2) 
PARAMETRIC_REPRESENTATION_CONTEXT() REPRESENTATION_CONTEXT('2D SPACE',''
  ) );
#7512 = ORIENTED_EDGE('',*,*,#7513,.F.);
#7513 = EDGE_CURVE('',#3626,#7491,#7514,.T.);
#7514 = SURFACE_CURVE('',#7515,(#7519,#7526),.PCURVE_S1.);
#7515 = LINE('',#7516,#7517);
#7516 = CARTESIAN_POINT('',(2.5,40.,-355.25));
#7517 = VECTOR('',#7518,1.);
#7518 = DIRECTION('',(0.,0.,1.));
#7519 = PCURVE('',#3667,#7520);
#7520 = DEFINITIONAL_REPRESENTATION('',(#7521),#7525);
#7521 = LINE('',#7522,#7523);
#7522 = CARTESIAN_POINT('',(0.,5.));
#7523 = VECTOR('',#7524,1.);
#7524 = DIRECTION('',(1.,0.));
#7525 = ( GEOMETRIC_REPRESENTATION_CONTEXT(2) 
PARAMETRIC_REPRESENTATION_CONTEXT() REPRESENTATION_CONTEXT('2D SPACE',''
  ) );
#7526 = PCURVE('',#3641,#7527);
#7527 = DEFINITIONAL_REPRESENTATION('',(#7528),#7532);
#7528 = LINE('',#7529,#7530);
#7529 = CARTESIAN_POINT('',(0.,0.));
#7530 = VECTOR('',#7531,1.);
#7531 = DIRECTION('',(1.,0.));
#7532 = ( GEOMETRIC_REPRESENTATION_CONTEXT(2) 
PARAMETRIC_REPRESENTATION_CONTEXT() REPRESENTATION_CONTEXT('2D SPACE',''
  ) );
#7533 = ADVANCED_FACE('',(#7534),#3641,.F.);
#7534 = FACE_BOUND('',#7535,.F.);
#7535 = EDGE_LOOP('',(#7536,#7537,#7538,#7539));
#7536 = ORIENTED_EDGE('',*,*,#7513,.F.);
#7537 = ORIENTED_EDGE('',*,*,#3625,.T.);
#7538 = ORIENTED_EDGE('',*,*,#7464,.T.);
#7539 = ORIENTED_EDGE('',*,*,#7540,.F.);
#7540 = EDGE_CURVE('',#7491,#7442,#7541,.T.);
#7541 = SURFACE_CURVE('',#7542,(#7546,#7553),.PCURVE_S1.);
#7542 = LINE('',#7543,#7544);
#7543 = CARTESIAN_POINT('',(2.5,40.,-352.75));
#7544 = VECTOR('',#7545,1.);
#7545 = DIRECTION('',(-0.,1.,0.));
#7546 = PCURVE('',#3641,#7547);
#7547 = DEFINITIONAL_REPRESENTATION('',(#7548),#7552);
#7548 = LINE('',#7549,#7550);
#7549 = CARTESIAN_POINT('',(2.5,0.));
#7550 = VECTOR('',#7551,1.);
#7551 = DIRECTION('',(0.,-1.));
#7552 = ( GEOMETRIC_REPRESENTATION_CONTEXT(2) 
PARAMETRIC_REPRESENTATION_CONTEXT() REPRESENTATION_CONTEXT('2D SPACE',''
  ) );
#7553 = PCURVE('',#7424,#7554);
#7554 = DEFINITIONAL_REPRESENTATION('',(#7555),#7559);
#7555 = LINE('',#7556,#7557);
#7556 = CARTESIAN_POINT('',(5.,0.));
#7557 = VECTOR('',#7558,1.);
#7558 = DIRECTION('',(0.,1.));
#7559 = ( GEOMETRIC_REPRESENTATION_CONTEXT(2) 
PARAMETRIC_REPRESENTATION_CONTEXT() REPRESENTATION_CONTEXT('2D SPACE',''
  ) );
#7560 = ADVANCED_FACE('',(#7561),#4547,.T.);
#7561 = FACE_BOUND('',#7562,.T.);
#7562 = EDGE_LOOP('',(#7563,#7564,#7565));
#7563 = ORIENTED_EDGE('',*,*,#6294,.T.);
#7564 = ORIENTED_EDGE('',*,*,#4582,.F.);
#7565 = ORIENTED_EDGE('',*,*,#4530,.F.);
#7566 = ADVANCED_FACE('',(#7567),#4646,.T.);
#7567 = FACE_BOUND('',#7568,.T.);
#7568 = EDGE_LOOP('',(#7569,#7570,#7571));
#7569 = ORIENTED_EDGE('',*,*,#4732,.F.);
#7570 = ORIENTED_EDGE('',*,*,#6317,.T.);
#7571 = ORIENTED_EDGE('',*,*,#4629,.T.);
#7572 = ADVANCED_FACE('',(#7573,#7576),#4796,.T.);
#7573 = FACE_BOUND('',#7574,.T.);
#7574 = EDGE_LOOP('',(#7575));
#7575 = ORIENTED_EDGE('',*,*,#4781,.T.);
#7576 = FACE_BOUND('',#7577,.T.);
#7577 = EDGE_LOOP('',(#7578));
#7578 = ORIENTED_EDGE('',*,*,#7579,.F.);
#7579 = EDGE_CURVE('',#7580,#7580,#7582,.T.);
#7580 = VERTEX_POINT('',#7581);
#7581 = CARTESIAN_POINT('',(16.7,-4.090320309152E-15,-352.255));
#7582 = SURFACE_CURVE('',#7583,(#7588,#7595),.PCURVE_S1.);
#7583 = CIRCLE('',#7584,16.7);
#7584 = AXIS2_PLACEMENT_3D('',#7585,#7586,#7587);
#7585 = CARTESIAN_POINT('',(0.,0.,-352.255));
#7586 = DIRECTION('',(0.,0.,1.));
#7587 = DIRECTION('',(1.,0.,-0.));
#7588 = PCURVE('',#4796,#7589);
#7589 = DEFINITIONAL_REPRESENTATION('',(#7590),#7594);
#7590 = CIRCLE('',#7591,16.7);
#7591 = AXIS2_PLACEMENT_2D('',#7592,#7593);
#7592 = CARTESIAN_POINT('',(0.,0.));
#7593 = DIRECTION('',(1.,0.));
#7594 = ( GEOMETRIC_REPRESENTATION_CONTEXT(2) 
PARAMETRIC_REPRESENTATION_CONTEXT() REPRESENTATION_CONTEXT('2D SPACE',''
  ) );
#7595 = PCURVE('',#7596,#7601);
#7596 = CYLINDRICAL_SURFACE('',#7597,16.7);
#7597 = AXIS2_PLACEMENT_3D('',#7598,#7599,#7600);
#7598 = CARTESIAN_POINT('',(0.,0.,-353.25));
#7599 = DIRECTION('',(0.,0.,1.));
#7600 = DIRECTION('',(1.,0.,-0.));
#7601 = DEFINITIONAL_REPRESENTATION('',(#7602),#7606);
#7602 = LINE('',#7603,#7604);
#7603 = CARTESIAN_POINT('',(0.,0.995));
#7604 = VECTOR('',#7605,1.);
#7605 = DIRECTION('',(1.,0.));
#7606 = ( GEOMETRIC_REPRESENTATION_CONTEXT(2) 
PARAMETRIC_REPRESENTATION_CONTEXT() REPRESENTATION_CONTEXT('2D SPACE',''
  ) );
#7607 = ADVANCED_FACE('',(#7608),#4851,.F.);
#7608 = FACE_BOUND('',#7609,.F.);
#7609 = EDGE_LOOP('',(#7610,#7633,#7634,#7635));
#7610 = ORIENTED_EDGE('',*,*,#7611,.T.);
#7611 = EDGE_CURVE('',#7612,#4814,#7614,.T.);
#7612 = VERTEX_POINT('',#7613);
#7613 = CARTESIAN_POINT('',(40.,-1.959434878636E-15,-354.25));
#7614 = SEAM_CURVE('',#7615,(#7619,#7626),.PCURVE_S1.);
#7615 = LINE('',#7616,#7617);
#7616 = CARTESIAN_POINT('',(40.,-1.959434878636E-15,-356.25));
#7617 = VECTOR('',#7618,1.);
#7618 = DIRECTION('',(0.,0.,1.));
#7619 = PCURVE('',#4851,#7620);
#7620 = DEFINITIONAL_REPRESENTATION('',(#7621),#7625);
#7621 = LINE('',#7622,#7623);
#7622 = CARTESIAN_POINT('',(6.28318530718,-0.));
#7623 = VECTOR('',#7624,1.);
#7624 = DIRECTION('',(0.,1.));
#7625 = ( GEOMETRIC_REPRESENTATION_CONTEXT(2) 
PARAMETRIC_REPRESENTATION_CONTEXT() REPRESENTATION_CONTEXT('2D SPACE',''
  ) );
#7626 = PCURVE('',#4851,#7627);
#7627 = DEFINITIONAL_REPRESENTATION('',(#7628),#7632);
#7628 = LINE('',#7629,#7630);
#7629 = CARTESIAN_POINT('',(0.,-0.));
#7630 = VECTOR('',#7631,1.);
#7631 = DIRECTION('',(0.,1.));
#7632 = ( GEOMETRIC_REPRESENTATION_CONTEXT(2) 
PARAMETRIC_REPRESENTATION_CONTEXT() REPRESENTATION_CONTEXT('2D SPACE',''
  ) );
#7633 = ORIENTED_EDGE('',*,*,#4836,.F.);
#7634 = ORIENTED_EDGE('',*,*,#7611,.F.);
#7635 = ORIENTED_EDGE('',*,*,#7636,.T.);
#7636 = EDGE_CURVE('',#7612,#7612,#7637,.T.);
#7637 = SURFACE_CURVE('',#7638,(#7643,#7650),.PCURVE_S1.);
#7638 = CIRCLE('',#7639,8.);
#7639 = AXIS2_PLACEMENT_3D('',#7640,#7641,#7642);
#7640 = CARTESIAN_POINT('',(32.,0.,-354.25));
#7641 = DIRECTION('',(0.,0.,1.));
#7642 = DIRECTION('',(1.,0.,-0.));
#7643 = PCURVE('',#4851,#7644);
#7644 = DEFINITIONAL_REPRESENTATION('',(#7645),#7649);
#7645 = LINE('',#7646,#7647);
#7646 = CARTESIAN_POINT('',(0.,2.));
#7647 = VECTOR('',#7648,1.);
#7648 = DIRECTION('',(1.,0.));
#7649 = ( GEOMETRIC_REPRESENTATION_CONTEXT(2) 
PARAMETRIC_REPRESENTATION_CONTEXT() REPRESENTATION_CONTEXT('2D SPACE',''
  ) );
#7650 = PCURVE('',#7651,#7656);
#7651 = PLANE('',#7652);
#7652 = AXIS2_PLACEMENT_3D('',#7653,#7654,#7655);
#7653 = CARTESIAN_POINT('',(32.,0.,-354.25));
#7654 = DIRECTION('',(0.,0.,1.));
#7655 = DIRECTION('',(1.,0.,-0.));
#7656 = DEFINITIONAL_REPRESENTATION('',(#7657),#7661);
#7657 = CIRCLE('',#7658,8.);
#7658 = AXIS2_PLACEMENT_2D('',#7659,#7660);
#7659 = CARTESIAN_POINT('',(0.,0.));
#7660 = DIRECTION('',(1.,0.));
#7661 = ( GEOMETRIC_REPRESENTATION_CONTEXT(2) 
PARAMETRIC_REPRESENTATION_CONTEXT() REPRESENTATION_CONTEXT('2D SPACE',''
  ) );
#7662 = ADVANCED_FACE('',(#7663,#8187,#8193),#5005,.T.);
#7663 = FACE_BOUND('',#7664,.T.);
#7664 = EDGE_LOOP('',(#7665,#7696,#7737,#7760,#7801,#7837,#7860,#7896,
    #7932,#7959,#7960,#7996,#8046,#8082,#8118,#8152,#8153));
#7665 = ORIENTED_EDGE('',*,*,#7666,.F.);
#7666 = EDGE_CURVE('',#7667,#7669,#7671,.T.);
#7667 = VERTEX_POINT('',#7668);
#7668 = CARTESIAN_POINT('',(14.,-28.5,-363.25));
#7669 = VERTEX_POINT('',#7670);
#7670 = CARTESIAN_POINT('',(14.,-36.5,-363.25));
#7671 = SURFACE_CURVE('',#7672,(#7677,#7684),.PCURVE_S1.);
#7672 = CIRCLE('',#7673,4.);
#7673 = AXIS2_PLACEMENT_3D('',#7674,#7675,#7676);
#7674 = CARTESIAN_POINT('',(14.,-32.5,-363.25));
#7675 = DIRECTION('',(1.,-0.,2.22044604925E-16));
#7676 = DIRECTION('',(2.22044604925E-16,0.,-1.));
#7677 = PCURVE('',#5005,#7678);
#7678 = DEFINITIONAL_REPRESENTATION('',(#7679),#7683);
#7679 = LINE('',#7680,#7681);
#7680 = CARTESIAN_POINT('',(0.,46.5));
#7681 = VECTOR('',#7682,1.);
#7682 = DIRECTION('',(1.,0.));
#7683 = ( GEOMETRIC_REPRESENTATION_CONTEXT(2) 
PARAMETRIC_REPRESENTATION_CONTEXT() REPRESENTATION_CONTEXT('2D SPACE',''
  ) );
#7684 = PCURVE('',#7685,#7690);
#7685 = PLANE('',#7686);
#7686 = AXIS2_PLACEMENT_3D('',#7687,#7688,#7689);
#7687 = CARTESIAN_POINT('',(14.,-32.5,-363.25));
#7688 = DIRECTION('',(1.,0.,2.22044604925E-16));
#7689 = DIRECTION('',(2.22044604925E-16,0.,-1.));
#7690 = DEFINITIONAL_REPRESENTATION('',(#7691),#7695);
#7691 = CIRCLE('',#7692,4.);
#7692 = AXIS2_PLACEMENT_2D('',#7693,#7694);
#7693 = CARTESIAN_POINT('',(0.,0.));
#7694 = DIRECTION('',(1.,0.));
#7695 = ( GEOMETRIC_REPRESENTATION_CONTEXT(2) 
PARAMETRIC_REPRESENTATION_CONTEXT() REPRESENTATION_CONTEXT('2D SPACE',''
  ) );
#7696 = ORIENTED_EDGE('',*,*,#7697,.T.);
#7697 = EDGE_CURVE('',#7667,#7698,#7700,.T.);
#7698 = VERTEX_POINT('',#7699);
#7699 = CARTESIAN_POINT('',(10.,-32.5,-367.25));
#7700 = SURFACE_CURVE('',#7701,(#7706,#7719),.PCURVE_S1.);
#7701 = ELLIPSE('',#7702,5.656854249492,4.);
#7702 = AXIS2_PLACEMENT_3D('',#7703,#7704,#7705);
#7703 = CARTESIAN_POINT('',(14.,-32.5,-363.25));
#7704 = DIRECTION('',(-0.707106781187,0.,0.707106781187));
#7705 = DIRECTION('',(0.707106781187,0.,0.707106781187));
#7706 = PCURVE('',#5005,#7707);
#7707 = DEFINITIONAL_REPRESENTATION('',(#7708),#7718);
#7708 = B_SPLINE_CURVE_WITH_KNOTS('',8,(#7709,#7710,#7711,#7712,#7713,
    #7714,#7715,#7716,#7717),.UNSPECIFIED.,.F.,.F.,(9,9),(1.57079572287,
    3.14159265359),.PIECEWISE_BEZIER_KNOTS.);
#7709 = CARTESIAN_POINT('',(1.57079693072,46.500002415701));
#7710 = CARTESIAN_POINT('',(1.37444731438,45.714603950341));
#7711 = CARTESIAN_POINT('',(1.17809769804,44.929205191983));
#7712 = CARTESIAN_POINT('',(0.981748081699,44.189948199062));
#7713 = CARTESIAN_POINT('',(0.785398465358,43.542965788145));
#7714 = CARTESIAN_POINT('',(0.589048849019,43.028728221363));
#7715 = CARTESIAN_POINT('',(0.39269923268,42.676243239383));
#7716 = CARTESIAN_POINT('',(0.19634961634,42.5));
#7717 = CARTESIAN_POINT('',(0.,42.5));
#7718 = ( GEOMETRIC_REPRESENTATION_CONTEXT(2) 
PARAMETRIC_REPRESENTATION_CONTEXT() REPRESENTATION_CONTEXT('2D SPACE',''
  ) );
#7719 = PCURVE('',#7720,#7725);
#7720 = CYLINDRICAL_SURFACE('',#7721,4.);
#7721 = AXIS2_PLACEMENT_3D('',#7722,#7723,#7724);
#7722 = CARTESIAN_POINT('',(14.,-32.5,-414.3));
#7723 = DIRECTION('',(0.,0.,1.));
#7724 = DIRECTION('',(1.,0.,-0.));
#7725 = DEFINITIONAL_REPRESENTATION('',(#7726),#7736);
#7726 = B_SPLINE_CURVE_WITH_KNOTS('',8,(#7727,#7728,#7729,#7730,#7731,
    #7732,#7733,#7734,#7735),.UNSPECIFIED.,.F.,.F.,(9,9),(1.57079572287,
    3.14159265359),.PIECEWISE_BEZIER_KNOTS.);
#7727 = CARTESIAN_POINT('',(1.57079572287,51.050002415701));
#7728 = CARTESIAN_POINT('',(1.76714533921,50.264603950341));
#7729 = CARTESIAN_POINT('',(1.96349495555,49.479205192007));
#7730 = CARTESIAN_POINT('',(2.159844571881,48.739948198983));
#7731 = CARTESIAN_POINT('',(2.356194188237,48.092965788222));
#7732 = CARTESIAN_POINT('',(2.55254380456,47.578728221291));
#7733 = CARTESIAN_POINT('',(2.748893420911,47.226243239396));
#7734 = CARTESIAN_POINT('',(2.94524303725,47.05));
#7735 = CARTESIAN_POINT('',(3.14159265359,47.05));
#7736 = ( GEOMETRIC_REPRESENTATION_CONTEXT(2) 
PARAMETRIC_REPRESENTATION_CONTEXT() REPRESENTATION_CONTEXT('2D SPACE',''
  ) );
#7737 = ORIENTED_EDGE('',*,*,#7738,.F.);
#7738 = EDGE_CURVE('',#7739,#7698,#7741,.T.);
#7739 = VERTEX_POINT('',#7740);
#7740 = CARTESIAN_POINT('',(4.,-32.5,-367.25));
#7741 = SEAM_CURVE('',#7742,(#7746,#7753),.PCURVE_S1.);
#7742 = LINE('',#7743,#7744);
#7743 = CARTESIAN_POINT('',(-32.5,-32.5,-367.25));
#7744 = VECTOR('',#7745,1.);
#7745 = DIRECTION('',(1.,0.,2.22044604925E-16));
#7746 = PCURVE('',#5005,#7747);
#7747 = DEFINITIONAL_REPRESENTATION('',(#7748),#7752);
#7748 = LINE('',#7749,#7750);
#7749 = CARTESIAN_POINT('',(6.28318530718,-0.));
#7750 = VECTOR('',#7751,1.);
#7751 = DIRECTION('',(0.,1.));
#7752 = ( GEOMETRIC_REPRESENTATION_CONTEXT(2) 
PARAMETRIC_REPRESENTATION_CONTEXT() REPRESENTATION_CONTEXT('2D SPACE',''
  ) );
#7753 = PCURVE('',#5005,#7754);
#7754 = DEFINITIONAL_REPRESENTATION('',(#7755),#7759);
#7755 = LINE('',#7756,#7757);
#7756 = CARTESIAN_POINT('',(0.,-0.));
#7757 = VECTOR('',#7758,1.);
#7758 = DIRECTION('',(0.,1.));
#7759 = ( GEOMETRIC_REPRESENTATION_CONTEXT(2) 
PARAMETRIC_REPRESENTATION_CONTEXT() REPRESENTATION_CONTEXT('2D SPACE',''
  ) );
#7760 = ORIENTED_EDGE('',*,*,#7761,.T.);
#7761 = EDGE_CURVE('',#7739,#7762,#7764,.T.);
#7762 = VERTEX_POINT('',#7763);
#7763 = CARTESIAN_POINT('',(2.449293598295E-16,-28.5,-363.25));
#7764 = SURFACE_CURVE('',#7765,(#7770,#7783),.PCURVE_S1.);
#7765 = ELLIPSE('',#7766,5.656854249492,4.);
#7766 = AXIS2_PLACEMENT_3D('',#7767,#7768,#7769);
#7767 = CARTESIAN_POINT('',(0.,-32.5,-363.25));
#7768 = DIRECTION('',(0.707106781187,0.,0.707106781187));
#7769 = DIRECTION('',(0.707106781187,0.,-0.707106781187));
#7770 = PCURVE('',#5005,#7771);
#7771 = DEFINITIONAL_REPRESENTATION('',(#7772),#7782);
#7772 = B_SPLINE_CURVE_WITH_KNOTS('',8,(#7773,#7774,#7775,#7776,#7777,
    #7778,#7779,#7780,#7781),.UNSPECIFIED.,.F.,.F.,(9,9),(0.,
    1.570796626795),.PIECEWISE_BEZIER_KNOTS.);
#7773 = CARTESIAN_POINT('',(0.,36.5));
#7774 = CARTESIAN_POINT('',(0.196349578349,36.5));
#7775 = CARTESIAN_POINT('',(0.392699156698,36.323756828769));
#7776 = CARTESIAN_POINT('',(0.589048735049,35.971271983157));
#7777 = CARTESIAN_POINT('',(0.785398313393,35.457034609586));
#7778 = CARTESIAN_POINT('',(0.981747891748,34.810052426785));
#7779 = CARTESIAN_POINT('',(1.178097470095,34.070795666176));
#7780 = CARTESIAN_POINT('',(1.374447048446,33.285397113397));
#7781 = CARTESIAN_POINT('',(1.570796626795,32.4999988));
#7782 = ( GEOMETRIC_REPRESENTATION_CONTEXT(2) 
PARAMETRIC_REPRESENTATION_CONTEXT() REPRESENTATION_CONTEXT('2D SPACE',''
  ) );
#7783 = PCURVE('',#7784,#7789);
#7784 = CYLINDRICAL_SURFACE('',#7785,4.);
#7785 = AXIS2_PLACEMENT_3D('',#7786,#7787,#7788);
#7786 = CARTESIAN_POINT('',(0.,-32.5,-412.45));
#7787 = DIRECTION('',(0.,0.,1.));
#7788 = DIRECTION('',(1.,0.,-0.));
#7789 = DEFINITIONAL_REPRESENTATION('',(#7790),#7800);
#7790 = B_SPLINE_CURVE_WITH_KNOTS('',8,(#7791,#7792,#7793,#7794,#7795,
    #7796,#7797,#7798,#7799),.UNSPECIFIED.,.F.,.F.,(9,9),(0.,
    1.570796626795),.PIECEWISE_BEZIER_KNOTS.);
#7791 = CARTESIAN_POINT('',(0.,45.2));
#7792 = CARTESIAN_POINT('',(0.196349578349,45.2));
#7793 = CARTESIAN_POINT('',(0.392699156698,45.37624317127));
#7794 = CARTESIAN_POINT('',(0.58904873505,45.728728016467));
#7795 = CARTESIAN_POINT('',(0.785398313394,46.242965390633));
#7796 = CARTESIAN_POINT('',(0.981747891749,46.88994757283));
#7797 = CARTESIAN_POINT('',(1.178097470096,47.629204333864));
#7798 = CARTESIAN_POINT('',(1.374447048446,48.414602886603));
#7799 = CARTESIAN_POINT('',(1.570796626795,49.2000012));
#7800 = ( GEOMETRIC_REPRESENTATION_CONTEXT(2) 
PARAMETRIC_REPRESENTATION_CONTEXT() REPRESENTATION_CONTEXT('2D SPACE',''
  ) );
#7801 = ORIENTED_EDGE('',*,*,#7802,.F.);
#7802 = EDGE_CURVE('',#7803,#7762,#7805,.T.);
#7803 = VERTEX_POINT('',#7804);
#7804 = CARTESIAN_POINT('',(-4.,-32.5,-367.25));
#7805 = SURFACE_CURVE('',#7806,(#7811,#7824),.PCURVE_S1.);
#7806 = ELLIPSE('',#7807,5.656854249492,4.);
#7807 = AXIS2_PLACEMENT_3D('',#7808,#7809,#7810);
#7808 = CARTESIAN_POINT('',(0.,-32.5,-363.25));
#7809 = DIRECTION('',(0.707106781187,0.,-0.707106781187));
#7810 = DIRECTION('',(0.707106781187,0.,0.707106781187));
#7811 = PCURVE('',#5005,#7812);
#7812 = DEFINITIONAL_REPRESENTATION('',(#7813),#7823);
#7813 = B_SPLINE_CURVE_WITH_KNOTS('',8,(#7814,#7815,#7816,#7817,#7818,
    #7819,#7820,#7821,#7822),.UNSPECIFIED.,.F.,.F.,(9,9),(3.14159265359,
    4.712389280385),.PIECEWISE_BEZIER_KNOTS.);
#7814 = CARTESIAN_POINT('',(0.,28.5));
#7815 = CARTESIAN_POINT('',(0.196349578349,28.5));
#7816 = CARTESIAN_POINT('',(0.392699156699,28.676243171261));
#7817 = CARTESIAN_POINT('',(0.589048735046,29.028728016508));
#7818 = CARTESIAN_POINT('',(0.785398313399,29.542965390524));
#7819 = CARTESIAN_POINT('',(0.981747891744,30.189947572902));
#7820 = CARTESIAN_POINT('',(1.178097470096,30.929204333852));
#7821 = CARTESIAN_POINT('',(1.374447048446,31.714602886603));
#7822 = CARTESIAN_POINT('',(1.570796626795,32.5000012));
#7823 = ( GEOMETRIC_REPRESENTATION_CONTEXT(2) 
PARAMETRIC_REPRESENTATION_CONTEXT() REPRESENTATION_CONTEXT('2D SPACE',''
  ) );
#7824 = PCURVE('',#7784,#7825);
#7825 = DEFINITIONAL_REPRESENTATION('',(#7826),#7836);
#7826 = B_SPLINE_CURVE_WITH_KNOTS('',8,(#7827,#7828,#7829,#7830,#7831,
    #7832,#7833,#7834,#7835),.UNSPECIFIED.,.F.,.F.,(9,9),(3.14159265359,
    4.712389280385),.PIECEWISE_BEZIER_KNOTS.);
#7827 = CARTESIAN_POINT('',(3.14159265359,45.2));
#7828 = CARTESIAN_POINT('',(2.94524307524,45.2));
#7829 = CARTESIAN_POINT('',(2.748893496894,45.376243171207));
#7830 = CARTESIAN_POINT('',(2.552543918529,45.728728016657));
#7831 = CARTESIAN_POINT('',(2.3561943402,46.242965390329));
#7832 = CARTESIAN_POINT('',(2.159844761829,46.889947573026));
#7833 = CARTESIAN_POINT('',(1.963495183496,47.629204333798));
#7834 = CARTESIAN_POINT('',(1.767145605144,48.414602886603));
#7835 = CARTESIAN_POINT('',(1.570796026795,49.2000012));
#7836 = ( GEOMETRIC_REPRESENTATION_CONTEXT(2) 
PARAMETRIC_REPRESENTATION_CONTEXT() REPRESENTATION_CONTEXT('2D SPACE',''
  ) );
#7837 = ORIENTED_EDGE('',*,*,#7838,.F.);
#7838 = EDGE_CURVE('',#7839,#7803,#7841,.T.);
#7839 = VERTEX_POINT('',#7840);
#7840 = CARTESIAN_POINT('',(-32.5,-32.5,-367.25));
#7841 = SEAM_CURVE('',#7842,(#7846,#7853),.PCURVE_S1.);
#7842 = LINE('',#7843,#7844);
#7843 = CARTESIAN_POINT('',(-32.5,-32.5,-367.25));
#7844 = VECTOR('',#7845,1.);
#7845 = DIRECTION('',(1.,0.,2.22044604925E-16));
#7846 = PCURVE('',#5005,#7847);
#7847 = DEFINITIONAL_REPRESENTATION('',(#7848),#7852);
#7848 = LINE('',#7849,#7850);
#7849 = CARTESIAN_POINT('',(6.28318530718,-0.));
#7850 = VECTOR('',#7851,1.);
#7851 = DIRECTION('',(0.,1.));
#7852 = ( GEOMETRIC_REPRESENTATION_CONTEXT(2) 
PARAMETRIC_REPRESENTATION_CONTEXT() REPRESENTATION_CONTEXT('2D SPACE',''
  ) );
#7853 = PCURVE('',#5005,#7854);
#7854 = DEFINITIONAL_REPRESENTATION('',(#7855),#7859);
#7855 = LINE('',#7856,#7857);
#7856 = CARTESIAN_POINT('',(0.,-0.));
#7857 = VECTOR('',#7858,1.);
#7858 = DIRECTION('',(0.,1.));
#7859 = ( GEOMETRIC_REPRESENTATION_CONTEXT(2) 
PARAMETRIC_REPRESENTATION_CONTEXT() REPRESENTATION_CONTEXT('2D SPACE',''
  ) );
#7860 = ORIENTED_EDGE('',*,*,#7861,.T.);
#7861 = EDGE_CURVE('',#7839,#7862,#7864,.T.);
#7862 = VERTEX_POINT('',#7863);
#7863 = CARTESIAN_POINT('',(-28.5,-28.5,-363.25));
#7864 = SURFACE_CURVE('',#7865,(#7870,#7883),.PCURVE_S1.);
#7865 = ELLIPSE('',#7866,5.656854249492,4.);
#7866 = AXIS2_PLACEMENT_3D('',#7867,#7868,#7869);
#7867 = CARTESIAN_POINT('',(-32.5,-32.5,-363.25));
#7868 = DIRECTION('',(0.707106781187,-0.707106781187,3.140184917368E-16)
  );
#7869 = DIRECTION('',(0.707106781187,0.707106781187,1.021115268026E-32)
  );
#7870 = PCURVE('',#5005,#7871);
#7871 = DEFINITIONAL_REPRESENTATION('',(#7872),#7882);
#7872 = B_SPLINE_CURVE_WITH_KNOTS('',8,(#7873,#7874,#7875,#7876,#7877,
    #7878,#7879,#7880,#7881),.UNSPECIFIED.,.F.,.F.,(9,9),(4.712388980385
    ,6.28318530718),.PIECEWISE_BEZIER_KNOTS.);
#7873 = CARTESIAN_POINT('',(0.,0.));
#7874 = CARTESIAN_POINT('',(0.196349540849,0.785398163397));
#7875 = CARTESIAN_POINT('',(0.392699081699,1.57079651327));
#7876 = CARTESIAN_POINT('',(0.589048622545,2.31005304485));
#7877 = CARTESIAN_POINT('',(0.785398163399,2.957035002297));
#7878 = CARTESIAN_POINT('',(0.981747704245,3.471272185362));
#7879 = CARTESIAN_POINT('',(1.178097245096,3.823756896051));
#7880 = CARTESIAN_POINT('',(1.374446785946,4.));
#7881 = CARTESIAN_POINT('',(1.570796326795,4.));
#7882 = ( GEOMETRIC_REPRESENTATION_CONTEXT(2) 
PARAMETRIC_REPRESENTATION_CONTEXT() REPRESENTATION_CONTEXT('2D SPACE',''
  ) );
#7883 = PCURVE('',#6386,#7884);
#7884 = DEFINITIONAL_REPRESENTATION('',(#7885),#7895);
#7885 = B_SPLINE_CURVE_WITH_KNOTS('',8,(#7886,#7887,#7888,#7889,#7890,
    #7891,#7892,#7893,#7894),.UNSPECIFIED.,.F.,.F.,(9,9),(4.712388980385
    ,6.28318530718),.PIECEWISE_BEZIER_KNOTS.);
#7886 = CARTESIAN_POINT('',(4.712388980385,65.));
#7887 = CARTESIAN_POINT('',(4.908738521234,64.214601836603));
#7888 = CARTESIAN_POINT('',(5.105088062084,63.429203486697));
#7889 = CARTESIAN_POINT('',(5.301437602932,62.689946955092));
#7890 = CARTESIAN_POINT('',(5.497787143786,62.042964997627));
#7891 = CARTESIAN_POINT('',(5.694136684631,61.52872781451));
#7892 = CARTESIAN_POINT('',(5.890486225482,61.176243103926));
#7893 = CARTESIAN_POINT('',(6.08683576633,61.));
#7894 = CARTESIAN_POINT('',(6.28318530718,61.));
#7895 = ( GEOMETRIC_REPRESENTATION_CONTEXT(2) 
PARAMETRIC_REPRESENTATION_CONTEXT() REPRESENTATION_CONTEXT('2D SPACE',''
  ) );
#7896 = ORIENTED_EDGE('',*,*,#7897,.T.);
#7897 = EDGE_CURVE('',#7862,#7898,#7900,.T.);
#7898 = VERTEX_POINT('',#7899);
#7899 = CARTESIAN_POINT('',(-32.5,-32.5,-359.25));
#7900 = SURFACE_CURVE('',#7901,(#7906,#7919),.PCURVE_S1.);
#7901 = ELLIPSE('',#7902,5.656854249492,4.);
#7902 = AXIS2_PLACEMENT_3D('',#7903,#7904,#7905);
#7903 = CARTESIAN_POINT('',(-32.5,-32.5,-363.25));
#7904 = DIRECTION('',(0.707106781187,-0.707106781187,3.140184917368E-16)
  );
#7905 = DIRECTION('',(0.707106781187,0.707106781187,1.021115268026E-32)
  );
#7906 = PCURVE('',#5005,#7907);
#7907 = DEFINITIONAL_REPRESENTATION('',(#7908),#7918);
#7908 = B_SPLINE_CURVE_WITH_KNOTS('',8,(#7909,#7910,#7911,#7912,#7913,
    #7914,#7915,#7916,#7917),.UNSPECIFIED.,.F.,.F.,(9,9),(0.,
    1.570796626795),.PIECEWISE_BEZIER_KNOTS.);
#7909 = CARTESIAN_POINT('',(1.570796326795,4.));
#7910 = CARTESIAN_POINT('',(1.767145905144,4.));
#7911 = CARTESIAN_POINT('',(1.963495483494,3.823756828734));
#7912 = CARTESIAN_POINT('',(2.159845061839,3.471271983401));
#7913 = CARTESIAN_POINT('',(2.356194640199,2.957034609454));
#7914 = CARTESIAN_POINT('',(2.552544218536,2.310052427024));
#7915 = CARTESIAN_POINT('',(2.748893796892,1.570795666145));
#7916 = CARTESIAN_POINT('',(2.94524337524,0.785397113397));
#7917 = CARTESIAN_POINT('',(3.14159295359,-1.199999999812E-06));
#7918 = ( GEOMETRIC_REPRESENTATION_CONTEXT(2) 
PARAMETRIC_REPRESENTATION_CONTEXT() REPRESENTATION_CONTEXT('2D SPACE',''
  ) );
#7919 = PCURVE('',#6386,#7920);
#7920 = DEFINITIONAL_REPRESENTATION('',(#7921),#7931);
#7921 = B_SPLINE_CURVE_WITH_KNOTS('',8,(#7922,#7923,#7924,#7925,#7926,
    #7927,#7928,#7929,#7930),.UNSPECIFIED.,.F.,.F.,(9,9),(0.,
    1.570796626795),.PIECEWISE_BEZIER_KNOTS.);
#7922 = CARTESIAN_POINT('',(0.,61.));
#7923 = CARTESIAN_POINT('',(0.196349578349,61.));
#7924 = CARTESIAN_POINT('',(0.392699156699,61.176243171252));
#7925 = CARTESIAN_POINT('',(0.589048735044,61.52872801648));
#7926 = CARTESIAN_POINT('',(0.785398313399,62.0429653906));
#7927 = CARTESIAN_POINT('',(0.981747891742,62.689947572788));
#7928 = CARTESIAN_POINT('',(1.178097470097,63.429204333847));
#7929 = CARTESIAN_POINT('',(1.374447048446,64.214602886603));
#7930 = CARTESIAN_POINT('',(1.570796626795,65.0000012));
#7931 = ( GEOMETRIC_REPRESENTATION_CONTEXT(2) 
PARAMETRIC_REPRESENTATION_CONTEXT() REPRESENTATION_CONTEXT('2D SPACE',''
  ) );
#7932 = ORIENTED_EDGE('',*,*,#7933,.T.);
#7933 = EDGE_CURVE('',#7898,#7839,#7934,.T.);
#7934 = SURFACE_CURVE('',#7935,(#7940,#7947),.PCURVE_S1.);
#7935 = CIRCLE('',#7936,4.);
#7936 = AXIS2_PLACEMENT_3D('',#7937,#7938,#7939);
#7937 = CARTESIAN_POINT('',(-32.5,-32.5,-363.25));
#7938 = DIRECTION('',(1.,-0.,2.22044604925E-16));
#7939 = DIRECTION('',(2.22044604925E-16,0.,-1.));
#7940 = PCURVE('',#5005,#7941);
#7941 = DEFINITIONAL_REPRESENTATION('',(#7942),#7946);
#7942 = LINE('',#7943,#7944);
#7943 = CARTESIAN_POINT('',(0.,0.));
#7944 = VECTOR('',#7945,1.);
#7945 = DIRECTION('',(1.,0.));
#7946 = ( GEOMETRIC_REPRESENTATION_CONTEXT(2) 
PARAMETRIC_REPRESENTATION_CONTEXT() REPRESENTATION_CONTEXT('2D SPACE',''
  ) );
#7947 = PCURVE('',#7948,#7953);
#7948 = PLANE('',#7949);
#7949 = AXIS2_PLACEMENT_3D('',#7950,#7951,#7952);
#7950 = CARTESIAN_POINT('',(-32.5,-32.5,-363.25));
#7951 = DIRECTION('',(1.,0.,2.22044604925E-16));
#7952 = DIRECTION('',(2.22044604925E-16,0.,-1.));
#7953 = DEFINITIONAL_REPRESENTATION('',(#7954),#7958);
#7954 = CIRCLE('',#7955,4.);
#7955 = AXIS2_PLACEMENT_2D('',#7956,#7957);
#7956 = CARTESIAN_POINT('',(0.,0.));
#7957 = DIRECTION('',(1.,0.));
#7958 = ( GEOMETRIC_REPRESENTATION_CONTEXT(2) 
PARAMETRIC_REPRESENTATION_CONTEXT() REPRESENTATION_CONTEXT('2D SPACE',''
  ) );
#7959 = ORIENTED_EDGE('',*,*,#7838,.T.);
#7960 = ORIENTED_EDGE('',*,*,#7961,.F.);
#7961 = EDGE_CURVE('',#7962,#7803,#7964,.T.);
#7962 = VERTEX_POINT('',#7963);
#7963 = CARTESIAN_POINT('',(-2.828427124746,-35.32842712474,
    -366.0784271247));
#7964 = SURFACE_CURVE('',#7965,(#7970,#7983),.PCURVE_S1.);
#7965 = ELLIPSE('',#7966,5.656854249492,4.);
#7966 = AXIS2_PLACEMENT_3D('',#7967,#7968,#7969);
#7967 = CARTESIAN_POINT('',(0.,-32.5,-363.25));
#7968 = DIRECTION('',(0.707106781187,0.,-0.707106781187));
#7969 = DIRECTION('',(0.707106781187,0.,0.707106781187));
#7970 = PCURVE('',#5005,#7971);
#7971 = DEFINITIONAL_REPRESENTATION('',(#7972),#7982);
#7972 = B_SPLINE_CURVE_WITH_KNOTS('',8,(#7973,#7974,#7975,#7976,#7977,
    #7978,#7979,#7980,#7981),.UNSPECIFIED.,.F.,.F.,(9,9),(1.570796026795
    ,3.14159265359),.PIECEWISE_BEZIER_KNOTS.);
#7973 = CARTESIAN_POINT('',(4.712388680385,32.5000012));
#7974 = CARTESIAN_POINT('',(4.908738258734,31.714602886603));
#7975 = CARTESIAN_POINT('',(5.105087837085,30.929204333877));
#7976 = CARTESIAN_POINT('',(5.30143741543,30.189947572791));
#7977 = CARTESIAN_POINT('',(5.497786993788,29.542965390719));
#7978 = CARTESIAN_POINT('',(5.694136572129,29.028728016438));
#7979 = CARTESIAN_POINT('',(5.890486150482,28.676243171285));
#7980 = CARTESIAN_POINT('',(6.08683572883,28.5));
#7981 = CARTESIAN_POINT('',(6.28318530718,28.5));
#7982 = ( GEOMETRIC_REPRESENTATION_CONTEXT(2) 
PARAMETRIC_REPRESENTATION_CONTEXT() REPRESENTATION_CONTEXT('2D SPACE',''
  ) );
#7983 = PCURVE('',#7784,#7984);
#7984 = DEFINITIONAL_REPRESENTATION('',(#7985),#7995);
#7985 = B_SPLINE_CURVE_WITH_KNOTS('',8,(#7986,#7987,#7988,#7989,#7990,
    #7991,#7992,#7993,#7994),.UNSPECIFIED.,.F.,.F.,(9,9),(1.570796026795
    ,3.14159265359),.PIECEWISE_BEZIER_KNOTS.);
#7986 = CARTESIAN_POINT('',(4.712389280385,49.2000012));
#7987 = CARTESIAN_POINT('',(4.516039702035,48.414602886603));
#7988 = CARTESIAN_POINT('',(4.319690123681,47.629204333848));
#7989 = CARTESIAN_POINT('',(4.123340545341,46.889947572841));
#7990 = CARTESIAN_POINT('',(3.926990966961,46.242965390542));
#7991 = CARTESIAN_POINT('',(3.730641388644,45.72872801652));
#7992 = CARTESIAN_POINT('',(3.534291810284,45.376243171252));
#7993 = CARTESIAN_POINT('',(3.337942231939,45.2));
#7994 = CARTESIAN_POINT('',(3.14159265359,45.2));
#7995 = ( GEOMETRIC_REPRESENTATION_CONTEXT(2) 
PARAMETRIC_REPRESENTATION_CONTEXT() REPRESENTATION_CONTEXT('2D SPACE',''
  ) );
#7996 = ORIENTED_EDGE('',*,*,#7997,.F.);
#7997 = EDGE_CURVE('',#7998,#7962,#8000,.T.);
#7998 = VERTEX_POINT('',#7999);
#7999 = CARTESIAN_POINT('',(2.449293598295E-16,-32.5,-359.25));
#8000 = SURFACE_CURVE('',#8001,(#8006,#8026),.PCURVE_S1.);
#8001 = ELLIPSE('',#8002,5.656854249492,4.);
#8002 = AXIS2_PLACEMENT_3D('',#8003,#8004,#8005);
#8003 = CARTESIAN_POINT('',(0.,-32.5,-363.25));
#8004 = DIRECTION('',(0.707106781187,-0.707106781187,3.140184917368E-16)
  );
#8005 = DIRECTION('',(0.707106781187,0.707106781187,1.021115268026E-32)
  );
#8006 = PCURVE('',#5005,#8007);
#8007 = DEFINITIONAL_REPRESENTATION('',(#8008),#8025);
#8008 = B_SPLINE_CURVE_WITH_KNOTS('',8,(#8009,#8010,#8011,#8012,#8013,
    #8014,#8015,#8016,#8017,#8018,#8019,#8020,#8021,#8022,#8023,#8024),
  .UNSPECIFIED.,.F.,.F.,(9,7,9),(1.570796026795,3.14159250359,
    4.712388980385),.UNSPECIFIED.);
#8009 = CARTESIAN_POINT('',(3.14159235359,32.5000012));
#8010 = CARTESIAN_POINT('',(3.337941913189,31.714602961603));
#8011 = CARTESIAN_POINT('',(3.53429147279,30.929204483829));
#8012 = CARTESIAN_POINT('',(3.730641032391,30.189947784777));
#8013 = CARTESIAN_POINT('',(3.926990591989,29.542965637493));
#8014 = CARTESIAN_POINT('',(4.123340151588,29.028728262187));
#8015 = CARTESIAN_POINT('',(4.319689711188,28.676243373204));
#8016 = CARTESIAN_POINT('',(4.516039270785,28.50000011781));
#8017 = CARTESIAN_POINT('',(4.908738389984,28.49999988219));
#8018 = CARTESIAN_POINT('',(5.105087949584,28.676242901929));
#8019 = CARTESIAN_POINT('',(5.301437509182,29.028727569242));
#8020 = CARTESIAN_POINT('',(5.497787068785,29.542964750286));
#8021 = CARTESIAN_POINT('',(5.694136628382,30.189946743544));
#8022 = CARTESIAN_POINT('',(5.890486187981,30.929203336679));
#8023 = CARTESIAN_POINT('',(6.08683574758,31.714601761603));
#8024 = CARTESIAN_POINT('',(6.28318530718,32.5));
#8025 = ( GEOMETRIC_REPRESENTATION_CONTEXT(2) 
PARAMETRIC_REPRESENTATION_CONTEXT() REPRESENTATION_CONTEXT('2D SPACE',''
  ) );
#8026 = PCURVE('',#5210,#8027);
#8027 = DEFINITIONAL_REPRESENTATION('',(#8028),#8045);
#8028 = B_SPLINE_CURVE_WITH_KNOTS('',8,(#8029,#8030,#8031,#8032,#8033,
    #8034,#8035,#8036,#8037,#8038,#8039,#8040,#8041,#8042,#8043,#8044),
  .UNSPECIFIED.,.F.,.F.,(9,7,9),(1.570796026795,3.14159250359,
    4.712388980385),.UNSPECIFIED.);
#8029 = CARTESIAN_POINT('',(1.570796026795,-1.199999999812E-06));
#8030 = CARTESIAN_POINT('',(1.767145586394,0.785397038397));
#8031 = CARTESIAN_POINT('',(1.963495145994,1.570795516144));
#8032 = CARTESIAN_POINT('',(2.159844705587,2.310052215245));
#8033 = CARTESIAN_POINT('',(2.356194265204,2.95703436232));
#8034 = CARTESIAN_POINT('',(2.552543824782,3.471271737871));
#8035 = CARTESIAN_POINT('',(2.748893384392,3.823756626774));
#8036 = CARTESIAN_POINT('',(2.94524294399,3.99999988219));
#8037 = CARTESIAN_POINT('',(3.337942063189,4.00000011781));
#8038 = CARTESIAN_POINT('',(3.534291622787,3.823757098009));
#8039 = CARTESIAN_POINT('',(3.730641182386,3.4712724309));
#8040 = CARTESIAN_POINT('',(3.926990741989,2.957035249415));
#8041 = CARTESIAN_POINT('',(4.123340301582,2.310053256638));
#8042 = CARTESIAN_POINT('',(4.319689861186,1.570796663267));
#8043 = CARTESIAN_POINT('',(4.516039420785,0.785398238397));
#8044 = CARTESIAN_POINT('',(4.712388980385,0.));
#8045 = ( GEOMETRIC_REPRESENTATION_CONTEXT(2) 
PARAMETRIC_REPRESENTATION_CONTEXT() REPRESENTATION_CONTEXT('2D SPACE',''
  ) );
#8046 = ORIENTED_EDGE('',*,*,#8047,.T.);
#8047 = EDGE_CURVE('',#7998,#8048,#8050,.T.);
#8048 = VERTEX_POINT('',#8049);
#8049 = CARTESIAN_POINT('',(4.,-36.5,-363.25));
#8050 = SURFACE_CURVE('',#8051,(#8056,#8069),.PCURVE_S1.);
#8051 = ELLIPSE('',#8052,5.656854249492,4.);
#8052 = AXIS2_PLACEMENT_3D('',#8053,#8054,#8055);
#8053 = CARTESIAN_POINT('',(0.,-32.5,-363.25));
#8054 = DIRECTION('',(0.707106781187,0.707106781187,0.));
#8055 = DIRECTION('',(0.707106781187,-0.707106781187,3.140184917368E-16)
  );
#8056 = PCURVE('',#5005,#8057);
#8057 = DEFINITIONAL_REPRESENTATION('',(#8058),#8068);
#8058 = B_SPLINE_CURVE_WITH_KNOTS('',8,(#8059,#8060,#8061,#8062,#8063,
    #8064,#8065,#8066,#8067),.UNSPECIFIED.,.F.,.F.,(9,9),(4.712388680385
    ,6.28318530718),.PIECEWISE_BEZIER_KNOTS.);
#8059 = CARTESIAN_POINT('',(3.14159235359,32.4999988));
#8060 = CARTESIAN_POINT('',(3.337941931939,33.285397113397));
#8061 = CARTESIAN_POINT('',(3.534291510283,34.070795666152));
#8062 = CARTESIAN_POINT('',(3.730641088649,34.810052426966));
#8063 = CARTESIAN_POINT('',(3.926990666962,35.457034609483));
#8064 = CARTESIAN_POINT('',(4.123340245346,35.971271983317));
#8065 = CARTESIAN_POINT('',(4.31968982368,36.323756828729));
#8066 = CARTESIAN_POINT('',(4.516039402035,36.5));
#8067 = CARTESIAN_POINT('',(4.712388980385,36.5));
#8068 = ( GEOMETRIC_REPRESENTATION_CONTEXT(2) 
PARAMETRIC_REPRESENTATION_CONTEXT() REPRESENTATION_CONTEXT('2D SPACE',''
  ) );
#8069 = PCURVE('',#5210,#8070);
#8070 = DEFINITIONAL_REPRESENTATION('',(#8071),#8081);
#8071 = B_SPLINE_CURVE_WITH_KNOTS('',8,(#8072,#8073,#8074,#8075,#8076,
    #8077,#8078,#8079,#8080),.UNSPECIFIED.,.F.,.F.,(9,9),(4.712388680385
    ,6.28318530718),.PIECEWISE_BEZIER_KNOTS.);
#8072 = CARTESIAN_POINT('',(1.570796626795,-1.199999999812E-06));
#8073 = CARTESIAN_POINT('',(1.374447048446,0.785397113397));
#8074 = CARTESIAN_POINT('',(1.178097470096,1.570795666144));
#8075 = CARTESIAN_POINT('',(0.981747891746,2.310052427024));
#8076 = CARTESIAN_POINT('',(0.785398313396,2.957034609449));
#8077 = CARTESIAN_POINT('',(0.589048735047,3.4712719834));
#8078 = CARTESIAN_POINT('',(0.392699156698,3.823756828734));
#8079 = CARTESIAN_POINT('',(0.196349578349,4.));
#8080 = CARTESIAN_POINT('',(0.,4.));
#8081 = ( GEOMETRIC_REPRESENTATION_CONTEXT(2) 
PARAMETRIC_REPRESENTATION_CONTEXT() REPRESENTATION_CONTEXT('2D SPACE',''
  ) );
#8082 = ORIENTED_EDGE('',*,*,#8083,.T.);
#8083 = EDGE_CURVE('',#8048,#8084,#8086,.T.);
#8084 = VERTEX_POINT('',#8085);
#8085 = CARTESIAN_POINT('',(2.828427124746,-35.32842712474,
    -366.0784271247));
#8086 = SURFACE_CURVE('',#8087,(#8092,#8105),.PCURVE_S1.);
#8087 = ELLIPSE('',#8088,5.656854249492,4.);
#8088 = AXIS2_PLACEMENT_3D('',#8089,#8090,#8091);
#8089 = CARTESIAN_POINT('',(0.,-32.5,-363.25));
#8090 = DIRECTION('',(0.707106781187,0.707106781187,0.));
#8091 = DIRECTION('',(0.707106781187,-0.707106781187,3.140184917368E-16)
  );
#8092 = PCURVE('',#5005,#8093);
#8093 = DEFINITIONAL_REPRESENTATION('',(#8094),#8104);
#8094 = B_SPLINE_CURVE_WITH_KNOTS('',8,(#8095,#8096,#8097,#8098,#8099,
    #8100,#8101,#8102,#8103),.UNSPECIFIED.,.F.,.F.,(9,9),(0.,
    1.570796326795),.PIECEWISE_BEZIER_KNOTS.);
#8095 = CARTESIAN_POINT('',(4.712388980385,36.5));
#8096 = CARTESIAN_POINT('',(4.908738521234,36.5));
#8097 = CARTESIAN_POINT('',(5.105088062084,36.323756896071));
#8098 = CARTESIAN_POINT('',(5.301437602935,35.971272185267));
#8099 = CARTESIAN_POINT('',(5.497787143784,35.457035002283));
#8100 = CARTESIAN_POINT('',(5.694136684633,34.81005304475));
#8101 = CARTESIAN_POINT('',(5.890486225481,34.070796513284));
#8102 = CARTESIAN_POINT('',(6.08683576633,33.285398163397));
#8103 = CARTESIAN_POINT('',(6.28318530718,32.5));
#8104 = ( GEOMETRIC_REPRESENTATION_CONTEXT(2) 
PARAMETRIC_REPRESENTATION_CONTEXT() REPRESENTATION_CONTEXT('2D SPACE',''
  ) );
#8105 = PCURVE('',#5210,#8106);
#8106 = DEFINITIONAL_REPRESENTATION('',(#8107),#8117);
#8107 = B_SPLINE_CURVE_WITH_KNOTS('',8,(#8108,#8109,#8110,#8111,#8112,
    #8113,#8114,#8115,#8116),.UNSPECIFIED.,.F.,.F.,(9,9),(0.,
    1.570796326795),.PIECEWISE_BEZIER_KNOTS.);
#8108 = CARTESIAN_POINT('',(6.28318530718,4.));
#8109 = CARTESIAN_POINT('',(6.08683576633,4.));
#8110 = CARTESIAN_POINT('',(5.890486225481,3.823756896053));
#8111 = CARTESIAN_POINT('',(5.694136684633,3.471272185359));
#8112 = CARTESIAN_POINT('',(5.497787143782,2.957035002296));
#8113 = CARTESIAN_POINT('',(5.301437602935,2.310053044848));
#8114 = CARTESIAN_POINT('',(5.105088062084,1.57079651327));
#8115 = CARTESIAN_POINT('',(4.908738521234,0.785398163397));
#8116 = CARTESIAN_POINT('',(4.712388980385,0.));
#8117 = ( GEOMETRIC_REPRESENTATION_CONTEXT(2) 
PARAMETRIC_REPRESENTATION_CONTEXT() REPRESENTATION_CONTEXT('2D SPACE',''
  ) );
#8118 = ORIENTED_EDGE('',*,*,#8119,.T.);
#8119 = EDGE_CURVE('',#8084,#7739,#8120,.T.);
#8120 = SURFACE_CURVE('',#8121,(#8126,#8139),.PCURVE_S1.);
#8121 = ELLIPSE('',#8122,5.656854249492,4.);
#8122 = AXIS2_PLACEMENT_3D('',#8123,#8124,#8125);
#8123 = CARTESIAN_POINT('',(0.,-32.5,-363.25));
#8124 = DIRECTION('',(0.707106781187,0.,0.707106781187));
#8125 = DIRECTION('',(0.707106781187,0.,-0.707106781187));
#8126 = PCURVE('',#5005,#8127);
#8127 = DEFINITIONAL_REPRESENTATION('',(#8128),#8138);
#8128 = B_SPLINE_CURVE_WITH_KNOTS('',8,(#8129,#8130,#8131,#8132,#8133,
    #8134,#8135,#8136,#8137),.UNSPECIFIED.,.F.,.F.,(9,9),(4.712388680385
    ,6.28318530718),.PIECEWISE_BEZIER_KNOTS.);
#8129 = CARTESIAN_POINT('',(4.712388680385,32.4999988));
#8130 = CARTESIAN_POINT('',(4.908738258734,33.285397113397));
#8131 = CARTESIAN_POINT('',(5.105087837083,34.070795666143));
#8132 = CARTESIAN_POINT('',(5.301437415435,34.810052427002));
#8133 = CARTESIAN_POINT('',(5.497786993782,35.457034609518));
#8134 = CARTESIAN_POINT('',(5.694136572134,35.97127198335));
#8135 = CARTESIAN_POINT('',(5.890486150481,36.323756828736));
#8136 = CARTESIAN_POINT('',(6.08683572883,36.5));
#8137 = CARTESIAN_POINT('',(6.28318530718,36.5));
#8138 = ( GEOMETRIC_REPRESENTATION_CONTEXT(2) 
PARAMETRIC_REPRESENTATION_CONTEXT() REPRESENTATION_CONTEXT('2D SPACE',''
  ) );
#8139 = PCURVE('',#7784,#8140);
#8140 = DEFINITIONAL_REPRESENTATION('',(#8141),#8151);
#8141 = B_SPLINE_CURVE_WITH_KNOTS('',8,(#8142,#8143,#8144,#8145,#8146,
    #8147,#8148,#8149,#8150),.UNSPECIFIED.,.F.,.F.,(9,9),(4.712388680385
    ,6.28318530718),.PIECEWISE_BEZIER_KNOTS.);
#8142 = CARTESIAN_POINT('',(4.712388680385,49.2000012));
#8143 = CARTESIAN_POINT('',(4.908738258734,48.414602886603));
#8144 = CARTESIAN_POINT('',(5.105087837084,47.629204333874));
#8145 = CARTESIAN_POINT('',(5.301437415432,46.889947572796));
#8146 = CARTESIAN_POINT('',(5.497786993785,46.2429653907));
#8147 = CARTESIAN_POINT('',(5.694136572131,45.728728016469));
#8148 = CARTESIAN_POINT('',(5.890486150481,45.376243171289));
#8149 = CARTESIAN_POINT('',(6.08683572883,45.2));
#8150 = CARTESIAN_POINT('',(6.28318530718,45.2));
#8151 = ( GEOMETRIC_REPRESENTATION_CONTEXT(2) 
PARAMETRIC_REPRESENTATION_CONTEXT() REPRESENTATION_CONTEXT('2D SPACE',''
  ) );
#8152 = ORIENTED_EDGE('',*,*,#7738,.T.);
#8153 = ORIENTED_EDGE('',*,*,#8154,.T.);
#8154 = EDGE_CURVE('',#7698,#7669,#8155,.T.);
#8155 = SURFACE_CURVE('',#8156,(#8161,#8174),.PCURVE_S1.);
#8156 = ELLIPSE('',#8157,5.656854249492,4.);
#8157 = AXIS2_PLACEMENT_3D('',#8158,#8159,#8160);
#8158 = CARTESIAN_POINT('',(14.,-32.5,-363.25));
#8159 = DIRECTION('',(-0.707106781187,0.,0.707106781187));
#8160 = DIRECTION('',(0.707106781187,0.,0.707106781187));
#8161 = PCURVE('',#5005,#8162);
#8162 = DEFINITIONAL_REPRESENTATION('',(#8163),#8173);
#8163 = B_SPLINE_CURVE_WITH_KNOTS('',8,(#8164,#8165,#8166,#8167,#8168,
    #8169,#8170,#8171,#8172),.UNSPECIFIED.,.F.,.F.,(9,9),(3.14159265359,
    4.712388976459),.PIECEWISE_BEZIER_KNOTS.);
#8164 = CARTESIAN_POINT('',(6.28318530718,42.5));
#8165 = CARTESIAN_POINT('',(6.086835766821,42.5));
#8166 = CARTESIAN_POINT('',(5.890486226462,42.676243103101));
#8167 = CARTESIAN_POINT('',(5.694136686106,43.0287278118));
#8168 = CARTESIAN_POINT('',(5.497787145743,43.542964992682));
#8169 = CARTESIAN_POINT('',(5.301437605387,44.189946946883));
#8170 = CARTESIAN_POINT('',(5.105088065027,44.929203475669));
#8171 = CARTESIAN_POINT('',(4.908738524669,45.714601822864));
#8172 = CARTESIAN_POINT('',(4.71238898431,46.499999984299));
#8173 = ( GEOMETRIC_REPRESENTATION_CONTEXT(2) 
PARAMETRIC_REPRESENTATION_CONTEXT() REPRESENTATION_CONTEXT('2D SPACE',''
  ) );
#8174 = PCURVE('',#7720,#8175);
#8175 = DEFINITIONAL_REPRESENTATION('',(#8176),#8186);
#8176 = B_SPLINE_CURVE_WITH_KNOTS('',8,(#8177,#8178,#8179,#8180,#8181,
    #8182,#8183,#8184,#8185),.UNSPECIFIED.,.F.,.F.,(9,9),(3.14159265359,
    4.712388976459),.PIECEWISE_BEZIER_KNOTS.);
#8177 = CARTESIAN_POINT('',(3.14159265359,47.05));
#8178 = CARTESIAN_POINT('',(3.337942193948,47.05));
#8179 = CARTESIAN_POINT('',(3.534291734304,47.226243103062));
#8180 = CARTESIAN_POINT('',(3.730641274669,47.578727811886));
#8181 = CARTESIAN_POINT('',(3.926990815011,48.092964992515));
#8182 = CARTESIAN_POINT('',(4.123340355386,48.739946946997));
#8183 = CARTESIAN_POINT('',(4.319689895739,49.479203475632));
#8184 = CARTESIAN_POINT('',(4.516039436101,50.264601822864));
#8185 = CARTESIAN_POINT('',(4.712388976459,51.049999984299));
#8186 = ( GEOMETRIC_REPRESENTATION_CONTEXT(2) 
PARAMETRIC_REPRESENTATION_CONTEXT() REPRESENTATION_CONTEXT('2D SPACE',''
  ) );
#8187 = FACE_BOUND('',#8188,.T.);
#8188 = EDGE_LOOP('',(#8189,#8190,#8191,#8192));
#8189 = ORIENTED_EDGE('',*,*,#5092,.F.);
#8190 = ORIENTED_EDGE('',*,*,#5142,.T.);
#8191 = ORIENTED_EDGE('',*,*,#5042,.T.);
#8192 = ORIENTED_EDGE('',*,*,#4990,.F.);
#8193 = FACE_BOUND('',#8194,.T.);
#8194 = EDGE_LOOP('',(#8195,#8196,#8197,#8198));
#8195 = ORIENTED_EDGE('',*,*,#5493,.F.);
#8196 = ORIENTED_EDGE('',*,*,#5543,.T.);
#8197 = ORIENTED_EDGE('',*,*,#5443,.T.);
#8198 = ORIENTED_EDGE('',*,*,#5396,.F.);
#8199 = ADVANCED_FACE('',(#8200,#8304),#5210,.T.);
#8200 = FACE_BOUND('',#8201,.T.);
#8201 = EDGE_LOOP('',(#8202,#8203,#8226,#8253,#8254,#8255,#8256));
#8202 = ORIENTED_EDGE('',*,*,#8083,.F.);
#8203 = ORIENTED_EDGE('',*,*,#8204,.T.);
#8204 = EDGE_CURVE('',#8048,#8205,#8207,.T.);
#8205 = VERTEX_POINT('',#8206);
#8206 = CARTESIAN_POINT('',(4.,-48.,-363.25));
#8207 = SEAM_CURVE('',#8208,(#8212,#8219),.PCURVE_S1.);
#8208 = LINE('',#8209,#8210);
#8209 = CARTESIAN_POINT('',(4.,-32.5,-363.25));
#8210 = VECTOR('',#8211,1.);
#8211 = DIRECTION('',(0.,-1.,2.22044604925E-16));
#8212 = PCURVE('',#5210,#8213);
#8213 = DEFINITIONAL_REPRESENTATION('',(#8214),#8218);
#8214 = LINE('',#8215,#8216);
#8215 = CARTESIAN_POINT('',(0.,-0.));
#8216 = VECTOR('',#8217,1.);
#8217 = DIRECTION('',(0.,1.));
#8218 = ( GEOMETRIC_REPRESENTATION_CONTEXT(2) 
PARAMETRIC_REPRESENTATION_CONTEXT() REPRESENTATION_CONTEXT('2D SPACE',''
  ) );
#8219 = PCURVE('',#5210,#8220);
#8220 = DEFINITIONAL_REPRESENTATION('',(#8221),#8225);
#8221 = LINE('',#8222,#8223);
#8222 = CARTESIAN_POINT('',(6.28318530718,-0.));
#8223 = VECTOR('',#8224,1.);
#8224 = DIRECTION('',(0.,1.));
#8225 = ( GEOMETRIC_REPRESENTATION_CONTEXT(2) 
PARAMETRIC_REPRESENTATION_CONTEXT() REPRESENTATION_CONTEXT('2D SPACE',''
  ) );
#8226 = ORIENTED_EDGE('',*,*,#8227,.F.);
#8227 = EDGE_CURVE('',#8205,#8205,#8228,.T.);
#8228 = SURFACE_CURVE('',#8229,(#8234,#8241),.PCURVE_S1.);
#8229 = CIRCLE('',#8230,4.);
#8230 = AXIS2_PLACEMENT_3D('',#8231,#8232,#8233);
#8231 = CARTESIAN_POINT('',(0.,-48.,-363.25));
#8232 = DIRECTION('',(0.,-1.,2.22044604925E-16));
#8233 = DIRECTION('',(1.,0.,0.));
#8234 = PCURVE('',#5210,#8235);
#8235 = DEFINITIONAL_REPRESENTATION('',(#8236),#8240);
#8236 = LINE('',#8237,#8238);
#8237 = CARTESIAN_POINT('',(0.,15.5));
#8238 = VECTOR('',#8239,1.);
#8239 = DIRECTION('',(1.,0.));
#8240 = ( GEOMETRIC_REPRESENTATION_CONTEXT(2) 
PARAMETRIC_REPRESENTATION_CONTEXT() REPRESENTATION_CONTEXT('2D SPACE',''
  ) );
#8241 = PCURVE('',#8242,#8247);
#8242 = PLANE('',#8243);
#8243 = AXIS2_PLACEMENT_3D('',#8244,#8245,#8246);
#8244 = CARTESIAN_POINT('',(0.,-48.,-363.25));
#8245 = DIRECTION('',(0.,-1.,2.22044604925E-16));
#8246 = DIRECTION('',(1.,0.,0.));
#8247 = DEFINITIONAL_REPRESENTATION('',(#8248),#8252);
#8248 = CIRCLE('',#8249,4.);
#8249 = AXIS2_PLACEMENT_2D('',#8250,#8251);
#8250 = CARTESIAN_POINT('',(0.,0.));
#8251 = DIRECTION('',(1.,0.));
#8252 = ( GEOMETRIC_REPRESENTATION_CONTEXT(2) 
PARAMETRIC_REPRESENTATION_CONTEXT() REPRESENTATION_CONTEXT('2D SPACE',''
  ) );
#8253 = ORIENTED_EDGE('',*,*,#8204,.F.);
#8254 = ORIENTED_EDGE('',*,*,#8047,.F.);
#8255 = ORIENTED_EDGE('',*,*,#7997,.T.);
#8256 = ORIENTED_EDGE('',*,*,#8257,.T.);
#8257 = EDGE_CURVE('',#7962,#8084,#8258,.T.);
#8258 = SURFACE_CURVE('',#8259,(#8264,#8284),.PCURVE_S1.);
#8259 = ELLIPSE('',#8260,5.656854249492,4.);
#8260 = AXIS2_PLACEMENT_3D('',#8261,#8262,#8263);
#8261 = CARTESIAN_POINT('',(0.,-32.5,-363.25));
#8262 = DIRECTION('',(0.,-0.707106781187,0.707106781187));
#8263 = DIRECTION('',(0.,0.707106781187,0.707106781187));
#8264 = PCURVE('',#5210,#8265);
#8265 = DEFINITIONAL_REPRESENTATION('',(#8266),#8283);
#8266 = B_SPLINE_CURVE_WITH_KNOTS('',8,(#8267,#8268,#8269,#8270,#8271,
    #8272,#8273,#8274,#8275,#8276,#8277,#8278,#8279,#8280,#8281,#8282),
  .UNSPECIFIED.,.F.,.F.,(9,7,9),(1.57079572287,3.141592349665,
    4.712388976459),.UNSPECIFIED.);
#8267 = CARTESIAN_POINT('',(3.141592049665,-2.415700990355E-06));
#8268 = CARTESIAN_POINT('',(3.337941628014,0.785395897696));
#8269 = CARTESIAN_POINT('',(3.534291206362,1.570794504008));
#8270 = CARTESIAN_POINT('',(3.73064078471,2.310051372012));
#8271 = CARTESIAN_POINT('',(3.926990363067,2.957033710737));
#8272 = CARTESIAN_POINT('',(4.123339941407,3.471271281314));
#8273 = CARTESIAN_POINT('',(4.319689519759,3.823756351328));
#8274 = CARTESIAN_POINT('',(4.51603909811,3.999999761297));
#8275 = CARTESIAN_POINT('',(4.908738254809,4.000000238702));
#8276 = CARTESIAN_POINT('',(5.105087833162,3.823757306134));
#8277 = CARTESIAN_POINT('',(5.301437411476,3.471272685498));
#8278 = CARTESIAN_POINT('',(5.497786989872,2.95703550815));
#8279 = CARTESIAN_POINT('',(5.694136568176,2.310053482043));
#8280 = CARTESIAN_POINT('',(5.890486146559,1.570796828277));
#8281 = CARTESIAN_POINT('',(6.086835724905,0.785398329098));
#8282 = CARTESIAN_POINT('',(6.283185303254,1.570099072978E-08));
#8283 = ( GEOMETRIC_REPRESENTATION_CONTEXT(2) 
PARAMETRIC_REPRESENTATION_CONTEXT() REPRESENTATION_CONTEXT('2D SPACE',''
  ) );
#8284 = PCURVE('',#7784,#8285);
#8285 = DEFINITIONAL_REPRESENTATION('',(#8286),#8303);
#8286 = B_SPLINE_CURVE_WITH_KNOTS('',8,(#8287,#8288,#8289,#8290,#8291,
    #8292,#8293,#8294,#8295,#8296,#8297,#8298,#8299,#8300,#8301,#8302),
  .UNSPECIFIED.,.F.,.F.,(9,7,9),(1.57079572287,3.141592349665,
    4.712388976459),.UNSPECIFIED.);
#8287 = CARTESIAN_POINT('',(3.141592049665,49.200002415701));
#8288 = CARTESIAN_POINT('',(3.337941628014,48.414604102304));
#8289 = CARTESIAN_POINT('',(3.534291206359,47.629205495984));
#8290 = CARTESIAN_POINT('',(3.730640784718,46.889948627885));
#8291 = CARTESIAN_POINT('',(3.926990363053,46.242966289233));
#8292 = CARTESIAN_POINT('',(4.123339941408,45.728728718547));
#8293 = CARTESIAN_POINT('',(4.319689519759,45.37624364868));
#8294 = CARTESIAN_POINT('',(4.51603909811,45.200000238703));
#8295 = CARTESIAN_POINT('',(4.908738254809,45.199999761298));
#8296 = CARTESIAN_POINT('',(5.105087833154,45.376242693869));
#8297 = CARTESIAN_POINT('',(5.301437411508,45.728727314386));
#8298 = CARTESIAN_POINT('',(5.497786989835,46.242964491901));
#8299 = CARTESIAN_POINT('',(5.694136568208,46.88994651785));
#8300 = CARTESIAN_POINT('',(5.890486146552,47.629203171724));
#8301 = CARTESIAN_POINT('',(6.086835724905,48.414601670902));
#8302 = CARTESIAN_POINT('',(6.283185303254,49.199999984299));
#8303 = ( GEOMETRIC_REPRESENTATION_CONTEXT(2) 
PARAMETRIC_REPRESENTATION_CONTEXT() REPRESENTATION_CONTEXT('2D SPACE',''
  ) );
#8304 = FACE_BOUND('',#8305,.T.);
#8305 = EDGE_LOOP('',(#8306,#8307,#8308,#8309));
#8306 = ORIENTED_EDGE('',*,*,#5295,.F.);
#8307 = ORIENTED_EDGE('',*,*,#5342,.F.);
#8308 = ORIENTED_EDGE('',*,*,#5248,.T.);
#8309 = ORIENTED_EDGE('',*,*,#5189,.T.);
#8310 = ADVANCED_FACE('',(#8311),#5584,.F.);
#8311 = FACE_BOUND('',#8312,.F.);
#8312 = EDGE_LOOP('',(#8313,#8337,#8358,#8359));
#8313 = ORIENTED_EDGE('',*,*,#8314,.F.);
#8314 = EDGE_CURVE('',#8315,#8315,#8317,.T.);
#8315 = VERTEX_POINT('',#8316);
#8316 = CARTESIAN_POINT('',(3.1,-13.,-351.25));
#8317 = SURFACE_CURVE('',#8318,(#8323,#8330),.PCURVE_S1.);
#8318 = CIRCLE('',#8319,3.1);
#8319 = AXIS2_PLACEMENT_3D('',#8320,#8321,#8322);
#8320 = CARTESIAN_POINT('',(0.,-13.,-351.25));
#8321 = DIRECTION('',(0.,0.,1.));
#8322 = DIRECTION('',(1.,0.,-0.));
#8323 = PCURVE('',#5584,#8324);
#8324 = DEFINITIONAL_REPRESENTATION('',(#8325),#8329);
#8325 = LINE('',#8326,#8327);
#8326 = CARTESIAN_POINT('',(0.,1.4));
#8327 = VECTOR('',#8328,1.);
#8328 = DIRECTION('',(1.,0.));
#8329 = ( GEOMETRIC_REPRESENTATION_CONTEXT(2) 
PARAMETRIC_REPRESENTATION_CONTEXT() REPRESENTATION_CONTEXT('2D SPACE',''
  ) );
#8330 = PCURVE('',#7021,#8331);
#8331 = DEFINITIONAL_REPRESENTATION('',(#8332),#8336);
#8332 = CIRCLE('',#8333,3.1);
#8333 = AXIS2_PLACEMENT_2D('',#8334,#8335);
#8334 = CARTESIAN_POINT('',(0.,-13.));
#8335 = DIRECTION('',(1.,0.));
#8336 = ( GEOMETRIC_REPRESENTATION_CONTEXT(2) 
PARAMETRIC_REPRESENTATION_CONTEXT() REPRESENTATION_CONTEXT('2D SPACE',''
  ) );
#8337 = ORIENTED_EDGE('',*,*,#8338,.F.);
#8338 = EDGE_CURVE('',#5568,#8315,#8339,.T.);
#8339 = SEAM_CURVE('',#8340,(#8344,#8351),.PCURVE_S1.);
#8340 = LINE('',#8341,#8342);
#8341 = CARTESIAN_POINT('',(1.7,-13.,-352.65));
#8342 = VECTOR('',#8343,1.);
#8343 = DIRECTION('',(0.707106781187,-1.731912112471E-16,0.707106781187)
  );
#8344 = PCURVE('',#5584,#8345);
#8345 = DEFINITIONAL_REPRESENTATION('',(#8346),#8350);
#8346 = LINE('',#8347,#8348);
#8347 = CARTESIAN_POINT('',(6.28318530718,-0.));
#8348 = VECTOR('',#8349,1.);
#8349 = DIRECTION('',(0.,1.));
#8350 = ( GEOMETRIC_REPRESENTATION_CONTEXT(2) 
PARAMETRIC_REPRESENTATION_CONTEXT() REPRESENTATION_CONTEXT('2D SPACE',''
  ) );
#8351 = PCURVE('',#5584,#8352);
#8352 = DEFINITIONAL_REPRESENTATION('',(#8353),#8357);
#8353 = LINE('',#8354,#8355);
#8354 = CARTESIAN_POINT('',(0.,-0.));
#8355 = VECTOR('',#8356,1.);
#8356 = DIRECTION('',(0.,1.));
#8357 = ( GEOMETRIC_REPRESENTATION_CONTEXT(2) 
PARAMETRIC_REPRESENTATION_CONTEXT() REPRESENTATION_CONTEXT('2D SPACE',''
  ) );
#8358 = ORIENTED_EDGE('',*,*,#5567,.T.);
#8359 = ORIENTED_EDGE('',*,*,#8338,.T.);
#8360 = ADVANCED_FACE('',(#8361),#5663,.T.);
#8361 = FACE_BOUND('',#8362,.T.);
#8362 = EDGE_LOOP('',(#8363,#8364,#8387,#8415,#8436));
#8363 = ORIENTED_EDGE('',*,*,#6270,.F.);
#8364 = ORIENTED_EDGE('',*,*,#8365,.T.);
#8365 = EDGE_CURVE('',#6245,#8366,#8368,.T.);
#8366 = VERTEX_POINT('',#8367);
#8367 = CARTESIAN_POINT('',(51.,-4.,-398.));
#8368 = SURFACE_CURVE('',#8369,(#8373,#8380),.PCURVE_S1.);
#8369 = LINE('',#8370,#8371);
#8370 = CARTESIAN_POINT('',(43.,-4.,-398.));
#8371 = VECTOR('',#8372,1.);
#8372 = DIRECTION('',(1.,0.,-0.));
#8373 = PCURVE('',#5663,#8374);
#8374 = DEFINITIONAL_REPRESENTATION('',(#8375),#8379);
#8375 = LINE('',#8376,#8377);
#8376 = CARTESIAN_POINT('',(0.,0.));
#8377 = VECTOR('',#8378,1.);
#8378 = DIRECTION('',(1.,0.));
#8379 = ( GEOMETRIC_REPRESENTATION_CONTEXT(2) 
PARAMETRIC_REPRESENTATION_CONTEXT() REPRESENTATION_CONTEXT('2D SPACE',''
  ) );
#8380 = PCURVE('',#6259,#8381);
#8381 = DEFINITIONAL_REPRESENTATION('',(#8382),#8386);
#8382 = LINE('',#8383,#8384);
#8383 = CARTESIAN_POINT('',(6.,0.));
#8384 = VECTOR('',#8385,1.);
#8385 = DIRECTION('',(0.,1.));
#8386 = ( GEOMETRIC_REPRESENTATION_CONTEXT(2) 
PARAMETRIC_REPRESENTATION_CONTEXT() REPRESENTATION_CONTEXT('2D SPACE',''
  ) );
#8387 = ORIENTED_EDGE('',*,*,#8388,.T.);
#8388 = EDGE_CURVE('',#8366,#8389,#8391,.T.);
#8389 = VERTEX_POINT('',#8390);
#8390 = CARTESIAN_POINT('',(51.,4.,-398.));
#8391 = SURFACE_CURVE('',#8392,(#8396,#8403),.PCURVE_S1.);
#8392 = LINE('',#8393,#8394);
#8393 = CARTESIAN_POINT('',(51.,-4.,-398.));
#8394 = VECTOR('',#8395,1.);
#8395 = DIRECTION('',(-0.,1.,0.));
#8396 = PCURVE('',#5663,#8397);
#8397 = DEFINITIONAL_REPRESENTATION('',(#8398),#8402);
#8398 = LINE('',#8399,#8400);
#8399 = CARTESIAN_POINT('',(8.,0.));
#8400 = VECTOR('',#8401,1.);
#8401 = DIRECTION('',(0.,1.));
#8402 = ( GEOMETRIC_REPRESENTATION_CONTEXT(2) 
PARAMETRIC_REPRESENTATION_CONTEXT() REPRESENTATION_CONTEXT('2D SPACE',''
  ) );
#8403 = PCURVE('',#8404,#8409);
#8404 = PLANE('',#8405);
#8405 = AXIS2_PLACEMENT_3D('',#8406,#8407,#8408);
#8406 = CARTESIAN_POINT('',(51.,-4.,-404.));
#8407 = DIRECTION('',(1.,0.,-0.));
#8408 = DIRECTION('',(0.,0.,1.));
#8409 = DEFINITIONAL_REPRESENTATION('',(#8410),#8414);
#8410 = LINE('',#8411,#8412);
#8411 = CARTESIAN_POINT('',(6.,0.));
#8412 = VECTOR('',#8413,1.);
#8413 = DIRECTION('',(0.,-1.));
#8414 = ( GEOMETRIC_REPRESENTATION_CONTEXT(2) 
PARAMETRIC_REPRESENTATION_CONTEXT() REPRESENTATION_CONTEXT('2D SPACE',''
  ) );
#8415 = ORIENTED_EDGE('',*,*,#8416,.F.);
#8416 = EDGE_CURVE('',#5647,#8389,#8417,.T.);
#8417 = SURFACE_CURVE('',#8418,(#8422,#8429),.PCURVE_S1.);
#8418 = LINE('',#8419,#8420);
#8419 = CARTESIAN_POINT('',(43.,4.,-398.));
#8420 = VECTOR('',#8421,1.);
#8421 = DIRECTION('',(1.,0.,-0.));
#8422 = PCURVE('',#5663,#8423);
#8423 = DEFINITIONAL_REPRESENTATION('',(#8424),#8428);
#8424 = LINE('',#8425,#8426);
#8425 = CARTESIAN_POINT('',(0.,8.));
#8426 = VECTOR('',#8427,1.);
#8427 = DIRECTION('',(1.,0.));
#8428 = ( GEOMETRIC_REPRESENTATION_CONTEXT(2) 
PARAMETRIC_REPRESENTATION_CONTEXT() REPRESENTATION_CONTEXT('2D SPACE',''
  ) );
#8429 = PCURVE('',#5690,#8430);
#8430 = DEFINITIONAL_REPRESENTATION('',(#8431),#8435);
#8431 = LINE('',#8432,#8433);
#8432 = CARTESIAN_POINT('',(6.,0.));
#8433 = VECTOR('',#8434,1.);
#8434 = DIRECTION('',(0.,1.));
#8435 = ( GEOMETRIC_REPRESENTATION_CONTEXT(2) 
PARAMETRIC_REPRESENTATION_CONTEXT() REPRESENTATION_CONTEXT('2D SPACE',''
  ) );
#8436 = ORIENTED_EDGE('',*,*,#5646,.F.);
#8437 = ADVANCED_FACE('',(#8438,#8486),#6259,.F.);
#8438 = FACE_BOUND('',#8439,.F.);
#8439 = EDGE_LOOP('',(#8440,#8463,#8464,#8465));
#8440 = ORIENTED_EDGE('',*,*,#8441,.F.);
#8441 = EDGE_CURVE('',#6221,#8442,#8444,.T.);
#8442 = VERTEX_POINT('',#8443);
#8443 = CARTESIAN_POINT('',(51.,-4.,-404.));
#8444 = SURFACE_CURVE('',#8445,(#8449,#8456),.PCURVE_S1.);
#8445 = LINE('',#8446,#8447);
#8446 = CARTESIAN_POINT('',(43.,-4.,-404.));
#8447 = VECTOR('',#8448,1.);
#8448 = DIRECTION('',(1.,0.,-0.));
#8449 = PCURVE('',#6259,#8450);
#8450 = DEFINITIONAL_REPRESENTATION('',(#8451),#8455);
#8451 = LINE('',#8452,#8453);
#8452 = CARTESIAN_POINT('',(0.,0.));
#8453 = VECTOR('',#8454,1.);
#8454 = DIRECTION('',(0.,1.));
#8455 = ( GEOMETRIC_REPRESENTATION_CONTEXT(2) 
PARAMETRIC_REPRESENTATION_CONTEXT() REPRESENTATION_CONTEXT('2D SPACE',''
  ) );
#8456 = PCURVE('',#5718,#8457);
#8457 = DEFINITIONAL_REPRESENTATION('',(#8458),#8462);
#8458 = LINE('',#8459,#8460);
#8459 = CARTESIAN_POINT('',(0.,0.));
#8460 = VECTOR('',#8461,1.);
#8461 = DIRECTION('',(1.,0.));
#8462 = ( GEOMETRIC_REPRESENTATION_CONTEXT(2) 
PARAMETRIC_REPRESENTATION_CONTEXT() REPRESENTATION_CONTEXT('2D SPACE',''
  ) );
#8463 = ORIENTED_EDGE('',*,*,#6244,.T.);
#8464 = ORIENTED_EDGE('',*,*,#8365,.T.);
#8465 = ORIENTED_EDGE('',*,*,#8466,.F.);
#8466 = EDGE_CURVE('',#8442,#8366,#8467,.T.);
#8467 = SURFACE_CURVE('',#8468,(#8472,#8479),.PCURVE_S1.);
#8468 = LINE('',#8469,#8470);
#8469 = CARTESIAN_POINT('',(51.,-4.,-404.));
#8470 = VECTOR('',#8471,1.);
#8471 = DIRECTION('',(0.,0.,1.));
#8472 = PCURVE('',#6259,#8473);
#8473 = DEFINITIONAL_REPRESENTATION('',(#8474),#8478);
#8474 = LINE('',#8475,#8476);
#8475 = CARTESIAN_POINT('',(0.,8.));
#8476 = VECTOR('',#8477,1.);
#8477 = DIRECTION('',(1.,0.));
#8478 = ( GEOMETRIC_REPRESENTATION_CONTEXT(2) 
PARAMETRIC_REPRESENTATION_CONTEXT() REPRESENTATION_CONTEXT('2D SPACE',''
  ) );
#8479 = PCURVE('',#8404,#8480);
#8480 = DEFINITIONAL_REPRESENTATION('',(#8481),#8485);
#8481 = LINE('',#8482,#8483);
#8482 = CARTESIAN_POINT('',(0.,0.));
#8483 = VECTOR('',#8484,1.);
#8484 = DIRECTION('',(1.,0.));
#8485 = ( GEOMETRIC_REPRESENTATION_CONTEXT(2) 
PARAMETRIC_REPRESENTATION_CONTEXT() REPRESENTATION_CONTEXT('2D SPACE',''
  ) );
#8486 = FACE_BOUND('',#8487,.F.);
#8487 = EDGE_LOOP('',(#8488));
#8488 = ORIENTED_EDGE('',*,*,#8489,.T.);
#8489 = EDGE_CURVE('',#8490,#8490,#8492,.T.);
#8490 = VERTEX_POINT('',#8491);
#8491 = CARTESIAN_POINT('',(50.,-4.,-401.));
#8492 = SURFACE_CURVE('',#8493,(#8498,#8509),.PCURVE_S1.);
#8493 = CIRCLE('',#8494,2.);
#8494 = AXIS2_PLACEMENT_3D('',#8495,#8496,#8497);
#8495 = CARTESIAN_POINT('',(48.,-4.,-401.));
#8496 = DIRECTION('',(0.,-1.,2.22044604925E-16));
#8497 = DIRECTION('',(1.,0.,0.));
#8498 = PCURVE('',#6259,#8499);
#8499 = DEFINITIONAL_REPRESENTATION('',(#8500),#8508);
#8500 = ( BOUNDED_CURVE() B_SPLINE_CURVE(2,(#8501,#8502,#8503,#8504,
#8505,#8506,#8507),.UNSPECIFIED.,.T.,.F.) B_SPLINE_CURVE_WITH_KNOTS((1,2
    ,2,2,2,1),(-2.094395102393,0.,2.094395102393,4.188790204786,
6.28318530718,8.377580409573),.UNSPECIFIED.) CURVE() 
GEOMETRIC_REPRESENTATION_ITEM() RATIONAL_B_SPLINE_CURVE((1.,0.5,1.,0.5,
1.,0.5,1.)) REPRESENTATION_ITEM('') );
#8501 = CARTESIAN_POINT('',(3.,7.));
#8502 = CARTESIAN_POINT('',(6.464101615138,7.));
#8503 = CARTESIAN_POINT('',(4.732050807569,4.));
#8504 = CARTESIAN_POINT('',(3.,1.));
#8505 = CARTESIAN_POINT('',(1.267949192431,4.));
#8506 = CARTESIAN_POINT('',(-0.464101615138,7.));
#8507 = CARTESIAN_POINT('',(3.,7.));
#8508 = ( GEOMETRIC_REPRESENTATION_CONTEXT(2) 
PARAMETRIC_REPRESENTATION_CONTEXT() REPRESENTATION_CONTEXT('2D SPACE',''
  ) );
#8509 = PCURVE('',#8510,#8515);
#8510 = CYLINDRICAL_SURFACE('',#8511,2.);
#8511 = AXIS2_PLACEMENT_3D('',#8512,#8513,#8514);
#8512 = CARTESIAN_POINT('',(48.,5.,-401.));
#8513 = DIRECTION('',(0.,-1.,2.22044604925E-16));
#8514 = DIRECTION('',(1.,0.,0.));
#8515 = DEFINITIONAL_REPRESENTATION('',(#8516),#8520);
#8516 = LINE('',#8517,#8518);
#8517 = CARTESIAN_POINT('',(0.,9.));
#8518 = VECTOR('',#8519,1.);
#8519 = DIRECTION('',(1.,0.));
#8520 = ( GEOMETRIC_REPRESENTATION_CONTEXT(2) 
PARAMETRIC_REPRESENTATION_CONTEXT() REPRESENTATION_CONTEXT('2D SPACE',''
  ) );
#8521 = ADVANCED_FACE('',(#8522),#5718,.F.);
#8522 = FACE_BOUND('',#8523,.F.);
#8523 = EDGE_LOOP('',(#8524,#8525,#8526,#8549,#8570));
#8524 = ORIENTED_EDGE('',*,*,#6220,.F.);
#8525 = ORIENTED_EDGE('',*,*,#8441,.T.);
#8526 = ORIENTED_EDGE('',*,*,#8527,.T.);
#8527 = EDGE_CURVE('',#8442,#8528,#8530,.T.);
#8528 = VERTEX_POINT('',#8529);
#8529 = CARTESIAN_POINT('',(51.,4.,-404.));
#8530 = SURFACE_CURVE('',#8531,(#8535,#8542),.PCURVE_S1.);
#8531 = LINE('',#8532,#8533);
#8532 = CARTESIAN_POINT('',(51.,-4.,-404.));
#8533 = VECTOR('',#8534,1.);
#8534 = DIRECTION('',(-0.,1.,0.));
#8535 = PCURVE('',#5718,#8536);
#8536 = DEFINITIONAL_REPRESENTATION('',(#8537),#8541);
#8537 = LINE('',#8538,#8539);
#8538 = CARTESIAN_POINT('',(8.,0.));
#8539 = VECTOR('',#8540,1.);
#8540 = DIRECTION('',(0.,1.));
#8541 = ( GEOMETRIC_REPRESENTATION_CONTEXT(2) 
PARAMETRIC_REPRESENTATION_CONTEXT() REPRESENTATION_CONTEXT('2D SPACE',''
  ) );
#8542 = PCURVE('',#8404,#8543);
#8543 = DEFINITIONAL_REPRESENTATION('',(#8544),#8548);
#8544 = LINE('',#8545,#8546);
#8545 = CARTESIAN_POINT('',(0.,0.));
#8546 = VECTOR('',#8547,1.);
#8547 = DIRECTION('',(0.,-1.));
#8548 = ( GEOMETRIC_REPRESENTATION_CONTEXT(2) 
PARAMETRIC_REPRESENTATION_CONTEXT() REPRESENTATION_CONTEXT('2D SPACE',''
  ) );
#8549 = ORIENTED_EDGE('',*,*,#8550,.F.);
#8550 = EDGE_CURVE('',#5676,#8528,#8551,.T.);
#8551 = SURFACE_CURVE('',#8552,(#8556,#8563),.PCURVE_S1.);
#8552 = LINE('',#8553,#8554);
#8553 = CARTESIAN_POINT('',(43.,4.,-404.));
#8554 = VECTOR('',#8555,1.);
#8555 = DIRECTION('',(1.,0.,-0.));
#8556 = PCURVE('',#5718,#8557);
#8557 = DEFINITIONAL_REPRESENTATION('',(#8558),#8562);
#8558 = LINE('',#8559,#8560);
#8559 = CARTESIAN_POINT('',(0.,8.));
#8560 = VECTOR('',#8561,1.);
#8561 = DIRECTION('',(1.,0.));
#8562 = ( GEOMETRIC_REPRESENTATION_CONTEXT(2) 
PARAMETRIC_REPRESENTATION_CONTEXT() REPRESENTATION_CONTEXT('2D SPACE',''
  ) );
#8563 = PCURVE('',#5690,#8564);
#8564 = DEFINITIONAL_REPRESENTATION('',(#8565),#8569);
#8565 = LINE('',#8566,#8567);
#8566 = CARTESIAN_POINT('',(0.,0.));
#8567 = VECTOR('',#8568,1.);
#8568 = DIRECTION('',(0.,1.));
#8569 = ( GEOMETRIC_REPRESENTATION_CONTEXT(2) 
PARAMETRIC_REPRESENTATION_CONTEXT() REPRESENTATION_CONTEXT('2D SPACE',''
  ) );
#8570 = ORIENTED_EDGE('',*,*,#5701,.F.);
#8571 = ADVANCED_FACE('',(#8572),#5770,.F.);
#8572 = FACE_BOUND('',#8573,.F.);
#8573 = EDGE_LOOP('',(#8574,#8596,#8625,#8649,#8669,#8670));
#8574 = ORIENTED_EDGE('',*,*,#8575,.T.);
#8575 = EDGE_CURVE('',#5754,#8576,#8578,.T.);
#8576 = VERTEX_POINT('',#8577);
#8577 = CARTESIAN_POINT('',(32.,11.,-405.25));
#8578 = SURFACE_CURVE('',#8579,(#8583,#8589),.PCURVE_S1.);
#8579 = LINE('',#8580,#8581);
#8580 = CARTESIAN_POINT('',(30.5,11.,-405.25));
#8581 = VECTOR('',#8582,1.);
#8582 = DIRECTION('',(-1.,-0.,0.));
#8583 = PCURVE('',#5770,#8584);
#8584 = DEFINITIONAL_REPRESENTATION('',(#8585),#8588);
#8585 = B_SPLINE_CURVE_WITH_KNOTS('',1,(#8586,#8587),.UNSPECIFIED.,.F.,
  .F.,(2,2),(-14.5,1.5),.PIECEWISE_BEZIER_KNOTS.);
#8586 = CARTESIAN_POINT('',(13.,11.));
#8587 = CARTESIAN_POINT('',(-3.,11.));
#8588 = ( GEOMETRIC_REPRESENTATION_CONTEXT(2) 
PARAMETRIC_REPRESENTATION_CONTEXT() REPRESENTATION_CONTEXT('2D SPACE',''
  ) );
#8589 = PCURVE('',#5798,#8590);
#8590 = DEFINITIONAL_REPRESENTATION('',(#8591),#8595);
#8591 = LINE('',#8592,#8593);
#8592 = CARTESIAN_POINT('',(-19.5,1.5));
#8593 = VECTOR('',#8594,1.);
#8594 = DIRECTION('',(0.,-1.));
#8595 = ( GEOMETRIC_REPRESENTATION_CONTEXT(2) 
PARAMETRIC_REPRESENTATION_CONTEXT() REPRESENTATION_CONTEXT('2D SPACE',''
  ) );
#8596 = ORIENTED_EDGE('',*,*,#8597,.F.);
#8597 = EDGE_CURVE('',#8598,#8576,#8600,.T.);
#8598 = VERTEX_POINT('',#8599);
#8599 = CARTESIAN_POINT('',(43.,-2.694222958124E-15,-405.25));
#8600 = SURFACE_CURVE('',#8601,(#8606,#8613),.PCURVE_S1.);
#8601 = CIRCLE('',#8602,11.);
#8602 = AXIS2_PLACEMENT_3D('',#8603,#8604,#8605);
#8603 = CARTESIAN_POINT('',(32.,0.,-405.25));
#8604 = DIRECTION('',(0.,0.,1.));
#8605 = DIRECTION('',(1.,0.,-0.));
#8606 = PCURVE('',#5770,#8607);
#8607 = DEFINITIONAL_REPRESENTATION('',(#8608),#8612);
#8608 = CIRCLE('',#8609,11.);
#8609 = AXIS2_PLACEMENT_2D('',#8610,#8611);
#8610 = CARTESIAN_POINT('',(0.,0.));
#8611 = DIRECTION('',(1.,0.));
#8612 = ( GEOMETRIC_REPRESENTATION_CONTEXT(2) 
PARAMETRIC_REPRESENTATION_CONTEXT() REPRESENTATION_CONTEXT('2D SPACE',''
  ) );
#8613 = PCURVE('',#8614,#8619);
#8614 = CYLINDRICAL_SURFACE('',#8615,11.);
#8615 = AXIS2_PLACEMENT_3D('',#8616,#8617,#8618);
#8616 = CARTESIAN_POINT('',(32.,0.,-408.25));
#8617 = DIRECTION('',(0.,0.,1.));
#8618 = DIRECTION('',(1.,0.,-0.));
#8619 = DEFINITIONAL_REPRESENTATION('',(#8620),#8624);
#8620 = LINE('',#8621,#8622);
#8621 = CARTESIAN_POINT('',(0.,3.));
#8622 = VECTOR('',#8623,1.);
#8623 = DIRECTION('',(1.,0.));
#8624 = ( GEOMETRIC_REPRESENTATION_CONTEXT(2) 
PARAMETRIC_REPRESENTATION_CONTEXT() REPRESENTATION_CONTEXT('2D SPACE',''
  ) );
#8625 = ORIENTED_EDGE('',*,*,#8626,.F.);
#8626 = EDGE_CURVE('',#8627,#8598,#8629,.T.);
#8627 = VERTEX_POINT('',#8628);
#8628 = CARTESIAN_POINT('',(32.,-11.,-405.25));
#8629 = SURFACE_CURVE('',#8630,(#8635,#8642),.PCURVE_S1.);
#8630 = CIRCLE('',#8631,11.);
#8631 = AXIS2_PLACEMENT_3D('',#8632,#8633,#8634);
#8632 = CARTESIAN_POINT('',(32.,0.,-405.25));
#8633 = DIRECTION('',(0.,0.,1.));
#8634 = DIRECTION('',(1.,0.,-0.));
#8635 = PCURVE('',#5770,#8636);
#8636 = DEFINITIONAL_REPRESENTATION('',(#8637),#8641);
#8637 = CIRCLE('',#8638,11.);
#8638 = AXIS2_PLACEMENT_2D('',#8639,#8640);
#8639 = CARTESIAN_POINT('',(0.,0.));
#8640 = DIRECTION('',(1.,0.));
#8641 = ( GEOMETRIC_REPRESENTATION_CONTEXT(2) 
PARAMETRIC_REPRESENTATION_CONTEXT() REPRESENTATION_CONTEXT('2D SPACE',''
  ) );
#8642 = PCURVE('',#8614,#8643);
#8643 = DEFINITIONAL_REPRESENTATION('',(#8644),#8648);
#8644 = LINE('',#8645,#8646);
#8645 = CARTESIAN_POINT('',(0.,3.));
#8646 = VECTOR('',#8647,1.);
#8647 = DIRECTION('',(1.,0.));
#8648 = ( GEOMETRIC_REPRESENTATION_CONTEXT(2) 
PARAMETRIC_REPRESENTATION_CONTEXT() REPRESENTATION_CONTEXT('2D SPACE',''
  ) );
#8649 = ORIENTED_EDGE('',*,*,#8650,.F.);
#8650 = EDGE_CURVE('',#6170,#8627,#8651,.T.);
#8651 = SURFACE_CURVE('',#8652,(#8656,#8662),.PCURVE_S1.);
#8652 = LINE('',#8653,#8654);
#8653 = CARTESIAN_POINT('',(30.5,-11.,-405.25));
#8654 = VECTOR('',#8655,1.);
#8655 = DIRECTION('',(-1.,-0.,0.));
#8656 = PCURVE('',#5770,#8657);
#8657 = DEFINITIONAL_REPRESENTATION('',(#8658),#8661);
#8658 = B_SPLINE_CURVE_WITH_KNOTS('',1,(#8659,#8660),.UNSPECIFIED.,.F.,
  .F.,(2,2),(-14.5,1.5),.PIECEWISE_BEZIER_KNOTS.);
#8659 = CARTESIAN_POINT('',(13.,-11.));
#8660 = CARTESIAN_POINT('',(-3.,-11.));
#8661 = ( GEOMETRIC_REPRESENTATION_CONTEXT(2) 
PARAMETRIC_REPRESENTATION_CONTEXT() REPRESENTATION_CONTEXT('2D SPACE',''
  ) );
#8662 = PCURVE('',#6185,#8663);
#8663 = DEFINITIONAL_REPRESENTATION('',(#8664),#8668);
#8664 = LINE('',#8665,#8666);
#8665 = CARTESIAN_POINT('',(4.5,1.5));
#8666 = VECTOR('',#8667,1.);
#8667 = DIRECTION('',(0.,-1.));
#8668 = ( GEOMETRIC_REPRESENTATION_CONTEXT(2) 
PARAMETRIC_REPRESENTATION_CONTEXT() REPRESENTATION_CONTEXT('2D SPACE',''
  ) );
#8669 = ORIENTED_EDGE('',*,*,#6197,.T.);
#8670 = ORIENTED_EDGE('',*,*,#5753,.T.);
#8671 = ADVANCED_FACE('',(#8672),#6185,.T.);
#8672 = FACE_BOUND('',#8673,.T.);
#8673 = EDGE_LOOP('',(#8674,#8704,#8727,#8747,#8748,#8749,#8772));
#8674 = ORIENTED_EDGE('',*,*,#8675,.F.);
#8675 = EDGE_CURVE('',#8676,#8678,#8680,.T.);
#8676 = VERTEX_POINT('',#8677);
#8677 = CARTESIAN_POINT('',(29.,-11.,-409.75));
#8678 = VERTEX_POINT('',#8679);
#8679 = CARTESIAN_POINT('',(47.,-11.,-409.75));
#8680 = SURFACE_CURVE('',#8681,(#8685,#8692),.PCURVE_S1.);
#8681 = LINE('',#8682,#8683);
#8682 = CARTESIAN_POINT('',(29.,-11.,-409.75));
#8683 = VECTOR('',#8684,1.);
#8684 = DIRECTION('',(1.,0.,-0.));
#8685 = PCURVE('',#6185,#8686);
#8686 = DEFINITIONAL_REPRESENTATION('',(#8687),#8691);
#8687 = LINE('',#8688,#8689);
#8688 = CARTESIAN_POINT('',(0.,0.));
#8689 = VECTOR('',#8690,1.);
#8690 = DIRECTION('',(0.,1.));
#8691 = ( GEOMETRIC_REPRESENTATION_CONTEXT(2) 
PARAMETRIC_REPRESENTATION_CONTEXT() REPRESENTATION_CONTEXT('2D SPACE',''
  ) );
#8692 = PCURVE('',#8693,#8698);
#8693 = PLANE('',#8694);
#8694 = AXIS2_PLACEMENT_3D('',#8695,#8696,#8697);
#8695 = CARTESIAN_POINT('',(29.,-30.5,-409.75));
#8696 = DIRECTION('',(0.,0.,1.));
#8697 = DIRECTION('',(1.,0.,-0.));
#8698 = DEFINITIONAL_REPRESENTATION('',(#8699),#8703);
#8699 = LINE('',#8700,#8701);
#8700 = CARTESIAN_POINT('',(0.,19.5));
#8701 = VECTOR('',#8702,1.);
#8702 = DIRECTION('',(1.,0.));
#8703 = ( GEOMETRIC_REPRESENTATION_CONTEXT(2) 
PARAMETRIC_REPRESENTATION_CONTEXT() REPRESENTATION_CONTEXT('2D SPACE',''
  ) );
#8704 = ORIENTED_EDGE('',*,*,#8705,.T.);
#8705 = EDGE_CURVE('',#8676,#8706,#8708,.T.);
#8706 = VERTEX_POINT('',#8707);
#8707 = CARTESIAN_POINT('',(29.,-11.,-405.25));
#8708 = SURFACE_CURVE('',#8709,(#8713,#8720),.PCURVE_S1.);
#8709 = LINE('',#8710,#8711);
#8710 = CARTESIAN_POINT('',(29.,-11.,-409.75));
#8711 = VECTOR('',#8712,1.);
#8712 = DIRECTION('',(0.,0.,1.));
#8713 = PCURVE('',#6185,#8714);
#8714 = DEFINITIONAL_REPRESENTATION('',(#8715),#8719);
#8715 = LINE('',#8716,#8717);
#8716 = CARTESIAN_POINT('',(0.,0.));
#8717 = VECTOR('',#8718,1.);
#8718 = DIRECTION('',(1.,0.));
#8719 = ( GEOMETRIC_REPRESENTATION_CONTEXT(2) 
PARAMETRIC_REPRESENTATION_CONTEXT() REPRESENTATION_CONTEXT('2D SPACE',''
  ) );
#8720 = PCURVE('',#6019,#8721);
#8721 = DEFINITIONAL_REPRESENTATION('',(#8722),#8726);
#8722 = LINE('',#8723,#8724);
#8723 = CARTESIAN_POINT('',(0.,-19.5));
#8724 = VECTOR('',#8725,1.);
#8725 = DIRECTION('',(1.,0.));
#8726 = ( GEOMETRIC_REPRESENTATION_CONTEXT(2) 
PARAMETRIC_REPRESENTATION_CONTEXT() REPRESENTATION_CONTEXT('2D SPACE',''
  ) );
#8727 = ORIENTED_EDGE('',*,*,#8728,.F.);
#8728 = EDGE_CURVE('',#8627,#8706,#8729,.T.);
#8729 = SURFACE_CURVE('',#8730,(#8734,#8741),.PCURVE_S1.);
#8730 = LINE('',#8731,#8732);
#8731 = CARTESIAN_POINT('',(30.5,-11.,-405.25));
#8732 = VECTOR('',#8733,1.);
#8733 = DIRECTION('',(-1.,-0.,0.));
#8734 = PCURVE('',#6185,#8735);
#8735 = DEFINITIONAL_REPRESENTATION('',(#8736),#8740);
#8736 = LINE('',#8737,#8738);
#8737 = CARTESIAN_POINT('',(4.5,1.5));
#8738 = VECTOR('',#8739,1.);
#8739 = DIRECTION('',(0.,-1.));
#8740 = ( GEOMETRIC_REPRESENTATION_CONTEXT(2) 
PARAMETRIC_REPRESENTATION_CONTEXT() REPRESENTATION_CONTEXT('2D SPACE',''
  ) );
#8741 = PCURVE('',#5992,#8742);
#8742 = DEFINITIONAL_REPRESENTATION('',(#8743),#8746);
#8743 = B_SPLINE_CURVE_WITH_KNOTS('',1,(#8744,#8745),.UNSPECIFIED.,.F.,
  .F.,(2,2),(-14.5,1.5),.PIECEWISE_BEZIER_KNOTS.);
#8744 = CARTESIAN_POINT('',(13.,-11.));
#8745 = CARTESIAN_POINT('',(-3.,-11.));
#8746 = ( GEOMETRIC_REPRESENTATION_CONTEXT(2) 
PARAMETRIC_REPRESENTATION_CONTEXT() REPRESENTATION_CONTEXT('2D SPACE',''
  ) );
#8747 = ORIENTED_EDGE('',*,*,#8650,.F.);
#8748 = ORIENTED_EDGE('',*,*,#6169,.F.);
#8749 = ORIENTED_EDGE('',*,*,#8750,.T.);
#8750 = EDGE_CURVE('',#6141,#8751,#8753,.T.);
#8751 = VERTEX_POINT('',#8752);
#8752 = CARTESIAN_POINT('',(47.,-11.,-380.75));
#8753 = SURFACE_CURVE('',#8754,(#8758,#8765),.PCURVE_S1.);
#8754 = LINE('',#8755,#8756);
#8755 = CARTESIAN_POINT('',(29.,-11.,-380.75));
#8756 = VECTOR('',#8757,1.);
#8757 = DIRECTION('',(1.,0.,-0.));
#8758 = PCURVE('',#6185,#8759);
#8759 = DEFINITIONAL_REPRESENTATION('',(#8760),#8764);
#8760 = LINE('',#8761,#8762);
#8761 = CARTESIAN_POINT('',(29.,0.));
#8762 = VECTOR('',#8763,1.);
#8763 = DIRECTION('',(0.,1.));
#8764 = ( GEOMETRIC_REPRESENTATION_CONTEXT(2) 
PARAMETRIC_REPRESENTATION_CONTEXT() REPRESENTATION_CONTEXT('2D SPACE',''
  ) );
#8765 = PCURVE('',#6157,#8766);
#8766 = DEFINITIONAL_REPRESENTATION('',(#8767),#8771);
#8767 = LINE('',#8768,#8769);
#8768 = CARTESIAN_POINT('',(0.,19.5));
#8769 = VECTOR('',#8770,1.);
#8770 = DIRECTION('',(1.,0.));
#8771 = ( GEOMETRIC_REPRESENTATION_CONTEXT(2) 
PARAMETRIC_REPRESENTATION_CONTEXT() REPRESENTATION_CONTEXT('2D SPACE',''
  ) );
#8772 = ORIENTED_EDGE('',*,*,#8773,.T.);
#8773 = EDGE_CURVE('',#8751,#8678,#8774,.T.);
#8774 = SURFACE_CURVE('',#8775,(#8779,#8786),.PCURVE_S1.);
#8775 = LINE('',#8776,#8777);
#8776 = CARTESIAN_POINT('',(47.,-11.,-380.75));
#8777 = VECTOR('',#8778,1.);
#8778 = DIRECTION('',(0.,0.,-1.));
#8779 = PCURVE('',#6185,#8780);
#8780 = DEFINITIONAL_REPRESENTATION('',(#8781),#8785);
#8781 = LINE('',#8782,#8783);
#8782 = CARTESIAN_POINT('',(29.,18.));
#8783 = VECTOR('',#8784,1.);
#8784 = DIRECTION('',(-1.,0.));
#8785 = ( GEOMETRIC_REPRESENTATION_CONTEXT(2) 
PARAMETRIC_REPRESENTATION_CONTEXT() REPRESENTATION_CONTEXT('2D SPACE',''
  ) );
#8786 = PCURVE('',#8787,#8792);
#8787 = PLANE('',#8788);
#8788 = AXIS2_PLACEMENT_3D('',#8789,#8790,#8791);
#8789 = CARTESIAN_POINT('',(47.,-30.5,-409.75));
#8790 = DIRECTION('',(1.,0.,-0.));
#8791 = DIRECTION('',(0.,0.,1.));
#8792 = DEFINITIONAL_REPRESENTATION('',(#8793),#8797);
#8793 = LINE('',#8794,#8795);
#8794 = CARTESIAN_POINT('',(29.,-19.5));
#8795 = VECTOR('',#8796,1.);
#8796 = DIRECTION('',(-1.,0.));
#8797 = ( GEOMETRIC_REPRESENTATION_CONTEXT(2) 
PARAMETRIC_REPRESENTATION_CONTEXT() REPRESENTATION_CONTEXT('2D SPACE',''
  ) );
#8798 = ADVANCED_FACE('',(#8799),#6157,.T.);
#8799 = FACE_BOUND('',#8800,.T.);
#8800 = EDGE_LOOP('',(#8801,#8824,#8852,#8873,#8874));
#8801 = ORIENTED_EDGE('',*,*,#8802,.F.);
#8802 = EDGE_CURVE('',#8803,#6115,#8805,.T.);
#8803 = VERTEX_POINT('',#8804);
#8804 = CARTESIAN_POINT('',(29.,-30.5,-380.75));
#8805 = SURFACE_CURVE('',#8806,(#8810,#8817),.PCURVE_S1.);
#8806 = LINE('',#8807,#8808);
#8807 = CARTESIAN_POINT('',(29.,-30.5,-380.75));
#8808 = VECTOR('',#8809,1.);
#8809 = DIRECTION('',(-0.,1.,0.));
#8810 = PCURVE('',#6157,#8811);
#8811 = DEFINITIONAL_REPRESENTATION('',(#8812),#8816);
#8812 = LINE('',#8813,#8814);
#8813 = CARTESIAN_POINT('',(0.,0.));
#8814 = VECTOR('',#8815,1.);
#8815 = DIRECTION('',(0.,1.));
#8816 = ( GEOMETRIC_REPRESENTATION_CONTEXT(2) 
PARAMETRIC_REPRESENTATION_CONTEXT() REPRESENTATION_CONTEXT('2D SPACE',''
  ) );
#8817 = PCURVE('',#6129,#8818);
#8818 = DEFINITIONAL_REPRESENTATION('',(#8819),#8823);
#8819 = LINE('',#8820,#8821);
#8820 = CARTESIAN_POINT('',(5.,0.));
#8821 = VECTOR('',#8822,1.);
#8822 = DIRECTION('',(0.,-1.));
#8823 = ( GEOMETRIC_REPRESENTATION_CONTEXT(2) 
PARAMETRIC_REPRESENTATION_CONTEXT() REPRESENTATION_CONTEXT('2D SPACE',''
  ) );
#8824 = ORIENTED_EDGE('',*,*,#8825,.T.);
#8825 = EDGE_CURVE('',#8803,#8826,#8828,.T.);
#8826 = VERTEX_POINT('',#8827);
#8827 = CARTESIAN_POINT('',(47.,-30.5,-380.75));
#8828 = SURFACE_CURVE('',#8829,(#8833,#8840),.PCURVE_S1.);
#8829 = LINE('',#8830,#8831);
#8830 = CARTESIAN_POINT('',(29.,-30.5,-380.75));
#8831 = VECTOR('',#8832,1.);
#8832 = DIRECTION('',(1.,0.,-0.));
#8833 = PCURVE('',#6157,#8834);
#8834 = DEFINITIONAL_REPRESENTATION('',(#8835),#8839);
#8835 = LINE('',#8836,#8837);
#8836 = CARTESIAN_POINT('',(0.,0.));
#8837 = VECTOR('',#8838,1.);
#8838 = DIRECTION('',(1.,0.));
#8839 = ( GEOMETRIC_REPRESENTATION_CONTEXT(2) 
PARAMETRIC_REPRESENTATION_CONTEXT() REPRESENTATION_CONTEXT('2D SPACE',''
  ) );
#8840 = PCURVE('',#8841,#8846);
#8841 = PLANE('',#8842);
#8842 = AXIS2_PLACEMENT_3D('',#8843,#8844,#8845);
#8843 = CARTESIAN_POINT('',(29.,-30.5,-385.75));
#8844 = DIRECTION('',(-0.,1.,0.));
#8845 = DIRECTION('',(0.,0.,1.));
#8846 = DEFINITIONAL_REPRESENTATION('',(#8847),#8851);
#8847 = LINE('',#8848,#8849);
#8848 = CARTESIAN_POINT('',(5.,0.));
#8849 = VECTOR('',#8850,1.);
#8850 = DIRECTION('',(0.,1.));
#8851 = ( GEOMETRIC_REPRESENTATION_CONTEXT(2) 
PARAMETRIC_REPRESENTATION_CONTEXT() REPRESENTATION_CONTEXT('2D SPACE',''
  ) );
#8852 = ORIENTED_EDGE('',*,*,#8853,.T.);
#8853 = EDGE_CURVE('',#8826,#8751,#8854,.T.);
#8854 = SURFACE_CURVE('',#8855,(#8859,#8866),.PCURVE_S1.);
#8855 = LINE('',#8856,#8857);
#8856 = CARTESIAN_POINT('',(47.,-30.5,-380.75));
#8857 = VECTOR('',#8858,1.);
#8858 = DIRECTION('',(-0.,1.,0.));
#8859 = PCURVE('',#6157,#8860);
#8860 = DEFINITIONAL_REPRESENTATION('',(#8861),#8865);
#8861 = LINE('',#8862,#8863);
#8862 = CARTESIAN_POINT('',(18.,0.));
#8863 = VECTOR('',#8864,1.);
#8864 = DIRECTION('',(0.,1.));
#8865 = ( GEOMETRIC_REPRESENTATION_CONTEXT(2) 
PARAMETRIC_REPRESENTATION_CONTEXT() REPRESENTATION_CONTEXT('2D SPACE',''
  ) );
#8866 = PCURVE('',#8787,#8867);
#8867 = DEFINITIONAL_REPRESENTATION('',(#8868),#8872);
#8868 = LINE('',#8869,#8870);
#8869 = CARTESIAN_POINT('',(29.,0.));
#8870 = VECTOR('',#8871,1.);
#8871 = DIRECTION('',(0.,-1.));
#8872 = ( GEOMETRIC_REPRESENTATION_CONTEXT(2) 
PARAMETRIC_REPRESENTATION_CONTEXT() REPRESENTATION_CONTEXT('2D SPACE',''
  ) );
#8873 = ORIENTED_EDGE('',*,*,#8750,.F.);
#8874 = ORIENTED_EDGE('',*,*,#6140,.F.);
#8875 = ADVANCED_FACE('',(#8876),#6129,.F.);
#8876 = FACE_BOUND('',#8877,.F.);
#8877 = EDGE_LOOP('',(#8878,#8879,#8902,#8923));
#8878 = ORIENTED_EDGE('',*,*,#8802,.F.);
#8879 = ORIENTED_EDGE('',*,*,#8880,.F.);
#8880 = EDGE_CURVE('',#8881,#8803,#8883,.T.);
#8881 = VERTEX_POINT('',#8882);
#8882 = CARTESIAN_POINT('',(29.,-30.5,-385.75));
#8883 = SURFACE_CURVE('',#8884,(#8888,#8895),.PCURVE_S1.);
#8884 = LINE('',#8885,#8886);
#8885 = CARTESIAN_POINT('',(29.,-30.5,-385.75));
#8886 = VECTOR('',#8887,1.);
#8887 = DIRECTION('',(0.,0.,1.));
#8888 = PCURVE('',#6129,#8889);
#8889 = DEFINITIONAL_REPRESENTATION('',(#8890),#8894);
#8890 = LINE('',#8891,#8892);
#8891 = CARTESIAN_POINT('',(0.,0.));
#8892 = VECTOR('',#8893,1.);
#8893 = DIRECTION('',(1.,0.));
#8894 = ( GEOMETRIC_REPRESENTATION_CONTEXT(2) 
PARAMETRIC_REPRESENTATION_CONTEXT() REPRESENTATION_CONTEXT('2D SPACE',''
  ) );
#8895 = PCURVE('',#8841,#8896);
#8896 = DEFINITIONAL_REPRESENTATION('',(#8897),#8901);
#8897 = LINE('',#8898,#8899);
#8898 = CARTESIAN_POINT('',(0.,0.));
#8899 = VECTOR('',#8900,1.);
#8900 = DIRECTION('',(1.,0.));
#8901 = ( GEOMETRIC_REPRESENTATION_CONTEXT(2) 
PARAMETRIC_REPRESENTATION_CONTEXT() REPRESENTATION_CONTEXT('2D SPACE',''
  ) );
#8902 = ORIENTED_EDGE('',*,*,#8903,.T.);
#8903 = EDGE_CURVE('',#8881,#6086,#8904,.T.);
#8904 = SURFACE_CURVE('',#8905,(#8909,#8916),.PCURVE_S1.);
#8905 = LINE('',#8906,#8907);
#8906 = CARTESIAN_POINT('',(29.,-30.5,-385.75));
#8907 = VECTOR('',#8908,1.);
#8908 = DIRECTION('',(-0.,1.,0.));
#8909 = PCURVE('',#6129,#8910);
#8910 = DEFINITIONAL_REPRESENTATION('',(#8911),#8915);
#8911 = LINE('',#8912,#8913);
#8912 = CARTESIAN_POINT('',(0.,0.));
#8913 = VECTOR('',#8914,1.);
#8914 = DIRECTION('',(0.,-1.));
#8915 = ( GEOMETRIC_REPRESENTATION_CONTEXT(2) 
PARAMETRIC_REPRESENTATION_CONTEXT() REPRESENTATION_CONTEXT('2D SPACE',''
  ) );
#8916 = PCURVE('',#6102,#8917);
#8917 = DEFINITIONAL_REPRESENTATION('',(#8918),#8922);
#8918 = LINE('',#8919,#8920);
#8919 = CARTESIAN_POINT('',(7.,0.));
#8920 = VECTOR('',#8921,1.);
#8921 = DIRECTION('',(0.,1.));
#8922 = ( GEOMETRIC_REPRESENTATION_CONTEXT(2) 
PARAMETRIC_REPRESENTATION_CONTEXT() REPRESENTATION_CONTEXT('2D SPACE',''
  ) );
#8923 = ORIENTED_EDGE('',*,*,#6114,.T.);
#8924 = ADVANCED_FACE('',(#8925),#6102,.T.);
#8925 = FACE_BOUND('',#8926,.T.);
#8926 = EDGE_LOOP('',(#8927,#8950,#8978,#8999,#9000));
#8927 = ORIENTED_EDGE('',*,*,#8928,.F.);
#8928 = EDGE_CURVE('',#8929,#6060,#8931,.T.);
#8929 = VERTEX_POINT('',#8930);
#8930 = CARTESIAN_POINT('',(22.,-11.,-385.75));
#8931 = SURFACE_CURVE('',#8932,(#8936,#8943),.PCURVE_S1.);
#8932 = LINE('',#8933,#8934);
#8933 = CARTESIAN_POINT('',(22.,-11.,-385.75));
#8934 = VECTOR('',#8935,1.);
#8935 = DIRECTION('',(1.,0.,-0.));
#8936 = PCURVE('',#6102,#8937);
#8937 = DEFINITIONAL_REPRESENTATION('',(#8938),#8942);
#8938 = LINE('',#8939,#8940);
#8939 = CARTESIAN_POINT('',(0.,19.5));
#8940 = VECTOR('',#8941,1.);
#8941 = DIRECTION('',(1.,0.));
#8942 = ( GEOMETRIC_REPRESENTATION_CONTEXT(2) 
PARAMETRIC_REPRESENTATION_CONTEXT() REPRESENTATION_CONTEXT('2D SPACE',''
  ) );
#8943 = PCURVE('',#6074,#8944);
#8944 = DEFINITIONAL_REPRESENTATION('',(#8945),#8949);
#8945 = LINE('',#8946,#8947);
#8946 = CARTESIAN_POINT('',(19.,0.));
#8947 = VECTOR('',#8948,1.);
#8948 = DIRECTION('',(0.,1.));
#8949 = ( GEOMETRIC_REPRESENTATION_CONTEXT(2) 
PARAMETRIC_REPRESENTATION_CONTEXT() REPRESENTATION_CONTEXT('2D SPACE',''
  ) );
#8950 = ORIENTED_EDGE('',*,*,#8951,.F.);
#8951 = EDGE_CURVE('',#8952,#8929,#8954,.T.);
#8952 = VERTEX_POINT('',#8953);
#8953 = CARTESIAN_POINT('',(22.,-30.5,-385.75));
#8954 = SURFACE_CURVE('',#8955,(#8959,#8966),.PCURVE_S1.);
#8955 = LINE('',#8956,#8957);
#8956 = CARTESIAN_POINT('',(22.,-30.5,-385.75));
#8957 = VECTOR('',#8958,1.);
#8958 = DIRECTION('',(-0.,1.,0.));
#8959 = PCURVE('',#6102,#8960);
#8960 = DEFINITIONAL_REPRESENTATION('',(#8961),#8965);
#8961 = LINE('',#8962,#8963);
#8962 = CARTESIAN_POINT('',(0.,0.));
#8963 = VECTOR('',#8964,1.);
#8964 = DIRECTION('',(0.,1.));
#8965 = ( GEOMETRIC_REPRESENTATION_CONTEXT(2) 
PARAMETRIC_REPRESENTATION_CONTEXT() REPRESENTATION_CONTEXT('2D SPACE',''
  ) );
#8966 = PCURVE('',#8967,#8972);
#8967 = PLANE('',#8968);
#8968 = AXIS2_PLACEMENT_3D('',#8969,#8970,#8971);
#8969 = CARTESIAN_POINT('',(22.,-30.5,-404.75));
#8970 = DIRECTION('',(1.,0.,-0.));
#8971 = DIRECTION('',(0.,0.,1.));
#8972 = DEFINITIONAL_REPRESENTATION('',(#8973),#8977);
#8973 = LINE('',#8974,#8975);
#8974 = CARTESIAN_POINT('',(19.,0.));
#8975 = VECTOR('',#8976,1.);
#8976 = DIRECTION('',(0.,-1.));
#8977 = ( GEOMETRIC_REPRESENTATION_CONTEXT(2) 
PARAMETRIC_REPRESENTATION_CONTEXT() REPRESENTATION_CONTEXT('2D SPACE',''
  ) );
#8978 = ORIENTED_EDGE('',*,*,#8979,.T.);
#8979 = EDGE_CURVE('',#8952,#8881,#8980,.T.);
#8980 = SURFACE_CURVE('',#8981,(#8985,#8992),.PCURVE_S1.);
#8981 = LINE('',#8982,#8983);
#8982 = CARTESIAN_POINT('',(22.,-30.5,-385.75));
#8983 = VECTOR('',#8984,1.);
#8984 = DIRECTION('',(1.,0.,-0.));
#8985 = PCURVE('',#6102,#8986);
#8986 = DEFINITIONAL_REPRESENTATION('',(#8987),#8991);
#8987 = LINE('',#8988,#8989);
#8988 = CARTESIAN_POINT('',(0.,0.));
#8989 = VECTOR('',#8990,1.);
#8990 = DIRECTION('',(1.,0.));
#8991 = ( GEOMETRIC_REPRESENTATION_CONTEXT(2) 
PARAMETRIC_REPRESENTATION_CONTEXT() REPRESENTATION_CONTEXT('2D SPACE',''
  ) );
#8992 = PCURVE('',#8841,#8993);
#8993 = DEFINITIONAL_REPRESENTATION('',(#8994),#8998);
#8994 = LINE('',#8995,#8996);
#8995 = CARTESIAN_POINT('',(0.,-7.));
#8996 = VECTOR('',#8997,1.);
#8997 = DIRECTION('',(0.,1.));
#8998 = ( GEOMETRIC_REPRESENTATION_CONTEXT(2) 
PARAMETRIC_REPRESENTATION_CONTEXT() REPRESENTATION_CONTEXT('2D SPACE',''
  ) );
#8999 = ORIENTED_EDGE('',*,*,#8903,.T.);
#9000 = ORIENTED_EDGE('',*,*,#6085,.F.);
#9001 = ADVANCED_FACE('',(#9002),#6074,.T.);
#9002 = FACE_BOUND('',#9003,.T.);
#9003 = EDGE_LOOP('',(#9004,#9027,#9048,#9049));
#9004 = ORIENTED_EDGE('',*,*,#9005,.F.);
#9005 = EDGE_CURVE('',#9006,#6031,#9008,.T.);
#9006 = VERTEX_POINT('',#9007);
#9007 = CARTESIAN_POINT('',(22.,-11.,-404.75));
#9008 = SURFACE_CURVE('',#9009,(#9013,#9020),.PCURVE_S1.);
#9009 = LINE('',#9010,#9011);
#9010 = CARTESIAN_POINT('',(22.,-11.,-404.75));
#9011 = VECTOR('',#9012,1.);
#9012 = DIRECTION('',(1.,0.,-0.));
#9013 = PCURVE('',#6074,#9014);
#9014 = DEFINITIONAL_REPRESENTATION('',(#9015),#9019);
#9015 = LINE('',#9016,#9017);
#9016 = CARTESIAN_POINT('',(0.,0.));
#9017 = VECTOR('',#9018,1.);
#9018 = DIRECTION('',(0.,1.));
#9019 = ( GEOMETRIC_REPRESENTATION_CONTEXT(2) 
PARAMETRIC_REPRESENTATION_CONTEXT() REPRESENTATION_CONTEXT('2D SPACE',''
  ) );
#9020 = PCURVE('',#6047,#9021);
#9021 = DEFINITIONAL_REPRESENTATION('',(#9022),#9026);
#9022 = LINE('',#9023,#9024);
#9023 = CARTESIAN_POINT('',(0.,19.5));
#9024 = VECTOR('',#9025,1.);
#9025 = DIRECTION('',(1.,0.));
#9026 = ( GEOMETRIC_REPRESENTATION_CONTEXT(2) 
PARAMETRIC_REPRESENTATION_CONTEXT() REPRESENTATION_CONTEXT('2D SPACE',''
  ) );
#9027 = ORIENTED_EDGE('',*,*,#9028,.T.);
#9028 = EDGE_CURVE('',#9006,#8929,#9029,.T.);
#9029 = SURFACE_CURVE('',#9030,(#9034,#9041),.PCURVE_S1.);
#9030 = LINE('',#9031,#9032);
#9031 = CARTESIAN_POINT('',(22.,-11.,-404.75));
#9032 = VECTOR('',#9033,1.);
#9033 = DIRECTION('',(0.,0.,1.));
#9034 = PCURVE('',#6074,#9035);
#9035 = DEFINITIONAL_REPRESENTATION('',(#9036),#9040);
#9036 = LINE('',#9037,#9038);
#9037 = CARTESIAN_POINT('',(0.,0.));
#9038 = VECTOR('',#9039,1.);
#9039 = DIRECTION('',(1.,0.));
#9040 = ( GEOMETRIC_REPRESENTATION_CONTEXT(2) 
PARAMETRIC_REPRESENTATION_CONTEXT() REPRESENTATION_CONTEXT('2D SPACE',''
  ) );
#9041 = PCURVE('',#8967,#9042);
#9042 = DEFINITIONAL_REPRESENTATION('',(#9043),#9047);
#9043 = LINE('',#9044,#9045);
#9044 = CARTESIAN_POINT('',(0.,-19.5));
#9045 = VECTOR('',#9046,1.);
#9046 = DIRECTION('',(1.,0.));
#9047 = ( GEOMETRIC_REPRESENTATION_CONTEXT(2) 
PARAMETRIC_REPRESENTATION_CONTEXT() REPRESENTATION_CONTEXT('2D SPACE',''
  ) );
#9048 = ORIENTED_EDGE('',*,*,#8928,.T.);
#9049 = ORIENTED_EDGE('',*,*,#6059,.F.);
#9050 = ADVANCED_FACE('',(#9051),#6047,.F.);
#9051 = FACE_BOUND('',#9052,.F.);
#9052 = EDGE_LOOP('',(#9053,#9054,#9077,#9100,#9121));
#9053 = ORIENTED_EDGE('',*,*,#9005,.F.);
#9054 = ORIENTED_EDGE('',*,*,#9055,.F.);
#9055 = EDGE_CURVE('',#9056,#9006,#9058,.T.);
#9056 = VERTEX_POINT('',#9057);
#9057 = CARTESIAN_POINT('',(22.,-30.5,-404.75));
#9058 = SURFACE_CURVE('',#9059,(#9063,#9070),.PCURVE_S1.);
#9059 = LINE('',#9060,#9061);
#9060 = CARTESIAN_POINT('',(22.,-30.5,-404.75));
#9061 = VECTOR('',#9062,1.);
#9062 = DIRECTION('',(-0.,1.,0.));
#9063 = PCURVE('',#6047,#9064);
#9064 = DEFINITIONAL_REPRESENTATION('',(#9065),#9069);
#9065 = LINE('',#9066,#9067);
#9066 = CARTESIAN_POINT('',(0.,0.));
#9067 = VECTOR('',#9068,1.);
#9068 = DIRECTION('',(0.,1.));
#9069 = ( GEOMETRIC_REPRESENTATION_CONTEXT(2) 
PARAMETRIC_REPRESENTATION_CONTEXT() REPRESENTATION_CONTEXT('2D SPACE',''
  ) );
#9070 = PCURVE('',#8967,#9071);
#9071 = DEFINITIONAL_REPRESENTATION('',(#9072),#9076);
#9072 = LINE('',#9073,#9074);
#9073 = CARTESIAN_POINT('',(0.,0.));
#9074 = VECTOR('',#9075,1.);
#9075 = DIRECTION('',(0.,-1.));
#9076 = ( GEOMETRIC_REPRESENTATION_CONTEXT(2) 
PARAMETRIC_REPRESENTATION_CONTEXT() REPRESENTATION_CONTEXT('2D SPACE',''
  ) );
#9077 = ORIENTED_EDGE('',*,*,#9078,.T.);
#9078 = EDGE_CURVE('',#9056,#9079,#9081,.T.);
#9079 = VERTEX_POINT('',#9080);
#9080 = CARTESIAN_POINT('',(29.,-30.5,-404.75));
#9081 = SURFACE_CURVE('',#9082,(#9086,#9093),.PCURVE_S1.);
#9082 = LINE('',#9083,#9084);
#9083 = CARTESIAN_POINT('',(22.,-30.5,-404.75));
#9084 = VECTOR('',#9085,1.);
#9085 = DIRECTION('',(1.,0.,-0.));
#9086 = PCURVE('',#6047,#9087);
#9087 = DEFINITIONAL_REPRESENTATION('',(#9088),#9092);
#9088 = LINE('',#9089,#9090);
#9089 = CARTESIAN_POINT('',(0.,0.));
#9090 = VECTOR('',#9091,1.);
#9091 = DIRECTION('',(1.,0.));
#9092 = ( GEOMETRIC_REPRESENTATION_CONTEXT(2) 
PARAMETRIC_REPRESENTATION_CONTEXT() REPRESENTATION_CONTEXT('2D SPACE',''
  ) );
#9093 = PCURVE('',#8841,#9094);
#9094 = DEFINITIONAL_REPRESENTATION('',(#9095),#9099);
#9095 = LINE('',#9096,#9097);
#9096 = CARTESIAN_POINT('',(-19.,-7.));
#9097 = VECTOR('',#9098,1.);
#9098 = DIRECTION('',(0.,1.));
#9099 = ( GEOMETRIC_REPRESENTATION_CONTEXT(2) 
PARAMETRIC_REPRESENTATION_CONTEXT() REPRESENTATION_CONTEXT('2D SPACE',''
  ) );
#9100 = ORIENTED_EDGE('',*,*,#9101,.T.);
#9101 = EDGE_CURVE('',#9079,#6005,#9102,.T.);
#9102 = SURFACE_CURVE('',#9103,(#9107,#9114),.PCURVE_S1.);
#9103 = LINE('',#9104,#9105);
#9104 = CARTESIAN_POINT('',(29.,-30.5,-404.75));
#9105 = VECTOR('',#9106,1.);
#9106 = DIRECTION('',(-0.,1.,0.));
#9107 = PCURVE('',#6047,#9108);
#9108 = DEFINITIONAL_REPRESENTATION('',(#9109),#9113);
#9109 = LINE('',#9110,#9111);
#9110 = CARTESIAN_POINT('',(7.,0.));
#9111 = VECTOR('',#9112,1.);
#9112 = DIRECTION('',(0.,1.));
#9113 = ( GEOMETRIC_REPRESENTATION_CONTEXT(2) 
PARAMETRIC_REPRESENTATION_CONTEXT() REPRESENTATION_CONTEXT('2D SPACE',''
  ) );
#9114 = PCURVE('',#6019,#9115);
#9115 = DEFINITIONAL_REPRESENTATION('',(#9116),#9120);
#9116 = LINE('',#9117,#9118);
#9117 = CARTESIAN_POINT('',(5.,0.));
#9118 = VECTOR('',#9119,1.);
#9119 = DIRECTION('',(0.,-1.));
#9120 = ( GEOMETRIC_REPRESENTATION_CONTEXT(2) 
PARAMETRIC_REPRESENTATION_CONTEXT() REPRESENTATION_CONTEXT('2D SPACE',''
  ) );
#9121 = ORIENTED_EDGE('',*,*,#6030,.F.);
#9122 = ADVANCED_FACE('',(#9123),#6019,.F.);
#9123 = FACE_BOUND('',#9124,.F.);
#9124 = EDGE_LOOP('',(#9125,#9126,#9149,#9170,#9171,#9190));
#9125 = ORIENTED_EDGE('',*,*,#9101,.F.);
#9126 = ORIENTED_EDGE('',*,*,#9127,.F.);
#9127 = EDGE_CURVE('',#9128,#9079,#9130,.T.);
#9128 = VERTEX_POINT('',#9129);
#9129 = CARTESIAN_POINT('',(29.,-30.5,-409.75));
#9130 = SURFACE_CURVE('',#9131,(#9135,#9142),.PCURVE_S1.);
#9131 = LINE('',#9132,#9133);
#9132 = CARTESIAN_POINT('',(29.,-30.5,-409.75));
#9133 = VECTOR('',#9134,1.);
#9134 = DIRECTION('',(0.,0.,1.));
#9135 = PCURVE('',#6019,#9136);
#9136 = DEFINITIONAL_REPRESENTATION('',(#9137),#9141);
#9137 = LINE('',#9138,#9139);
#9138 = CARTESIAN_POINT('',(0.,0.));
#9139 = VECTOR('',#9140,1.);
#9140 = DIRECTION('',(1.,0.));
#9141 = ( GEOMETRIC_REPRESENTATION_CONTEXT(2) 
PARAMETRIC_REPRESENTATION_CONTEXT() REPRESENTATION_CONTEXT('2D SPACE',''
  ) );
#9142 = PCURVE('',#8841,#9143);
#9143 = DEFINITIONAL_REPRESENTATION('',(#9144),#9148);
#9144 = LINE('',#9145,#9146);
#9145 = CARTESIAN_POINT('',(-24.,0.));
#9146 = VECTOR('',#9147,1.);
#9147 = DIRECTION('',(1.,0.));
#9148 = ( GEOMETRIC_REPRESENTATION_CONTEXT(2) 
PARAMETRIC_REPRESENTATION_CONTEXT() REPRESENTATION_CONTEXT('2D SPACE',''
  ) );
#9149 = ORIENTED_EDGE('',*,*,#9150,.T.);
#9150 = EDGE_CURVE('',#9128,#8676,#9151,.T.);
#9151 = SURFACE_CURVE('',#9152,(#9156,#9163),.PCURVE_S1.);
#9152 = LINE('',#9153,#9154);
#9153 = CARTESIAN_POINT('',(29.,-30.5,-409.75));
#9154 = VECTOR('',#9155,1.);
#9155 = DIRECTION('',(-0.,1.,0.));
#9156 = PCURVE('',#6019,#9157);
#9157 = DEFINITIONAL_REPRESENTATION('',(#9158),#9162);
#9158 = LINE('',#9159,#9160);
#9159 = CARTESIAN_POINT('',(0.,0.));
#9160 = VECTOR('',#9161,1.);
#9161 = DIRECTION('',(0.,-1.));
#9162 = ( GEOMETRIC_REPRESENTATION_CONTEXT(2) 
PARAMETRIC_REPRESENTATION_CONTEXT() REPRESENTATION_CONTEXT('2D SPACE',''
  ) );
#9163 = PCURVE('',#8693,#9164);
#9164 = DEFINITIONAL_REPRESENTATION('',(#9165),#9169);
#9165 = LINE('',#9166,#9167);
#9166 = CARTESIAN_POINT('',(0.,0.));
#9167 = VECTOR('',#9168,1.);
#9168 = DIRECTION('',(0.,1.));
#9169 = ( GEOMETRIC_REPRESENTATION_CONTEXT(2) 
PARAMETRIC_REPRESENTATION_CONTEXT() REPRESENTATION_CONTEXT('2D SPACE',''
  ) );
#9170 = ORIENTED_EDGE('',*,*,#8705,.T.);
#9171 = ORIENTED_EDGE('',*,*,#9172,.F.);
#9172 = EDGE_CURVE('',#5976,#8706,#9173,.T.);
#9173 = SURFACE_CURVE('',#9174,(#9178,#9184),.PCURVE_S1.);
#9174 = LINE('',#9175,#9176);
#9175 = CARTESIAN_POINT('',(29.,-15.25,-405.25));
#9176 = VECTOR('',#9177,1.);
#9177 = DIRECTION('',(-0.,1.,0.));
#9178 = PCURVE('',#6019,#9179);
#9179 = DEFINITIONAL_REPRESENTATION('',(#9180),#9183);
#9180 = B_SPLINE_CURVE_WITH_KNOTS('',1,(#9181,#9182),.UNSPECIFIED.,.F.,
  .F.,(2,2),(2.25,4.25),.PIECEWISE_BEZIER_KNOTS.);
#9181 = CARTESIAN_POINT('',(4.5,-17.5));
#9182 = CARTESIAN_POINT('',(4.5,-19.5));
#9183 = ( GEOMETRIC_REPRESENTATION_CONTEXT(2) 
PARAMETRIC_REPRESENTATION_CONTEXT() REPRESENTATION_CONTEXT('2D SPACE',''
  ) );
#9184 = PCURVE('',#5992,#9185);
#9185 = DEFINITIONAL_REPRESENTATION('',(#9186),#9189);
#9186 = B_SPLINE_CURVE_WITH_KNOTS('',1,(#9187,#9188),.UNSPECIFIED.,.F.,
  .F.,(2,2),(2.25,4.25),.PIECEWISE_BEZIER_KNOTS.);
#9187 = CARTESIAN_POINT('',(-3.,-13.));
#9188 = CARTESIAN_POINT('',(-3.,-11.));
#9189 = ( GEOMETRIC_REPRESENTATION_CONTEXT(2) 
PARAMETRIC_REPRESENTATION_CONTEXT() REPRESENTATION_CONTEXT('2D SPACE',''
  ) );
#9190 = ORIENTED_EDGE('',*,*,#6004,.T.);
#9191 = ADVANCED_FACE('',(#9192),#5992,.F.);
#9192 = FACE_BOUND('',#9193,.F.);
#9193 = EDGE_LOOP('',(#9194,#9216,#9235,#9236,#9237,#9238));
#9194 = ORIENTED_EDGE('',*,*,#9195,.T.);
#9195 = EDGE_CURVE('',#8576,#9196,#9198,.T.);
#9196 = VERTEX_POINT('',#9197);
#9197 = CARTESIAN_POINT('',(29.,11.,-405.25));
#9198 = SURFACE_CURVE('',#9199,(#9203,#9209),.PCURVE_S1.);
#9199 = LINE('',#9200,#9201);
#9200 = CARTESIAN_POINT('',(30.5,11.,-405.25));
#9201 = VECTOR('',#9202,1.);
#9202 = DIRECTION('',(-1.,-0.,0.));
#9203 = PCURVE('',#5992,#9204);
#9204 = DEFINITIONAL_REPRESENTATION('',(#9205),#9208);
#9205 = B_SPLINE_CURVE_WITH_KNOTS('',1,(#9206,#9207),.UNSPECIFIED.,.F.,
  .F.,(2,2),(-14.5,1.5),.PIECEWISE_BEZIER_KNOTS.);
#9206 = CARTESIAN_POINT('',(13.,11.));
#9207 = CARTESIAN_POINT('',(-3.,11.));
#9208 = ( GEOMETRIC_REPRESENTATION_CONTEXT(2) 
PARAMETRIC_REPRESENTATION_CONTEXT() REPRESENTATION_CONTEXT('2D SPACE',''
  ) );
#9209 = PCURVE('',#5798,#9210);
#9210 = DEFINITIONAL_REPRESENTATION('',(#9211),#9215);
#9211 = LINE('',#9212,#9213);
#9212 = CARTESIAN_POINT('',(-19.5,1.5));
#9213 = VECTOR('',#9214,1.);
#9214 = DIRECTION('',(0.,-1.));
#9215 = ( GEOMETRIC_REPRESENTATION_CONTEXT(2) 
PARAMETRIC_REPRESENTATION_CONTEXT() REPRESENTATION_CONTEXT('2D SPACE',''
  ) );
#9216 = ORIENTED_EDGE('',*,*,#9217,.T.);
#9217 = EDGE_CURVE('',#9196,#5950,#9218,.T.);
#9218 = SURFACE_CURVE('',#9219,(#9223,#9229),.PCURVE_S1.);
#9219 = LINE('',#9220,#9221);
#9220 = CARTESIAN_POINT('',(29.,5.5,-405.25));
#9221 = VECTOR('',#9222,1.);
#9222 = DIRECTION('',(-0.,1.,0.));
#9223 = PCURVE('',#5992,#9224);
#9224 = DEFINITIONAL_REPRESENTATION('',(#9225),#9228);
#9225 = B_SPLINE_CURVE_WITH_KNOTS('',1,(#9226,#9227),.UNSPECIFIED.,.F.,
  .F.,(2,2),(5.5,7.5),.PIECEWISE_BEZIER_KNOTS.);
#9226 = CARTESIAN_POINT('',(-3.,11.));
#9227 = CARTESIAN_POINT('',(-3.,13.));
#9228 = ( GEOMETRIC_REPRESENTATION_CONTEXT(2) 
PARAMETRIC_REPRESENTATION_CONTEXT() REPRESENTATION_CONTEXT('2D SPACE',''
  ) );
#9229 = PCURVE('',#5964,#9230);
#9230 = DEFINITIONAL_REPRESENTATION('',(#9231),#9234);
#9231 = B_SPLINE_CURVE_WITH_KNOTS('',1,(#9232,#9233),.UNSPECIFIED.,.F.,
  .F.,(2,2),(5.5,7.5),.PIECEWISE_BEZIER_KNOTS.);
#9232 = CARTESIAN_POINT('',(4.5,0.));
#9233 = CARTESIAN_POINT('',(4.5,-2.));
#9234 = ( GEOMETRIC_REPRESENTATION_CONTEXT(2) 
PARAMETRIC_REPRESENTATION_CONTEXT() REPRESENTATION_CONTEXT('2D SPACE',''
  ) );
#9235 = ORIENTED_EDGE('',*,*,#5975,.T.);
#9236 = ORIENTED_EDGE('',*,*,#9172,.T.);
#9237 = ORIENTED_EDGE('',*,*,#8728,.F.);
#9238 = ORIENTED_EDGE('',*,*,#9239,.F.);
#9239 = EDGE_CURVE('',#8576,#8627,#9240,.T.);
#9240 = SURFACE_CURVE('',#9241,(#9246,#9253),.PCURVE_S1.);
#9241 = CIRCLE('',#9242,11.);
#9242 = AXIS2_PLACEMENT_3D('',#9243,#9244,#9245);
#9243 = CARTESIAN_POINT('',(32.,0.,-405.25));
#9244 = DIRECTION('',(0.,0.,1.));
#9245 = DIRECTION('',(1.,0.,-0.));
#9246 = PCURVE('',#5992,#9247);
#9247 = DEFINITIONAL_REPRESENTATION('',(#9248),#9252);
#9248 = CIRCLE('',#9249,11.);
#9249 = AXIS2_PLACEMENT_2D('',#9250,#9251);
#9250 = CARTESIAN_POINT('',(0.,0.));
#9251 = DIRECTION('',(1.,0.));
#9252 = ( GEOMETRIC_REPRESENTATION_CONTEXT(2) 
PARAMETRIC_REPRESENTATION_CONTEXT() REPRESENTATION_CONTEXT('2D SPACE',''
  ) );
#9253 = PCURVE('',#8614,#9254);
#9254 = DEFINITIONAL_REPRESENTATION('',(#9255),#9259);
#9255 = LINE('',#9256,#9257);
#9256 = CARTESIAN_POINT('',(0.,3.));
#9257 = VECTOR('',#9258,1.);
#9258 = DIRECTION('',(1.,0.));
#9259 = ( GEOMETRIC_REPRESENTATION_CONTEXT(2) 
PARAMETRIC_REPRESENTATION_CONTEXT() REPRESENTATION_CONTEXT('2D SPACE',''
  ) );
#9260 = ADVANCED_FACE('',(#9261),#5964,.F.);
#9261 = FACE_BOUND('',#9262,.F.);
#9262 = EDGE_LOOP('',(#9263,#9286,#9314,#9342,#9363,#9364));
#9263 = ORIENTED_EDGE('',*,*,#9264,.F.);
#9264 = EDGE_CURVE('',#9265,#9196,#9267,.T.);
#9265 = VERTEX_POINT('',#9266);
#9266 = CARTESIAN_POINT('',(29.,11.,-409.75));
#9267 = SURFACE_CURVE('',#9268,(#9272,#9279),.PCURVE_S1.);
#9268 = LINE('',#9269,#9270);
#9269 = CARTESIAN_POINT('',(29.,11.,-409.75));
#9270 = VECTOR('',#9271,1.);
#9271 = DIRECTION('',(0.,0.,1.));
#9272 = PCURVE('',#5964,#9273);
#9273 = DEFINITIONAL_REPRESENTATION('',(#9274),#9278);
#9274 = LINE('',#9275,#9276);
#9275 = CARTESIAN_POINT('',(0.,0.));
#9276 = VECTOR('',#9277,1.);
#9277 = DIRECTION('',(1.,0.));
#9278 = ( GEOMETRIC_REPRESENTATION_CONTEXT(2) 
PARAMETRIC_REPRESENTATION_CONTEXT() REPRESENTATION_CONTEXT('2D SPACE',''
  ) );
#9279 = PCURVE('',#5798,#9280);
#9280 = DEFINITIONAL_REPRESENTATION('',(#9281),#9285);
#9281 = LINE('',#9282,#9283);
#9282 = CARTESIAN_POINT('',(-24.,0.));
#9283 = VECTOR('',#9284,1.);
#9284 = DIRECTION('',(1.,0.));
#9285 = ( GEOMETRIC_REPRESENTATION_CONTEXT(2) 
PARAMETRIC_REPRESENTATION_CONTEXT() REPRESENTATION_CONTEXT('2D SPACE',''
  ) );
#9286 = ORIENTED_EDGE('',*,*,#9287,.T.);
#9287 = EDGE_CURVE('',#9265,#9288,#9290,.T.);
#9288 = VERTEX_POINT('',#9289);
#9289 = CARTESIAN_POINT('',(29.,30.5,-409.75));
#9290 = SURFACE_CURVE('',#9291,(#9295,#9302),.PCURVE_S1.);
#9291 = LINE('',#9292,#9293);
#9292 = CARTESIAN_POINT('',(29.,11.,-409.75));
#9293 = VECTOR('',#9294,1.);
#9294 = DIRECTION('',(-0.,1.,0.));
#9295 = PCURVE('',#5964,#9296);
#9296 = DEFINITIONAL_REPRESENTATION('',(#9297),#9301);
#9297 = LINE('',#9298,#9299);
#9298 = CARTESIAN_POINT('',(0.,0.));
#9299 = VECTOR('',#9300,1.);
#9300 = DIRECTION('',(0.,-1.));
#9301 = ( GEOMETRIC_REPRESENTATION_CONTEXT(2) 
PARAMETRIC_REPRESENTATION_CONTEXT() REPRESENTATION_CONTEXT('2D SPACE',''
  ) );
#9302 = PCURVE('',#9303,#9308);
#9303 = PLANE('',#9304);
#9304 = AXIS2_PLACEMENT_3D('',#9305,#9306,#9307);
#9305 = CARTESIAN_POINT('',(29.,11.,-409.75));
#9306 = DIRECTION('',(0.,0.,1.));
#9307 = DIRECTION('',(1.,0.,-0.));
#9308 = DEFINITIONAL_REPRESENTATION('',(#9309),#9313);
#9309 = LINE('',#9310,#9311);
#9310 = CARTESIAN_POINT('',(0.,0.));
#9311 = VECTOR('',#9312,1.);
#9312 = DIRECTION('',(0.,1.));
#9313 = ( GEOMETRIC_REPRESENTATION_CONTEXT(2) 
PARAMETRIC_REPRESENTATION_CONTEXT() REPRESENTATION_CONTEXT('2D SPACE',''
  ) );
#9314 = ORIENTED_EDGE('',*,*,#9315,.T.);
#9315 = EDGE_CURVE('',#9288,#9316,#9318,.T.);
#9316 = VERTEX_POINT('',#9317);
#9317 = CARTESIAN_POINT('',(29.,30.5,-404.75));
#9318 = SURFACE_CURVE('',#9319,(#9323,#9330),.PCURVE_S1.);
#9319 = LINE('',#9320,#9321);
#9320 = CARTESIAN_POINT('',(29.,30.5,-409.75));
#9321 = VECTOR('',#9322,1.);
#9322 = DIRECTION('',(0.,0.,1.));
#9323 = PCURVE('',#5964,#9324);
#9324 = DEFINITIONAL_REPRESENTATION('',(#9325),#9329);
#9325 = LINE('',#9326,#9327);
#9326 = CARTESIAN_POINT('',(0.,-19.5));
#9327 = VECTOR('',#9328,1.);
#9328 = DIRECTION('',(1.,0.));
#9329 = ( GEOMETRIC_REPRESENTATION_CONTEXT(2) 
PARAMETRIC_REPRESENTATION_CONTEXT() REPRESENTATION_CONTEXT('2D SPACE',''
  ) );
#9330 = PCURVE('',#9331,#9336);
#9331 = PLANE('',#9332);
#9332 = AXIS2_PLACEMENT_3D('',#9333,#9334,#9335);
#9333 = CARTESIAN_POINT('',(29.,30.5,-409.75));
#9334 = DIRECTION('',(-0.,1.,0.));
#9335 = DIRECTION('',(0.,0.,1.));
#9336 = DEFINITIONAL_REPRESENTATION('',(#9337),#9341);
#9337 = LINE('',#9338,#9339);
#9338 = CARTESIAN_POINT('',(0.,0.));
#9339 = VECTOR('',#9340,1.);
#9340 = DIRECTION('',(1.,0.));
#9341 = ( GEOMETRIC_REPRESENTATION_CONTEXT(2) 
PARAMETRIC_REPRESENTATION_CONTEXT() REPRESENTATION_CONTEXT('2D SPACE',''
  ) );
#9342 = ORIENTED_EDGE('',*,*,#9343,.F.);
#9343 = EDGE_CURVE('',#5921,#9316,#9344,.T.);
#9344 = SURFACE_CURVE('',#9345,(#9349,#9356),.PCURVE_S1.);
#9345 = LINE('',#9346,#9347);
#9346 = CARTESIAN_POINT('',(29.,11.,-404.75));
#9347 = VECTOR('',#9348,1.);
#9348 = DIRECTION('',(-0.,1.,0.));
#9349 = PCURVE('',#5964,#9350);
#9350 = DEFINITIONAL_REPRESENTATION('',(#9351),#9355);
#9351 = LINE('',#9352,#9353);
#9352 = CARTESIAN_POINT('',(5.,0.));
#9353 = VECTOR('',#9354,1.);
#9354 = DIRECTION('',(0.,-1.));
#9355 = ( GEOMETRIC_REPRESENTATION_CONTEXT(2) 
PARAMETRIC_REPRESENTATION_CONTEXT() REPRESENTATION_CONTEXT('2D SPACE',''
  ) );
#9356 = PCURVE('',#5937,#9357);
#9357 = DEFINITIONAL_REPRESENTATION('',(#9358),#9362);
#9358 = LINE('',#9359,#9360);
#9359 = CARTESIAN_POINT('',(7.,0.));
#9360 = VECTOR('',#9361,1.);
#9361 = DIRECTION('',(0.,1.));
#9362 = ( GEOMETRIC_REPRESENTATION_CONTEXT(2) 
PARAMETRIC_REPRESENTATION_CONTEXT() REPRESENTATION_CONTEXT('2D SPACE',''
  ) );
#9363 = ORIENTED_EDGE('',*,*,#5949,.F.);
#9364 = ORIENTED_EDGE('',*,*,#9217,.F.);
#9365 = ADVANCED_FACE('',(#9366),#5937,.F.);
#9366 = FACE_BOUND('',#9367,.F.);
#9367 = EDGE_LOOP('',(#9368,#9391,#9419,#9440,#9441));
#9368 = ORIENTED_EDGE('',*,*,#9369,.F.);
#9369 = EDGE_CURVE('',#9370,#9316,#9372,.T.);
#9370 = VERTEX_POINT('',#9371);
#9371 = CARTESIAN_POINT('',(22.,30.5,-404.75));
#9372 = SURFACE_CURVE('',#9373,(#9377,#9384),.PCURVE_S1.);
#9373 = LINE('',#9374,#9375);
#9374 = CARTESIAN_POINT('',(22.,30.5,-404.75));
#9375 = VECTOR('',#9376,1.);
#9376 = DIRECTION('',(1.,0.,-0.));
#9377 = PCURVE('',#5937,#9378);
#9378 = DEFINITIONAL_REPRESENTATION('',(#9379),#9383);
#9379 = LINE('',#9380,#9381);
#9380 = CARTESIAN_POINT('',(0.,19.5));
#9381 = VECTOR('',#9382,1.);
#9382 = DIRECTION('',(1.,0.));
#9383 = ( GEOMETRIC_REPRESENTATION_CONTEXT(2) 
PARAMETRIC_REPRESENTATION_CONTEXT() REPRESENTATION_CONTEXT('2D SPACE',''
  ) );
#9384 = PCURVE('',#9331,#9385);
#9385 = DEFINITIONAL_REPRESENTATION('',(#9386),#9390);
#9386 = LINE('',#9387,#9388);
#9387 = CARTESIAN_POINT('',(5.,-7.));
#9388 = VECTOR('',#9389,1.);
#9389 = DIRECTION('',(0.,1.));
#9390 = ( GEOMETRIC_REPRESENTATION_CONTEXT(2) 
PARAMETRIC_REPRESENTATION_CONTEXT() REPRESENTATION_CONTEXT('2D SPACE',''
  ) );
#9391 = ORIENTED_EDGE('',*,*,#9392,.F.);
#9392 = EDGE_CURVE('',#9393,#9370,#9395,.T.);
#9393 = VERTEX_POINT('',#9394);
#9394 = CARTESIAN_POINT('',(22.,11.,-404.75));
#9395 = SURFACE_CURVE('',#9396,(#9400,#9407),.PCURVE_S1.);
#9396 = LINE('',#9397,#9398);
#9397 = CARTESIAN_POINT('',(22.,11.,-404.75));
#9398 = VECTOR('',#9399,1.);
#9399 = DIRECTION('',(-0.,1.,0.));
#9400 = PCURVE('',#5937,#9401);
#9401 = DEFINITIONAL_REPRESENTATION('',(#9402),#9406);
#9402 = LINE('',#9403,#9404);
#9403 = CARTESIAN_POINT('',(0.,0.));
#9404 = VECTOR('',#9405,1.);
#9405 = DIRECTION('',(0.,1.));
#9406 = ( GEOMETRIC_REPRESENTATION_CONTEXT(2) 
PARAMETRIC_REPRESENTATION_CONTEXT() REPRESENTATION_CONTEXT('2D SPACE',''
  ) );
#9407 = PCURVE('',#9408,#9413);
#9408 = PLANE('',#9409);
#9409 = AXIS2_PLACEMENT_3D('',#9410,#9411,#9412);
#9410 = CARTESIAN_POINT('',(22.,11.,-404.75));
#9411 = DIRECTION('',(1.,0.,-0.));
#9412 = DIRECTION('',(0.,0.,1.));
#9413 = DEFINITIONAL_REPRESENTATION('',(#9414),#9418);
#9414 = LINE('',#9415,#9416);
#9415 = CARTESIAN_POINT('',(0.,0.));
#9416 = VECTOR('',#9417,1.);
#9417 = DIRECTION('',(0.,-1.));
#9418 = ( GEOMETRIC_REPRESENTATION_CONTEXT(2) 
PARAMETRIC_REPRESENTATION_CONTEXT() REPRESENTATION_CONTEXT('2D SPACE',''
  ) );
#9419 = ORIENTED_EDGE('',*,*,#9420,.T.);
#9420 = EDGE_CURVE('',#9393,#5895,#9421,.T.);
#9421 = SURFACE_CURVE('',#9422,(#9426,#9433),.PCURVE_S1.);
#9422 = LINE('',#9423,#9424);
#9423 = CARTESIAN_POINT('',(22.,11.,-404.75));
#9424 = VECTOR('',#9425,1.);
#9425 = DIRECTION('',(1.,0.,-0.));
#9426 = PCURVE('',#5937,#9427);
#9427 = DEFINITIONAL_REPRESENTATION('',(#9428),#9432);
#9428 = LINE('',#9429,#9430);
#9429 = CARTESIAN_POINT('',(0.,0.));
#9430 = VECTOR('',#9431,1.);
#9431 = DIRECTION('',(1.,0.));
#9432 = ( GEOMETRIC_REPRESENTATION_CONTEXT(2) 
PARAMETRIC_REPRESENTATION_CONTEXT() REPRESENTATION_CONTEXT('2D SPACE',''
  ) );
#9433 = PCURVE('',#5909,#9434);
#9434 = DEFINITIONAL_REPRESENTATION('',(#9435),#9439);
#9435 = LINE('',#9436,#9437);
#9436 = CARTESIAN_POINT('',(0.,0.));
#9437 = VECTOR('',#9438,1.);
#9438 = DIRECTION('',(0.,1.));
#9439 = ( GEOMETRIC_REPRESENTATION_CONTEXT(2) 
PARAMETRIC_REPRESENTATION_CONTEXT() REPRESENTATION_CONTEXT('2D SPACE',''
  ) );
#9440 = ORIENTED_EDGE('',*,*,#5920,.F.);
#9441 = ORIENTED_EDGE('',*,*,#9343,.T.);
#9442 = ADVANCED_FACE('',(#9443),#5909,.F.);
#9443 = FACE_BOUND('',#9444,.F.);
#9444 = EDGE_LOOP('',(#9445,#9446,#9469,#9490));
#9445 = ORIENTED_EDGE('',*,*,#9420,.F.);
#9446 = ORIENTED_EDGE('',*,*,#9447,.T.);
#9447 = EDGE_CURVE('',#9393,#9448,#9450,.T.);
#9448 = VERTEX_POINT('',#9449);
#9449 = CARTESIAN_POINT('',(22.,11.,-385.75));
#9450 = SURFACE_CURVE('',#9451,(#9455,#9462),.PCURVE_S1.);
#9451 = LINE('',#9452,#9453);
#9452 = CARTESIAN_POINT('',(22.,11.,-404.75));
#9453 = VECTOR('',#9454,1.);
#9454 = DIRECTION('',(0.,0.,1.));
#9455 = PCURVE('',#5909,#9456);
#9456 = DEFINITIONAL_REPRESENTATION('',(#9457),#9461);
#9457 = LINE('',#9458,#9459);
#9458 = CARTESIAN_POINT('',(0.,0.));
#9459 = VECTOR('',#9460,1.);
#9460 = DIRECTION('',(1.,0.));
#9461 = ( GEOMETRIC_REPRESENTATION_CONTEXT(2) 
PARAMETRIC_REPRESENTATION_CONTEXT() REPRESENTATION_CONTEXT('2D SPACE',''
  ) );
#9462 = PCURVE('',#9408,#9463);
#9463 = DEFINITIONAL_REPRESENTATION('',(#9464),#9468);
#9464 = LINE('',#9465,#9466);
#9465 = CARTESIAN_POINT('',(0.,0.));
#9466 = VECTOR('',#9467,1.);
#9467 = DIRECTION('',(1.,0.));
#9468 = ( GEOMETRIC_REPRESENTATION_CONTEXT(2) 
PARAMETRIC_REPRESENTATION_CONTEXT() REPRESENTATION_CONTEXT('2D SPACE',''
  ) );
#9469 = ORIENTED_EDGE('',*,*,#9470,.T.);
#9470 = EDGE_CURVE('',#9448,#5866,#9471,.T.);
#9471 = SURFACE_CURVE('',#9472,(#9476,#9483),.PCURVE_S1.);
#9472 = LINE('',#9473,#9474);
#9473 = CARTESIAN_POINT('',(22.,11.,-385.75));
#9474 = VECTOR('',#9475,1.);
#9475 = DIRECTION('',(1.,0.,-0.));
#9476 = PCURVE('',#5909,#9477);
#9477 = DEFINITIONAL_REPRESENTATION('',(#9478),#9482);
#9478 = LINE('',#9479,#9480);
#9479 = CARTESIAN_POINT('',(19.,0.));
#9480 = VECTOR('',#9481,1.);
#9481 = DIRECTION('',(0.,1.));
#9482 = ( GEOMETRIC_REPRESENTATION_CONTEXT(2) 
PARAMETRIC_REPRESENTATION_CONTEXT() REPRESENTATION_CONTEXT('2D SPACE',''
  ) );
#9483 = PCURVE('',#5882,#9484);
#9484 = DEFINITIONAL_REPRESENTATION('',(#9485),#9489);
#9485 = LINE('',#9486,#9487);
#9486 = CARTESIAN_POINT('',(0.,0.));
#9487 = VECTOR('',#9488,1.);
#9488 = DIRECTION('',(1.,0.));
#9489 = ( GEOMETRIC_REPRESENTATION_CONTEXT(2) 
PARAMETRIC_REPRESENTATION_CONTEXT() REPRESENTATION_CONTEXT('2D SPACE',''
  ) );
#9490 = ORIENTED_EDGE('',*,*,#5894,.F.);
#9491 = ADVANCED_FACE('',(#9492),#5882,.T.);
#9492 = FACE_BOUND('',#9493,.T.);
#9493 = EDGE_LOOP('',(#9494,#9519,#9540,#9541,#9542));
#9494 = ORIENTED_EDGE('',*,*,#9495,.F.);
#9495 = EDGE_CURVE('',#9496,#9498,#9500,.T.);
#9496 = VERTEX_POINT('',#9497);
#9497 = CARTESIAN_POINT('',(22.,30.5,-385.75));
#9498 = VERTEX_POINT('',#9499);
#9499 = CARTESIAN_POINT('',(29.,30.5,-385.75));
#9500 = SURFACE_CURVE('',#9501,(#9505,#9512),.PCURVE_S1.);
#9501 = LINE('',#9502,#9503);
#9502 = CARTESIAN_POINT('',(22.,30.5,-385.75));
#9503 = VECTOR('',#9504,1.);
#9504 = DIRECTION('',(1.,0.,-0.));
#9505 = PCURVE('',#5882,#9506);
#9506 = DEFINITIONAL_REPRESENTATION('',(#9507),#9511);
#9507 = LINE('',#9508,#9509);
#9508 = CARTESIAN_POINT('',(0.,19.5));
#9509 = VECTOR('',#9510,1.);
#9510 = DIRECTION('',(1.,0.));
#9511 = ( GEOMETRIC_REPRESENTATION_CONTEXT(2) 
PARAMETRIC_REPRESENTATION_CONTEXT() REPRESENTATION_CONTEXT('2D SPACE',''
  ) );
#9512 = PCURVE('',#9331,#9513);
#9513 = DEFINITIONAL_REPRESENTATION('',(#9514),#9518);
#9514 = LINE('',#9515,#9516);
#9515 = CARTESIAN_POINT('',(24.,-7.));
#9516 = VECTOR('',#9517,1.);
#9517 = DIRECTION('',(0.,1.));
#9518 = ( GEOMETRIC_REPRESENTATION_CONTEXT(2) 
PARAMETRIC_REPRESENTATION_CONTEXT() REPRESENTATION_CONTEXT('2D SPACE',''
  ) );
#9519 = ORIENTED_EDGE('',*,*,#9520,.F.);
#9520 = EDGE_CURVE('',#9448,#9496,#9521,.T.);
#9521 = SURFACE_CURVE('',#9522,(#9526,#9533),.PCURVE_S1.);
#9522 = LINE('',#9523,#9524);
#9523 = CARTESIAN_POINT('',(22.,11.,-385.75));
#9524 = VECTOR('',#9525,1.);
#9525 = DIRECTION('',(-0.,1.,0.));
#9526 = PCURVE('',#5882,#9527);
#9527 = DEFINITIONAL_REPRESENTATION('',(#9528),#9532);
#9528 = LINE('',#9529,#9530);
#9529 = CARTESIAN_POINT('',(0.,0.));
#9530 = VECTOR('',#9531,1.);
#9531 = DIRECTION('',(0.,1.));
#9532 = ( GEOMETRIC_REPRESENTATION_CONTEXT(2) 
PARAMETRIC_REPRESENTATION_CONTEXT() REPRESENTATION_CONTEXT('2D SPACE',''
  ) );
#9533 = PCURVE('',#9408,#9534);
#9534 = DEFINITIONAL_REPRESENTATION('',(#9535),#9539);
#9535 = LINE('',#9536,#9537);
#9536 = CARTESIAN_POINT('',(19.,0.));
#9537 = VECTOR('',#9538,1.);
#9538 = DIRECTION('',(0.,-1.));
#9539 = ( GEOMETRIC_REPRESENTATION_CONTEXT(2) 
PARAMETRIC_REPRESENTATION_CONTEXT() REPRESENTATION_CONTEXT('2D SPACE',''
  ) );
#9540 = ORIENTED_EDGE('',*,*,#9470,.T.);
#9541 = ORIENTED_EDGE('',*,*,#5865,.F.);
#9542 = ORIENTED_EDGE('',*,*,#9543,.T.);
#9543 = EDGE_CURVE('',#5840,#9498,#9544,.T.);
#9544 = SURFACE_CURVE('',#9545,(#9549,#9556),.PCURVE_S1.);
#9545 = LINE('',#9546,#9547);
#9546 = CARTESIAN_POINT('',(29.,11.,-385.75));
#9547 = VECTOR('',#9548,1.);
#9548 = DIRECTION('',(-0.,1.,0.));
#9549 = PCURVE('',#5882,#9550);
#9550 = DEFINITIONAL_REPRESENTATION('',(#9551),#9555);
#9551 = LINE('',#9552,#9553);
#9552 = CARTESIAN_POINT('',(7.,0.));
#9553 = VECTOR('',#9554,1.);
#9554 = DIRECTION('',(0.,1.));
#9555 = ( GEOMETRIC_REPRESENTATION_CONTEXT(2) 
PARAMETRIC_REPRESENTATION_CONTEXT() REPRESENTATION_CONTEXT('2D SPACE',''
  ) );
#9556 = PCURVE('',#5854,#9557);
#9557 = DEFINITIONAL_REPRESENTATION('',(#9558),#9562);
#9558 = LINE('',#9559,#9560);
#9559 = CARTESIAN_POINT('',(0.,0.));
#9560 = VECTOR('',#9561,1.);
#9561 = DIRECTION('',(0.,-1.));
#9562 = ( GEOMETRIC_REPRESENTATION_CONTEXT(2) 
PARAMETRIC_REPRESENTATION_CONTEXT() REPRESENTATION_CONTEXT('2D SPACE',''
  ) );
#9563 = ADVANCED_FACE('',(#9564),#5854,.F.);
#9564 = FACE_BOUND('',#9565,.F.);
#9565 = EDGE_LOOP('',(#9566,#9589,#9590,#9591));
#9566 = ORIENTED_EDGE('',*,*,#9567,.F.);
#9567 = EDGE_CURVE('',#5811,#9568,#9570,.T.);
#9568 = VERTEX_POINT('',#9569);
#9569 = CARTESIAN_POINT('',(29.,30.5,-380.75));
#9570 = SURFACE_CURVE('',#9571,(#9575,#9582),.PCURVE_S1.);
#9571 = LINE('',#9572,#9573);
#9572 = CARTESIAN_POINT('',(29.,11.,-380.75));
#9573 = VECTOR('',#9574,1.);
#9574 = DIRECTION('',(-0.,1.,0.));
#9575 = PCURVE('',#5854,#9576);
#9576 = DEFINITIONAL_REPRESENTATION('',(#9577),#9581);
#9577 = LINE('',#9578,#9579);
#9578 = CARTESIAN_POINT('',(5.,0.));
#9579 = VECTOR('',#9580,1.);
#9580 = DIRECTION('',(0.,-1.));
#9581 = ( GEOMETRIC_REPRESENTATION_CONTEXT(2) 
PARAMETRIC_REPRESENTATION_CONTEXT() REPRESENTATION_CONTEXT('2D SPACE',''
  ) );
#9582 = PCURVE('',#5827,#9583);
#9583 = DEFINITIONAL_REPRESENTATION('',(#9584),#9588);
#9584 = LINE('',#9585,#9586);
#9585 = CARTESIAN_POINT('',(0.,0.));
#9586 = VECTOR('',#9587,1.);
#9587 = DIRECTION('',(0.,1.));
#9588 = ( GEOMETRIC_REPRESENTATION_CONTEXT(2) 
PARAMETRIC_REPRESENTATION_CONTEXT() REPRESENTATION_CONTEXT('2D SPACE',''
  ) );
#9589 = ORIENTED_EDGE('',*,*,#5839,.F.);
#9590 = ORIENTED_EDGE('',*,*,#9543,.T.);
#9591 = ORIENTED_EDGE('',*,*,#9592,.T.);
#9592 = EDGE_CURVE('',#9498,#9568,#9593,.T.);
#9593 = SURFACE_CURVE('',#9594,(#9598,#9605),.PCURVE_S1.);
#9594 = LINE('',#9595,#9596);
#9595 = CARTESIAN_POINT('',(29.,30.5,-385.75));
#9596 = VECTOR('',#9597,1.);
#9597 = DIRECTION('',(0.,0.,1.));
#9598 = PCURVE('',#5854,#9599);
#9599 = DEFINITIONAL_REPRESENTATION('',(#9600),#9604);
#9600 = LINE('',#9601,#9602);
#9601 = CARTESIAN_POINT('',(0.,-19.5));
#9602 = VECTOR('',#9603,1.);
#9603 = DIRECTION('',(1.,0.));
#9604 = ( GEOMETRIC_REPRESENTATION_CONTEXT(2) 
PARAMETRIC_REPRESENTATION_CONTEXT() REPRESENTATION_CONTEXT('2D SPACE',''
  ) );
#9605 = PCURVE('',#9331,#9606);
#9606 = DEFINITIONAL_REPRESENTATION('',(#9607),#9611);
#9607 = LINE('',#9608,#9609);
#9608 = CARTESIAN_POINT('',(24.,0.));
#9609 = VECTOR('',#9610,1.);
#9610 = DIRECTION('',(1.,0.));
#9611 = ( GEOMETRIC_REPRESENTATION_CONTEXT(2) 
PARAMETRIC_REPRESENTATION_CONTEXT() REPRESENTATION_CONTEXT('2D SPACE',''
  ) );
#9612 = ADVANCED_FACE('',(#9613),#5827,.T.);
#9613 = FACE_BOUND('',#9614,.T.);
#9614 = EDGE_LOOP('',(#9615,#9616,#9617,#9640,#9668));
#9615 = ORIENTED_EDGE('',*,*,#9567,.F.);
#9616 = ORIENTED_EDGE('',*,*,#5810,.F.);
#9617 = ORIENTED_EDGE('',*,*,#9618,.T.);
#9618 = EDGE_CURVE('',#5783,#9619,#9621,.T.);
#9619 = VERTEX_POINT('',#9620);
#9620 = CARTESIAN_POINT('',(47.,11.,-380.75));
#9621 = SURFACE_CURVE('',#9622,(#9626,#9633),.PCURVE_S1.);
#9622 = LINE('',#9623,#9624);
#9623 = CARTESIAN_POINT('',(29.,11.,-380.75));
#9624 = VECTOR('',#9625,1.);
#9625 = DIRECTION('',(1.,0.,-0.));
#9626 = PCURVE('',#5827,#9627);
#9627 = DEFINITIONAL_REPRESENTATION('',(#9628),#9632);
#9628 = LINE('',#9629,#9630);
#9629 = CARTESIAN_POINT('',(0.,0.));
#9630 = VECTOR('',#9631,1.);
#9631 = DIRECTION('',(1.,0.));
#9632 = ( GEOMETRIC_REPRESENTATION_CONTEXT(2) 
PARAMETRIC_REPRESENTATION_CONTEXT() REPRESENTATION_CONTEXT('2D SPACE',''
  ) );
#9633 = PCURVE('',#5798,#9634);
#9634 = DEFINITIONAL_REPRESENTATION('',(#9635),#9639);
#9635 = LINE('',#9636,#9637);
#9636 = CARTESIAN_POINT('',(5.,0.));
#9637 = VECTOR('',#9638,1.);
#9638 = DIRECTION('',(0.,1.));
#9639 = ( GEOMETRIC_REPRESENTATION_CONTEXT(2) 
PARAMETRIC_REPRESENTATION_CONTEXT() REPRESENTATION_CONTEXT('2D SPACE',''
  ) );
#9640 = ORIENTED_EDGE('',*,*,#9641,.T.);
#9641 = EDGE_CURVE('',#9619,#9642,#9644,.T.);
#9642 = VERTEX_POINT('',#9643);
#9643 = CARTESIAN_POINT('',(47.,30.5,-380.75));
#9644 = SURFACE_CURVE('',#9645,(#9649,#9656),.PCURVE_S1.);
#9645 = LINE('',#9646,#9647);
#9646 = CARTESIAN_POINT('',(47.,11.,-380.75));
#9647 = VECTOR('',#9648,1.);
#9648 = DIRECTION('',(-0.,1.,0.));
#9649 = PCURVE('',#5827,#9650);
#9650 = DEFINITIONAL_REPRESENTATION('',(#9651),#9655);
#9651 = LINE('',#9652,#9653);
#9652 = CARTESIAN_POINT('',(18.,0.));
#9653 = VECTOR('',#9654,1.);
#9654 = DIRECTION('',(0.,1.));
#9655 = ( GEOMETRIC_REPRESENTATION_CONTEXT(2) 
PARAMETRIC_REPRESENTATION_CONTEXT() REPRESENTATION_CONTEXT('2D SPACE',''
  ) );
#9656 = PCURVE('',#9657,#9662);
#9657 = PLANE('',#9658);
#9658 = AXIS2_PLACEMENT_3D('',#9659,#9660,#9661);
#9659 = CARTESIAN_POINT('',(47.,11.,-404.75));
#9660 = DIRECTION('',(1.,0.,-0.));
#9661 = DIRECTION('',(0.,0.,1.));
#9662 = DEFINITIONAL_REPRESENTATION('',(#9663),#9667);
#9663 = LINE('',#9664,#9665);
#9664 = CARTESIAN_POINT('',(24.,0.));
#9665 = VECTOR('',#9666,1.);
#9666 = DIRECTION('',(0.,-1.));
#9667 = ( GEOMETRIC_REPRESENTATION_CONTEXT(2) 
PARAMETRIC_REPRESENTATION_CONTEXT() REPRESENTATION_CONTEXT('2D SPACE',''
  ) );
#9668 = ORIENTED_EDGE('',*,*,#9669,.F.);
#9669 = EDGE_CURVE('',#9568,#9642,#9670,.T.);
#9670 = SURFACE_CURVE('',#9671,(#9675,#9682),.PCURVE_S1.);
#9671 = LINE('',#9672,#9673);
#9672 = CARTESIAN_POINT('',(29.,30.5,-380.75));
#9673 = VECTOR('',#9674,1.);
#9674 = DIRECTION('',(1.,0.,-0.));
#9675 = PCURVE('',#5827,#9676);
#9676 = DEFINITIONAL_REPRESENTATION('',(#9677),#9681);
#9677 = LINE('',#9678,#9679);
#9678 = CARTESIAN_POINT('',(0.,19.5));
#9679 = VECTOR('',#9680,1.);
#9680 = DIRECTION('',(1.,0.));
#9681 = ( GEOMETRIC_REPRESENTATION_CONTEXT(2) 
PARAMETRIC_REPRESENTATION_CONTEXT() REPRESENTATION_CONTEXT('2D SPACE',''
  ) );
#9682 = PCURVE('',#9331,#9683);
#9683 = DEFINITIONAL_REPRESENTATION('',(#9684),#9688);
#9684 = LINE('',#9685,#9686);
#9685 = CARTESIAN_POINT('',(29.,0.));
#9686 = VECTOR('',#9687,1.);
#9687 = DIRECTION('',(0.,1.));
#9688 = ( GEOMETRIC_REPRESENTATION_CONTEXT(2) 
PARAMETRIC_REPRESENTATION_CONTEXT() REPRESENTATION_CONTEXT('2D SPACE',''
  ) );
#9689 = ADVANCED_FACE('',(#9690),#5798,.F.);
#9690 = FACE_BOUND('',#9691,.F.);
#9691 = EDGE_LOOP('',(#9692,#9715,#9736,#9737,#9738,#9739,#9740));
#9692 = ORIENTED_EDGE('',*,*,#9693,.F.);
#9693 = EDGE_CURVE('',#9694,#9619,#9696,.T.);
#9694 = VERTEX_POINT('',#9695);
#9695 = CARTESIAN_POINT('',(47.,11.,-409.75));
#9696 = SURFACE_CURVE('',#9697,(#9701,#9708),.PCURVE_S1.);
#9697 = LINE('',#9698,#9699);
#9698 = CARTESIAN_POINT('',(47.,11.,-409.75));
#9699 = VECTOR('',#9700,1.);
#9700 = DIRECTION('',(0.,0.,1.));
#9701 = PCURVE('',#5798,#9702);
#9702 = DEFINITIONAL_REPRESENTATION('',(#9703),#9707);
#9703 = LINE('',#9704,#9705);
#9704 = CARTESIAN_POINT('',(-24.,18.));
#9705 = VECTOR('',#9706,1.);
#9706 = DIRECTION('',(1.,0.));
#9707 = ( GEOMETRIC_REPRESENTATION_CONTEXT(2) 
PARAMETRIC_REPRESENTATION_CONTEXT() REPRESENTATION_CONTEXT('2D SPACE',''
  ) );
#9708 = PCURVE('',#9657,#9709);
#9709 = DEFINITIONAL_REPRESENTATION('',(#9710),#9714);
#9710 = LINE('',#9711,#9712);
#9711 = CARTESIAN_POINT('',(-5.,0.));
#9712 = VECTOR('',#9713,1.);
#9713 = DIRECTION('',(1.,0.));
#9714 = ( GEOMETRIC_REPRESENTATION_CONTEXT(2) 
PARAMETRIC_REPRESENTATION_CONTEXT() REPRESENTATION_CONTEXT('2D SPACE',''
  ) );
#9715 = ORIENTED_EDGE('',*,*,#9716,.F.);
#9716 = EDGE_CURVE('',#9265,#9694,#9717,.T.);
#9717 = SURFACE_CURVE('',#9718,(#9722,#9729),.PCURVE_S1.);
#9718 = LINE('',#9719,#9720);
#9719 = CARTESIAN_POINT('',(29.,11.,-409.75));
#9720 = VECTOR('',#9721,1.);
#9721 = DIRECTION('',(1.,0.,-0.));
#9722 = PCURVE('',#5798,#9723);
#9723 = DEFINITIONAL_REPRESENTATION('',(#9724),#9728);
#9724 = LINE('',#9725,#9726);
#9725 = CARTESIAN_POINT('',(-24.,0.));
#9726 = VECTOR('',#9727,1.);
#9727 = DIRECTION('',(0.,1.));
#9728 = ( GEOMETRIC_REPRESENTATION_CONTEXT(2) 
PARAMETRIC_REPRESENTATION_CONTEXT() REPRESENTATION_CONTEXT('2D SPACE',''
  ) );
#9729 = PCURVE('',#9303,#9730);
#9730 = DEFINITIONAL_REPRESENTATION('',(#9731),#9735);
#9731 = LINE('',#9732,#9733);
#9732 = CARTESIAN_POINT('',(0.,0.));
#9733 = VECTOR('',#9734,1.);
#9734 = DIRECTION('',(1.,0.));
#9735 = ( GEOMETRIC_REPRESENTATION_CONTEXT(2) 
PARAMETRIC_REPRESENTATION_CONTEXT() REPRESENTATION_CONTEXT('2D SPACE',''
  ) );
#9736 = ORIENTED_EDGE('',*,*,#9264,.T.);
#9737 = ORIENTED_EDGE('',*,*,#9195,.F.);
#9738 = ORIENTED_EDGE('',*,*,#8575,.F.);
#9739 = ORIENTED_EDGE('',*,*,#5782,.T.);
#9740 = ORIENTED_EDGE('',*,*,#9618,.T.);
#9741 = ADVANCED_FACE('',(#9742,#9768),#5690,.T.);
#9742 = FACE_BOUND('',#9743,.T.);
#9743 = EDGE_LOOP('',(#9744,#9745,#9746,#9747));
#9744 = ORIENTED_EDGE('',*,*,#8550,.F.);
#9745 = ORIENTED_EDGE('',*,*,#5675,.T.);
#9746 = ORIENTED_EDGE('',*,*,#8416,.T.);
#9747 = ORIENTED_EDGE('',*,*,#9748,.F.);
#9748 = EDGE_CURVE('',#8528,#8389,#9749,.T.);
#9749 = SURFACE_CURVE('',#9750,(#9754,#9761),.PCURVE_S1.);
#9750 = LINE('',#9751,#9752);
#9751 = CARTESIAN_POINT('',(51.,4.,-404.));
#9752 = VECTOR('',#9753,1.);
#9753 = DIRECTION('',(0.,0.,1.));
#9754 = PCURVE('',#5690,#9755);
#9755 = DEFINITIONAL_REPRESENTATION('',(#9756),#9760);
#9756 = LINE('',#9757,#9758);
#9757 = CARTESIAN_POINT('',(0.,8.));
#9758 = VECTOR('',#9759,1.);
#9759 = DIRECTION('',(1.,0.));
#9760 = ( GEOMETRIC_REPRESENTATION_CONTEXT(2) 
PARAMETRIC_REPRESENTATION_CONTEXT() REPRESENTATION_CONTEXT('2D SPACE',''
  ) );
#9761 = PCURVE('',#8404,#9762);
#9762 = DEFINITIONAL_REPRESENTATION('',(#9763),#9767);
#9763 = LINE('',#9764,#9765);
#9764 = CARTESIAN_POINT('',(0.,-8.));
#9765 = VECTOR('',#9766,1.);
#9766 = DIRECTION('',(1.,0.));
#9767 = ( GEOMETRIC_REPRESENTATION_CONTEXT(2) 
PARAMETRIC_REPRESENTATION_CONTEXT() REPRESENTATION_CONTEXT('2D SPACE',''
  ) );
#9768 = FACE_BOUND('',#9769,.T.);
#9769 = EDGE_LOOP('',(#9770));
#9770 = ORIENTED_EDGE('',*,*,#9771,.T.);
#9771 = EDGE_CURVE('',#9772,#9772,#9774,.T.);
#9772 = VERTEX_POINT('',#9773);
#9773 = CARTESIAN_POINT('',(50.,4.,-401.));
#9774 = SURFACE_CURVE('',#9775,(#9780,#9791),.PCURVE_S1.);
#9775 = CIRCLE('',#9776,2.);
#9776 = AXIS2_PLACEMENT_3D('',#9777,#9778,#9779);
#9777 = CARTESIAN_POINT('',(48.,4.,-401.));
#9778 = DIRECTION('',(0.,-1.,2.22044604925E-16));
#9779 = DIRECTION('',(1.,0.,0.));
#9780 = PCURVE('',#5690,#9781);
#9781 = DEFINITIONAL_REPRESENTATION('',(#9782),#9790);
#9782 = ( BOUNDED_CURVE() B_SPLINE_CURVE(2,(#9783,#9784,#9785,#9786,
#9787,#9788,#9789),.UNSPECIFIED.,.T.,.F.) B_SPLINE_CURVE_WITH_KNOTS((1,2
    ,2,2,2,1),(-2.094395102393,0.,2.094395102393,4.188790204786,
6.28318530718,8.377580409573),.UNSPECIFIED.) CURVE() 
GEOMETRIC_REPRESENTATION_ITEM() RATIONAL_B_SPLINE_CURVE((1.,0.5,1.,0.5,
1.,0.5,1.)) REPRESENTATION_ITEM('') );
#9783 = CARTESIAN_POINT('',(3.,7.));
#9784 = CARTESIAN_POINT('',(6.464101615138,7.));
#9785 = CARTESIAN_POINT('',(4.732050807569,4.));
#9786 = CARTESIAN_POINT('',(3.,1.));
#9787 = CARTESIAN_POINT('',(1.267949192431,4.));
#9788 = CARTESIAN_POINT('',(-0.464101615138,7.));
#9789 = CARTESIAN_POINT('',(3.,7.));
#9790 = ( GEOMETRIC_REPRESENTATION_CONTEXT(2) 
PARAMETRIC_REPRESENTATION_CONTEXT() REPRESENTATION_CONTEXT('2D SPACE',''
  ) );
#9791 = PCURVE('',#8510,#9792);
#9792 = DEFINITIONAL_REPRESENTATION('',(#9793),#9797);
#9793 = LINE('',#9794,#9795);
#9794 = CARTESIAN_POINT('',(0.,1.));
#9795 = VECTOR('',#9796,1.);
#9796 = DIRECTION('',(1.,0.));
#9797 = ( GEOMETRIC_REPRESENTATION_CONTEXT(2) 
PARAMETRIC_REPRESENTATION_CONTEXT() REPRESENTATION_CONTEXT('2D SPACE',''
  ) );
#9798 = ADVANCED_FACE('',(#9799,#9953),#6386,.T.);
#9799 = FACE_BOUND('',#9800,.T.);
#9800 = EDGE_LOOP('',(#9801,#9802,#9829,#9830,#9853,#9889,#9918,#9952));
#9801 = ORIENTED_EDGE('',*,*,#7861,.F.);
#9802 = ORIENTED_EDGE('',*,*,#9803,.F.);
#9803 = EDGE_CURVE('',#7898,#7839,#9804,.T.);
#9804 = SURFACE_CURVE('',#9805,(#9810,#9817),.PCURVE_S1.);
#9805 = CIRCLE('',#9806,4.);
#9806 = AXIS2_PLACEMENT_3D('',#9807,#9808,#9809);
#9807 = CARTESIAN_POINT('',(-32.5,-32.5,-363.25));
#9808 = DIRECTION('',(0.,-1.,2.22044604925E-16));
#9809 = DIRECTION('',(1.,0.,0.));
#9810 = PCURVE('',#6386,#9811);
#9811 = DEFINITIONAL_REPRESENTATION('',(#9812),#9816);
#9812 = LINE('',#9813,#9814);
#9813 = CARTESIAN_POINT('',(0.,65.));
#9814 = VECTOR('',#9815,1.);
#9815 = DIRECTION('',(1.,0.));
#9816 = ( GEOMETRIC_REPRESENTATION_CONTEXT(2) 
PARAMETRIC_REPRESENTATION_CONTEXT() REPRESENTATION_CONTEXT('2D SPACE',''
  ) );
#9817 = PCURVE('',#9818,#9823);
#9818 = PLANE('',#9819);
#9819 = AXIS2_PLACEMENT_3D('',#9820,#9821,#9822);
#9820 = CARTESIAN_POINT('',(-32.5,-32.5,-363.25));
#9821 = DIRECTION('',(0.,-1.,2.22044604925E-16));
#9822 = DIRECTION('',(1.,0.,0.));
#9823 = DEFINITIONAL_REPRESENTATION('',(#9824),#9828);
#9824 = CIRCLE('',#9825,4.);
#9825 = AXIS2_PLACEMENT_2D('',#9826,#9827);
#9826 = CARTESIAN_POINT('',(0.,0.));
#9827 = DIRECTION('',(1.,0.));
#9828 = ( GEOMETRIC_REPRESENTATION_CONTEXT(2) 
PARAMETRIC_REPRESENTATION_CONTEXT() REPRESENTATION_CONTEXT('2D SPACE',''
  ) );
#9829 = ORIENTED_EDGE('',*,*,#7897,.F.);
#9830 = ORIENTED_EDGE('',*,*,#9831,.F.);
#9831 = EDGE_CURVE('',#9832,#7862,#9834,.T.);
#9832 = VERTEX_POINT('',#9833);
#9833 = CARTESIAN_POINT('',(-28.5,28.5,-363.25));
#9834 = SEAM_CURVE('',#9835,(#9839,#9846),.PCURVE_S1.);
#9835 = LINE('',#9836,#9837);
#9836 = CARTESIAN_POINT('',(-28.5,32.5,-363.25));
#9837 = VECTOR('',#9838,1.);
#9838 = DIRECTION('',(0.,-1.,2.22044604925E-16));
#9839 = PCURVE('',#6386,#9840);
#9840 = DEFINITIONAL_REPRESENTATION('',(#9841),#9845);
#9841 = LINE('',#9842,#9843);
#9842 = CARTESIAN_POINT('',(6.28318530718,-0.));
#9843 = VECTOR('',#9844,1.);
#9844 = DIRECTION('',(0.,1.));
#9845 = ( GEOMETRIC_REPRESENTATION_CONTEXT(2) 
PARAMETRIC_REPRESENTATION_CONTEXT() REPRESENTATION_CONTEXT('2D SPACE',''
  ) );
#9846 = PCURVE('',#6386,#9847);
#9847 = DEFINITIONAL_REPRESENTATION('',(#9848),#9852);
#9848 = LINE('',#9849,#9850);
#9849 = CARTESIAN_POINT('',(0.,-0.));
#9850 = VECTOR('',#9851,1.);
#9851 = DIRECTION('',(0.,1.));
#9852 = ( GEOMETRIC_REPRESENTATION_CONTEXT(2) 
PARAMETRIC_REPRESENTATION_CONTEXT() REPRESENTATION_CONTEXT('2D SPACE',''
  ) );
#9853 = ORIENTED_EDGE('',*,*,#9854,.F.);
#9854 = EDGE_CURVE('',#9855,#9832,#9857,.T.);
#9855 = VERTEX_POINT('',#9856);
#9856 = CARTESIAN_POINT('',(-32.5,32.5,-359.25));
#9857 = SURFACE_CURVE('',#9858,(#9863,#9876),.PCURVE_S1.);
#9858 = ELLIPSE('',#9859,5.656854249492,4.);
#9859 = AXIS2_PLACEMENT_3D('',#9860,#9861,#9862);
#9860 = CARTESIAN_POINT('',(-32.5,32.5,-363.25));
#9861 = DIRECTION('',(0.707106781187,0.707106781187,0.));
#9862 = DIRECTION('',(0.707106781187,-0.707106781187,3.140184917368E-16)
  );
#9863 = PCURVE('',#6386,#9864);
#9864 = DEFINITIONAL_REPRESENTATION('',(#9865),#9875);
#9865 = B_SPLINE_CURVE_WITH_KNOTS('',8,(#9866,#9867,#9868,#9869,#9870,
    #9871,#9872,#9873,#9874),.UNSPECIFIED.,.F.,.F.,(9,9),(4.712388680385
    ,6.28318530718),.PIECEWISE_BEZIER_KNOTS.);
#9866 = CARTESIAN_POINT('',(1.570796626795,-1.199999999812E-06));
#9867 = CARTESIAN_POINT('',(1.374447048446,0.785397113397));
#9868 = CARTESIAN_POINT('',(1.178097470096,1.570795666146));
#9869 = CARTESIAN_POINT('',(0.981747891747,2.310052427019));
#9870 = CARTESIAN_POINT('',(0.785398313396,2.957034609459));
#9871 = CARTESIAN_POINT('',(0.589048735049,3.471271983393));
#9872 = CARTESIAN_POINT('',(0.392699156698,3.823756828734));
#9873 = CARTESIAN_POINT('',(0.196349578349,4.));
#9874 = CARTESIAN_POINT('',(0.,4.));
#9875 = ( GEOMETRIC_REPRESENTATION_CONTEXT(2) 
PARAMETRIC_REPRESENTATION_CONTEXT() REPRESENTATION_CONTEXT('2D SPACE',''
  ) );
#9876 = PCURVE('',#6642,#9877);
#9877 = DEFINITIONAL_REPRESENTATION('',(#9878),#9888);
#9878 = B_SPLINE_CURVE_WITH_KNOTS('',8,(#9879,#9880,#9881,#9882,#9883,
    #9884,#9885,#9886,#9887),.UNSPECIFIED.,.F.,.F.,(9,9),(4.712388680385
    ,6.28318530718),.PIECEWISE_BEZIER_KNOTS.);
#9879 = CARTESIAN_POINT('',(3.14159235359,-1.199999999812E-06));
#9880 = CARTESIAN_POINT('',(3.337941931939,0.785397113397));
#9881 = CARTESIAN_POINT('',(3.534291510282,1.570795666146));
#9882 = CARTESIAN_POINT('',(3.730641088658,2.310052427019));
#9883 = CARTESIAN_POINT('',(3.926990666953,2.957034609459));
#9884 = CARTESIAN_POINT('',(4.123340245355,3.471271983393));
#9885 = CARTESIAN_POINT('',(4.319689823679,3.823756828734));
#9886 = CARTESIAN_POINT('',(4.516039402035,4.));
#9887 = CARTESIAN_POINT('',(4.712388980385,4.));
#9888 = ( GEOMETRIC_REPRESENTATION_CONTEXT(2) 
PARAMETRIC_REPRESENTATION_CONTEXT() REPRESENTATION_CONTEXT('2D SPACE',''
  ) );
#9889 = ORIENTED_EDGE('',*,*,#9890,.T.);
#9890 = EDGE_CURVE('',#9855,#9891,#9893,.T.);
#9891 = VERTEX_POINT('',#9892);
#9892 = CARTESIAN_POINT('',(-32.5,32.5,-367.25));
#9893 = SURFACE_CURVE('',#9894,(#9899,#9906),.PCURVE_S1.);
#9894 = CIRCLE('',#9895,4.);
#9895 = AXIS2_PLACEMENT_3D('',#9896,#9897,#9898);
#9896 = CARTESIAN_POINT('',(-32.5,32.5,-363.25));
#9897 = DIRECTION('',(0.,-1.,2.22044604925E-16));
#9898 = DIRECTION('',(1.,0.,0.));
#9899 = PCURVE('',#6386,#9900);
#9900 = DEFINITIONAL_REPRESENTATION('',(#9901),#9905);
#9901 = LINE('',#9902,#9903);
#9902 = CARTESIAN_POINT('',(0.,0.));
#9903 = VECTOR('',#9904,1.);
#9904 = DIRECTION('',(1.,0.));
#9905 = ( GEOMETRIC_REPRESENTATION_CONTEXT(2) 
PARAMETRIC_REPRESENTATION_CONTEXT() REPRESENTATION_CONTEXT('2D SPACE',''
  ) );
#9906 = PCURVE('',#9907,#9912);
#9907 = PLANE('',#9908);
#9908 = AXIS2_PLACEMENT_3D('',#9909,#9910,#9911);
#9909 = CARTESIAN_POINT('',(-32.5,32.5,-363.25));
#9910 = DIRECTION('',(0.,-1.,2.22044604925E-16));
#9911 = DIRECTION('',(1.,0.,0.));
#9912 = DEFINITIONAL_REPRESENTATION('',(#9913),#9917);
#9913 = CIRCLE('',#9914,4.);
#9914 = AXIS2_PLACEMENT_2D('',#9915,#9916);
#9915 = CARTESIAN_POINT('',(0.,0.));
#9916 = DIRECTION('',(1.,0.));
#9917 = ( GEOMETRIC_REPRESENTATION_CONTEXT(2) 
PARAMETRIC_REPRESENTATION_CONTEXT() REPRESENTATION_CONTEXT('2D SPACE',''
  ) );
#9918 = ORIENTED_EDGE('',*,*,#9919,.F.);
#9919 = EDGE_CURVE('',#9832,#9891,#9920,.T.);
#9920 = SURFACE_CURVE('',#9921,(#9926,#9939),.PCURVE_S1.);
#9921 = ELLIPSE('',#9922,5.656854249492,4.);
#9922 = AXIS2_PLACEMENT_3D('',#9923,#9924,#9925);
#9923 = CARTESIAN_POINT('',(-32.5,32.5,-363.25));
#9924 = DIRECTION('',(0.707106781187,0.707106781187,0.));
#9925 = DIRECTION('',(0.707106781187,-0.707106781187,3.140184917368E-16)
  );
#9926 = PCURVE('',#6386,#9927);
#9927 = DEFINITIONAL_REPRESENTATION('',(#9928),#9938);
#9928 = B_SPLINE_CURVE_WITH_KNOTS('',8,(#9929,#9930,#9931,#9932,#9933,
    #9934,#9935,#9936,#9937),.UNSPECIFIED.,.F.,.F.,(9,9),(0.,
    1.570796326795),.PIECEWISE_BEZIER_KNOTS.);
#9929 = CARTESIAN_POINT('',(6.28318530718,4.));
#9930 = CARTESIAN_POINT('',(6.08683576633,4.));
#9931 = CARTESIAN_POINT('',(5.890486225481,3.823756896056));
#9932 = CARTESIAN_POINT('',(5.694136684632,3.471272185345));
#9933 = CARTESIAN_POINT('',(5.497787143783,2.95703500232));
#9934 = CARTESIAN_POINT('',(5.301437602934,2.310053044833));
#9935 = CARTESIAN_POINT('',(5.105088062084,1.570796513274));
#9936 = CARTESIAN_POINT('',(4.908738521234,0.785398163397));
#9937 = CARTESIAN_POINT('',(4.712388980385,0.));
#9938 = ( GEOMETRIC_REPRESENTATION_CONTEXT(2) 
PARAMETRIC_REPRESENTATION_CONTEXT() REPRESENTATION_CONTEXT('2D SPACE',''
  ) );
#9939 = PCURVE('',#6642,#9940);
#9940 = DEFINITIONAL_REPRESENTATION('',(#9941),#9951);
#9941 = B_SPLINE_CURVE_WITH_KNOTS('',8,(#9942,#9943,#9944,#9945,#9946,
    #9947,#9948,#9949,#9950),.UNSPECIFIED.,.F.,.F.,(9,9),(0.,
    1.570796326795),.PIECEWISE_BEZIER_KNOTS.);
#9942 = CARTESIAN_POINT('',(4.712388980385,4.));
#9943 = CARTESIAN_POINT('',(4.908738521234,4.));
#9944 = CARTESIAN_POINT('',(5.105088062083,3.823756896056));
#9945 = CARTESIAN_POINT('',(5.301437602936,3.471272185345));
#9946 = CARTESIAN_POINT('',(5.497787143781,2.95703500232));
#9947 = CARTESIAN_POINT('',(5.694136684635,2.310053044833));
#9948 = CARTESIAN_POINT('',(5.890486225481,1.570796513274));
#9949 = CARTESIAN_POINT('',(6.08683576633,0.785398163397));
#9950 = CARTESIAN_POINT('',(6.28318530718,0.));
#9951 = ( GEOMETRIC_REPRESENTATION_CONTEXT(2) 
PARAMETRIC_REPRESENTATION_CONTEXT() REPRESENTATION_CONTEXT('2D SPACE',''
  ) );
#9952 = ORIENTED_EDGE('',*,*,#9831,.T.);
#9953 = FACE_BOUND('',#9954,.T.);
#9954 = EDGE_LOOP('',(#9955,#9956,#9957,#9958));
#9955 = ORIENTED_EDGE('',*,*,#6525,.F.);
#9956 = ORIENTED_EDGE('',*,*,#6471,.F.);
#9957 = ORIENTED_EDGE('',*,*,#6424,.T.);
#9958 = ORIENTED_EDGE('',*,*,#6365,.T.);
#9959 = ADVANCED_FACE('',(#9960),#6566,.F.);
#9960 = FACE_BOUND('',#9961,.F.);
#9961 = EDGE_LOOP('',(#9962,#9986,#10007,#10008));
#9962 = ORIENTED_EDGE('',*,*,#9963,.F.);
#9963 = EDGE_CURVE('',#9964,#9964,#9966,.T.);
#9964 = VERTEX_POINT('',#9965);
#9965 = CARTESIAN_POINT('',(-9.9,-7.592810154714E-16,-351.25));
#9966 = SURFACE_CURVE('',#9967,(#9972,#9979),.PCURVE_S1.);
#9967 = CIRCLE('',#9968,3.1);
#9968 = AXIS2_PLACEMENT_3D('',#9969,#9970,#9971);
#9969 = CARTESIAN_POINT('',(-13.,0.,-351.25));
#9970 = DIRECTION('',(0.,0.,1.));
#9971 = DIRECTION('',(1.,0.,-0.));
#9972 = PCURVE('',#6566,#9973);
#9973 = DEFINITIONAL_REPRESENTATION('',(#9974),#9978);
#9974 = LINE('',#9975,#9976);
#9975 = CARTESIAN_POINT('',(0.,1.4));
#9976 = VECTOR('',#9977,1.);
#9977 = DIRECTION('',(1.,0.));
#9978 = ( GEOMETRIC_REPRESENTATION_CONTEXT(2) 
PARAMETRIC_REPRESENTATION_CONTEXT() REPRESENTATION_CONTEXT('2D SPACE',''
  ) );
#9979 = PCURVE('',#7021,#9980);
#9980 = DEFINITIONAL_REPRESENTATION('',(#9981),#9985);
#9981 = CIRCLE('',#9982,3.1);
#9982 = AXIS2_PLACEMENT_2D('',#9983,#9984);
#9983 = CARTESIAN_POINT('',(-13.,0.));
#9984 = DIRECTION('',(1.,0.));
#9985 = ( GEOMETRIC_REPRESENTATION_CONTEXT(2) 
PARAMETRIC_REPRESENTATION_CONTEXT() REPRESENTATION_CONTEXT('2D SPACE',''
  ) );
#9986 = ORIENTED_EDGE('',*,*,#9987,.F.);
#9987 = EDGE_CURVE('',#6550,#9964,#9988,.T.);
#9988 = SEAM_CURVE('',#9989,(#9993,#10000),.PCURVE_S1.);
#9989 = LINE('',#9990,#9991);
#9990 = CARTESIAN_POINT('',(-11.3,-4.163799117101E-16,-352.65));
#9991 = VECTOR('',#9992,1.);
#9992 = DIRECTION('',(0.707106781187,-1.731912112471E-16,0.707106781187)
  );
#9993 = PCURVE('',#6566,#9994);
#9994 = DEFINITIONAL_REPRESENTATION('',(#9995),#9999);
#9995 = LINE('',#9996,#9997);
#9996 = CARTESIAN_POINT('',(6.28318530718,-0.));
#9997 = VECTOR('',#9998,1.);
#9998 = DIRECTION('',(0.,1.));
#9999 = ( GEOMETRIC_REPRESENTATION_CONTEXT(2) 
PARAMETRIC_REPRESENTATION_CONTEXT() REPRESENTATION_CONTEXT('2D SPACE',''
  ) );
#10000 = PCURVE('',#6566,#10001);
#10001 = DEFINITIONAL_REPRESENTATION('',(#10002),#10006);
#10002 = LINE('',#10003,#10004);
#10003 = CARTESIAN_POINT('',(0.,-0.));
#10004 = VECTOR('',#10005,1.);
#10005 = DIRECTION('',(0.,1.));
#10006 = ( GEOMETRIC_REPRESENTATION_CONTEXT(2) 
PARAMETRIC_REPRESENTATION_CONTEXT() REPRESENTATION_CONTEXT('2D SPACE',''
  ) );
#10007 = ORIENTED_EDGE('',*,*,#6549,.T.);
#10008 = ORIENTED_EDGE('',*,*,#9987,.T.);
#10009 = ADVANCED_FACE('',(#10010,#10169,#10175),#6642,.T.);
#10010 = FACE_BOUND('',#10011,.T.);
#10011 = EDGE_LOOP('',(#10012,#10043,#10084,#10105,#10132,#10133,#10134,
    #10135));
#10012 = ORIENTED_EDGE('',*,*,#10013,.F.);
#10013 = EDGE_CURVE('',#10014,#10016,#10018,.T.);
#10014 = VERTEX_POINT('',#10015);
#10015 = CARTESIAN_POINT('',(14.,36.5,-363.25));
#10016 = VERTEX_POINT('',#10017);
#10017 = CARTESIAN_POINT('',(14.,28.5,-363.25));
#10018 = SURFACE_CURVE('',#10019,(#10024,#10031),.PCURVE_S1.);
#10019 = CIRCLE('',#10020,4.);
#10020 = AXIS2_PLACEMENT_3D('',#10021,#10022,#10023);
#10021 = CARTESIAN_POINT('',(14.,32.5,-363.25));
#10022 = DIRECTION('',(1.,-0.,2.22044604925E-16));
#10023 = DIRECTION('',(2.22044604925E-16,0.,-1.));
#10024 = PCURVE('',#6642,#10025);
#10025 = DEFINITIONAL_REPRESENTATION('',(#10026),#10030);
#10026 = LINE('',#10027,#10028);
#10027 = CARTESIAN_POINT('',(0.,46.5));
#10028 = VECTOR('',#10029,1.);
#10029 = DIRECTION('',(1.,0.));
#10030 = ( GEOMETRIC_REPRESENTATION_CONTEXT(2) 
PARAMETRIC_REPRESENTATION_CONTEXT() REPRESENTATION_CONTEXT('2D SPACE',''
  ) );
#10031 = PCURVE('',#10032,#10037);
#10032 = PLANE('',#10033);
#10033 = AXIS2_PLACEMENT_3D('',#10034,#10035,#10036);
#10034 = CARTESIAN_POINT('',(14.,32.5,-363.25));
#10035 = DIRECTION('',(1.,0.,2.22044604925E-16));
#10036 = DIRECTION('',(2.22044604925E-16,0.,-1.));
#10037 = DEFINITIONAL_REPRESENTATION('',(#10038),#10042);
#10038 = CIRCLE('',#10039,4.);
#10039 = AXIS2_PLACEMENT_2D('',#10040,#10041);
#10040 = CARTESIAN_POINT('',(0.,0.));
#10041 = DIRECTION('',(1.,0.));
#10042 = ( GEOMETRIC_REPRESENTATION_CONTEXT(2) 
PARAMETRIC_REPRESENTATION_CONTEXT() REPRESENTATION_CONTEXT('2D SPACE',''
  ) );
#10043 = ORIENTED_EDGE('',*,*,#10044,.T.);
#10044 = EDGE_CURVE('',#10014,#10045,#10047,.T.);
#10045 = VERTEX_POINT('',#10046);
#10046 = CARTESIAN_POINT('',(10.,32.5,-367.25));
#10047 = SURFACE_CURVE('',#10048,(#10053,#10066),.PCURVE_S1.);
#10048 = ELLIPSE('',#10049,5.656854249492,4.);
#10049 = AXIS2_PLACEMENT_3D('',#10050,#10051,#10052);
#10050 = CARTESIAN_POINT('',(14.,32.5,-363.25));
#10051 = DIRECTION('',(-0.707106781187,0.,0.707106781187));
#10052 = DIRECTION('',(0.707106781187,0.,0.707106781187));
#10053 = PCURVE('',#6642,#10054);
#10054 = DEFINITIONAL_REPRESENTATION('',(#10055),#10065);
#10055 = B_SPLINE_CURVE_WITH_KNOTS('',8,(#10056,#10057,#10058,#10059,
    #10060,#10061,#10062,#10063,#10064),.UNSPECIFIED.,.F.,.F.,(9,9),(
    1.57079572287,3.14159265359),.PIECEWISE_BEZIER_KNOTS.);
#10056 = CARTESIAN_POINT('',(1.57079693072,46.500002415701));
#10057 = CARTESIAN_POINT('',(1.37444731438,45.714603950341));
#10058 = CARTESIAN_POINT('',(1.17809769804,44.929205191983));
#10059 = CARTESIAN_POINT('',(0.9817480817,44.189948199062));
#10060 = CARTESIAN_POINT('',(0.785398465358,43.542965788145));
#10061 = CARTESIAN_POINT('',(0.58904884902,43.028728221363));
#10062 = CARTESIAN_POINT('',(0.39269923268,42.676243239383));
#10063 = CARTESIAN_POINT('',(0.19634961634,42.5));
#10064 = CARTESIAN_POINT('',(0.,42.5));
#10065 = ( GEOMETRIC_REPRESENTATION_CONTEXT(2) 
PARAMETRIC_REPRESENTATION_CONTEXT() REPRESENTATION_CONTEXT('2D SPACE',''
  ) );
#10066 = PCURVE('',#10067,#10072);
#10067 = CYLINDRICAL_SURFACE('',#10068,4.);
#10068 = AXIS2_PLACEMENT_3D('',#10069,#10070,#10071);
#10069 = CARTESIAN_POINT('',(14.,32.5,-414.3));
#10070 = DIRECTION('',(0.,0.,1.));
#10071 = DIRECTION('',(1.,0.,-0.));
#10072 = DEFINITIONAL_REPRESENTATION('',(#10073),#10083);
#10073 = B_SPLINE_CURVE_WITH_KNOTS('',8,(#10074,#10075,#10076,#10077,
    #10078,#10079,#10080,#10081,#10082),.UNSPECIFIED.,.F.,.F.,(9,9),(
    1.57079572287,3.14159265359),.PIECEWISE_BEZIER_KNOTS.);
#10074 = CARTESIAN_POINT('',(1.57079572287,51.050002415701));
#10075 = CARTESIAN_POINT('',(1.76714533921,50.264603950341));
#10076 = CARTESIAN_POINT('',(1.963494955549,49.479205192007));
#10077 = CARTESIAN_POINT('',(2.159844571887,48.739948198983));
#10078 = CARTESIAN_POINT('',(2.356194188229,48.092965788222));
#10079 = CARTESIAN_POINT('',(2.552543804567,47.578728221291));
#10080 = CARTESIAN_POINT('',(2.74889342091,47.226243239396));
#10081 = CARTESIAN_POINT('',(2.94524303725,47.05));
#10082 = CARTESIAN_POINT('',(3.14159265359,47.05));
#10083 = ( GEOMETRIC_REPRESENTATION_CONTEXT(2) 
PARAMETRIC_REPRESENTATION_CONTEXT() REPRESENTATION_CONTEXT('2D SPACE',''
  ) );
#10084 = ORIENTED_EDGE('',*,*,#10085,.F.);
#10085 = EDGE_CURVE('',#9891,#10045,#10086,.T.);
#10086 = SEAM_CURVE('',#10087,(#10091,#10098),.PCURVE_S1.);
#10087 = LINE('',#10088,#10089);
#10088 = CARTESIAN_POINT('',(-32.5,32.5,-367.25));
#10089 = VECTOR('',#10090,1.);
#10090 = DIRECTION('',(1.,0.,2.22044604925E-16));
#10091 = PCURVE('',#6642,#10092);
#10092 = DEFINITIONAL_REPRESENTATION('',(#10093),#10097);
#10093 = LINE('',#10094,#10095);
#10094 = CARTESIAN_POINT('',(6.28318530718,-0.));
#10095 = VECTOR('',#10096,1.);
#10096 = DIRECTION('',(0.,1.));
#10097 = ( GEOMETRIC_REPRESENTATION_CONTEXT(2) 
PARAMETRIC_REPRESENTATION_CONTEXT() REPRESENTATION_CONTEXT('2D SPACE',''
  ) );
#10098 = PCURVE('',#6642,#10099);
#10099 = DEFINITIONAL_REPRESENTATION('',(#10100),#10104);
#10100 = LINE('',#10101,#10102);
#10101 = CARTESIAN_POINT('',(0.,-0.));
#10102 = VECTOR('',#10103,1.);
#10103 = DIRECTION('',(0.,1.));
#10104 = ( GEOMETRIC_REPRESENTATION_CONTEXT(2) 
PARAMETRIC_REPRESENTATION_CONTEXT() REPRESENTATION_CONTEXT('2D SPACE',''
  ) );
#10105 = ORIENTED_EDGE('',*,*,#10106,.T.);
#10106 = EDGE_CURVE('',#9891,#9855,#10107,.T.);
#10107 = SURFACE_CURVE('',#10108,(#10113,#10120),.PCURVE_S1.);
#10108 = CIRCLE('',#10109,4.);
#10109 = AXIS2_PLACEMENT_3D('',#10110,#10111,#10112);
#10110 = CARTESIAN_POINT('',(-32.5,32.5,-363.25));
#10111 = DIRECTION('',(1.,-0.,2.22044604925E-16));
#10112 = DIRECTION('',(2.22044604925E-16,0.,-1.));
#10113 = PCURVE('',#6642,#10114);
#10114 = DEFINITIONAL_REPRESENTATION('',(#10115),#10119);
#10115 = LINE('',#10116,#10117);
#10116 = CARTESIAN_POINT('',(0.,0.));
#10117 = VECTOR('',#10118,1.);
#10118 = DIRECTION('',(1.,0.));
#10119 = ( GEOMETRIC_REPRESENTATION_CONTEXT(2) 
PARAMETRIC_REPRESENTATION_CONTEXT() REPRESENTATION_CONTEXT('2D SPACE',''
  ) );
#10120 = PCURVE('',#10121,#10126);
#10121 = PLANE('',#10122);
#10122 = AXIS2_PLACEMENT_3D('',#10123,#10124,#10125);
#10123 = CARTESIAN_POINT('',(-32.5,32.5,-363.25));
#10124 = DIRECTION('',(1.,0.,2.22044604925E-16));
#10125 = DIRECTION('',(2.22044604925E-16,0.,-1.));
#10126 = DEFINITIONAL_REPRESENTATION('',(#10127),#10131);
#10127 = CIRCLE('',#10128,4.);
#10128 = AXIS2_PLACEMENT_2D('',#10129,#10130);
#10129 = CARTESIAN_POINT('',(0.,0.));
#10130 = DIRECTION('',(1.,0.));
#10131 = ( GEOMETRIC_REPRESENTATION_CONTEXT(2) 
PARAMETRIC_REPRESENTATION_CONTEXT() REPRESENTATION_CONTEXT('2D SPACE',''
  ) );
#10132 = ORIENTED_EDGE('',*,*,#9854,.T.);
#10133 = ORIENTED_EDGE('',*,*,#9919,.T.);
#10134 = ORIENTED_EDGE('',*,*,#10085,.T.);
#10135 = ORIENTED_EDGE('',*,*,#10136,.T.);
#10136 = EDGE_CURVE('',#10045,#10016,#10137,.T.);
#10137 = SURFACE_CURVE('',#10138,(#10143,#10156),.PCURVE_S1.);
#10138 = ELLIPSE('',#10139,5.656854249492,4.);
#10139 = AXIS2_PLACEMENT_3D('',#10140,#10141,#10142);
#10140 = CARTESIAN_POINT('',(14.,32.5,-363.25));
#10141 = DIRECTION('',(-0.707106781187,0.,0.707106781187));
#10142 = DIRECTION('',(0.707106781187,0.,0.707106781187));
#10143 = PCURVE('',#6642,#10144);
#10144 = DEFINITIONAL_REPRESENTATION('',(#10145),#10155);
#10145 = B_SPLINE_CURVE_WITH_KNOTS('',8,(#10146,#10147,#10148,#10149,
    #10150,#10151,#10152,#10153,#10154),.UNSPECIFIED.,.F.,.F.,(9,9),(
    3.14159265359,4.712388976459),.PIECEWISE_BEZIER_KNOTS.);
#10146 = CARTESIAN_POINT('',(6.28318530718,42.5));
#10147 = CARTESIAN_POINT('',(6.086835766821,42.5));
#10148 = CARTESIAN_POINT('',(5.890486226461,42.676243103101));
#10149 = CARTESIAN_POINT('',(5.694136686107,43.0287278118));
#10150 = CARTESIAN_POINT('',(5.497787145741,43.542964992682));
#10151 = CARTESIAN_POINT('',(5.301437605389,44.189946946883));
#10152 = CARTESIAN_POINT('',(5.105088065027,44.929203475669));
#10153 = CARTESIAN_POINT('',(4.908738524669,45.714601822864));
#10154 = CARTESIAN_POINT('',(4.71238898431,46.499999984299));
#10155 = ( GEOMETRIC_REPRESENTATION_CONTEXT(2) 
PARAMETRIC_REPRESENTATION_CONTEXT() REPRESENTATION_CONTEXT('2D SPACE',''
  ) );
#10156 = PCURVE('',#10067,#10157);
#10157 = DEFINITIONAL_REPRESENTATION('',(#10158),#10168);
#10158 = B_SPLINE_CURVE_WITH_KNOTS('',8,(#10159,#10160,#10161,#10162,
    #10163,#10164,#10165,#10166,#10167),.UNSPECIFIED.,.F.,.F.,(9,9),(
    3.14159265359,4.712388976459),.PIECEWISE_BEZIER_KNOTS.);
#10159 = CARTESIAN_POINT('',(3.14159265359,47.05));
#10160 = CARTESIAN_POINT('',(3.337942193948,47.05));
#10161 = CARTESIAN_POINT('',(3.534291734307,47.226243103062));
#10162 = CARTESIAN_POINT('',(3.730641274656,47.578727811886));
#10163 = CARTESIAN_POINT('',(3.92699081503,48.092964992515));
#10164 = CARTESIAN_POINT('',(4.123340355373,48.739946946997));
#10165 = CARTESIAN_POINT('',(4.319689895742,49.479203475632));
#10166 = CARTESIAN_POINT('',(4.516039436101,50.264601822864));
#10167 = CARTESIAN_POINT('',(4.712388976459,51.049999984299));
#10168 = ( GEOMETRIC_REPRESENTATION_CONTEXT(2) 
PARAMETRIC_REPRESENTATION_CONTEXT() REPRESENTATION_CONTEXT('2D SPACE',''
  ) );
#10169 = FACE_BOUND('',#10170,.T.);
#10170 = EDGE_LOOP('',(#10171,#10172,#10173,#10174));
#10171 = ORIENTED_EDGE('',*,*,#6729,.F.);
#10172 = ORIENTED_EDGE('',*,*,#6779,.T.);
#10173 = ORIENTED_EDGE('',*,*,#6679,.T.);
#10174 = ORIENTED_EDGE('',*,*,#6627,.F.);
#10175 = FACE_BOUND('',#10176,.T.);
#10176 = EDGE_LOOP('',(#10177,#10178,#10179,#10180));
#10177 = ORIENTED_EDGE('',*,*,#7289,.F.);
#10178 = ORIENTED_EDGE('',*,*,#7339,.T.);
#10179 = ORIENTED_EDGE('',*,*,#7239,.T.);
#10180 = ORIENTED_EDGE('',*,*,#7192,.F.);
#10181 = ADVANCED_FACE('',(#10182),#6864,.F.);
#10182 = FACE_BOUND('',#10183,.F.);
#10183 = EDGE_LOOP('',(#10184,#10185,#10186,#10187));
#10184 = ORIENTED_EDGE('',*,*,#6850,.F.);
#10185 = ORIENTED_EDGE('',*,*,#6930,.T.);
#10186 = ORIENTED_EDGE('',*,*,#6980,.T.);
#10187 = ORIENTED_EDGE('',*,*,#6881,.F.);
#10188 = ADVANCED_FACE('',(#10189,#10215,#10218,#10221,#10224,#10250),
  #7021,.T.);
#10189 = FACE_BOUND('',#10190,.T.);
#10190 = EDGE_LOOP('',(#10191));
#10191 = ORIENTED_EDGE('',*,*,#10192,.T.);
#10192 = EDGE_CURVE('',#10193,#10193,#10195,.T.);
#10193 = VERTEX_POINT('',#10194);
#10194 = CARTESIAN_POINT('',(16.7,-4.090320309152E-15,-351.25));
#10195 = SURFACE_CURVE('',#10196,(#10201,#10208),.PCURVE_S1.);
#10196 = CIRCLE('',#10197,16.7);
#10197 = AXIS2_PLACEMENT_3D('',#10198,#10199,#10200);
#10198 = CARTESIAN_POINT('',(0.,0.,-351.25));
#10199 = DIRECTION('',(0.,0.,1.));
#10200 = DIRECTION('',(1.,0.,-0.));
#10201 = PCURVE('',#7021,#10202);
#10202 = DEFINITIONAL_REPRESENTATION('',(#10203),#10207);
#10203 = CIRCLE('',#10204,16.7);
#10204 = AXIS2_PLACEMENT_2D('',#10205,#10206);
#10205 = CARTESIAN_POINT('',(0.,0.));
#10206 = DIRECTION('',(1.,0.));
#10207 = ( GEOMETRIC_REPRESENTATION_CONTEXT(2) 
PARAMETRIC_REPRESENTATION_CONTEXT() REPRESENTATION_CONTEXT('2D SPACE',''
  ) );
#10208 = PCURVE('',#7596,#10209);
#10209 = DEFINITIONAL_REPRESENTATION('',(#10210),#10214);
#10210 = LINE('',#10211,#10212);
#10211 = CARTESIAN_POINT('',(0.,2.));
#10212 = VECTOR('',#10213,1.);
#10213 = DIRECTION('',(1.,0.));
#10214 = ( GEOMETRIC_REPRESENTATION_CONTEXT(2) 
PARAMETRIC_REPRESENTATION_CONTEXT() REPRESENTATION_CONTEXT('2D SPACE',''
  ) );
#10215 = FACE_BOUND('',#10216,.T.);
#10216 = EDGE_LOOP('',(#10217));
#10217 = ORIENTED_EDGE('',*,*,#8314,.F.);
#10218 = FACE_BOUND('',#10219,.T.);
#10219 = EDGE_LOOP('',(#10220));
#10220 = ORIENTED_EDGE('',*,*,#9963,.F.);
#10221 = FACE_BOUND('',#10222,.T.);
#10222 = EDGE_LOOP('',(#10223));
#10223 = ORIENTED_EDGE('',*,*,#7004,.F.);
#10224 = FACE_BOUND('',#10225,.T.);
#10225 = EDGE_LOOP('',(#10226));
#10226 = ORIENTED_EDGE('',*,*,#10227,.F.);
#10227 = EDGE_CURVE('',#10228,#10228,#10230,.T.);
#10228 = VERTEX_POINT('',#10229);
#10229 = CARTESIAN_POINT('',(3.1,13.,-351.25));
#10230 = SURFACE_CURVE('',#10231,(#10236,#10243),.PCURVE_S1.);
#10231 = CIRCLE('',#10232,3.1);
#10232 = AXIS2_PLACEMENT_3D('',#10233,#10234,#10235);
#10233 = CARTESIAN_POINT('',(0.,13.,-351.25));
#10234 = DIRECTION('',(0.,0.,1.));
#10235 = DIRECTION('',(1.,0.,-0.));
#10236 = PCURVE('',#7021,#10237);
#10237 = DEFINITIONAL_REPRESENTATION('',(#10238),#10242);
#10238 = CIRCLE('',#10239,3.1);
#10239 = AXIS2_PLACEMENT_2D('',#10240,#10241);
#10240 = CARTESIAN_POINT('',(0.,13.));
#10241 = DIRECTION('',(1.,0.));
#10242 = ( GEOMETRIC_REPRESENTATION_CONTEXT(2) 
PARAMETRIC_REPRESENTATION_CONTEXT() REPRESENTATION_CONTEXT('2D SPACE',''
  ) );
#10243 = PCURVE('',#7131,#10244);
#10244 = DEFINITIONAL_REPRESENTATION('',(#10245),#10249);
#10245 = LINE('',#10246,#10247);
#10246 = CARTESIAN_POINT('',(0.,1.4));
#10247 = VECTOR('',#10248,1.);
#10248 = DIRECTION('',(1.,0.));
#10249 = ( GEOMETRIC_REPRESENTATION_CONTEXT(2) 
PARAMETRIC_REPRESENTATION_CONTEXT() REPRESENTATION_CONTEXT('2D SPACE',''
  ) );
#10250 = FACE_BOUND('',#10251,.T.);
#10251 = EDGE_LOOP('',(#10252));
#10252 = ORIENTED_EDGE('',*,*,#10253,.F.);
#10253 = EDGE_CURVE('',#10254,#10254,#10256,.T.);
#10254 = VERTEX_POINT('',#10255);
#10255 = CARTESIAN_POINT('',(16.1,-7.592810154714E-16,-351.25));
#10256 = SURFACE_CURVE('',#10257,(#10262,#10269),.PCURVE_S1.);
#10257 = CIRCLE('',#10258,3.1);
#10258 = AXIS2_PLACEMENT_3D('',#10259,#10260,#10261);
#10259 = CARTESIAN_POINT('',(13.,0.,-351.25));
#10260 = DIRECTION('',(0.,0.,1.));
#10261 = DIRECTION('',(1.,0.,-0.));
#10262 = PCURVE('',#7021,#10263);
#10263 = DEFINITIONAL_REPRESENTATION('',(#10264),#10268);
#10264 = CIRCLE('',#10265,3.1);
#10265 = AXIS2_PLACEMENT_2D('',#10266,#10267);
#10266 = CARTESIAN_POINT('',(13.,0.));
#10267 = DIRECTION('',(1.,0.));
#10268 = ( GEOMETRIC_REPRESENTATION_CONTEXT(2) 
PARAMETRIC_REPRESENTATION_CONTEXT() REPRESENTATION_CONTEXT('2D SPACE',''
  ) );
#10269 = PCURVE('',#7076,#10270);
#10270 = DEFINITIONAL_REPRESENTATION('',(#10271),#10275);
#10271 = LINE('',#10272,#10273);
#10272 = CARTESIAN_POINT('',(0.,1.4));
#10273 = VECTOR('',#10274,1.);
#10274 = DIRECTION('',(1.,0.));
#10275 = ( GEOMETRIC_REPRESENTATION_CONTEXT(2) 
PARAMETRIC_REPRESENTATION_CONTEXT() REPRESENTATION_CONTEXT('2D SPACE',''
  ) );
#10276 = ADVANCED_FACE('',(#10277),#7076,.F.);
#10277 = FACE_BOUND('',#10278,.F.);
#10278 = EDGE_LOOP('',(#10279,#10280,#10301,#10302));
#10279 = ORIENTED_EDGE('',*,*,#10253,.F.);
#10280 = ORIENTED_EDGE('',*,*,#10281,.F.);
#10281 = EDGE_CURVE('',#7060,#10254,#10282,.T.);
#10282 = SEAM_CURVE('',#10283,(#10287,#10294),.PCURVE_S1.);
#10283 = LINE('',#10284,#10285);
#10284 = CARTESIAN_POINT('',(14.7,-4.163799117101E-16,-352.65));
#10285 = VECTOR('',#10286,1.);
#10286 = DIRECTION('',(0.707106781187,-1.731912112471E-16,0.707106781187
    ));
#10287 = PCURVE('',#7076,#10288);
#10288 = DEFINITIONAL_REPRESENTATION('',(#10289),#10293);
#10289 = LINE('',#10290,#10291);
#10290 = CARTESIAN_POINT('',(6.28318530718,-0.));
#10291 = VECTOR('',#10292,1.);
#10292 = DIRECTION('',(0.,1.));
#10293 = ( GEOMETRIC_REPRESENTATION_CONTEXT(2) 
PARAMETRIC_REPRESENTATION_CONTEXT() REPRESENTATION_CONTEXT('2D SPACE',''
  ) );
#10294 = PCURVE('',#7076,#10295);
#10295 = DEFINITIONAL_REPRESENTATION('',(#10296),#10300);
#10296 = LINE('',#10297,#10298);
#10297 = CARTESIAN_POINT('',(0.,-0.));
#10298 = VECTOR('',#10299,1.);
#10299 = DIRECTION('',(0.,1.));
#10300 = ( GEOMETRIC_REPRESENTATION_CONTEXT(2) 
PARAMETRIC_REPRESENTATION_CONTEXT() REPRESENTATION_CONTEXT('2D SPACE',''
  ) );
#10301 = ORIENTED_EDGE('',*,*,#7059,.T.);
#10302 = ORIENTED_EDGE('',*,*,#10281,.T.);
#10303 = ADVANCED_FACE('',(#10304),#7131,.F.);
#10304 = FACE_BOUND('',#10305,.F.);
#10305 = EDGE_LOOP('',(#10306,#10307,#10328,#10329));
#10306 = ORIENTED_EDGE('',*,*,#10227,.F.);
#10307 = ORIENTED_EDGE('',*,*,#10308,.F.);
#10308 = EDGE_CURVE('',#7115,#10228,#10309,.T.);
#10309 = SEAM_CURVE('',#10310,(#10314,#10321),.PCURVE_S1.);
#10310 = LINE('',#10311,#10312);
#10311 = CARTESIAN_POINT('',(1.7,13.,-352.65));
#10312 = VECTOR('',#10313,1.);
#10313 = DIRECTION('',(0.707106781187,-1.731912112471E-16,0.707106781187
    ));
#10314 = PCURVE('',#7131,#10315);
#10315 = DEFINITIONAL_REPRESENTATION('',(#10316),#10320);
#10316 = LINE('',#10317,#10318);
#10317 = CARTESIAN_POINT('',(6.28318530718,-0.));
#10318 = VECTOR('',#10319,1.);
#10319 = DIRECTION('',(0.,1.));
#10320 = ( GEOMETRIC_REPRESENTATION_CONTEXT(2) 
PARAMETRIC_REPRESENTATION_CONTEXT() REPRESENTATION_CONTEXT('2D SPACE',''
  ) );
#10321 = PCURVE('',#7131,#10322);
#10322 = DEFINITIONAL_REPRESENTATION('',(#10323),#10327);
#10323 = LINE('',#10324,#10325);
#10324 = CARTESIAN_POINT('',(0.,-0.));
#10325 = VECTOR('',#10326,1.);
#10326 = DIRECTION('',(0.,1.));
#10327 = ( GEOMETRIC_REPRESENTATION_CONTEXT(2) 
PARAMETRIC_REPRESENTATION_CONTEXT() REPRESENTATION_CONTEXT('2D SPACE',''
  ) );
#10328 = ORIENTED_EDGE('',*,*,#7114,.T.);
#10329 = ORIENTED_EDGE('',*,*,#10308,.T.);
#10330 = ADVANCED_FACE('',(#10331),#7424,.F.);
#10331 = FACE_BOUND('',#10332,.F.);
#10332 = EDGE_LOOP('',(#10333,#10334,#10335,#10336));
#10333 = ORIENTED_EDGE('',*,*,#7410,.F.);
#10334 = ORIENTED_EDGE('',*,*,#7490,.T.);
#10335 = ORIENTED_EDGE('',*,*,#7540,.T.);
#10336 = ORIENTED_EDGE('',*,*,#7441,.F.);
#10337 = ADVANCED_FACE('',(#10338),#7596,.T.);
#10338 = FACE_BOUND('',#10339,.T.);
#10339 = EDGE_LOOP('',(#10340,#10341,#10362,#10363));
#10340 = ORIENTED_EDGE('',*,*,#10192,.F.);
#10341 = ORIENTED_EDGE('',*,*,#10342,.F.);
#10342 = EDGE_CURVE('',#7580,#10193,#10343,.T.);
#10343 = SEAM_CURVE('',#10344,(#10348,#10355),.PCURVE_S1.);
#10344 = LINE('',#10345,#10346);
#10345 = CARTESIAN_POINT('',(16.7,-4.090320309152E-15,-353.25));
#10346 = VECTOR('',#10347,1.);
#10347 = DIRECTION('',(0.,0.,1.));
#10348 = PCURVE('',#7596,#10349);
#10349 = DEFINITIONAL_REPRESENTATION('',(#10350),#10354);
#10350 = LINE('',#10351,#10352);
#10351 = CARTESIAN_POINT('',(6.28318530718,-0.));
#10352 = VECTOR('',#10353,1.);
#10353 = DIRECTION('',(0.,1.));
#10354 = ( GEOMETRIC_REPRESENTATION_CONTEXT(2) 
PARAMETRIC_REPRESENTATION_CONTEXT() REPRESENTATION_CONTEXT('2D SPACE',''
  ) );
#10355 = PCURVE('',#7596,#10356);
#10356 = DEFINITIONAL_REPRESENTATION('',(#10357),#10361);
#10357 = LINE('',#10358,#10359);
#10358 = CARTESIAN_POINT('',(0.,-0.));
#10359 = VECTOR('',#10360,1.);
#10360 = DIRECTION('',(0.,1.));
#10361 = ( GEOMETRIC_REPRESENTATION_CONTEXT(2) 
PARAMETRIC_REPRESENTATION_CONTEXT() REPRESENTATION_CONTEXT('2D SPACE',''
  ) );
#10362 = ORIENTED_EDGE('',*,*,#7579,.T.);
#10363 = ORIENTED_EDGE('',*,*,#10342,.T.);
#10364 = ADVANCED_FACE('',(#10365,#10391),#7651,.F.);
#10365 = FACE_BOUND('',#10366,.F.);
#10366 = EDGE_LOOP('',(#10367));
#10367 = ORIENTED_EDGE('',*,*,#10368,.T.);
#10368 = EDGE_CURVE('',#10369,#10369,#10371,.T.);
#10369 = VERTEX_POINT('',#10370);
#10370 = CARTESIAN_POINT('',(43.,-2.694222958124E-15,-354.25));
#10371 = SURFACE_CURVE('',#10372,(#10377,#10384),.PCURVE_S1.);
#10372 = CIRCLE('',#10373,11.);
#10373 = AXIS2_PLACEMENT_3D('',#10374,#10375,#10376);
#10374 = CARTESIAN_POINT('',(32.,0.,-354.25));
#10375 = DIRECTION('',(0.,0.,1.));
#10376 = DIRECTION('',(1.,0.,-0.));
#10377 = PCURVE('',#7651,#10378);
#10378 = DEFINITIONAL_REPRESENTATION('',(#10379),#10383);
#10379 = CIRCLE('',#10380,11.);
#10380 = AXIS2_PLACEMENT_2D('',#10381,#10382);
#10381 = CARTESIAN_POINT('',(0.,0.));
#10382 = DIRECTION('',(1.,0.));
#10383 = ( GEOMETRIC_REPRESENTATION_CONTEXT(2) 
PARAMETRIC_REPRESENTATION_CONTEXT() REPRESENTATION_CONTEXT('2D SPACE',''
  ) );
#10384 = PCURVE('',#8614,#10385);
#10385 = DEFINITIONAL_REPRESENTATION('',(#10386),#10390);
#10386 = LINE('',#10387,#10388);
#10387 = CARTESIAN_POINT('',(0.,54.));
#10388 = VECTOR('',#10389,1.);
#10389 = DIRECTION('',(1.,0.));
#10390 = ( GEOMETRIC_REPRESENTATION_CONTEXT(2) 
PARAMETRIC_REPRESENTATION_CONTEXT() REPRESENTATION_CONTEXT('2D SPACE',''
  ) );
#10391 = FACE_BOUND('',#10392,.F.);
#10392 = EDGE_LOOP('',(#10393));
#10393 = ORIENTED_EDGE('',*,*,#7636,.F.);
#10394 = ADVANCED_FACE('',(#10395),#7685,.T.);
#10395 = FACE_BOUND('',#10396,.T.);
#10396 = EDGE_LOOP('',(#10397,#10398));
#10397 = ORIENTED_EDGE('',*,*,#7666,.T.);
#10398 = ORIENTED_EDGE('',*,*,#10399,.T.);
#10399 = EDGE_CURVE('',#7669,#7667,#10400,.T.);
#10400 = SURFACE_CURVE('',#10401,(#10405,#10412),.PCURVE_S1.);
#10401 = LINE('',#10402,#10403);
#10402 = CARTESIAN_POINT('',(14.,-36.5,-363.25));
#10403 = VECTOR('',#10404,1.);
#10404 = DIRECTION('',(0.,1.,0.));
#10405 = PCURVE('',#7685,#10406);
#10406 = DEFINITIONAL_REPRESENTATION('',(#10407),#10411);
#10407 = LINE('',#10408,#10409);
#10408 = CARTESIAN_POINT('',(-5.684341886081E-14,-4.));
#10409 = VECTOR('',#10410,1.);
#10410 = DIRECTION('',(0.,1.));
#10411 = ( GEOMETRIC_REPRESENTATION_CONTEXT(2) 
PARAMETRIC_REPRESENTATION_CONTEXT() REPRESENTATION_CONTEXT('2D SPACE',''
  ) );
#10412 = PCURVE('',#10413,#10418);
#10413 = PLANE('',#10414);
#10414 = AXIS2_PLACEMENT_3D('',#10415,#10416,#10417);
#10415 = CARTESIAN_POINT('',(14.,-32.5,-363.25));
#10416 = DIRECTION('',(0.,0.,1.));
#10417 = DIRECTION('',(1.,0.,-0.));
#10418 = DEFINITIONAL_REPRESENTATION('',(#10419),#10423);
#10419 = LINE('',#10420,#10421);
#10420 = CARTESIAN_POINT('',(-1.24344978758E-14,-4.));
#10421 = VECTOR('',#10422,1.);
#10422 = DIRECTION('',(0.,1.));
#10423 = ( GEOMETRIC_REPRESENTATION_CONTEXT(2) 
PARAMETRIC_REPRESENTATION_CONTEXT() REPRESENTATION_CONTEXT('2D SPACE',''
  ) );
#10424 = ADVANCED_FACE('',(#10425),#7720,.T.);
#10425 = FACE_BOUND('',#10426,.T.);
#10426 = EDGE_LOOP('',(#10427,#10470,#10493,#10515,#10516,#10517,#10539,
    #10540,#10576));
#10427 = ORIENTED_EDGE('',*,*,#10428,.F.);
#10428 = EDGE_CURVE('',#10429,#10431,#10433,.T.);
#10429 = VERTEX_POINT('',#10430);
#10430 = CARTESIAN_POINT('',(18.,-32.5,-410.3));
#10431 = VERTEX_POINT('',#10432);
#10432 = CARTESIAN_POINT('',(14.,-36.5,-414.3));
#10433 = SURFACE_CURVE('',#10434,(#10439,#10452),.PCURVE_S1.);
#10434 = ELLIPSE('',#10435,5.656854249492,4.);
#10435 = AXIS2_PLACEMENT_3D('',#10436,#10437,#10438);
#10436 = CARTESIAN_POINT('',(14.,-32.5,-414.3));
#10437 = DIRECTION('',(0.707106781187,0.,-0.707106781187));
#10438 = DIRECTION('',(0.707106781187,0.,0.707106781187));
#10439 = PCURVE('',#7720,#10440);
#10440 = DEFINITIONAL_REPRESENTATION('',(#10441),#10451);
#10441 = B_SPLINE_CURVE_WITH_KNOTS('',8,(#10442,#10443,#10444,#10445,
    #10446,#10447,#10448,#10449,#10450),.UNSPECIFIED.,.F.,.F.,(9,9),(0.,
    1.57079632287),.PIECEWISE_BEZIER_KNOTS.);
#10442 = CARTESIAN_POINT('',(6.28318530718,4.));
#10443 = CARTESIAN_POINT('',(6.086835766821,4.));
#10444 = CARTESIAN_POINT('',(5.890486226462,3.823756896931));
#10445 = CARTESIAN_POINT('',(5.694136686107,3.471272188012));
#10446 = CARTESIAN_POINT('',(5.497787145742,2.957035007424));
#10447 = CARTESIAN_POINT('',(5.301437605389,2.310053052937));
#10448 = CARTESIAN_POINT('',(5.105088065027,1.570796524353));
#10449 = CARTESIAN_POINT('',(4.908738524669,0.785398177136));
#10450 = CARTESIAN_POINT('',(4.71238898431,1.570094809722E-08));
#10451 = ( GEOMETRIC_REPRESENTATION_CONTEXT(2) 
PARAMETRIC_REPRESENTATION_CONTEXT() REPRESENTATION_CONTEXT('2D SPACE',''
  ) );
#10452 = PCURVE('',#10453,#10458);
#10453 = CYLINDRICAL_SURFACE('',#10454,4.);
#10454 = AXIS2_PLACEMENT_3D('',#10455,#10456,#10457);
#10455 = CARTESIAN_POINT('',(14.,-32.5,-414.3));
#10456 = DIRECTION('',(1.,0.,2.22044604925E-16));
#10457 = DIRECTION('',(2.22044604925E-16,0.,-1.));
#10458 = DEFINITIONAL_REPRESENTATION('',(#10459),#10469);
#10459 = B_SPLINE_CURVE_WITH_KNOTS('',8,(#10460,#10461,#10462,#10463,
    #10464,#10465,#10466,#10467,#10468),.UNSPECIFIED.,.F.,.F.,(9,9),(0.,
    1.57079632287),.PIECEWISE_BEZIER_KNOTS.);
#10460 = CARTESIAN_POINT('',(3.14159265359,4.));
#10461 = CARTESIAN_POINT('',(3.337942193948,4.));
#10462 = CARTESIAN_POINT('',(3.534291734307,3.823756896936));
#10463 = CARTESIAN_POINT('',(3.730641274651,3.471272187991));
#10464 = CARTESIAN_POINT('',(3.926990815029,2.957035007452));
#10465 = CARTESIAN_POINT('',(4.123340355373,2.310053052921));
#10466 = CARTESIAN_POINT('',(4.319689895742,1.570796524357));
#10467 = CARTESIAN_POINT('',(4.516039436101,0.785398177136));
#10468 = CARTESIAN_POINT('',(4.712388976459,1.570099072978E-08));
#10469 = ( GEOMETRIC_REPRESENTATION_CONTEXT(2) 
PARAMETRIC_REPRESENTATION_CONTEXT() REPRESENTATION_CONTEXT('2D SPACE',''
  ) );
#10470 = ORIENTED_EDGE('',*,*,#10471,.T.);
#10471 = EDGE_CURVE('',#10429,#10472,#10474,.T.);
#10472 = VERTEX_POINT('',#10473);
#10473 = CARTESIAN_POINT('',(18.,-32.5,-363.25));
#10474 = SEAM_CURVE('',#10475,(#10479,#10486),.PCURVE_S1.);
#10475 = LINE('',#10476,#10477);
#10476 = CARTESIAN_POINT('',(18.,-32.5,-414.3));
#10477 = VECTOR('',#10478,1.);
#10478 = DIRECTION('',(0.,0.,1.));
#10479 = PCURVE('',#7720,#10480);
#10480 = DEFINITIONAL_REPRESENTATION('',(#10481),#10485);
#10481 = LINE('',#10482,#10483);
#10482 = CARTESIAN_POINT('',(0.,-0.));
#10483 = VECTOR('',#10484,1.);
#10484 = DIRECTION('',(0.,1.));
#10485 = ( GEOMETRIC_REPRESENTATION_CONTEXT(2) 
PARAMETRIC_REPRESENTATION_CONTEXT() REPRESENTATION_CONTEXT('2D SPACE',''
  ) );
#10486 = PCURVE('',#7720,#10487);
#10487 = DEFINITIONAL_REPRESENTATION('',(#10488),#10492);
#10488 = LINE('',#10489,#10490);
#10489 = CARTESIAN_POINT('',(6.28318530718,-0.));
#10490 = VECTOR('',#10491,1.);
#10491 = DIRECTION('',(0.,1.));
#10492 = ( GEOMETRIC_REPRESENTATION_CONTEXT(2) 
PARAMETRIC_REPRESENTATION_CONTEXT() REPRESENTATION_CONTEXT('2D SPACE',''
  ) );
#10493 = ORIENTED_EDGE('',*,*,#10494,.F.);
#10494 = EDGE_CURVE('',#7669,#10472,#10495,.T.);
#10495 = SURFACE_CURVE('',#10496,(#10501,#10508),.PCURVE_S1.);
#10496 = CIRCLE('',#10497,4.);
#10497 = AXIS2_PLACEMENT_3D('',#10498,#10499,#10500);
#10498 = CARTESIAN_POINT('',(14.,-32.5,-363.25));
#10499 = DIRECTION('',(0.,0.,1.));
#10500 = DIRECTION('',(1.,0.,-0.));
#10501 = PCURVE('',#7720,#10502);
#10502 = DEFINITIONAL_REPRESENTATION('',(#10503),#10507);
#10503 = LINE('',#10504,#10505);
#10504 = CARTESIAN_POINT('',(0.,51.05));
#10505 = VECTOR('',#10506,1.);
#10506 = DIRECTION('',(1.,0.));
#10507 = ( GEOMETRIC_REPRESENTATION_CONTEXT(2) 
PARAMETRIC_REPRESENTATION_CONTEXT() REPRESENTATION_CONTEXT('2D SPACE',''
  ) );
#10508 = PCURVE('',#10413,#10509);
#10509 = DEFINITIONAL_REPRESENTATION('',(#10510),#10514);
#10510 = CIRCLE('',#10511,4.);
#10511 = AXIS2_PLACEMENT_2D('',#10512,#10513);
#10512 = CARTESIAN_POINT('',(0.,0.));
#10513 = DIRECTION('',(1.,0.));
#10514 = ( GEOMETRIC_REPRESENTATION_CONTEXT(2) 
PARAMETRIC_REPRESENTATION_CONTEXT() REPRESENTATION_CONTEXT('2D SPACE',''
  ) );
#10515 = ORIENTED_EDGE('',*,*,#8154,.F.);
#10516 = ORIENTED_EDGE('',*,*,#7697,.F.);
#10517 = ORIENTED_EDGE('',*,*,#10518,.F.);
#10518 = EDGE_CURVE('',#10472,#7667,#10519,.T.);
#10519 = SURFACE_CURVE('',#10520,(#10525,#10532),.PCURVE_S1.);
#10520 = CIRCLE('',#10521,4.);
#10521 = AXIS2_PLACEMENT_3D('',#10522,#10523,#10524);
#10522 = CARTESIAN_POINT('',(14.,-32.5,-363.25));
#10523 = DIRECTION('',(0.,0.,1.));
#10524 = DIRECTION('',(1.,0.,-0.));
#10525 = PCURVE('',#7720,#10526);
#10526 = DEFINITIONAL_REPRESENTATION('',(#10527),#10531);
#10527 = LINE('',#10528,#10529);
#10528 = CARTESIAN_POINT('',(0.,51.05));
#10529 = VECTOR('',#10530,1.);
#10530 = DIRECTION('',(1.,0.));
#10531 = ( GEOMETRIC_REPRESENTATION_CONTEXT(2) 
PARAMETRIC_REPRESENTATION_CONTEXT() REPRESENTATION_CONTEXT('2D SPACE',''
  ) );
#10532 = PCURVE('',#10413,#10533);
#10533 = DEFINITIONAL_REPRESENTATION('',(#10534),#10538);
#10534 = CIRCLE('',#10535,4.);
#10535 = AXIS2_PLACEMENT_2D('',#10536,#10537);
#10536 = CARTESIAN_POINT('',(0.,0.));
#10537 = DIRECTION('',(1.,0.));
#10538 = ( GEOMETRIC_REPRESENTATION_CONTEXT(2) 
PARAMETRIC_REPRESENTATION_CONTEXT() REPRESENTATION_CONTEXT('2D SPACE',''
  ) );
#10539 = ORIENTED_EDGE('',*,*,#10471,.F.);
#10540 = ORIENTED_EDGE('',*,*,#10541,.F.);
#10541 = EDGE_CURVE('',#10542,#10429,#10544,.T.);
#10542 = VERTEX_POINT('',#10543);
#10543 = CARTESIAN_POINT('',(14.,-28.5,-414.3));
#10544 = SURFACE_CURVE('',#10545,(#10550,#10563),.PCURVE_S1.);
#10545 = ELLIPSE('',#10546,5.656854249492,4.);
#10546 = AXIS2_PLACEMENT_3D('',#10547,#10548,#10549);
#10547 = CARTESIAN_POINT('',(14.,-32.5,-414.3));
#10548 = DIRECTION('',(0.707106781187,0.,-0.707106781187));
#10549 = DIRECTION('',(0.707106781187,0.,0.707106781187));
#10550 = PCURVE('',#7720,#10551);
#10551 = DEFINITIONAL_REPRESENTATION('',(#10552),#10562);
#10552 = B_SPLINE_CURVE_WITH_KNOTS('',8,(#10553,#10554,#10555,#10556,
    #10557,#10558,#10559,#10560,#10561),.UNSPECIFIED.,.F.,.F.,(9,9),(
    4.712388376459,6.28318530718),.PIECEWISE_BEZIER_KNOTS.);
#10553 = CARTESIAN_POINT('',(1.57079693072,-2.415701032987E-06));
#10554 = CARTESIAN_POINT('',(1.37444731438,0.785396049659));
#10555 = CARTESIAN_POINT('',(1.17809769804,1.570794807932));
#10556 = CARTESIAN_POINT('',(0.981748081701,2.310051801122));
#10557 = CARTESIAN_POINT('',(0.785398465357,2.957034211457));
#10558 = CARTESIAN_POINT('',(0.58904884902,3.471271778802));
#10559 = CARTESIAN_POINT('',(0.39269923268,3.823756760531));
#10560 = CARTESIAN_POINT('',(0.19634961634,4.));
#10561 = CARTESIAN_POINT('',(0.,4.));
#10562 = ( GEOMETRIC_REPRESENTATION_CONTEXT(2) 
PARAMETRIC_REPRESENTATION_CONTEXT() REPRESENTATION_CONTEXT('2D SPACE',''
  ) );
#10563 = PCURVE('',#10453,#10564);
#10564 = DEFINITIONAL_REPRESENTATION('',(#10565),#10575);
#10565 = B_SPLINE_CURVE_WITH_KNOTS('',8,(#10566,#10567,#10568,#10569,
    #10570,#10571,#10572,#10573,#10574),.UNSPECIFIED.,.F.,.F.,(9,9),(
    4.712388376459,6.28318530718),.PIECEWISE_BEZIER_KNOTS.);
#10566 = CARTESIAN_POINT('',(1.57079572287,-2.415700990355E-06));
#10567 = CARTESIAN_POINT('',(1.76714533921,0.785396049659));
#10568 = CARTESIAN_POINT('',(1.96349495555,1.570794807936));
#10569 = CARTESIAN_POINT('',(2.159844571883,2.31005180111));
#10570 = CARTESIAN_POINT('',(2.356194188234,2.95703421148));
#10571 = CARTESIAN_POINT('',(2.552543804563,3.471271778789));
#10572 = CARTESIAN_POINT('',(2.74889342091,3.823756760535));
#10573 = CARTESIAN_POINT('',(2.94524303725,4.));
#10574 = CARTESIAN_POINT('',(3.14159265359,4.));
#10575 = ( GEOMETRIC_REPRESENTATION_CONTEXT(2) 
PARAMETRIC_REPRESENTATION_CONTEXT() REPRESENTATION_CONTEXT('2D SPACE',''
  ) );
#10576 = ORIENTED_EDGE('',*,*,#10577,.T.);
#10577 = EDGE_CURVE('',#10542,#10431,#10578,.T.);
#10578 = SURFACE_CURVE('',#10579,(#10584,#10591),.PCURVE_S1.);
#10579 = CIRCLE('',#10580,4.);
#10580 = AXIS2_PLACEMENT_3D('',#10581,#10582,#10583);
#10581 = CARTESIAN_POINT('',(14.,-32.5,-414.3));
#10582 = DIRECTION('',(0.,0.,1.));
#10583 = DIRECTION('',(1.,0.,-0.));
#10584 = PCURVE('',#7720,#10585);
#10585 = DEFINITIONAL_REPRESENTATION('',(#10586),#10590);
#10586 = LINE('',#10587,#10588);
#10587 = CARTESIAN_POINT('',(0.,0.));
#10588 = VECTOR('',#10589,1.);
#10589 = DIRECTION('',(1.,0.));
#10590 = ( GEOMETRIC_REPRESENTATION_CONTEXT(2) 
PARAMETRIC_REPRESENTATION_CONTEXT() REPRESENTATION_CONTEXT('2D SPACE',''
  ) );
#10591 = PCURVE('',#10592,#10597);
#10592 = PLANE('',#10593);
#10593 = AXIS2_PLACEMENT_3D('',#10594,#10595,#10596);
#10594 = CARTESIAN_POINT('',(14.,-32.5,-414.3));
#10595 = DIRECTION('',(0.,0.,1.));
#10596 = DIRECTION('',(1.,0.,-0.));
#10597 = DEFINITIONAL_REPRESENTATION('',(#10598),#10602);
#10598 = CIRCLE('',#10599,4.);
#10599 = AXIS2_PLACEMENT_2D('',#10600,#10601);
#10600 = CARTESIAN_POINT('',(0.,0.));
#10601 = DIRECTION('',(1.,0.));
#10602 = ( GEOMETRIC_REPRESENTATION_CONTEXT(2) 
PARAMETRIC_REPRESENTATION_CONTEXT() REPRESENTATION_CONTEXT('2D SPACE',''
  ) );
#10603 = ADVANCED_FACE('',(#10604),#7784,.T.);
#10604 = FACE_BOUND('',#10605,.T.);
#10605 = EDGE_LOOP('',(#10606,#10607,#10608,#10609,#10610,#10633,#10674,
    #10710,#10737,#10738));
#10606 = ORIENTED_EDGE('',*,*,#8257,.F.);
#10607 = ORIENTED_EDGE('',*,*,#7961,.T.);
#10608 = ORIENTED_EDGE('',*,*,#7802,.T.);
#10609 = ORIENTED_EDGE('',*,*,#7761,.F.);
#10610 = ORIENTED_EDGE('',*,*,#10611,.F.);
#10611 = EDGE_CURVE('',#10612,#7739,#10614,.T.);
#10612 = VERTEX_POINT('',#10613);
#10613 = CARTESIAN_POINT('',(4.,-32.5,-412.45));
#10614 = SEAM_CURVE('',#10615,(#10619,#10626),.PCURVE_S1.);
#10615 = LINE('',#10616,#10617);
#10616 = CARTESIAN_POINT('',(4.,-32.5,-412.45));
#10617 = VECTOR('',#10618,1.);
#10618 = DIRECTION('',(0.,0.,1.));
#10619 = PCURVE('',#7784,#10620);
#10620 = DEFINITIONAL_REPRESENTATION('',(#10621),#10625);
#10621 = LINE('',#10622,#10623);
#10622 = CARTESIAN_POINT('',(6.28318530718,-0.));
#10623 = VECTOR('',#10624,1.);
#10624 = DIRECTION('',(0.,1.));
#10625 = ( GEOMETRIC_REPRESENTATION_CONTEXT(2) 
PARAMETRIC_REPRESENTATION_CONTEXT() REPRESENTATION_CONTEXT('2D SPACE',''
  ) );
#10626 = PCURVE('',#7784,#10627);
#10627 = DEFINITIONAL_REPRESENTATION('',(#10628),#10632);
#10628 = LINE('',#10629,#10630);
#10629 = CARTESIAN_POINT('',(0.,-0.));
#10630 = VECTOR('',#10631,1.);
#10631 = DIRECTION('',(0.,1.));
#10632 = ( GEOMETRIC_REPRESENTATION_CONTEXT(2) 
PARAMETRIC_REPRESENTATION_CONTEXT() REPRESENTATION_CONTEXT('2D SPACE',''
  ) );
#10633 = ORIENTED_EDGE('',*,*,#10634,.T.);
#10634 = EDGE_CURVE('',#10612,#10635,#10637,.T.);
#10635 = VERTEX_POINT('',#10636);
#10636 = CARTESIAN_POINT('',(4.898587196589E-16,-28.5,-408.45));
#10637 = SURFACE_CURVE('',#10638,(#10643,#10656),.PCURVE_S1.);
#10638 = ELLIPSE('',#10639,5.656854249492,4.);
#10639 = AXIS2_PLACEMENT_3D('',#10640,#10641,#10642);
#10640 = CARTESIAN_POINT('',(0.,-32.5,-412.45));
#10641 = DIRECTION('',(0.,-0.707106781187,0.707106781187));
#10642 = DIRECTION('',(0.,0.707106781187,0.707106781187));
#10643 = PCURVE('',#7784,#10644);
#10644 = DEFINITIONAL_REPRESENTATION('',(#10645),#10655);
#10645 = B_SPLINE_CURVE_WITH_KNOTS('',8,(#10646,#10647,#10648,#10649,
    #10650,#10651,#10652,#10653,#10654),.UNSPECIFIED.,.F.,.F.,(9,9),(
    4.712388388383,6.28318530718),.PIECEWISE_BEZIER_KNOTS.);
#10646 = CARTESIAN_POINT('',(-5.920019283678E-07,-2.368007642417E-06));
#10647 = CARTESIAN_POINT('',(0.196349022848,0.785396091391));
#10648 = CARTESIAN_POINT('',(0.392698637696,1.570794841603));
#10649 = CARTESIAN_POINT('',(0.589048252549,2.31005182567));
#10650 = CARTESIAN_POINT('',(0.785397867391,2.957034227081));
#10651 = CARTESIAN_POINT('',(0.981747482248,3.47127178682));
#10652 = CARTESIAN_POINT('',(1.178097097095,3.823756763209));
#10653 = CARTESIAN_POINT('',(1.374446711945,4.));
#10654 = CARTESIAN_POINT('',(1.570796326795,4.));
#10655 = ( GEOMETRIC_REPRESENTATION_CONTEXT(2) 
PARAMETRIC_REPRESENTATION_CONTEXT() REPRESENTATION_CONTEXT('2D SPACE',''
  ) );
#10656 = PCURVE('',#10657,#10662);
#10657 = CYLINDRICAL_SURFACE('',#10658,4.);
#10658 = AXIS2_PLACEMENT_3D('',#10659,#10660,#10661);
#10659 = CARTESIAN_POINT('',(0.,-22.,-412.45));
#10660 = DIRECTION('',(0.,-1.,2.22044604925E-16));
#10661 = DIRECTION('',(1.,0.,0.));
#10662 = DEFINITIONAL_REPRESENTATION('',(#10663),#10673);
#10663 = B_SPLINE_CURVE_WITH_KNOTS('',8,(#10664,#10665,#10666,#10667,
    #10668,#10669,#10670,#10671,#10672),.UNSPECIFIED.,.F.,.F.,(9,9),(
    4.712388388383,6.28318530718),.PIECEWISE_BEZIER_KNOTS.);
#10664 = CARTESIAN_POINT('',(-5.920019248151E-07,10.500002368008));
#10665 = CARTESIAN_POINT('',(0.196349022848,9.714603908609));
#10666 = CARTESIAN_POINT('',(0.392698637696,8.929205158396));
#10667 = CARTESIAN_POINT('',(0.589048252549,8.189948174312));
#10668 = CARTESIAN_POINT('',(0.785397867392,7.542965772919));
#10669 = CARTESIAN_POINT('',(0.981747482249,7.028728213163));
#10670 = CARTESIAN_POINT('',(1.178097097095,6.676243236791));
#10671 = CARTESIAN_POINT('',(1.374446711945,6.5));
#10672 = CARTESIAN_POINT('',(1.570796326795,6.5));
#10673 = ( GEOMETRIC_REPRESENTATION_CONTEXT(2) 
PARAMETRIC_REPRESENTATION_CONTEXT() REPRESENTATION_CONTEXT('2D SPACE',''
  ) );
#10674 = ORIENTED_EDGE('',*,*,#10675,.T.);
#10675 = EDGE_CURVE('',#10635,#10676,#10678,.T.);
#10676 = VERTEX_POINT('',#10677);
#10677 = CARTESIAN_POINT('',(-4.,-32.5,-412.45));
#10678 = SURFACE_CURVE('',#10679,(#10684,#10697),.PCURVE_S1.);
#10679 = ELLIPSE('',#10680,5.656854249492,4.);
#10680 = AXIS2_PLACEMENT_3D('',#10681,#10682,#10683);
#10681 = CARTESIAN_POINT('',(0.,-32.5,-412.45));
#10682 = DIRECTION('',(0.,-0.707106781187,0.707106781187));
#10683 = DIRECTION('',(0.,0.707106781187,0.707106781187));
#10684 = PCURVE('',#7784,#10685);
#10685 = DEFINITIONAL_REPRESENTATION('',(#10686),#10696);
#10686 = B_SPLINE_CURVE_WITH_KNOTS('',8,(#10687,#10688,#10689,#10690,
    #10691,#10692,#10693,#10694,#10695),.UNSPECIFIED.,.F.,.F.,(9,9),(0.,
    1.570796626795),.PIECEWISE_BEZIER_KNOTS.);
#10687 = CARTESIAN_POINT('',(1.570796326795,4.));
#10688 = CARTESIAN_POINT('',(1.767145905144,4.));
#10689 = CARTESIAN_POINT('',(1.963495483489,3.823756828732));
#10690 = CARTESIAN_POINT('',(2.159845061856,3.471271983402));
#10691 = CARTESIAN_POINT('',(2.356194640167,2.957034609448));
#10692 = CARTESIAN_POINT('',(2.552544218557,2.310052427028));
#10693 = CARTESIAN_POINT('',(2.748893796886,1.570795666143));
#10694 = CARTESIAN_POINT('',(2.94524337524,0.785397113397));
#10695 = CARTESIAN_POINT('',(3.14159295359,-1.199999985602E-06));
#10696 = ( GEOMETRIC_REPRESENTATION_CONTEXT(2) 
PARAMETRIC_REPRESENTATION_CONTEXT() REPRESENTATION_CONTEXT('2D SPACE',''
  ) );
#10697 = PCURVE('',#10657,#10698);
#10698 = DEFINITIONAL_REPRESENTATION('',(#10699),#10709);
#10699 = B_SPLINE_CURVE_WITH_KNOTS('',8,(#10700,#10701,#10702,#10703,
    #10704,#10705,#10706,#10707,#10708),.UNSPECIFIED.,.F.,.F.,(9,9),(0.,
    1.570796626795),.PIECEWISE_BEZIER_KNOTS.);
#10700 = CARTESIAN_POINT('',(1.570796326795,6.5));
#10701 = CARTESIAN_POINT('',(1.767145905144,6.5));
#10702 = CARTESIAN_POINT('',(1.963495483496,6.676243171267));
#10703 = CARTESIAN_POINT('',(2.159845061829,7.028728016573));
#10704 = CARTESIAN_POINT('',(2.356194640205,7.542965390577));
#10705 = CARTESIAN_POINT('',(2.552544218528,8.189947572951));
#10706 = CARTESIAN_POINT('',(2.748893796893,8.929204333856));
#10707 = CARTESIAN_POINT('',(2.94524337524,9.714602886603));
#10708 = CARTESIAN_POINT('',(3.14159295359,10.5000012));
#10709 = ( GEOMETRIC_REPRESENTATION_CONTEXT(2) 
PARAMETRIC_REPRESENTATION_CONTEXT() REPRESENTATION_CONTEXT('2D SPACE',''
  ) );
#10710 = ORIENTED_EDGE('',*,*,#10711,.T.);
#10711 = EDGE_CURVE('',#10676,#10612,#10712,.T.);
#10712 = SURFACE_CURVE('',#10713,(#10718,#10725),.PCURVE_S1.);
#10713 = CIRCLE('',#10714,4.);
#10714 = AXIS2_PLACEMENT_3D('',#10715,#10716,#10717);
#10715 = CARTESIAN_POINT('',(0.,-32.5,-412.45));
#10716 = DIRECTION('',(0.,0.,1.));
#10717 = DIRECTION('',(1.,0.,-0.));
#10718 = PCURVE('',#7784,#10719);
#10719 = DEFINITIONAL_REPRESENTATION('',(#10720),#10724);
#10720 = LINE('',#10721,#10722);
#10721 = CARTESIAN_POINT('',(0.,0.));
#10722 = VECTOR('',#10723,1.);
#10723 = DIRECTION('',(1.,0.));
#10724 = ( GEOMETRIC_REPRESENTATION_CONTEXT(2) 
PARAMETRIC_REPRESENTATION_CONTEXT() REPRESENTATION_CONTEXT('2D SPACE',''
  ) );
#10725 = PCURVE('',#10726,#10731);
#10726 = PLANE('',#10727);
#10727 = AXIS2_PLACEMENT_3D('',#10728,#10729,#10730);
#10728 = CARTESIAN_POINT('',(0.,-32.5,-412.45));
#10729 = DIRECTION('',(0.,0.,1.));
#10730 = DIRECTION('',(1.,0.,-0.));
#10731 = DEFINITIONAL_REPRESENTATION('',(#10732),#10736);
#10732 = CIRCLE('',#10733,4.);
#10733 = AXIS2_PLACEMENT_2D('',#10734,#10735);
#10734 = CARTESIAN_POINT('',(0.,0.));
#10735 = DIRECTION('',(1.,0.));
#10736 = ( GEOMETRIC_REPRESENTATION_CONTEXT(2) 
PARAMETRIC_REPRESENTATION_CONTEXT() REPRESENTATION_CONTEXT('2D SPACE',''
  ) );
#10737 = ORIENTED_EDGE('',*,*,#10611,.T.);
#10738 = ORIENTED_EDGE('',*,*,#8119,.F.);
#10739 = ADVANCED_FACE('',(#10740),#7948,.F.);
#10740 = FACE_BOUND('',#10741,.F.);
#10741 = EDGE_LOOP('',(#10742,#10763));
#10742 = ORIENTED_EDGE('',*,*,#10743,.F.);
#10743 = EDGE_CURVE('',#7898,#7839,#10744,.T.);
#10744 = SURFACE_CURVE('',#10745,(#10749,#10756),.PCURVE_S1.);
#10745 = LINE('',#10746,#10747);
#10746 = CARTESIAN_POINT('',(-32.5,-32.5,-359.25));
#10747 = VECTOR('',#10748,1.);
#10748 = DIRECTION('',(0.,-8.881784197001E-15,-1.));
#10749 = PCURVE('',#7948,#10750);
#10750 = DEFINITIONAL_REPRESENTATION('',(#10751),#10755);
#10751 = LINE('',#10752,#10753);
#10752 = CARTESIAN_POINT('',(-4.,7.105427357601E-14));
#10753 = VECTOR('',#10754,1.);
#10754 = DIRECTION('',(1.,-8.881784197001E-15));
#10755 = ( GEOMETRIC_REPRESENTATION_CONTEXT(2) 
PARAMETRIC_REPRESENTATION_CONTEXT() REPRESENTATION_CONTEXT('2D SPACE',''
  ) );
#10756 = PCURVE('',#9818,#10757);
#10757 = DEFINITIONAL_REPRESENTATION('',(#10758),#10762);
#10758 = LINE('',#10759,#10760);
#10759 = CARTESIAN_POINT('',(0.,4.));
#10760 = VECTOR('',#10761,1.);
#10761 = DIRECTION('',(0.,-1.));
#10762 = ( GEOMETRIC_REPRESENTATION_CONTEXT(2) 
PARAMETRIC_REPRESENTATION_CONTEXT() REPRESENTATION_CONTEXT('2D SPACE',''
  ) );
#10763 = ORIENTED_EDGE('',*,*,#7933,.T.);
#10764 = ADVANCED_FACE('',(#10765),#8242,.T.);
#10765 = FACE_BOUND('',#10766,.T.);
#10766 = EDGE_LOOP('',(#10767));
#10767 = ORIENTED_EDGE('',*,*,#8227,.T.);
#10768 = ADVANCED_FACE('',(#10769),#8404,.T.);
#10769 = FACE_BOUND('',#10770,.T.);
#10770 = EDGE_LOOP('',(#10771,#10772,#10773,#10774));
#10771 = ORIENTED_EDGE('',*,*,#8466,.F.);
#10772 = ORIENTED_EDGE('',*,*,#8527,.T.);
#10773 = ORIENTED_EDGE('',*,*,#9748,.T.);
#10774 = ORIENTED_EDGE('',*,*,#8388,.F.);
#10775 = ADVANCED_FACE('',(#10776),#8510,.F.);
#10776 = FACE_BOUND('',#10777,.F.);
#10777 = EDGE_LOOP('',(#10778,#10779,#10800,#10801));
#10778 = ORIENTED_EDGE('',*,*,#8489,.F.);
#10779 = ORIENTED_EDGE('',*,*,#10780,.F.);
#10780 = EDGE_CURVE('',#9772,#8490,#10781,.T.);
#10781 = SEAM_CURVE('',#10782,(#10786,#10793),.PCURVE_S1.);
#10782 = LINE('',#10783,#10784);
#10783 = CARTESIAN_POINT('',(50.,5.,-401.));
#10784 = VECTOR('',#10785,1.);
#10785 = DIRECTION('',(0.,-1.,2.22044604925E-16));
#10786 = PCURVE('',#8510,#10787);
#10787 = DEFINITIONAL_REPRESENTATION('',(#10788),#10792);
#10788 = LINE('',#10789,#10790);
#10789 = CARTESIAN_POINT('',(6.28318530718,-0.));
#10790 = VECTOR('',#10791,1.);
#10791 = DIRECTION('',(0.,1.));
#10792 = ( GEOMETRIC_REPRESENTATION_CONTEXT(2) 
PARAMETRIC_REPRESENTATION_CONTEXT() REPRESENTATION_CONTEXT('2D SPACE',''
  ) );
#10793 = PCURVE('',#8510,#10794);
#10794 = DEFINITIONAL_REPRESENTATION('',(#10795),#10799);
#10795 = LINE('',#10796,#10797);
#10796 = CARTESIAN_POINT('',(0.,-0.));
#10797 = VECTOR('',#10798,1.);
#10798 = DIRECTION('',(0.,1.));
#10799 = ( GEOMETRIC_REPRESENTATION_CONTEXT(2) 
PARAMETRIC_REPRESENTATION_CONTEXT() REPRESENTATION_CONTEXT('2D SPACE',''
  ) );
#10800 = ORIENTED_EDGE('',*,*,#9771,.T.);
#10801 = ORIENTED_EDGE('',*,*,#10780,.T.);
#10802 = ADVANCED_FACE('',(#10803,#10831,#11026,#11221,#11416),#8614,.F.
  );
#10803 = FACE_BOUND('',#10804,.F.);
#10804 = EDGE_LOOP('',(#10805,#10806,#10827,#10828,#10829,#10830));
#10805 = ORIENTED_EDGE('',*,*,#8626,.T.);
#10806 = ORIENTED_EDGE('',*,*,#10807,.T.);
#10807 = EDGE_CURVE('',#8598,#10369,#10808,.T.);
#10808 = SEAM_CURVE('',#10809,(#10813,#10820),.PCURVE_S1.);
#10809 = LINE('',#10810,#10811);
#10810 = CARTESIAN_POINT('',(43.,-2.694222958124E-15,-405.25));
#10811 = VECTOR('',#10812,1.);
#10812 = DIRECTION('',(0.,0.,1.));
#10813 = PCURVE('',#8614,#10814);
#10814 = DEFINITIONAL_REPRESENTATION('',(#10815),#10819);
#10815 = LINE('',#10816,#10817);
#10816 = CARTESIAN_POINT('',(6.28318530718,3.));
#10817 = VECTOR('',#10818,1.);
#10818 = DIRECTION('',(0.,1.));
#10819 = ( GEOMETRIC_REPRESENTATION_CONTEXT(2) 
PARAMETRIC_REPRESENTATION_CONTEXT() REPRESENTATION_CONTEXT('2D SPACE',''
  ) );
#10820 = PCURVE('',#8614,#10821);
#10821 = DEFINITIONAL_REPRESENTATION('',(#10822),#10826);
#10822 = LINE('',#10823,#10824);
#10823 = CARTESIAN_POINT('',(0.,3.));
#10824 = VECTOR('',#10825,1.);
#10825 = DIRECTION('',(0.,1.));
#10826 = ( GEOMETRIC_REPRESENTATION_CONTEXT(2) 
PARAMETRIC_REPRESENTATION_CONTEXT() REPRESENTATION_CONTEXT('2D SPACE',''
  ) );
#10827 = ORIENTED_EDGE('',*,*,#10368,.F.);
#10828 = ORIENTED_EDGE('',*,*,#10807,.F.);
#10829 = ORIENTED_EDGE('',*,*,#8597,.T.);
#10830 = ORIENTED_EDGE('',*,*,#9239,.T.);
#10831 = FACE_BOUND('',#10832,.F.);
#10832 = EDGE_LOOP('',(#10833));
#10833 = ORIENTED_EDGE('',*,*,#10834,.T.);
#10834 = EDGE_CURVE('',#10835,#10835,#10837,.T.);
#10835 = VERTEX_POINT('',#10836);
#10836 = CARTESIAN_POINT('',(38.,9.219544457293,-398.25));
#10837 = SURFACE_CURVE('',#10838,(#10897,#10959),.PCURVE_S1.);
#10838 = B_SPLINE_CURVE_WITH_KNOTS('',8,(#10839,#10840,#10841,#10842,
    #10843,#10844,#10845,#10846,#10847,#10848,#10849,#10850,#10851,
    #10852,#10853,#10854,#10855,#10856,#10857,#10858,#10859,#10860,
    #10861,#10862,#10863,#10864,#10865,#10866,#10867,#10868,#10869,
    #10870,#10871,#10872,#10873,#10874,#10875,#10876,#10877,#10878,
    #10879,#10880,#10881,#10882,#10883,#10884,#10885,#10886,#10887,
    #10888,#10889,#10890,#10891,#10892,#10893,#10894,#10895,#10896),
  .UNSPECIFIED.,.T.,.F.,(9,7,7,7,7,7,7,7,9),(0.,0.118074267077,
    0.229121023289,0.389438930133,0.50621132354,0.616038359872,
    0.693196174556,0.828762948465,1.),.UNSPECIFIED.);
#10839 = CARTESIAN_POINT('',(38.,9.219544457293,-398.25));
#10840 = CARTESIAN_POINT('',(38.,9.219544457293,-397.9775933171));
#10841 = CARTESIAN_POINT('',(37.971731179348,9.237941493767,
    -397.7063462372));
#10842 = CARTESIAN_POINT('',(37.915615139099,9.274461345611,
    -397.4386361432));
#10843 = CARTESIAN_POINT('',(37.831959862032,9.32821305529,
    -397.176833419));
#10844 = CARTESIAN_POINT('',(37.721039927867,9.397685110974,
    -396.9234458436));
#10845 = CARTESIAN_POINT('',(37.583205765001,9.480796237334,
    -396.6812152414));
#10846 = CARTESIAN_POINT('',(37.419021938802,9.575000794991,
    -396.4531663892));
#10847 = CARTESIAN_POINT('',(37.051130827078,9.773799311546,
    -396.0445819165));
#10848 = CARTESIAN_POINT('',(36.848233956344,9.878588159603,
    -395.8596674432));
#10849 = CARTESIAN_POINT('',(36.620830355106,9.989622366787,
    -395.6915272956));
#10850 = CARTESIAN_POINT('',(36.36946506841,10.104211280264,
    -395.5441310399));
#10851 = CARTESIAN_POINT('',(36.095212051143,10.219347070543,
    -395.4217785971));
#10852 = CARTESIAN_POINT('',(35.799785001388,10.331880008298,
    -395.3291403734));
#10853 = CARTESIAN_POINT('',(35.485763322981,10.438737271302,
    -395.271340739));
#10854 = CARTESIAN_POINT('',(34.682384493074,10.679433575169,
    -395.2292374386));
#10855 = CARTESIAN_POINT('',(34.213675584162,10.793236828154,
    -395.2908418314));
#10856 = CARTESIAN_POINT('',(33.768320007547,10.87600781147,
    -395.4332331173));
#10857 = CARTESIAN_POINT('',(33.362320106195,10.930401792138,
    -395.6472226678));
#10858 = CARTESIAN_POINT('',(33.008873289076,10.962703243397,
    -395.9194052505));
#10859 = CARTESIAN_POINT('',(32.717779733695,10.980676696266,
    -396.2322014754));
#10860 = CARTESIAN_POINT('',(32.492220634414,10.990225080527,
    -396.5637263346));
#10861 = CARTESIAN_POINT('',(32.206622727937,10.998718372398,
    -397.1242437862));
#10862 = CARTESIAN_POINT('',(32.112651439565,11.000005965827,
    -397.3676483293));
#10863 = CARTESIAN_POINT('',(32.044057364894,11.000189915313,
    -397.6158887937));
#10864 = CARTESIAN_POINT('',(32.000076737444,11.000021686225,
    -397.8671424133));
#10865 = CARTESIAN_POINT('',(31.980229402997,10.999914520191,
    -398.1199156396));
#10866 = CARTESIAN_POINT('',(31.98434967493,10.999997430546,
    -398.3728682106));
#10867 = CARTESIAN_POINT('',(32.01261245335,11.000120188959,
    -398.6246496335));
#10868 = CARTESIAN_POINT('',(32.115352908946,10.999507871142,
    -399.1080054744));
#10869 = CARTESIAN_POINT('',(32.18697663273,10.998823333255,
    -399.33986685));
#10870 = CARTESIAN_POINT('',(32.280874666889,10.9973532945,
    -399.568056309));
#10871 = CARTESIAN_POINT('',(32.397741585672,10.994442056936,
    -399.7909965152));
#10872 = CARTESIAN_POINT('',(32.538434251694,10.989142385218,
    -400.0066953349));
#10873 = CARTESIAN_POINT('',(32.703865114833,10.980145603366,
    -400.212626923));
#10874 = CARTESIAN_POINT('',(32.894869155153,10.965712874454,
    -400.4055773517));
#10875 = CARTESIAN_POINT('',(33.26460906678,10.928141742431,
    -400.7049868286));
#10876 = CARTESIAN_POINT('',(33.426458311587,10.909239425833,
    -400.8171567273));
#10877 = CARTESIAN_POINT('',(33.596562341067,10.886505535705,
    -400.9171011836));
#10878 = CARTESIAN_POINT('',(33.773818811739,10.859552901032,
    -401.0041089601));
#10879 = CARTESIAN_POINT('',(33.957069406277,10.828069735245,
    -401.0775999179));
#10880 = CARTESIAN_POINT('',(34.145117279893,10.791844328771,
    -401.1371214318));
#10881 = CARTESIAN_POINT('',(34.336739803673,10.750784565069,
    -401.1823452823));
#10882 = CARTESIAN_POINT('',(34.871479945165,10.624369467086,
    -401.2670398004));
#10883 = CARTESIAN_POINT('',(35.210733374715,10.531076501895,
    -401.2748563626));
#10884 = CARTESIAN_POINT('',(35.541496258424,10.426513803797,
    -401.2394764147));
#10885 = CARTESIAN_POINT('',(35.857672911429,10.313328480222,
    -401.1647566144));
#10886 = CARTESIAN_POINT('',(36.154038958656,10.195215413621,
    -401.0554512414));
#10887 = CARTESIAN_POINT('',(36.426351239975,10.076529882791,
    -400.9172272212));
#10888 = CARTESIAN_POINT('',(36.67153988395,9.961680442183,
    -400.7566923888));
#10889 = CARTESIAN_POINT('',(37.161327149069,9.718735367279,
    -400.3600704818));
#10890 = CARTESIAN_POINT('',(37.398179310212,9.590452585599,
    -400.1076193015));
#10891 = CARTESIAN_POINT('',(37.596940651591,9.474718679256,
    -399.8306757832));
#10892 = CARTESIAN_POINT('',(37.756867521461,9.376309609024,
    -399.5348430351));
#10893 = CARTESIAN_POINT('',(37.877605282941,9.299197068991,
    -399.2248856395));
#10894 = CARTESIAN_POINT('',(37.958838613037,9.246332150356,
    -398.9049248383));
#10895 = CARTESIAN_POINT('',(38.,9.219544457293,-398.5787103412));
#10896 = CARTESIAN_POINT('',(38.,9.219544457293,-398.25));
#10897 = PCURVE('',#8614,#10898);
#10898 = DEFINITIONAL_REPRESENTATION('',(#10899),#10958);
#10899 = B_SPLINE_CURVE_WITH_KNOTS('',8,(#10900,#10901,#10902,#10903,
    #10904,#10905,#10906,#10907,#10908,#10909,#10910,#10911,#10912,
    #10913,#10914,#10915,#10916,#10917,#10918,#10919,#10920,#10921,
    #10922,#10923,#10924,#10925,#10926,#10927,#10928,#10929,#10930,
    #10931,#10932,#10933,#10934,#10935,#10936,#10937,#10938,#10939,
    #10940,#10941,#10942,#10943,#10944,#10945,#10946,#10947,#10948,
    #10949,#10950,#10951,#10952,#10953,#10954,#10955,#10956,#10957),
  .UNSPECIFIED.,.F.,.F.,(9,7,7,7,7,7,7,7,9),(0.,0.118074267077,
    0.229121023289,0.389438930133,0.50621132354,0.616038359872,
    0.693196174556,0.828762948465,1.),.UNSPECIFIED.);
#10900 = CARTESIAN_POINT('',(0.993864981558,10.));
#10901 = CARTESIAN_POINT('',(0.993864981558,10.272406682842));
#10902 = CARTESIAN_POINT('',(0.996931060618,10.543653762747));
#10903 = CARTESIAN_POINT('',(1.003017953589,10.811363856784));
#10904 = CARTESIAN_POINT('',(1.012057287633,11.07316658095));
#10905 = CARTESIAN_POINT('',(1.02395344762,11.326554156337));
#10906 = CARTESIAN_POINT('',(1.038580971989,11.568784758597));
#10907 = CARTESIAN_POINT('',(1.055783479082,11.796833610714));
#10908 = CARTESIAN_POINT('',(1.093798778337,12.205418083489));
#10909 = CARTESIAN_POINT('',(1.114555073103,12.390332556746));
#10910 = CARTESIAN_POINT('',(1.137550786982,12.558472704397));
#10911 = CARTESIAN_POINT('',(1.162645852678,12.705868960078));
#10912 = CARTESIAN_POINT('',(1.189658574376,12.828221402819));
#10913 = CARTESIAN_POINT('',(1.218368111816,12.920859626505));
#10914 = CARTESIAN_POINT('',(1.248502561919,12.978659260979));
#10915 = CARTESIAN_POINT('',(1.324744470041,13.020762561378));
#10916 = CARTESIAN_POINT('',(1.368531027871,12.959158168529));
#10917 = CARTESIAN_POINT('',(1.409613460926,12.816766882699));
#10918 = CARTESIAN_POINT('',(1.446774042884,12.602777332123));
#10919 = CARTESIAN_POINT('',(1.479010980912,12.33059474947));
#10920 = CARTESIAN_POINT('',(1.505515822308,12.017798524521));
#10921 = CARTESIAN_POINT('',(1.526037975967,11.686273665367));
#10922 = CARTESIAN_POINT('',(1.552012900332,11.125756213765));
#10923 = CARTESIAN_POINT('',(1.560555454521,10.882351670695));
#10924 = CARTESIAN_POINT('',(1.566790996775,10.634111206269));
#10925 = CARTESIAN_POINT('',(1.570789366391,10.382857586634));
#10926 = CARTESIAN_POINT('',(1.57259369267,10.130084360373));
#10927 = CARTESIAN_POINT('',(1.572219027141,9.877131789385));
#10928 = CARTESIAN_POINT('',(1.569649790326,9.625350366416));
#10929 = CARTESIAN_POINT('',(1.560309583032,9.141994525559));
#10930 = CARTESIAN_POINT('',(1.553798079665,8.910133149968));
#10931 = CARTESIAN_POINT('',(1.545261109945,8.681943690948));
#10932 = CARTESIAN_POINT('',(1.534634511523,8.459003484729));
#10933 = CARTESIAN_POINT('',(1.521837660576,8.243304665093));
#10934 = CARTESIAN_POINT('',(1.50678094224,8.037373076985));
#10935 = CARTESIAN_POINT('',(1.489373255619,7.844422648264));
#10936 = CARTESIAN_POINT('',(1.455587446063,7.545013171394));
#10937 = CARTESIAN_POINT('',(1.440775535972,7.432843272682));
#10938 = CARTESIAN_POINT('',(1.425177701175,7.332898816302));
#10939 = CARTESIAN_POINT('',(1.408883772386,7.245891039808));
#10940 = CARTESIAN_POINT('',(1.391987123557,7.172400082095));
#10941 = CARTESIAN_POINT('',(1.374583728612,7.112878568103));
#10942 = CARTESIAN_POINT('',(1.356772023158,7.067654717621));
#10943 = CARTESIAN_POINT('',(1.306819335136,6.982960199592));
#10944 = CARTESIAN_POINT('',(1.274854161658,6.975143637347));
#10945 = CARTESIAN_POINT('',(1.24335548617,7.010523585262));
#10946 = CARTESIAN_POINT('',(1.212866480423,7.085243385595));
#10947 = CARTESIAN_POINT('',(1.183894421432,7.194548758507));
#10948 = CARTESIAN_POINT('',(1.156906340282,7.332772778793));
#10949 = CARTESIAN_POINT('',(1.132298528573,7.493307611192));
#10950 = CARTESIAN_POINT('',(1.082595786203,7.889929518147));
#10951 = CARTESIAN_POINT('',(1.058124225777,8.142380698412));
#10952 = CARTESIAN_POINT('',(1.037229125481,8.419324216728));
#10953 = CARTESIAN_POINT('',(1.020163919909,8.715156964834));
#10954 = CARTESIAN_POINT('',(1.007140455398,9.025114360408));
#10955 = CARTESIAN_POINT('',(0.998329589075,9.345075161618));
#10956 = CARTESIAN_POINT('',(0.993864981558,9.671289658752));
#10957 = CARTESIAN_POINT('',(0.993864981558,10.));
#10958 = ( GEOMETRIC_REPRESENTATION_CONTEXT(2) 
PARAMETRIC_REPRESENTATION_CONTEXT() REPRESENTATION_CONTEXT('2D SPACE',''
  ) );
#10959 = PCURVE('',#10960,#10965);
#10960 = CYLINDRICAL_SURFACE('',#10961,3.);
#10961 = AXIS2_PLACEMENT_3D('',#10962,#10963,#10964);
#10962 = CARTESIAN_POINT('',(35.,12.,-398.25));
#10963 = DIRECTION('',(0.,-1.,2.22044604925E-16));
#10964 = DIRECTION('',(1.,0.,0.));
#10965 = DEFINITIONAL_REPRESENTATION('',(#10966),#11025);
#10966 = B_SPLINE_CURVE_WITH_KNOTS('',8,(#10967,#10968,#10969,#10970,
    #10971,#10972,#10973,#10974,#10975,#10976,#10977,#10978,#10979,
    #10980,#10981,#10982,#10983,#10984,#10985,#10986,#10987,#10988,
    #10989,#10990,#10991,#10992,#10993,#10994,#10995,#10996,#10997,
    #10998,#10999,#11000,#11001,#11002,#11003,#11004,#11005,#11006,
    #11007,#11008,#11009,#11010,#11011,#11012,#11013,#11014,#11015,
    #11016,#11017,#11018,#11019,#11020,#11021,#11022,#11023,#11024),
  .UNSPECIFIED.,.F.,.F.,(9,7,7,7,7,7,7,7,9),(0.,0.118074267077,
    0.229121023289,0.389438930133,0.50621132354,0.616038359872,
    0.693196174556,0.828762948465,1.),.UNSPECIFIED.);
#10967 = CARTESIAN_POINT('',(0.,2.780455542707));
#10968 = CARTESIAN_POINT('',(9.080222761407E-02,2.780455542707));
#10969 = CARTESIAN_POINT('',(0.181218048321,2.762058506233));
#10970 = CARTESIAN_POINT('',(0.271595201213,2.725538654389));
#10971 = CARTESIAN_POINT('',(0.362244845129,2.67178694471));
#10972 = CARTESIAN_POINT('',(0.453451592123,2.602314889026));
#10973 = CARTESIAN_POINT('',(0.54548229853,2.519203762666));
#10974 = CARTESIAN_POINT('',(0.638593613618,2.424999205009));
#10975 = CARTESIAN_POINT('',(0.821861826743,2.226200688454));
#10976 = CARTESIAN_POINT('',(0.912922434097,2.121411840397));
#10977 = CARTESIAN_POINT('',(1.006363193307,2.010377633213));
#10978 = CARTESIAN_POINT('',(1.102368660447,1.895788719736));
#10979 = CARTESIAN_POINT('',(1.201192850076,1.780652929457));
#10980 = CARTESIAN_POINT('',(1.303161828388,1.668119991702));
#10981 = CARTESIAN_POINT('',(1.408700909074,1.561262728698));
#10982 = CARTESIAN_POINT('',(1.67686135695,1.320566424831));
#10983 = CARTESIAN_POINT('',(1.831809968162,1.206763171846));
#10984 = CARTESIAN_POINT('',(1.983626648519,1.123992188531));
#10985 = CARTESIAN_POINT('',(2.132121823183,1.069598207861));
#10986 = CARTESIAN_POINT('',(2.276765969033,1.037296756603));
#10987 = CARTESIAN_POINT('',(2.416430479342,1.019323303734));
#10988 = CARTESIAN_POINT('',(2.549029478888,1.009774919473));
#10989 = CARTESIAN_POINT('',(2.75872395975,1.001281627602));
#10990 = CARTESIAN_POINT('',(2.845236344305,0.999994034173));
#10991 = CARTESIAN_POINT('',(2.930396129304,0.999810084687));
#10992 = CARTESIAN_POINT('',(3.014644140802,0.999978313775));
#10993 = CARTESIAN_POINT('',(3.098404346309,1.000085479809));
#10994 = CARTESIAN_POINT('',(3.182096968747,1.000002569454));
#10995 = CARTESIAN_POINT('',(3.26614877858,0.999879811041));
#10996 = CARTESIAN_POINT('',(3.430866877871,1.000492128858));
#10997 = CARTESIAN_POINT('',(3.51142876385,1.001176666745));
#10998 = CARTESIAN_POINT('',(3.593113111571,1.0026467055));
#10999 = CARTESIAN_POINT('',(3.676286701422,1.005557943064));
#11000 = CARTESIAN_POINT('',(3.761322190457,1.010857614782));
#11001 = CARTESIAN_POINT('',(3.848606864887,1.019854396634));
#11002 = CARTESIAN_POINT('',(3.938562187947,1.034287125546));
#11003 = CARTESIAN_POINT('',(4.09715097734,1.071858257569));
#11004 = CARTESIAN_POINT('',(4.162608033114,1.090760574167));
#11005 = CARTESIAN_POINT('',(4.228066095456,1.113494464295));
#11006 = CARTESIAN_POINT('',(4.293518034638,1.140447098968));
#11007 = CARTESIAN_POINT('',(4.358963136088,1.171930264755));
#11008 = CARTESIAN_POINT('',(4.424405248912,1.208155671229));
#11009 = CARTESIAN_POINT('',(4.489851181995,1.249215434931));
#11010 = CARTESIAN_POINT('',(4.670319763535,1.375630532914));
#11011 = CARTESIAN_POINT('',(4.782419606012,1.468923498105));
#11012 = CARTESIAN_POINT('',(4.891789514233,1.573486196203));
#11013 = CARTESIAN_POINT('',(4.998450534055,1.686671519778));
#11014 = CARTESIAN_POINT('',(5.102291512315,1.804784586379));
#11015 = CARTESIAN_POINT('',(5.203048303975,1.923470117209));
#11016 = CARTESIAN_POINT('',(5.300240000616,2.038319557817));
#11017 = CARTESIAN_POINT('',(5.510319483497,2.281264632721));
#11018 = CARTESIAN_POINT('',(5.624633257596,2.409547414401));
#11019 = CARTESIAN_POINT('',(5.736673796194,2.525281320744));
#11020 = CARTESIAN_POINT('',(5.847013371511,2.623690390976));
#11021 = CARTESIAN_POINT('',(5.956219051789,2.700802931009));
#11022 = CARTESIAN_POINT('',(6.064877035292,2.753667849644));
#11023 = CARTESIAN_POINT('',(6.17361519343,2.780455542707));
#11024 = CARTESIAN_POINT('',(6.28318530718,2.780455542707));
#11025 = ( GEOMETRIC_REPRESENTATION_CONTEXT(2) 
PARAMETRIC_REPRESENTATION_CONTEXT() REPRESENTATION_CONTEXT('2D SPACE',''
  ) );
#11026 = FACE_BOUND('',#11027,.F.);
#11027 = EDGE_LOOP('',(#11028));
#11028 = ORIENTED_EDGE('',*,*,#11029,.F.);
#11029 = EDGE_CURVE('',#11030,#11030,#11032,.T.);
#11030 = VERTEX_POINT('',#11031);
#11031 = CARTESIAN_POINT('',(38.,-9.219544457293,-398.25));
#11032 = SURFACE_CURVE('',#11033,(#11092,#11154),.PCURVE_S1.);
#11033 = B_SPLINE_CURVE_WITH_KNOTS('',8,(#11034,#11035,#11036,#11037,
    #11038,#11039,#11040,#11041,#11042,#11043,#11044,#11045,#11046,
    #11047,#11048,#11049,#11050,#11051,#11052,#11053,#11054,#11055,
    #11056,#11057,#11058,#11059,#11060,#11061,#11062,#11063,#11064,
    #11065,#11066,#11067,#11068,#11069,#11070,#11071,#11072,#11073,
    #11074,#11075,#11076,#11077,#11078,#11079,#11080,#11081,#11082,
    #11083,#11084,#11085,#11086,#11087,#11088,#11089,#11090,#11091),
  .UNSPECIFIED.,.T.,.F.,(9,7,7,7,7,7,7,7,9),(0.,0.118074270205,
    0.229121026019,0.389438932291,0.506211325285,0.61603836123,
    0.693196175641,0.828762949071,1.),.UNSPECIFIED.);
#11034 = CARTESIAN_POINT('',(38.,-9.219544457293,-398.25));
#11035 = CARTESIAN_POINT('',(38.,-9.219544457293,-397.9775933255));
#11036 = CARTESIAN_POINT('',(37.971731175649,-9.237941495847,
    -397.7063462237));
#11037 = CARTESIAN_POINT('',(37.915615141721,-9.274461344172,
    -397.4386361423));
#11038 = CARTESIAN_POINT('',(37.831959866794,-9.328213052619,
    -397.1768334312));
#11039 = CARTESIAN_POINT('',(37.721039925319,-9.397685112335,
    -396.9234458446));
#11040 = CARTESIAN_POINT('',(37.583205758575,-9.480796240893,
    -396.6812152288));
#11041 = CARTESIAN_POINT('',(37.419021944506,-9.575000791909,
    -396.4531663956));
#11042 = CARTESIAN_POINT('',(37.051130827078,-9.773799311546,
    -396.0445819165));
#11043 = CARTESIAN_POINT('',(36.848233956344,-9.878588159603,
    -395.8596674432));
#11044 = CARTESIAN_POINT('',(36.620830355106,-9.989622366786,
    -395.6915272956));
#11045 = CARTESIAN_POINT('',(36.36946506841,-10.10421128026,
    -395.5441310399));
#11046 = CARTESIAN_POINT('',(36.095212051143,-10.21934707054,
    -395.4217785971));
#11047 = CARTESIAN_POINT('',(35.799785001388,-10.33188000829,
    -395.3291403734));
#11048 = CARTESIAN_POINT('',(35.485763322981,-10.4387372713,
    -395.271340739));
#11049 = CARTESIAN_POINT('',(34.682384493062,-10.67943357517,
    -395.2292374386));
#11050 = CARTESIAN_POINT('',(34.213675584184,-10.79323682814,
    -395.2908418314));
#11051 = CARTESIAN_POINT('',(33.76832000754,-10.87600781147,
    -395.4332331172));
#11052 = CARTESIAN_POINT('',(33.362320106183,-10.93040179213,
    -395.6472226678));
#11053 = CARTESIAN_POINT('',(33.008873289079,-10.96270324339,
    -395.9194052505));
#11054 = CARTESIAN_POINT('',(32.717779733704,-10.98067669626,
    -396.2322014754));
#11055 = CARTESIAN_POINT('',(32.492220634408,-10.99022508052,
    -396.5637263346));
#11056 = CARTESIAN_POINT('',(32.206622727937,-10.99871837239,
    -397.1242437862));
#11057 = CARTESIAN_POINT('',(32.112651439566,-11.00000596582,
    -397.3676483293));
#11058 = CARTESIAN_POINT('',(32.044057364894,-11.00018991531,
    -397.6158887937));
#11059 = CARTESIAN_POINT('',(32.000076737444,-11.00002168622,
    -397.8671424133));
#11060 = CARTESIAN_POINT('',(31.980229402997,-10.99991452019,
    -398.1199156396));
#11061 = CARTESIAN_POINT('',(31.98434967493,-10.99999743054,
    -398.3728682106));
#11062 = CARTESIAN_POINT('',(32.01261245335,-11.00012018895,
    -398.6246496335));
#11063 = CARTESIAN_POINT('',(32.115352908946,-10.99950787114,
    -399.1080054744));
#11064 = CARTESIAN_POINT('',(32.18697663273,-10.99882333325,
    -399.33986685));
#11065 = CARTESIAN_POINT('',(32.280874666889,-10.9973532945,
    -399.568056309));
#11066 = CARTESIAN_POINT('',(32.397741585672,-10.99444205693,
    -399.7909965152));
#11067 = CARTESIAN_POINT('',(32.538434251694,-10.98914238521,
    -400.0066953349));
#11068 = CARTESIAN_POINT('',(32.703865114833,-10.98014560336,
    -400.212626923));
#11069 = CARTESIAN_POINT('',(32.894869155153,-10.96571287445,
    -400.4055773517));
#11070 = CARTESIAN_POINT('',(33.26460906678,-10.92814174243,
    -400.7049868286));
#11071 = CARTESIAN_POINT('',(33.426458311587,-10.90923942583,
    -400.8171567273));
#11072 = CARTESIAN_POINT('',(33.596562341067,-10.8865055357,
    -400.9171011836));
#11073 = CARTESIAN_POINT('',(33.773818811739,-10.85955290103,
    -401.0041089601));
#11074 = CARTESIAN_POINT('',(33.957069406277,-10.82806973524,
    -401.0775999179));
#11075 = CARTESIAN_POINT('',(34.145117279893,-10.79184432877,
    -401.1371214318));
#11076 = CARTESIAN_POINT('',(34.336739803673,-10.75078456506,
    -401.1823452823));
#11077 = CARTESIAN_POINT('',(34.871479945163,-10.62436946708,
    -401.2670398004));
#11078 = CARTESIAN_POINT('',(35.210733374717,-10.53107650189,
    -401.2748563626));
#11079 = CARTESIAN_POINT('',(35.541496258423,-10.42651380379,
    -401.2394764147));
#11080 = CARTESIAN_POINT('',(35.857672911428,-10.31332848022,
    -401.1647566144));
#11081 = CARTESIAN_POINT('',(36.154038958657,-10.19521541362,
    -401.0554512414));
#11082 = CARTESIAN_POINT('',(36.426351239975,-10.07652988279,
    -400.9172272212));
#11083 = CARTESIAN_POINT('',(36.67153988395,-9.961680442183,
    -400.7566923888));
#11084 = CARTESIAN_POINT('',(37.161327149069,-9.718735367279,
    -400.3600704818));
#11085 = CARTESIAN_POINT('',(37.398179310212,-9.590452585599,
    -400.1076193015));
#11086 = CARTESIAN_POINT('',(37.596940651591,-9.474718679256,
    -399.8306757832));
#11087 = CARTESIAN_POINT('',(37.756867521461,-9.376309609024,
    -399.5348430351));
#11088 = CARTESIAN_POINT('',(37.877605282941,-9.299197068991,
    -399.2248856395));
#11089 = CARTESIAN_POINT('',(37.958838613037,-9.246332150356,
    -398.9049248383));
#11090 = CARTESIAN_POINT('',(38.,-9.219544457293,-398.5787103412));
#11091 = CARTESIAN_POINT('',(38.,-9.219544457293,-398.25));
#11092 = PCURVE('',#8614,#11093);
#11093 = DEFINITIONAL_REPRESENTATION('',(#11094),#11153);
#11094 = B_SPLINE_CURVE_WITH_KNOTS('',8,(#11095,#11096,#11097,#11098,
    #11099,#11100,#11101,#11102,#11103,#11104,#11105,#11106,#11107,
    #11108,#11109,#11110,#11111,#11112,#11113,#11114,#11115,#11116,
    #11117,#11118,#11119,#11120,#11121,#11122,#11123,#11124,#11125,
    #11126,#11127,#11128,#11129,#11130,#11131,#11132,#11133,#11134,
    #11135,#11136,#11137,#11138,#11139,#11140,#11141,#11142,#11143,
    #11144,#11145,#11146,#11147,#11148,#11149,#11150,#11151,#11152),
  .UNSPECIFIED.,.T.,.F.,(9,7,7,7,7,7,7,7,9),(0.,0.118074270205,
    0.229121026019,0.389438932291,0.506211325285,0.61603836123,
    0.693196175641,0.828762949071,1.),.UNSPECIFIED.);
#11095 = CARTESIAN_POINT('',(5.289320325621,10.));
#11096 = CARTESIAN_POINT('',(5.289320325621,10.272406674456));
#11097 = CARTESIAN_POINT('',(5.286254246176,10.543653776278));
#11098 = CARTESIAN_POINT('',(5.280167353863,10.811363857638));
#11099 = CARTESIAN_POINT('',(5.271128020043,11.073166568705));
#11100 = CARTESIAN_POINT('',(5.259231859297,11.326554155308));
#11101 = CARTESIAN_POINT('',(5.244604334523,11.568784771124));
#11102 = CARTESIAN_POINT('',(5.227401828687,11.796833604379));
#11103 = CARTESIAN_POINT('',(5.189386528843,12.205418083489));
#11104 = CARTESIAN_POINT('',(5.168630234077,12.390332556746));
#11105 = CARTESIAN_POINT('',(5.145634520197,12.558472704396));
#11106 = CARTESIAN_POINT('',(5.120539454501,12.705868960078));
#11107 = CARTESIAN_POINT('',(5.093526732803,12.828221402819));
#11108 = CARTESIAN_POINT('',(5.064817195364,12.920859626505));
#11109 = CARTESIAN_POINT('',(5.03468274526,12.978659260979));
#11110 = CARTESIAN_POINT('',(4.958440837137,13.020762561378));
#11111 = CARTESIAN_POINT('',(4.91465427931,12.959158168525));
#11112 = CARTESIAN_POINT('',(4.873571846253,12.81676688271));
#11113 = CARTESIAN_POINT('',(4.836411264295,12.602777332117));
#11114 = CARTESIAN_POINT('',(4.804174326268,12.330594749455));
#11115 = CARTESIAN_POINT('',(4.777669484873,12.017798524545));
#11116 = CARTESIAN_POINT('',(4.757147331212,11.686273665356));
#11117 = CARTESIAN_POINT('',(4.731172406847,11.125756213765));
#11118 = CARTESIAN_POINT('',(4.722629852659,10.882351670696));
#11119 = CARTESIAN_POINT('',(4.716394310405,10.634111206269));
#11120 = CARTESIAN_POINT('',(4.712395940788,10.382857586634));
#11121 = CARTESIAN_POINT('',(4.710591614509,10.130084360373));
#11122 = CARTESIAN_POINT('',(4.710966280039,9.877131789385));
#11123 = CARTESIAN_POINT('',(4.713535516853,9.625350366416));
#11124 = CARTESIAN_POINT('',(4.722875724148,9.141994525559));
#11125 = CARTESIAN_POINT('',(4.729387227515,8.910133149968));
#11126 = CARTESIAN_POINT('',(4.737924197234,8.681943690948));
#11127 = CARTESIAN_POINT('',(4.748550795656,8.459003484729));
#11128 = CARTESIAN_POINT('',(4.761347646603,8.243304665093));
#11129 = CARTESIAN_POINT('',(4.77640436494,8.037373076985));
#11130 = CARTESIAN_POINT('',(4.793812051561,7.844422648264));
#11131 = CARTESIAN_POINT('',(4.827597861117,7.545013171394));
#11132 = CARTESIAN_POINT('',(4.842409771208,7.432843272682));
#11133 = CARTESIAN_POINT('',(4.858007606005,7.332898816302));
#11134 = CARTESIAN_POINT('',(4.874301534794,7.245891039808));
#11135 = CARTESIAN_POINT('',(4.891198183623,7.172400082095));
#11136 = CARTESIAN_POINT('',(4.908601578567,7.112878568103));
#11137 = CARTESIAN_POINT('',(4.926413284021,7.067654717621));
#11138 = CARTESIAN_POINT('',(4.976365972043,6.982960199592));
#11139 = CARTESIAN_POINT('',(5.008331145522,6.975143637347));
#11140 = CARTESIAN_POINT('',(5.03982982101,7.010523585263));
#11141 = CARTESIAN_POINT('',(5.070318826757,7.085243385594));
#11142 = CARTESIAN_POINT('',(5.099290885748,7.194548758507));
#11143 = CARTESIAN_POINT('',(5.126278966898,7.332772778793));
#11144 = CARTESIAN_POINT('',(5.150886778606,7.493307611191));
#11145 = CARTESIAN_POINT('',(5.200589520976,7.889929518147));
#11146 = CARTESIAN_POINT('',(5.225061081403,8.142380698412));
#11147 = CARTESIAN_POINT('',(5.245956181699,8.419324216728));
#11148 = CARTESIAN_POINT('',(5.26302138727,8.715156964834));
#11149 = CARTESIAN_POINT('',(5.276044851782,9.025114360409));
#11150 = CARTESIAN_POINT('',(5.284855718105,9.345075161618));
#11151 = CARTESIAN_POINT('',(5.289320325621,9.671289658752));
#11152 = CARTESIAN_POINT('',(5.289320325621,10.));
#11153 = ( GEOMETRIC_REPRESENTATION_CONTEXT(2) 
PARAMETRIC_REPRESENTATION_CONTEXT() REPRESENTATION_CONTEXT('2D SPACE',''
  ) );
#11154 = PCURVE('',#11155,#11160);
#11155 = CYLINDRICAL_SURFACE('',#11156,3.);
#11156 = AXIS2_PLACEMENT_3D('',#11157,#11158,#11159);
#11157 = CARTESIAN_POINT('',(35.,0.,-398.25));
#11158 = DIRECTION('',(0.,-1.,2.22044604925E-16));
#11159 = DIRECTION('',(1.,0.,0.));
#11160 = DEFINITIONAL_REPRESENTATION('',(#11161),#11220);
#11161 = B_SPLINE_CURVE_WITH_KNOTS('',8,(#11162,#11163,#11164,#11165,
    #11166,#11167,#11168,#11169,#11170,#11171,#11172,#11173,#11174,
    #11175,#11176,#11177,#11178,#11179,#11180,#11181,#11182,#11183,
    #11184,#11185,#11186,#11187,#11188,#11189,#11190,#11191,#11192,
    #11193,#11194,#11195,#11196,#11197,#11198,#11199,#11200,#11201,
    #11202,#11203,#11204,#11205,#11206,#11207,#11208,#11209,#11210,
    #11211,#11212,#11213,#11214,#11215,#11216,#11217,#11218,#11219),
  .UNSPECIFIED.,.F.,.F.,(9,7,7,7,7,7,7,7,9),(0.,0.118074270205,
    0.229121026019,0.389438932291,0.506211325285,0.61603836123,
    0.693196175641,0.828762949071,1.),.UNSPECIFIED.);
#11162 = CARTESIAN_POINT('',(0.,9.219544457293));
#11163 = CARTESIAN_POINT('',(9.080222481864E-02,9.219544457293));
#11164 = CARTESIAN_POINT('',(0.181218053235,9.237941495847));
#11165 = CARTESIAN_POINT('',(0.271595201178,9.274461344172));
#11166 = CARTESIAN_POINT('',(0.362244840519,9.328213052619));
#11167 = CARTESIAN_POINT('',(0.453451592123,9.397685112335));
#11168 = CARTESIAN_POINT('',(0.545482303459,9.480796240893));
#11169 = CARTESIAN_POINT('',(0.638593610776,9.575000791909));
#11170 = CARTESIAN_POINT('',(0.821861826743,9.773799311546));
#11171 = CARTESIAN_POINT('',(0.912922434097,9.878588159603));
#11172 = CARTESIAN_POINT('',(1.006363193307,9.989622366786));
#11173 = CARTESIAN_POINT('',(1.102368660447,10.104211280264));
#11174 = CARTESIAN_POINT('',(1.201192850076,10.219347070543));
#11175 = CARTESIAN_POINT('',(1.303161828388,10.331880008298));
#11176 = CARTESIAN_POINT('',(1.408700909074,10.438737271302));
#11177 = CARTESIAN_POINT('',(1.676861356954,10.679433575172));
#11178 = CARTESIAN_POINT('',(1.831809968154,10.793236828146));
#11179 = CARTESIAN_POINT('',(1.983626648523,10.876007811476));
#11180 = CARTESIAN_POINT('',(2.132121823183,10.930401792136));
#11181 = CARTESIAN_POINT('',(2.276765969039,10.962703243397));
#11182 = CARTESIAN_POINT('',(2.416430479334,10.980676696265));
#11183 = CARTESIAN_POINT('',(2.549029478892,10.990225080527));
#11184 = CARTESIAN_POINT('',(2.75872395975,10.998718372398));
#11185 = CARTESIAN_POINT('',(2.845236344305,11.000005965827));
#11186 = CARTESIAN_POINT('',(2.930396129304,11.000189915313));
#11187 = CARTESIAN_POINT('',(3.014644140802,11.000021686225));
#11188 = CARTESIAN_POINT('',(3.098404346309,10.999914520191));
#11189 = CARTESIAN_POINT('',(3.182096968747,10.999997430546));
#11190 = CARTESIAN_POINT('',(3.26614877858,11.000120188959));
#11191 = CARTESIAN_POINT('',(3.430866877871,10.999507871142));
#11192 = CARTESIAN_POINT('',(3.51142876385,10.998823333255));
#11193 = CARTESIAN_POINT('',(3.593113111571,10.9973532945));
#11194 = CARTESIAN_POINT('',(3.676286701422,10.994442056936));
#11195 = CARTESIAN_POINT('',(3.761322190457,10.989142385218));
#11196 = CARTESIAN_POINT('',(3.848606864887,10.980145603366));
#11197 = CARTESIAN_POINT('',(3.938562187947,10.965712874454));
#11198 = CARTESIAN_POINT('',(4.09715097734,10.928141742431));
#11199 = CARTESIAN_POINT('',(4.162608033114,10.909239425833));
#11200 = CARTESIAN_POINT('',(4.228066095456,10.886505535705));
#11201 = CARTESIAN_POINT('',(4.293518034638,10.859552901032));
#11202 = CARTESIAN_POINT('',(4.358963136088,10.828069735245));
#11203 = CARTESIAN_POINT('',(4.424405248912,10.791844328771));
#11204 = CARTESIAN_POINT('',(4.489851181995,10.750784565069));
#11205 = CARTESIAN_POINT('',(4.670319763534,10.624369467087));
#11206 = CARTESIAN_POINT('',(4.782419606013,10.531076501894));
#11207 = CARTESIAN_POINT('',(4.891789514233,10.426513803798));
#11208 = CARTESIAN_POINT('',(4.998450534055,10.313328480222));
#11209 = CARTESIAN_POINT('',(5.102291512315,10.195215413621));
#11210 = CARTESIAN_POINT('',(5.203048303975,10.076529882791));
#11211 = CARTESIAN_POINT('',(5.300240000615,9.961680442183));
#11212 = CARTESIAN_POINT('',(5.510319483497,9.718735367279));
#11213 = CARTESIAN_POINT('',(5.624633257597,9.590452585599));
#11214 = CARTESIAN_POINT('',(5.736673796194,9.474718679256));
#11215 = CARTESIAN_POINT('',(5.847013371511,9.376309609024));
#11216 = CARTESIAN_POINT('',(5.95621905179,9.299197068991));
#11217 = CARTESIAN_POINT('',(6.064877035291,9.246332150356));
#11218 = CARTESIAN_POINT('',(6.17361519343,9.219544457293));
#11219 = CARTESIAN_POINT('',(6.28318530718,9.219544457293));
#11220 = ( GEOMETRIC_REPRESENTATION_CONTEXT(2) 
PARAMETRIC_REPRESENTATION_CONTEXT() REPRESENTATION_CONTEXT('2D SPACE',''
  ) );
#11221 = FACE_BOUND('',#11222,.F.);
#11222 = EDGE_LOOP('',(#11223));
#11223 = ORIENTED_EDGE('',*,*,#11224,.T.);
#11224 = EDGE_CURVE('',#11225,#11225,#11227,.T.);
#11225 = VERTEX_POINT('',#11226);
#11226 = CARTESIAN_POINT('',(32.,11.,-392.25));
#11227 = SURFACE_CURVE('',#11228,(#11287,#11349),.PCURVE_S1.);
#11228 = B_SPLINE_CURVE_WITH_KNOTS('',8,(#11229,#11230,#11231,#11232,
    #11233,#11234,#11235,#11236,#11237,#11238,#11239,#11240,#11241,
    #11242,#11243,#11244,#11245,#11246,#11247,#11248,#11249,#11250,
    #11251,#11252,#11253,#11254,#11255,#11256,#11257,#11258,#11259,
    #11260,#11261,#11262,#11263,#11264,#11265,#11266,#11267,#11268,
    #11269,#11270,#11271,#11272,#11273,#11274,#11275,#11276,#11277,
    #11278,#11279,#11280,#11281,#11282,#11283,#11284,#11285,#11286),
  .UNSPECIFIED.,.T.,.F.,(9,7,7,7,7,7,7,7,9),(0.,0.116945640566,
    0.222794910982,0.328606158862,0.45402553717,0.583589874437,
    0.704784861199,0.835991280868,1.),.UNSPECIFIED.);
#11229 = CARTESIAN_POINT('',(32.,11.,-392.25));
#11230 = CARTESIAN_POINT('',(32.,11.,-392.0033384551));
#11231 = CARTESIAN_POINT('',(31.97682250666,11.00000001404,
    -391.7568369613));
#11232 = CARTESIAN_POINT('',(31.930517866952,10.999999956883,
    -391.5116725568));
#11233 = CARTESIAN_POINT('',(31.86076127223,10.999726581967,
    -391.26911549));
#11234 = CARTESIAN_POINT('',(31.766915671144,10.998635484113,
    -391.0306713709));
#11235 = CARTESIAN_POINT('',(31.648104680899,10.995860426846,
    -390.7982353172));
#11236 = CARTESIAN_POINT('',(31.503301257351,10.990129066241,
    -390.5742724174));
#11237 = CARTESIAN_POINT('',(31.175881742618,10.970192182871,
    -390.1699429897));
#11238 = CARTESIAN_POINT('',(30.995392826454,10.956673735325,
    -389.984042538));
#11239 = CARTESIAN_POINT('',(30.790186037873,10.937696557207,
    -389.8103021774));
#11240 = CARTESIAN_POINT('',(30.561616880808,10.9115984247,
    -389.654040726));
#11241 = CARTESIAN_POINT('',(30.311969604271,10.876628071134,
    -389.5199043241));
#11242 = CARTESIAN_POINT('',(30.044249389401,10.831193386942,
    -389.4118736515));
#11243 = CARTESIAN_POINT('',(29.762016884875,10.774131113216,
    -389.3332962404));
#11244 = CARTESIAN_POINT('',(29.176695052139,10.635758264246,
    -389.2405903695));
#11245 = CARTESIAN_POINT('',(28.88391822096,10.556893066635,
    -389.2280710108));
#11246 = CARTESIAN_POINT('',(28.595828669248,10.469214911454,
    -389.248096762));
#11247 = CARTESIAN_POINT('',(28.316955967807,10.374362711989,
    -389.2985559121));
#11248 = CARTESIAN_POINT('',(28.051391516699,10.274694099377,
    -389.3765261779));
#11249 = CARTESIAN_POINT('',(27.802660329994,10.173102281095,
    -389.4782751694));
#11250 = CARTESIAN_POINT('',(27.573576579137,10.072691709217,
    -389.5992403221));
#11251 = CARTESIAN_POINT('',(27.120138069671,9.862073161252,
    -389.8937067332));
#11252 = CARTESIAN_POINT('',(26.898929692717,9.750899074582,
    -390.0764243151));
#11253 = CARTESIAN_POINT('',(26.702885499617,9.645569330605,
    -390.2780336055));
#11254 = CARTESIAN_POINT('',(26.532076408421,9.548617079287,
    -390.4952520436));
#11255 = CARTESIAN_POINT('',(26.38646808025,9.462284636499,
    -390.7254282729));
#11256 = CARTESIAN_POINT('',(26.266086725412,9.388530800381,
    -390.9663874181));
#11257 = CARTESIAN_POINT('',(26.171151085405,9.329050772694,
    -391.2162979607));
#11258 = CARTESIAN_POINT('',(26.03101595107,9.240040337204,
    -391.7392894019));
#11259 = CARTESIAN_POINT('',(25.987880747414,9.211766163669,
    -392.0116838558));
#11260 = CARTESIAN_POINT('',(25.973340215748,9.201969584986,
    -392.2875633671));
#11261 = CARTESIAN_POINT('',(25.98756778539,9.211378783097,
    -392.5638884628));
#11262 = CARTESIAN_POINT('',(26.03051307182,9.239811404408,
    -392.8376417864));
#11263 = CARTESIAN_POINT('',(26.101901904771,9.286164209468,
    -393.1057350861));
#11264 = CARTESIAN_POINT('',(26.201118809334,9.348505666057,
    -393.3649541652));
#11265 = CARTESIAN_POINT('',(26.444711876238,9.495138600126,
    -393.8430324774));
#11266 = CARTESIAN_POINT('',(26.585943318193,9.577864004894,
    -394.0637845288));
#11267 = CARTESIAN_POINT('',(26.750481241608,9.670798917583,
    -394.2727155121));
#11268 = CARTESIAN_POINT('',(26.938405450316,9.772141056516,
    -394.467899741));
#11269 = CARTESIAN_POINT('',(27.149895583773,9.879886099192,
    -394.6468728111));
#11270 = CARTESIAN_POINT('',(27.385060887247,9.991753827728,
    -394.8064977776));
#11271 = CARTESIAN_POINT('',(27.643697327755,10.105160976553,
    -394.9427991644));
#11272 = CARTESIAN_POINT('',(28.2293236846,10.3387339053,-395.1676000607
    ));
#11273 = CARTESIAN_POINT('',(28.568166049431,10.461863478419,
    -395.2542812979));
#11274 = CARTESIAN_POINT('',(28.930731272173,10.578256737265,
    -395.2967434562));
#11275 = CARTESIAN_POINT('',(29.304074030009,10.680595962144,
    -395.2871403815));
#11276 = CARTESIAN_POINT('',(29.674031313615,10.764708089029,
    -395.2232354968));
#11277 = CARTESIAN_POINT('',(30.026542744481,10.830216833057,
    -395.1081665738));
#11278 = CARTESIAN_POINT('',(30.349395792256,10.879233714405,
    -394.9507820047));
#11279 = CARTESIAN_POINT('',(30.989570252158,10.959356837271,
    -394.5350478495));
#11280 = CARTESIAN_POINT('',(31.288491153443,10.983317232547,
    -394.2592413339));
#11281 = CARTESIAN_POINT('',(31.531631785817,10.994576260481,
    -393.9535735951));
#11282 = CARTESIAN_POINT('',(31.721672939124,10.998917790669,
    -393.6282730774));
#11283 = CARTESIAN_POINT('',(31.861561985726,10.999998711386,
    -393.2907175453));
#11284 = CARTESIAN_POINT('',(31.953820149514,11.000000259153,
    -392.9461248733));
#11285 = CARTESIAN_POINT('',(32.,11.,-392.5981675332));
#11286 = CARTESIAN_POINT('',(32.,11.,-392.25));
#11287 = PCURVE('',#8614,#11288);
#11288 = DEFINITIONAL_REPRESENTATION('',(#11289),#11348);
#11289 = B_SPLINE_CURVE_WITH_KNOTS('',8,(#11290,#11291,#11292,#11293,
    #11294,#11295,#11296,#11297,#11298,#11299,#11300,#11301,#11302,
    #11303,#11304,#11305,#11306,#11307,#11308,#11309,#11310,#11311,
    #11312,#11313,#11314,#11315,#11316,#11317,#11318,#11319,#11320,
    #11321,#11322,#11323,#11324,#11325,#11326,#11327,#11328,#11329,
    #11330,#11331,#11332,#11333,#11334,#11335,#11336,#11337,#11338,
    #11339,#11340,#11341,#11342,#11343,#11344,#11345,#11346,#11347),
  .UNSPECIFIED.,.T.,.F.,(9,7,7,7,7,7,7,7,9),(0.,0.116945640566,
    0.222794910982,0.328606158862,0.45402553717,0.583589874437,
    0.704784861199,0.835991280868,1.),.UNSPECIFIED.);
#11290 = CARTESIAN_POINT('',(1.570796326795,16.));
#11291 = CARTESIAN_POINT('',(1.570796326795,16.246661544892));
#11292 = CARTESIAN_POINT('',(1.572903367687,16.493163038682));
#11293 = CARTESIAN_POINT('',(1.57711289713,16.738327443191));
#11294 = CARTESIAN_POINT('',(1.583454374461,16.980884509919));
#11295 = CARTESIAN_POINT('',(1.591985826674,17.219328629085));
#11296 = CARTESIAN_POINT('',(1.60278801949,17.451764682728));
#11297 = CARTESIAN_POINT('',(1.615959301909,17.675727582543));
#11298 = CARTESIAN_POINT('',(1.645779841996,18.080057010281));
#11299 = CARTESIAN_POINT('',(1.662232275368,18.265957461986));
#11300 = CARTESIAN_POINT('',(1.680962177083,18.439697822531));
#11301 = CARTESIAN_POINT('',(1.701865781845,18.595959273989));
#11302 = CARTESIAN_POINT('',(1.724765869165,18.730095675835));
#11303 = CARTESIAN_POINT('',(1.749432568158,18.838126348472));
#11304 = CARTESIAN_POINT('',(1.775595285875,18.916703759535));
#11305 = CARTESIAN_POINT('',(1.830273056693,19.009409630423));
#11306 = CARTESIAN_POINT('',(1.857824775502,19.021928989171));
#11307 = CARTESIAN_POINT('',(1.885176690989,19.001903237986));
#11308 = CARTESIAN_POINT('',(1.911928281596,18.951444087859));
#11309 = CARTESIAN_POINT('',(1.937692689344,18.873473822051));
#11310 = CARTESIAN_POINT('',(1.962104344198,18.771724830573));
#11311 = CARTESIAN_POINT('',(1.984837575518,18.650759677885));
#11312 = CARTESIAN_POINT('',(2.030289089472,18.35629326679));
#11313 = CARTESIAN_POINT('',(2.052785078632,18.173575684864));
#11314 = CARTESIAN_POINT('',(2.073005353837,17.971966394413));
#11315 = CARTESIAN_POINT('',(2.090852992618,17.754747956363));
#11316 = CARTESIAN_POINT('',(2.106238511689,17.524571727073));
#11317 = CARTESIAN_POINT('',(2.119071816513,17.28361258182));
#11318 = CARTESIAN_POINT('',(2.12925614354,17.033702039265));
#11319 = CARTESIAN_POINT('',(2.144348343239,16.510710598001));
#11320 = CARTESIAN_POINT('',(2.149036558761,16.238316144165));
#11321 = CARTESIAN_POINT('',(2.150630651582,15.962436632822));
#11322 = CARTESIAN_POINT('',(2.149079883737,15.686111537122));
#11323 = CARTESIAN_POINT('',(2.144397416382,15.412358213537));
#11324 = CARTESIAN_POINT('',(2.13666024458,15.144264913804));
#11325 = CARTESIAN_POINT('',(2.126009760775,14.885045834705));
#11326 = CARTESIAN_POINT('',(2.100162338217,14.406967522531));
#11327 = CARTESIAN_POINT('',(2.085283762115,14.186215471129));
#11328 = CARTESIAN_POINT('',(2.068108359576,13.977284487842));
#11329 = CARTESIAN_POINT('',(2.048706451184,13.782100258905));
#11330 = CARTESIAN_POINT('',(2.027142290275,13.603127188882));
#11331 = CARTESIAN_POINT('',(2.003485414105,13.443502222329));
#11332 = CARTESIAN_POINT('',(1.977826619251,13.307200835586));
#11333 = CARTESIAN_POINT('',(1.920509569815,13.082399939225));
#11334 = CARTESIAN_POINT('',(1.887750742353,12.995718702038));
#11335 = CARTESIAN_POINT('',(1.853174903618,12.953256543773));
#11336 = CARTESIAN_POINT('',(1.818049462684,12.96285961844));
#11337 = CARTESIAN_POINT('',(1.783616205457,13.026764503167));
#11338 = CARTESIAN_POINT('',(1.751050930671,13.141833426119));
#11339 = CARTESIAN_POINT('',(1.721374519136,13.299217995212));
#11340 = CARTESIAN_POINT('',(1.662722790781,13.714952150443));
#11341 = CARTESIAN_POINT('',(1.63548803584,13.990758666089));
#11342 = CARTESIAN_POINT('',(1.613375544673,14.296426404854));
#11343 = CARTESIAN_POINT('',(1.59609863383,14.62172692259));
#11344 = CARTESIAN_POINT('',(1.583381661634,14.959282454639));
#11345 = CARTESIAN_POINT('',(1.574994482251,15.303875126652));
#11346 = CARTESIAN_POINT('',(1.570796326795,15.651832466724));
#11347 = CARTESIAN_POINT('',(1.570796326795,16.));
#11348 = ( GEOMETRIC_REPRESENTATION_CONTEXT(2) 
PARAMETRIC_REPRESENTATION_CONTEXT() REPRESENTATION_CONTEXT('2D SPACE',''
  ) );
#11349 = PCURVE('',#11350,#11355);
#11350 = CYLINDRICAL_SURFACE('',#11351,3.);
#11351 = AXIS2_PLACEMENT_3D('',#11352,#11353,#11354);
#11352 = CARTESIAN_POINT('',(29.,12.,-392.25));
#11353 = DIRECTION('',(0.,-1.,2.22044604925E-16));
#11354 = DIRECTION('',(1.,0.,0.));
#11355 = DEFINITIONAL_REPRESENTATION('',(#11356),#11415);
#11356 = B_SPLINE_CURVE_WITH_KNOTS('',8,(#11357,#11358,#11359,#11360,
    #11361,#11362,#11363,#11364,#11365,#11366,#11367,#11368,#11369,
    #11370,#11371,#11372,#11373,#11374,#11375,#11376,#11377,#11378,
    #11379,#11380,#11381,#11382,#11383,#11384,#11385,#11386,#11387,
    #11388,#11389,#11390,#11391,#11392,#11393,#11394,#11395,#11396,
    #11397,#11398,#11399,#11400,#11401,#11402,#11403,#11404,#11405,
    #11406,#11407,#11408,#11409,#11410,#11411,#11412,#11413,#11414),
  .UNSPECIFIED.,.F.,.F.,(9,7,7,7,7,7,7,7,9),(0.,0.116945640566,
    0.222794910982,0.328606158862,0.45402553717,0.583589874437,
    0.704784861199,0.835991280868,1.),.UNSPECIFIED.);
#11357 = CARTESIAN_POINT('',(0.,1.));
#11358 = CARTESIAN_POINT('',(8.222051496412E-02,1.));
#11359 = CARTESIAN_POINT('',(0.164387591814,0.99999998596));
#11360 = CARTESIAN_POINT('',(0.246956345731,1.000000043117));
#11361 = CARTESIAN_POINT('',(0.330344681993,1.000273418033));
#11362 = CARTESIAN_POINT('',(0.414969142873,1.001364515887));
#11363 = CARTESIAN_POINT('',(0.501253943621,1.004139573154));
#11364 = CARTESIAN_POINT('',(0.589647207306,1.009870933759));
#11365 = CARTESIAN_POINT('',(0.763072126944,1.029807817129));
#11366 = CARTESIAN_POINT('',(0.849091237976,1.043326264675));
#11367 = CARTESIAN_POINT('',(0.937997401688,1.062303442793));
#11368 = CARTESIAN_POINT('',(1.029297343606,1.0884015753));
#11369 = CARTESIAN_POINT('',(1.122668814162,1.123371928866));
#11370 = CARTESIAN_POINT('',(1.217912701334,1.168806613058));
#11371 = CARTESIAN_POINT('',(1.314929294041,1.225868886784));
#11372 = CARTESIAN_POINT('',(1.512468608377,1.364241735754));
#11373 = CARTESIAN_POINT('',(1.609511932784,1.443106933365));
#11374 = CARTESIAN_POINT('',(1.704783430575,1.530785088546));
#11375 = CARTESIAN_POINT('',(1.798153939774,1.625637288011));
#11376 = CARTESIAN_POINT('',(1.889421484633,1.725305900623));
#11377 = CARTESIAN_POINT('',(1.978283146741,1.826897718905));
#11378 = CARTESIAN_POINT('',(2.064285695782,1.927308290783));
#11379 = CARTESIAN_POINT('',(2.24450684053,2.137926838748));
#11380 = CARTESIAN_POINT('',(2.339518911893,2.249100925418));
#11381 = CARTESIAN_POINT('',(2.432348918537,2.354430669395));
#11382 = CARTESIAN_POINT('',(2.523470636787,2.451382920713));
#11383 = CARTESIAN_POINT('',(2.613330003109,2.537715363501));
#11384 = CARTESIAN_POINT('',(2.702364739925,2.611469199619));
#11385 = CARTESIAN_POINT('',(2.791020091924,2.670949227306));
#11386 = CARTESIAN_POINT('',(2.971500285824,2.759959662796));
#11387 = CARTESIAN_POINT('',(3.062926018058,2.78823383633));
#11388 = CARTESIAN_POINT('',(3.154181988354,2.798030415014));
#11389 = CARTESIAN_POINT('',(3.245419885807,2.788621216903));
#11390 = CARTESIAN_POINT('',(3.336786917822,2.760188595591));
#11391 = CARTESIAN_POINT('',(3.428417048427,2.713835790532));
#11392 = CARTESIAN_POINT('',(3.520420206624,2.651494333943));
#11393 = CARTESIAN_POINT('',(3.699273484423,2.504861399874));
#11394 = CARTESIAN_POINT('',(3.786209775694,2.422135995106));
#11395 = CARTESIAN_POINT('',(3.874146988852,2.329201082417));
#11396 = CARTESIAN_POINT('',(3.963555195642,2.227858943484));
#11397 = CARTESIAN_POINT('',(4.054908521139,2.120113900808));
#11398 = CARTESIAN_POINT('',(4.148700134482,2.008246172272));
#11399 = CARTESIAN_POINT('',(4.245468266757,1.894839023447));
#11400 = CARTESIAN_POINT('',(4.454565180183,1.6612660947));
#11401 = CARTESIAN_POINT('',(4.570365776725,1.538136521581));
#11402 = CARTESIAN_POINT('',(4.690220037628,1.421743262736));
#11403 = CARTESIAN_POINT('',(4.812209562653,1.319404037855));
#11404 = CARTESIAN_POINT('',(4.934796777076,1.235291910972));
#11405 = CARTESIAN_POINT('',(5.056434448958,1.169783166943));
#11406 = CARTESIAN_POINT('',(5.175263377076,1.120766285595));
#11407 = CARTESIAN_POINT('',(5.429703552742,1.040643162729));
#11408 = CARTESIAN_POINT('',(5.563341043255,1.016682767453));
#11409 = CARTESIAN_POINT('',(5.691106601086,1.005423739518));
#11410 = CARTESIAN_POINT('',(5.814239909243,1.001082209332));
#11411 = CARTESIAN_POINT('',(5.933899796881,1.000001288613));
#11412 = CARTESIAN_POINT('',(6.05114318136,0.999999740848));
#11413 = CARTESIAN_POINT('',(6.167129462754,1.));
#11414 = CARTESIAN_POINT('',(6.28318530718,1.));
#11415 = ( GEOMETRIC_REPRESENTATION_CONTEXT(2) 
PARAMETRIC_REPRESENTATION_CONTEXT() REPRESENTATION_CONTEXT('2D SPACE',''
  ) );
#11416 = FACE_BOUND('',#11417,.F.);
#11417 = EDGE_LOOP('',(#11418));
#11418 = ORIENTED_EDGE('',*,*,#11419,.F.);
#11419 = EDGE_CURVE('',#11420,#11420,#11422,.T.);
#11420 = VERTEX_POINT('',#11421);
#11421 = CARTESIAN_POINT('',(32.,-11.,-392.25));
#11422 = SURFACE_CURVE('',#11423,(#11482,#11544),.PCURVE_S1.);
#11423 = B_SPLINE_CURVE_WITH_KNOTS('',8,(#11424,#11425,#11426,#11427,
    #11428,#11429,#11430,#11431,#11432,#11433,#11434,#11435,#11436,
    #11437,#11438,#11439,#11440,#11441,#11442,#11443,#11444,#11445,
    #11446,#11447,#11448,#11449,#11450,#11451,#11452,#11453,#11454,
    #11455,#11456,#11457,#11458,#11459,#11460,#11461,#11462,#11463,
    #11464,#11465,#11466,#11467,#11468,#11469,#11470,#11471,#11472,
    #11473,#11474,#11475,#11476,#11477,#11478,#11479,#11480,#11481),
  .UNSPECIFIED.,.T.,.F.,(9,7,7,7,7,7,7,7,9),(0.,0.116945640565,
    0.22279491098,0.32860615886,0.454025537167,0.583589874433,
    0.704784861195,0.835991280863,1.),.UNSPECIFIED.);
#11424 = CARTESIAN_POINT('',(32.,-11.,-392.25));
#11425 = CARTESIAN_POINT('',(32.,-11.,-392.0033384551));
#11426 = CARTESIAN_POINT('',(31.97682250666,-11.00000001404,
    -391.7568369613));
#11427 = CARTESIAN_POINT('',(31.930517866952,-10.99999995688,
    -391.5116725568));
#11428 = CARTESIAN_POINT('',(31.86076127223,-10.99972658196,
    -391.26911549));
#11429 = CARTESIAN_POINT('',(31.766915671144,-10.99863548411,
    -391.0306713709));
#11430 = CARTESIAN_POINT('',(31.6481046809,-10.99586042684,
    -390.7982353172));
#11431 = CARTESIAN_POINT('',(31.503301257351,-10.99012906624,
    -390.5742724174));
#11432 = CARTESIAN_POINT('',(31.175881742618,-10.97019218287,
    -390.1699429897));
#11433 = CARTESIAN_POINT('',(30.995392826454,-10.95667373532,
    -389.984042538));
#11434 = CARTESIAN_POINT('',(30.790186037873,-10.9376965572,
    -389.8103021774));
#11435 = CARTESIAN_POINT('',(30.561616880808,-10.91159842469,
    -389.654040726));
#11436 = CARTESIAN_POINT('',(30.311969604271,-10.87662807113,
    -389.5199043241));
#11437 = CARTESIAN_POINT('',(30.044249389401,-10.83119338694,
    -389.4118736515));
#11438 = CARTESIAN_POINT('',(29.762016884875,-10.77413111321,
    -389.3332962404));
#11439 = CARTESIAN_POINT('',(29.176695052139,-10.63575826424,
    -389.2405903695));
#11440 = CARTESIAN_POINT('',(28.88391822096,-10.55689306663,
    -389.2280710108));
#11441 = CARTESIAN_POINT('',(28.595828669248,-10.46921491145,
    -389.248096762));
#11442 = CARTESIAN_POINT('',(28.316955967807,-10.37436271198,
    -389.2985559121));
#11443 = CARTESIAN_POINT('',(28.051391516699,-10.27469409937,
    -389.3765261779));
#11444 = CARTESIAN_POINT('',(27.802660329993,-10.17310228109,
    -389.4782751694));
#11445 = CARTESIAN_POINT('',(27.573576579137,-10.07269170921,
    -389.5992403221));
#11446 = CARTESIAN_POINT('',(27.120138069671,-9.862073161252,
    -389.8937067332));
#11447 = CARTESIAN_POINT('',(26.898929692717,-9.750899074582,
    -390.0764243151));
#11448 = CARTESIAN_POINT('',(26.702885499617,-9.645569330606,
    -390.2780336055));
#11449 = CARTESIAN_POINT('',(26.532076408421,-9.548617079287,
    -390.4952520436));
#11450 = CARTESIAN_POINT('',(26.38646808025,-9.462284636499,
    -390.7254282729));
#11451 = CARTESIAN_POINT('',(26.266086725412,-9.388530800381,
    -390.9663874181));
#11452 = CARTESIAN_POINT('',(26.171151085405,-9.329050772694,
    -391.2162979607));
#11453 = CARTESIAN_POINT('',(26.03101595107,-9.240040337204,
    -391.7392894019));
#11454 = CARTESIAN_POINT('',(25.987880747414,-9.21176616367,
    -392.0116838558));
#11455 = CARTESIAN_POINT('',(25.973340215748,-9.201969584986,
    -392.2875633671));
#11456 = CARTESIAN_POINT('',(25.98756778539,-9.211378783097,
    -392.5638884628));
#11457 = CARTESIAN_POINT('',(26.03051307182,-9.239811404409,
    -392.8376417864));
#11458 = CARTESIAN_POINT('',(26.101901904771,-9.286164209468,
    -393.1057350861));
#11459 = CARTESIAN_POINT('',(26.201118809334,-9.348505666057,
    -393.3649541652));
#11460 = CARTESIAN_POINT('',(26.444711876238,-9.495138600126,
    -393.8430324774));
#11461 = CARTESIAN_POINT('',(26.585943318194,-9.577864004894,
    -394.0637845288));
#11462 = CARTESIAN_POINT('',(26.750481241608,-9.670798917583,
    -394.2727155121));
#11463 = CARTESIAN_POINT('',(26.938405450316,-9.772141056516,
    -394.467899741));
#11464 = CARTESIAN_POINT('',(27.149895583773,-9.879886099192,
    -394.6468728111));
#11465 = CARTESIAN_POINT('',(27.385060887247,-9.991753827728,
    -394.8064977776));
#11466 = CARTESIAN_POINT('',(27.643697327755,-10.10516097655,
    -394.9427991644));
#11467 = CARTESIAN_POINT('',(28.229323684602,-10.3387339053,
    -395.1676000607));
#11468 = CARTESIAN_POINT('',(28.568166049419,-10.46186347841,
    -395.2542812979));
#11469 = CARTESIAN_POINT('',(28.93073127219,-10.57825673727,
    -395.2967434562));
#11470 = CARTESIAN_POINT('',(29.304074029996,-10.68059596214,
    -395.2871403815));
#11471 = CARTESIAN_POINT('',(29.674031313626,-10.76470808903,
    -395.2232354968));
#11472 = CARTESIAN_POINT('',(30.02654274447,-10.83021683305,
    -395.1081665738));
#11473 = CARTESIAN_POINT('',(30.349395792261,-10.8792337144,
    -394.9507820047));
#11474 = CARTESIAN_POINT('',(30.989570252159,-10.95935683727,
    -394.5350478495));
#11475 = CARTESIAN_POINT('',(31.288491153439,-10.98331723254,
    -394.2592413339));
#11476 = CARTESIAN_POINT('',(31.531631785822,-10.99457626048,
    -393.9535735951));
#11477 = CARTESIAN_POINT('',(31.721672939118,-10.99891779066,
    -393.6282730774));
#11478 = CARTESIAN_POINT('',(31.86156198573,-10.99999871138,
    -393.2907175453));
#11479 = CARTESIAN_POINT('',(31.953820149513,-11.00000025915,
    -392.9461248733));
#11480 = CARTESIAN_POINT('',(32.,-11.,-392.5981675332));
#11481 = CARTESIAN_POINT('',(32.,-11.,-392.25));
#11482 = PCURVE('',#8614,#11483);
#11483 = DEFINITIONAL_REPRESENTATION('',(#11484),#11543);
#11484 = B_SPLINE_CURVE_WITH_KNOTS('',8,(#11485,#11486,#11487,#11488,
    #11489,#11490,#11491,#11492,#11493,#11494,#11495,#11496,#11497,
    #11498,#11499,#11500,#11501,#11502,#11503,#11504,#11505,#11506,
    #11507,#11508,#11509,#11510,#11511,#11512,#11513,#11514,#11515,
    #11516,#11517,#11518,#11519,#11520,#11521,#11522,#11523,#11524,
    #11525,#11526,#11527,#11528,#11529,#11530,#11531,#11532,#11533,
    #11534,#11535,#11536,#11537,#11538,#11539,#11540,#11541,#11542),
  .UNSPECIFIED.,.F.,.F.,(9,7,7,7,7,7,7,7,9),(0.,0.116945640565,
    0.22279491098,0.32860615886,0.454025537167,0.583589874433,
    0.704784861195,0.835991280863,1.),.UNSPECIFIED.);
#11485 = CARTESIAN_POINT('',(4.712388980385,16.));
#11486 = CARTESIAN_POINT('',(4.712388980385,16.246661544892));
#11487 = CARTESIAN_POINT('',(4.710281939492,16.493163038682));
#11488 = CARTESIAN_POINT('',(4.70607241005,16.738327443191));
#11489 = CARTESIAN_POINT('',(4.699730932719,16.980884509919));
#11490 = CARTESIAN_POINT('',(4.691199480506,17.219328629085));
#11491 = CARTESIAN_POINT('',(4.68039728769,17.451764682728));
#11492 = CARTESIAN_POINT('',(4.667226005271,17.675727582543));
#11493 = CARTESIAN_POINT('',(4.637405465183,18.080057010281));
#11494 = CARTESIAN_POINT('',(4.620953031812,18.265957461986));
#11495 = CARTESIAN_POINT('',(4.602223130096,18.43969782253));
#11496 = CARTESIAN_POINT('',(4.581319525335,18.595959273989));
#11497 = CARTESIAN_POINT('',(4.558419438014,18.730095675835));
#11498 = CARTESIAN_POINT('',(4.533752739022,18.838126348472));
#11499 = CARTESIAN_POINT('',(4.507590021304,18.916703759535));
#11500 = CARTESIAN_POINT('',(4.452912250487,19.009409630423));
#11501 = CARTESIAN_POINT('',(4.425360531678,19.021928989171));
#11502 = CARTESIAN_POINT('',(4.39800861619,19.001903237986));
#11503 = CARTESIAN_POINT('',(4.371257025583,18.951444087859));
#11504 = CARTESIAN_POINT('',(4.345492617836,18.873473822051));
#11505 = CARTESIAN_POINT('',(4.321080962981,18.771724830573));
#11506 = CARTESIAN_POINT('',(4.298347731662,18.650759677885));
#11507 = CARTESIAN_POINT('',(4.252896217707,18.35629326679));
#11508 = CARTESIAN_POINT('',(4.230400228547,18.173575684864));
#11509 = CARTESIAN_POINT('',(4.210179953342,17.971966394413));
#11510 = CARTESIAN_POINT('',(4.192332314562,17.754747956363));
#11511 = CARTESIAN_POINT('',(4.176946795491,17.524571727073));
#11512 = CARTESIAN_POINT('',(4.164113490667,17.28361258182));
#11513 = CARTESIAN_POINT('',(4.15392916364,17.033702039265));
#11514 = CARTESIAN_POINT('',(4.138836963941,16.510710598001));
#11515 = CARTESIAN_POINT('',(4.134148748419,16.238316144165));
#11516 = CARTESIAN_POINT('',(4.132554655598,15.962436632822));
#11517 = CARTESIAN_POINT('',(4.134105423443,15.686111537122));
#11518 = CARTESIAN_POINT('',(4.138787890797,15.412358213537));
#11519 = CARTESIAN_POINT('',(4.146525062599,15.144264913804));
#11520 = CARTESIAN_POINT('',(4.157175546405,14.885045834705));
#11521 = CARTESIAN_POINT('',(4.183022968962,14.406967522531));
#11522 = CARTESIAN_POINT('',(4.197901545065,14.186215471129));
#11523 = CARTESIAN_POINT('',(4.215076947603,13.977284487842));
#11524 = CARTESIAN_POINT('',(4.234478855996,13.782100258905));
#11525 = CARTESIAN_POINT('',(4.256043016904,13.603127188882));
#11526 = CARTESIAN_POINT('',(4.279699893075,13.443502222329));
#11527 = CARTESIAN_POINT('',(4.305358687929,13.307200835586));
#11528 = CARTESIAN_POINT('',(4.362675737365,13.082399939224));
#11529 = CARTESIAN_POINT('',(4.395434564826,12.995718702042));
#11530 = CARTESIAN_POINT('',(4.430010403563,12.953256543769));
#11531 = CARTESIAN_POINT('',(4.465135844494,12.96285961844));
#11532 = CARTESIAN_POINT('',(4.499569101723,13.026764503173));
#11533 = CARTESIAN_POINT('',(4.532134376507,13.141833426112));
#11534 = CARTESIAN_POINT('',(4.561810788044,13.299217995215));
#11535 = CARTESIAN_POINT('',(4.620462516399,13.714952150444));
#11536 = CARTESIAN_POINT('',(4.647697271339,13.990758666087));
#11537 = CARTESIAN_POINT('',(4.669809762507,14.296426404856));
#11538 = CARTESIAN_POINT('',(4.68708667335,14.621726922587));
#11539 = CARTESIAN_POINT('',(4.699803645545,14.959282454641));
#11540 = CARTESIAN_POINT('',(4.708190824929,15.30387512665));
#11541 = CARTESIAN_POINT('',(4.712388980385,15.651832466725));
#11542 = CARTESIAN_POINT('',(4.712388980385,16.));
#11543 = ( GEOMETRIC_REPRESENTATION_CONTEXT(2) 
PARAMETRIC_REPRESENTATION_CONTEXT() REPRESENTATION_CONTEXT('2D SPACE',''
  ) );
#11544 = PCURVE('',#11545,#11550);
#11545 = CYLINDRICAL_SURFACE('',#11546,3.);
#11546 = AXIS2_PLACEMENT_3D('',#11547,#11548,#11549);
#11547 = CARTESIAN_POINT('',(29.,0.,-392.25));
#11548 = DIRECTION('',(0.,-1.,2.22044604925E-16));
#11549 = DIRECTION('',(1.,0.,0.));
#11550 = DEFINITIONAL_REPRESENTATION('',(#11551),#11610);
#11551 = B_SPLINE_CURVE_WITH_KNOTS('',8,(#11552,#11553,#11554,#11555,
    #11556,#11557,#11558,#11559,#11560,#11561,#11562,#11563,#11564,
    #11565,#11566,#11567,#11568,#11569,#11570,#11571,#11572,#11573,
    #11574,#11575,#11576,#11577,#11578,#11579,#11580,#11581,#11582,
    #11583,#11584,#11585,#11586,#11587,#11588,#11589,#11590,#11591,
    #11592,#11593,#11594,#11595,#11596,#11597,#11598,#11599,#11600,
    #11601,#11602,#11603,#11604,#11605,#11606,#11607,#11608,#11609),
  .UNSPECIFIED.,.F.,.F.,(9,7,7,7,7,7,7,7,9),(0.,0.116945640565,
    0.22279491098,0.32860615886,0.454025537167,0.583589874433,
    0.704784861195,0.835991280863,1.),.UNSPECIFIED.);
#11552 = CARTESIAN_POINT('',(0.,11.));
#11553 = CARTESIAN_POINT('',(8.222051496404E-02,11.));
#11554 = CARTESIAN_POINT('',(0.164387591814,11.00000001404));
#11555 = CARTESIAN_POINT('',(0.246956345731,10.999999956883));
#11556 = CARTESIAN_POINT('',(0.330344681993,10.999726581967));
#11557 = CARTESIAN_POINT('',(0.414969142873,10.998635484113));
#11558 = CARTESIAN_POINT('',(0.501253943621,10.995860426846));
#11559 = CARTESIAN_POINT('',(0.589647207306,10.990129066241));
#11560 = CARTESIAN_POINT('',(0.763072126944,10.970192182871));
#11561 = CARTESIAN_POINT('',(0.849091237976,10.956673735325));
#11562 = CARTESIAN_POINT('',(0.937997401688,10.937696557207));
#11563 = CARTESIAN_POINT('',(1.029297343606,10.911598424699));
#11564 = CARTESIAN_POINT('',(1.122668814163,10.876628071134));
#11565 = CARTESIAN_POINT('',(1.217912701334,10.831193386942));
#11566 = CARTESIAN_POINT('',(1.314929294041,10.774131113216));
#11567 = CARTESIAN_POINT('',(1.512468608377,10.635758264246));
#11568 = CARTESIAN_POINT('',(1.609511932784,10.556893066635));
#11569 = CARTESIAN_POINT('',(1.704783430575,10.469214911454));
#11570 = CARTESIAN_POINT('',(1.798153939774,10.374362711989));
#11571 = CARTESIAN_POINT('',(1.889421484633,10.274694099377));
#11572 = CARTESIAN_POINT('',(1.978283146741,10.173102281095));
#11573 = CARTESIAN_POINT('',(2.064285695782,10.072691709217));
#11574 = CARTESIAN_POINT('',(2.24450684053,9.862073161252));
#11575 = CARTESIAN_POINT('',(2.339518911893,9.750899074582));
#11576 = CARTESIAN_POINT('',(2.432348918537,9.645569330605));
#11577 = CARTESIAN_POINT('',(2.523470636787,9.548617079287));
#11578 = CARTESIAN_POINT('',(2.613330003109,9.462284636499));
#11579 = CARTESIAN_POINT('',(2.702364739925,9.388530800381));
#11580 = CARTESIAN_POINT('',(2.791020091924,9.329050772694));
#11581 = CARTESIAN_POINT('',(2.971500285824,9.240040337204));
#11582 = CARTESIAN_POINT('',(3.062926018058,9.211766163669));
#11583 = CARTESIAN_POINT('',(3.154181988354,9.201969584986));
#11584 = CARTESIAN_POINT('',(3.245419885807,9.211378783097));
#11585 = CARTESIAN_POINT('',(3.336786917822,9.239811404408));
#11586 = CARTESIAN_POINT('',(3.428417048427,9.286164209468));
#11587 = CARTESIAN_POINT('',(3.520420206624,9.348505666057));
#11588 = CARTESIAN_POINT('',(3.699273484423,9.495138600126));
#11589 = CARTESIAN_POINT('',(3.786209775694,9.577864004894));
#11590 = CARTESIAN_POINT('',(3.874146988852,9.670798917583));
#11591 = CARTESIAN_POINT('',(3.963555195642,9.772141056516));
#11592 = CARTESIAN_POINT('',(4.054908521139,9.879886099192));
#11593 = CARTESIAN_POINT('',(4.148700134482,9.991753827728));
#11594 = CARTESIAN_POINT('',(4.245468266757,10.105160976553));
#11595 = CARTESIAN_POINT('',(4.454565180184,10.338733905301));
#11596 = CARTESIAN_POINT('',(4.570365776721,10.461863478415));
#11597 = CARTESIAN_POINT('',(4.690220037633,10.57825673727));
#11598 = CARTESIAN_POINT('',(4.812209562649,10.680595962141));
#11599 = CARTESIAN_POINT('',(4.93479677708,10.76470808903));
#11600 = CARTESIAN_POINT('',(5.056434448954,10.830216833055));
#11601 = CARTESIAN_POINT('',(5.175263377078,10.879233714406));
#11602 = CARTESIAN_POINT('',(5.429703552743,10.959356837272));
#11603 = CARTESIAN_POINT('',(5.563341043254,10.983317232547));
#11604 = CARTESIAN_POINT('',(5.691106601088,10.994576260483));
#11605 = CARTESIAN_POINT('',(5.814239909241,10.998917790668));
#11606 = CARTESIAN_POINT('',(5.933899796883,10.999998711387));
#11607 = CARTESIAN_POINT('',(6.05114318136,11.000000259152));
#11608 = CARTESIAN_POINT('',(6.167129462754,11.));
#11609 = CARTESIAN_POINT('',(6.28318530718,11.));
#11610 = ( GEOMETRIC_REPRESENTATION_CONTEXT(2) 
PARAMETRIC_REPRESENTATION_CONTEXT() REPRESENTATION_CONTEXT('2D SPACE',''
  ) );
#11611 = ADVANCED_FACE('',(#11612,#11660),#8693,.F.);
#11612 = FACE_BOUND('',#11613,.F.);
#11613 = EDGE_LOOP('',(#11614,#11615,#11638,#11659));
#11614 = ORIENTED_EDGE('',*,*,#9150,.F.);
#11615 = ORIENTED_EDGE('',*,*,#11616,.T.);
#11616 = EDGE_CURVE('',#9128,#11617,#11619,.T.);
#11617 = VERTEX_POINT('',#11618);
#11618 = CARTESIAN_POINT('',(47.,-30.5,-409.75));
#11619 = SURFACE_CURVE('',#11620,(#11624,#11631),.PCURVE_S1.);
#11620 = LINE('',#11621,#11622);
#11621 = CARTESIAN_POINT('',(29.,-30.5,-409.75));
#11622 = VECTOR('',#11623,1.);
#11623 = DIRECTION('',(1.,0.,-0.));
#11624 = PCURVE('',#8693,#11625);
#11625 = DEFINITIONAL_REPRESENTATION('',(#11626),#11630);
#11626 = LINE('',#11627,#11628);
#11627 = CARTESIAN_POINT('',(0.,0.));
#11628 = VECTOR('',#11629,1.);
#11629 = DIRECTION('',(1.,0.));
#11630 = ( GEOMETRIC_REPRESENTATION_CONTEXT(2) 
PARAMETRIC_REPRESENTATION_CONTEXT() REPRESENTATION_CONTEXT('2D SPACE',''
  ) );
#11631 = PCURVE('',#8841,#11632);
#11632 = DEFINITIONAL_REPRESENTATION('',(#11633),#11637);
#11633 = LINE('',#11634,#11635);
#11634 = CARTESIAN_POINT('',(-24.,0.));
#11635 = VECTOR('',#11636,1.);
#11636 = DIRECTION('',(0.,1.));
#11637 = ( GEOMETRIC_REPRESENTATION_CONTEXT(2) 
PARAMETRIC_REPRESENTATION_CONTEXT() REPRESENTATION_CONTEXT('2D SPACE',''
  ) );
#11638 = ORIENTED_EDGE('',*,*,#11639,.T.);
#11639 = EDGE_CURVE('',#11617,#8678,#11640,.T.);
#11640 = SURFACE_CURVE('',#11641,(#11645,#11652),.PCURVE_S1.);
#11641 = LINE('',#11642,#11643);
#11642 = CARTESIAN_POINT('',(47.,-30.5,-409.75));
#11643 = VECTOR('',#11644,1.);
#11644 = DIRECTION('',(-0.,1.,0.));
#11645 = PCURVE('',#8693,#11646);
#11646 = DEFINITIONAL_REPRESENTATION('',(#11647),#11651);
#11647 = LINE('',#11648,#11649);
#11648 = CARTESIAN_POINT('',(18.,0.));
#11649 = VECTOR('',#11650,1.);
#11650 = DIRECTION('',(0.,1.));
#11651 = ( GEOMETRIC_REPRESENTATION_CONTEXT(2) 
PARAMETRIC_REPRESENTATION_CONTEXT() REPRESENTATION_CONTEXT('2D SPACE',''
  ) );
#11652 = PCURVE('',#8787,#11653);
#11653 = DEFINITIONAL_REPRESENTATION('',(#11654),#11658);
#11654 = LINE('',#11655,#11656);
#11655 = CARTESIAN_POINT('',(0.,0.));
#11656 = VECTOR('',#11657,1.);
#11657 = DIRECTION('',(0.,-1.));
#11658 = ( GEOMETRIC_REPRESENTATION_CONTEXT(2) 
PARAMETRIC_REPRESENTATION_CONTEXT() REPRESENTATION_CONTEXT('2D SPACE',''
  ) );
#11659 = ORIENTED_EDGE('',*,*,#8675,.F.);
#11660 = FACE_BOUND('',#11661,.F.);
#11661 = EDGE_LOOP('',(#11662));
#11662 = ORIENTED_EDGE('',*,*,#11663,.F.);
#11663 = EDGE_CURVE('',#11664,#11664,#11666,.T.);
#11664 = VERTEX_POINT('',#11665);
#11665 = CARTESIAN_POINT('',(45.,-22.5,-409.75));
#11666 = SURFACE_CURVE('',#11667,(#11672,#11679),.PCURVE_S1.);
#11667 = CIRCLE('',#11668,4.);
#11668 = AXIS2_PLACEMENT_3D('',#11669,#11670,#11671);
#11669 = CARTESIAN_POINT('',(41.,-22.5,-409.75));
#11670 = DIRECTION('',(0.,0.,1.));
#11671 = DIRECTION('',(1.,0.,-0.));
#11672 = PCURVE('',#8693,#11673);
#11673 = DEFINITIONAL_REPRESENTATION('',(#11674),#11678);
#11674 = CIRCLE('',#11675,4.);
#11675 = AXIS2_PLACEMENT_2D('',#11676,#11677);
#11676 = CARTESIAN_POINT('',(12.,8.));
#11677 = DIRECTION('',(1.,0.));
#11678 = ( GEOMETRIC_REPRESENTATION_CONTEXT(2) 
PARAMETRIC_REPRESENTATION_CONTEXT() REPRESENTATION_CONTEXT('2D SPACE',''
  ) );
#11679 = PCURVE('',#11680,#11685);
#11680 = CYLINDRICAL_SURFACE('',#11681,4.);
#11681 = AXIS2_PLACEMENT_3D('',#11682,#11683,#11684);
#11682 = CARTESIAN_POINT('',(41.,-22.5,-414.3));
#11683 = DIRECTION('',(0.,0.,1.));
#11684 = DIRECTION('',(1.,0.,-0.));
#11685 = DEFINITIONAL_REPRESENTATION('',(#11686),#11690);
#11686 = LINE('',#11687,#11688);
#11687 = CARTESIAN_POINT('',(0.,4.55));
#11688 = VECTOR('',#11689,1.);
#11689 = DIRECTION('',(1.,0.));
#11690 = ( GEOMETRIC_REPRESENTATION_CONTEXT(2) 
PARAMETRIC_REPRESENTATION_CONTEXT() REPRESENTATION_CONTEXT('2D SPACE',''
  ) );
#11691 = ADVANCED_FACE('',(#11692),#8787,.T.);
#11692 = FACE_BOUND('',#11693,.T.);
#11693 = EDGE_LOOP('',(#11694,#11695,#11696,#11697));
#11694 = ORIENTED_EDGE('',*,*,#11639,.T.);
#11695 = ORIENTED_EDGE('',*,*,#8773,.F.);
#11696 = ORIENTED_EDGE('',*,*,#8853,.F.);
#11697 = ORIENTED_EDGE('',*,*,#11698,.T.);
#11698 = EDGE_CURVE('',#8826,#11617,#11699,.T.);
#11699 = SURFACE_CURVE('',#11700,(#11704,#11711),.PCURVE_S1.);
#11700 = LINE('',#11701,#11702);
#11701 = CARTESIAN_POINT('',(47.,-30.5,-380.75));
#11702 = VECTOR('',#11703,1.);
#11703 = DIRECTION('',(0.,0.,-1.));
#11704 = PCURVE('',#8787,#11705);
#11705 = DEFINITIONAL_REPRESENTATION('',(#11706),#11710);
#11706 = LINE('',#11707,#11708);
#11707 = CARTESIAN_POINT('',(29.,0.));
#11708 = VECTOR('',#11709,1.);
#11709 = DIRECTION('',(-1.,0.));
#11710 = ( GEOMETRIC_REPRESENTATION_CONTEXT(2) 
PARAMETRIC_REPRESENTATION_CONTEXT() REPRESENTATION_CONTEXT('2D SPACE',''
  ) );
#11711 = PCURVE('',#8841,#11712);
#11712 = DEFINITIONAL_REPRESENTATION('',(#11713),#11717);
#11713 = LINE('',#11714,#11715);
#11714 = CARTESIAN_POINT('',(5.,18.));
#11715 = VECTOR('',#11716,1.);
#11716 = DIRECTION('',(-1.,0.));
#11717 = ( GEOMETRIC_REPRESENTATION_CONTEXT(2) 
PARAMETRIC_REPRESENTATION_CONTEXT() REPRESENTATION_CONTEXT('2D SPACE',''
  ) );
#11718 = ADVANCED_FACE('',(#11719,#11749,#11784,#11819),#8841,.F.);
#11719 = FACE_BOUND('',#11720,.F.);
#11720 = EDGE_LOOP('',(#11721,#11722,#11723,#11724,#11725,#11746,#11747,
    #11748));
#11721 = ORIENTED_EDGE('',*,*,#11698,.T.);
#11722 = ORIENTED_EDGE('',*,*,#11616,.F.);
#11723 = ORIENTED_EDGE('',*,*,#9127,.T.);
#11724 = ORIENTED_EDGE('',*,*,#9078,.F.);
#11725 = ORIENTED_EDGE('',*,*,#11726,.T.);
#11726 = EDGE_CURVE('',#9056,#8952,#11727,.T.);
#11727 = SURFACE_CURVE('',#11728,(#11732,#11739),.PCURVE_S1.);
#11728 = LINE('',#11729,#11730);
#11729 = CARTESIAN_POINT('',(22.,-30.5,-404.75));
#11730 = VECTOR('',#11731,1.);
#11731 = DIRECTION('',(0.,0.,1.));
#11732 = PCURVE('',#8841,#11733);
#11733 = DEFINITIONAL_REPRESENTATION('',(#11734),#11738);
#11734 = LINE('',#11735,#11736);
#11735 = CARTESIAN_POINT('',(-19.,-7.));
#11736 = VECTOR('',#11737,1.);
#11737 = DIRECTION('',(1.,0.));
#11738 = ( GEOMETRIC_REPRESENTATION_CONTEXT(2) 
PARAMETRIC_REPRESENTATION_CONTEXT() REPRESENTATION_CONTEXT('2D SPACE',''
  ) );
#11739 = PCURVE('',#8967,#11740);
#11740 = DEFINITIONAL_REPRESENTATION('',(#11741),#11745);
#11741 = LINE('',#11742,#11743);
#11742 = CARTESIAN_POINT('',(0.,0.));
#11743 = VECTOR('',#11744,1.);
#11744 = DIRECTION('',(1.,0.));
#11745 = ( GEOMETRIC_REPRESENTATION_CONTEXT(2) 
PARAMETRIC_REPRESENTATION_CONTEXT() REPRESENTATION_CONTEXT('2D SPACE',''
  ) );
#11746 = ORIENTED_EDGE('',*,*,#8979,.T.);
#11747 = ORIENTED_EDGE('',*,*,#8880,.T.);
#11748 = ORIENTED_EDGE('',*,*,#8825,.T.);
#11749 = FACE_BOUND('',#11750,.F.);
#11750 = EDGE_LOOP('',(#11751));
#11751 = ORIENTED_EDGE('',*,*,#11752,.T.);
#11752 = EDGE_CURVE('',#11753,#11753,#11755,.T.);
#11753 = VERTEX_POINT('',#11754);
#11754 = CARTESIAN_POINT('',(35.3,-30.5,-407.25));
#11755 = SURFACE_CURVE('',#11756,(#11761,#11772),.PCURVE_S1.);
#11756 = CIRCLE('',#11757,0.8);
#11757 = AXIS2_PLACEMENT_3D('',#11758,#11759,#11760);
#11758 = CARTESIAN_POINT('',(34.5,-30.5,-407.25));
#11759 = DIRECTION('',(0.,-1.,2.22044604925E-16));
#11760 = DIRECTION('',(1.,0.,0.));
#11761 = PCURVE('',#8841,#11762);
#11762 = DEFINITIONAL_REPRESENTATION('',(#11763),#11771);
#11763 = ( BOUNDED_CURVE() B_SPLINE_CURVE(2,(#11764,#11765,#11766,#11767
    ,#11768,#11769,#11770),.UNSPECIFIED.,.T.,.F.) 
B_SPLINE_CURVE_WITH_KNOTS((1,2,2,2,2,1),(-2.094395102393,0.,
    2.094395102393,4.188790204786,6.28318530718,8.377580409573),
.UNSPECIFIED.) CURVE() GEOMETRIC_REPRESENTATION_ITEM() 
RATIONAL_B_SPLINE_CURVE((1.,0.5,1.,0.5,1.,0.5,1.)) REPRESENTATION_ITEM(
  '') );
#11764 = CARTESIAN_POINT('',(-21.5,6.3));
#11765 = CARTESIAN_POINT('',(-20.11435935394,6.3));
#11766 = CARTESIAN_POINT('',(-20.80717967697,5.1));
#11767 = CARTESIAN_POINT('',(-21.5,3.9));
#11768 = CARTESIAN_POINT('',(-22.19282032302,5.1));
#11769 = CARTESIAN_POINT('',(-22.88564064605,6.3));
#11770 = CARTESIAN_POINT('',(-21.5,6.3));
#11771 = ( GEOMETRIC_REPRESENTATION_CONTEXT(2) 
PARAMETRIC_REPRESENTATION_CONTEXT() REPRESENTATION_CONTEXT('2D SPACE',''
  ) );
#11772 = PCURVE('',#11773,#11778);
#11773 = CYLINDRICAL_SURFACE('',#11774,0.8);
#11774 = AXIS2_PLACEMENT_3D('',#11775,#11776,#11777);
#11775 = CARTESIAN_POINT('',(34.5,-25.5,-407.25));
#11776 = DIRECTION('',(0.,-1.,2.22044604925E-16));
#11777 = DIRECTION('',(1.,0.,0.));
#11778 = DEFINITIONAL_REPRESENTATION('',(#11779),#11783);
#11779 = LINE('',#11780,#11781);
#11780 = CARTESIAN_POINT('',(0.,5.));
#11781 = VECTOR('',#11782,1.);
#11782 = DIRECTION('',(1.,0.));
#11783 = ( GEOMETRIC_REPRESENTATION_CONTEXT(2) 
PARAMETRIC_REPRESENTATION_CONTEXT() REPRESENTATION_CONTEXT('2D SPACE',''
  ) );
#11784 = FACE_BOUND('',#11785,.F.);
#11785 = EDGE_LOOP('',(#11786));
#11786 = ORIENTED_EDGE('',*,*,#11787,.T.);
#11787 = EDGE_CURVE('',#11788,#11788,#11790,.T.);
#11788 = VERTEX_POINT('',#11789);
#11789 = CARTESIAN_POINT('',(35.3,-30.5,-383.25));
#11790 = SURFACE_CURVE('',#11791,(#11796,#11807),.PCURVE_S1.);
#11791 = CIRCLE('',#11792,0.8);
#11792 = AXIS2_PLACEMENT_3D('',#11793,#11794,#11795);
#11793 = CARTESIAN_POINT('',(34.5,-30.5,-383.25));
#11794 = DIRECTION('',(0.,-1.,2.22044604925E-16));
#11795 = DIRECTION('',(1.,0.,0.));
#11796 = PCURVE('',#8841,#11797);
#11797 = DEFINITIONAL_REPRESENTATION('',(#11798),#11806);
#11798 = ( BOUNDED_CURVE() B_SPLINE_CURVE(2,(#11799,#11800,#11801,#11802
    ,#11803,#11804,#11805),.UNSPECIFIED.,.T.,.F.) 
B_SPLINE_CURVE_WITH_KNOTS((1,2,2,2,2,1),(-2.094395102393,0.,
    2.094395102393,4.188790204786,6.28318530718,8.377580409573),
.UNSPECIFIED.) CURVE() GEOMETRIC_REPRESENTATION_ITEM() 
RATIONAL_B_SPLINE_CURVE((1.,0.5,1.,0.5,1.,0.5,1.)) REPRESENTATION_ITEM(
  '') );
#11799 = CARTESIAN_POINT('',(2.5,6.3));
#11800 = CARTESIAN_POINT('',(3.885640646055,6.3));
#11801 = CARTESIAN_POINT('',(3.192820323028,5.1));
#11802 = CARTESIAN_POINT('',(2.5,3.9));
#11803 = CARTESIAN_POINT('',(1.807179676972,5.1));
#11804 = CARTESIAN_POINT('',(1.114359353945,6.3));
#11805 = CARTESIAN_POINT('',(2.5,6.3));
#11806 = ( GEOMETRIC_REPRESENTATION_CONTEXT(2) 
PARAMETRIC_REPRESENTATION_CONTEXT() REPRESENTATION_CONTEXT('2D SPACE',''
  ) );
#11807 = PCURVE('',#11808,#11813);
#11808 = CYLINDRICAL_SURFACE('',#11809,0.8);
#11809 = AXIS2_PLACEMENT_3D('',#11810,#11811,#11812);
#11810 = CARTESIAN_POINT('',(34.5,-25.5,-383.25));
#11811 = DIRECTION('',(0.,-1.,2.22044604925E-16));
#11812 = DIRECTION('',(1.,0.,0.));
#11813 = DEFINITIONAL_REPRESENTATION('',(#11814),#11818);
#11814 = LINE('',#11815,#11816);
#11815 = CARTESIAN_POINT('',(0.,5.));
#11816 = VECTOR('',#11817,1.);
#11817 = DIRECTION('',(1.,0.));
#11818 = ( GEOMETRIC_REPRESENTATION_CONTEXT(2) 
PARAMETRIC_REPRESENTATION_CONTEXT() REPRESENTATION_CONTEXT('2D SPACE',''
  ) );
#11819 = FACE_BOUND('',#11820,.F.);
#11820 = EDGE_LOOP('',(#11821,#11851,#11879,#11907));
#11821 = ORIENTED_EDGE('',*,*,#11822,.F.);
#11822 = EDGE_CURVE('',#11823,#11825,#11827,.T.);
#11823 = VERTEX_POINT('',#11824);
#11824 = CARTESIAN_POINT('',(24.3,-30.5,-388.05));
#11825 = VERTEX_POINT('',#11826);
#11826 = CARTESIAN_POINT('',(44.7,-30.5,-388.05));
#11827 = SURFACE_CURVE('',#11828,(#11832,#11839),.PCURVE_S1.);
#11828 = LINE('',#11829,#11830);
#11829 = CARTESIAN_POINT('',(24.3,-30.5,-388.05));
#11830 = VECTOR('',#11831,1.);
#11831 = DIRECTION('',(1.,0.,-0.));
#11832 = PCURVE('',#8841,#11833);
#11833 = DEFINITIONAL_REPRESENTATION('',(#11834),#11838);
#11834 = LINE('',#11835,#11836);
#11835 = CARTESIAN_POINT('',(-2.3,-4.7));
#11836 = VECTOR('',#11837,1.);
#11837 = DIRECTION('',(0.,1.));
#11838 = ( GEOMETRIC_REPRESENTATION_CONTEXT(2) 
PARAMETRIC_REPRESENTATION_CONTEXT() REPRESENTATION_CONTEXT('2D SPACE',''
  ) );
#11839 = PCURVE('',#11840,#11845);
#11840 = PLANE('',#11841);
#11841 = AXIS2_PLACEMENT_3D('',#11842,#11843,#11844);
#11842 = CARTESIAN_POINT('',(24.3,-30.5,-388.05));
#11843 = DIRECTION('',(0.,0.,1.));
#11844 = DIRECTION('',(1.,0.,-0.));
#11845 = DEFINITIONAL_REPRESENTATION('',(#11846),#11850);
#11846 = LINE('',#11847,#11848);
#11847 = CARTESIAN_POINT('',(0.,0.));
#11848 = VECTOR('',#11849,1.);
#11849 = DIRECTION('',(1.,0.));
#11850 = ( GEOMETRIC_REPRESENTATION_CONTEXT(2) 
PARAMETRIC_REPRESENTATION_CONTEXT() REPRESENTATION_CONTEXT('2D SPACE',''
  ) );
#11851 = ORIENTED_EDGE('',*,*,#11852,.F.);
#11852 = EDGE_CURVE('',#11853,#11823,#11855,.T.);
#11853 = VERTEX_POINT('',#11854);
#11854 = CARTESIAN_POINT('',(24.3,-30.5,-402.45));
#11855 = SURFACE_CURVE('',#11856,(#11860,#11867),.PCURVE_S1.);
#11856 = LINE('',#11857,#11858);
#11857 = CARTESIAN_POINT('',(24.3,-30.5,-402.45));
#11858 = VECTOR('',#11859,1.);
#11859 = DIRECTION('',(0.,0.,1.));
#11860 = PCURVE('',#8841,#11861);
#11861 = DEFINITIONAL_REPRESENTATION('',(#11862),#11866);
#11862 = LINE('',#11863,#11864);
#11863 = CARTESIAN_POINT('',(-16.7,-4.7));
#11864 = VECTOR('',#11865,1.);
#11865 = DIRECTION('',(1.,0.));
#11866 = ( GEOMETRIC_REPRESENTATION_CONTEXT(2) 
PARAMETRIC_REPRESENTATION_CONTEXT() REPRESENTATION_CONTEXT('2D SPACE',''
  ) );
#11867 = PCURVE('',#11868,#11873);
#11868 = PLANE('',#11869);
#11869 = AXIS2_PLACEMENT_3D('',#11870,#11871,#11872);
#11870 = CARTESIAN_POINT('',(24.3,-30.5,-402.45));
#11871 = DIRECTION('',(1.,0.,-0.));
#11872 = DIRECTION('',(0.,0.,1.));
#11873 = DEFINITIONAL_REPRESENTATION('',(#11874),#11878);
#11874 = LINE('',#11875,#11876);
#11875 = CARTESIAN_POINT('',(0.,0.));
#11876 = VECTOR('',#11877,1.);
#11877 = DIRECTION('',(1.,0.));
#11878 = ( GEOMETRIC_REPRESENTATION_CONTEXT(2) 
PARAMETRIC_REPRESENTATION_CONTEXT() REPRESENTATION_CONTEXT('2D SPACE',''
  ) );
#11879 = ORIENTED_EDGE('',*,*,#11880,.T.);
#11880 = EDGE_CURVE('',#11853,#11881,#11883,.T.);
#11881 = VERTEX_POINT('',#11882);
#11882 = CARTESIAN_POINT('',(44.7,-30.5,-402.45));
#11883 = SURFACE_CURVE('',#11884,(#11888,#11895),.PCURVE_S1.);
#11884 = LINE('',#11885,#11886);
#11885 = CARTESIAN_POINT('',(24.3,-30.5,-402.45));
#11886 = VECTOR('',#11887,1.);
#11887 = DIRECTION('',(1.,0.,-0.));
#11888 = PCURVE('',#8841,#11889);
#11889 = DEFINITIONAL_REPRESENTATION('',(#11890),#11894);
#11890 = LINE('',#11891,#11892);
#11891 = CARTESIAN_POINT('',(-16.7,-4.7));
#11892 = VECTOR('',#11893,1.);
#11893 = DIRECTION('',(0.,1.));
#11894 = ( GEOMETRIC_REPRESENTATION_CONTEXT(2) 
PARAMETRIC_REPRESENTATION_CONTEXT() REPRESENTATION_CONTEXT('2D SPACE',''
  ) );
#11895 = PCURVE('',#11896,#11901);
#11896 = PLANE('',#11897);
#11897 = AXIS2_PLACEMENT_3D('',#11898,#11899,#11900);
#11898 = CARTESIAN_POINT('',(24.3,-30.5,-402.45));
#11899 = DIRECTION('',(0.,0.,1.));
#11900 = DIRECTION('',(1.,0.,-0.));
#11901 = DEFINITIONAL_REPRESENTATION('',(#11902),#11906);
#11902 = LINE('',#11903,#11904);
#11903 = CARTESIAN_POINT('',(0.,0.));
#11904 = VECTOR('',#11905,1.);
#11905 = DIRECTION('',(1.,0.));
#11906 = ( GEOMETRIC_REPRESENTATION_CONTEXT(2) 
PARAMETRIC_REPRESENTATION_CONTEXT() REPRESENTATION_CONTEXT('2D SPACE',''
  ) );
#11907 = ORIENTED_EDGE('',*,*,#11908,.T.);
#11908 = EDGE_CURVE('',#11881,#11825,#11909,.T.);
#11909 = SURFACE_CURVE('',#11910,(#11914,#11921),.PCURVE_S1.);
#11910 = LINE('',#11911,#11912);
#11911 = CARTESIAN_POINT('',(44.7,-30.5,-402.45));
#11912 = VECTOR('',#11913,1.);
#11913 = DIRECTION('',(0.,0.,1.));
#11914 = PCURVE('',#8841,#11915);
#11915 = DEFINITIONAL_REPRESENTATION('',(#11916),#11920);
#11916 = LINE('',#11917,#11918);
#11917 = CARTESIAN_POINT('',(-16.7,15.7));
#11918 = VECTOR('',#11919,1.);
#11919 = DIRECTION('',(1.,0.));
#11920 = ( GEOMETRIC_REPRESENTATION_CONTEXT(2) 
PARAMETRIC_REPRESENTATION_CONTEXT() REPRESENTATION_CONTEXT('2D SPACE',''
  ) );
#11921 = PCURVE('',#11922,#11927);
#11922 = PLANE('',#11923);
#11923 = AXIS2_PLACEMENT_3D('',#11924,#11925,#11926);
#11924 = CARTESIAN_POINT('',(44.7,-30.5,-402.45));
#11925 = DIRECTION('',(1.,0.,-0.));
#11926 = DIRECTION('',(0.,0.,1.));
#11927 = DEFINITIONAL_REPRESENTATION('',(#11928),#11932);
#11928 = LINE('',#11929,#11930);
#11929 = CARTESIAN_POINT('',(0.,0.));
#11930 = VECTOR('',#11931,1.);
#11931 = DIRECTION('',(1.,0.));
#11932 = ( GEOMETRIC_REPRESENTATION_CONTEXT(2) 
PARAMETRIC_REPRESENTATION_CONTEXT() REPRESENTATION_CONTEXT('2D SPACE',''
  ) );
#11933 = ADVANCED_FACE('',(#11934),#8967,.F.);
#11934 = FACE_BOUND('',#11935,.F.);
#11935 = EDGE_LOOP('',(#11936,#11937,#11938,#11939));
#11936 = ORIENTED_EDGE('',*,*,#11726,.F.);
#11937 = ORIENTED_EDGE('',*,*,#9055,.T.);
#11938 = ORIENTED_EDGE('',*,*,#9028,.T.);
#11939 = ORIENTED_EDGE('',*,*,#8951,.F.);
#11940 = ADVANCED_FACE('',(#11941,#12013,#12048,#12083),#9331,.T.);
#11941 = FACE_BOUND('',#11942,.T.);
#11942 = EDGE_LOOP('',(#11943,#11966,#11967,#11968,#11989,#11990,#11991,
    #11992));
#11943 = ORIENTED_EDGE('',*,*,#11944,.F.);
#11944 = EDGE_CURVE('',#9288,#11945,#11947,.T.);
#11945 = VERTEX_POINT('',#11946);
#11946 = CARTESIAN_POINT('',(47.,30.5,-409.75));
#11947 = SURFACE_CURVE('',#11948,(#11952,#11959),.PCURVE_S1.);
#11948 = LINE('',#11949,#11950);
#11949 = CARTESIAN_POINT('',(29.,30.5,-409.75));
#11950 = VECTOR('',#11951,1.);
#11951 = DIRECTION('',(1.,0.,-0.));
#11952 = PCURVE('',#9331,#11953);
#11953 = DEFINITIONAL_REPRESENTATION('',(#11954),#11958);
#11954 = LINE('',#11955,#11956);
#11955 = CARTESIAN_POINT('',(0.,0.));
#11956 = VECTOR('',#11957,1.);
#11957 = DIRECTION('',(0.,1.));
#11958 = ( GEOMETRIC_REPRESENTATION_CONTEXT(2) 
PARAMETRIC_REPRESENTATION_CONTEXT() REPRESENTATION_CONTEXT('2D SPACE',''
  ) );
#11959 = PCURVE('',#9303,#11960);
#11960 = DEFINITIONAL_REPRESENTATION('',(#11961),#11965);
#11961 = LINE('',#11962,#11963);
#11962 = CARTESIAN_POINT('',(0.,19.5));
#11963 = VECTOR('',#11964,1.);
#11964 = DIRECTION('',(1.,0.));
#11965 = ( GEOMETRIC_REPRESENTATION_CONTEXT(2) 
PARAMETRIC_REPRESENTATION_CONTEXT() REPRESENTATION_CONTEXT('2D SPACE',''
  ) );
#11966 = ORIENTED_EDGE('',*,*,#9315,.T.);
#11967 = ORIENTED_EDGE('',*,*,#9369,.F.);
#11968 = ORIENTED_EDGE('',*,*,#11969,.T.);
#11969 = EDGE_CURVE('',#9370,#9496,#11970,.T.);
#11970 = SURFACE_CURVE('',#11971,(#11975,#11982),.PCURVE_S1.);
#11971 = LINE('',#11972,#11973);
#11972 = CARTESIAN_POINT('',(22.,30.5,-404.75));
#11973 = VECTOR('',#11974,1.);
#11974 = DIRECTION('',(0.,0.,1.));
#11975 = PCURVE('',#9331,#11976);
#11976 = DEFINITIONAL_REPRESENTATION('',(#11977),#11981);
#11977 = LINE('',#11978,#11979);
#11978 = CARTESIAN_POINT('',(5.,-7.));
#11979 = VECTOR('',#11980,1.);
#11980 = DIRECTION('',(1.,0.));
#11981 = ( GEOMETRIC_REPRESENTATION_CONTEXT(2) 
PARAMETRIC_REPRESENTATION_CONTEXT() REPRESENTATION_CONTEXT('2D SPACE',''
  ) );
#11982 = PCURVE('',#9408,#11983);
#11983 = DEFINITIONAL_REPRESENTATION('',(#11984),#11988);
#11984 = LINE('',#11985,#11986);
#11985 = CARTESIAN_POINT('',(0.,-19.5));
#11986 = VECTOR('',#11987,1.);
#11987 = DIRECTION('',(1.,0.));
#11988 = ( GEOMETRIC_REPRESENTATION_CONTEXT(2) 
PARAMETRIC_REPRESENTATION_CONTEXT() REPRESENTATION_CONTEXT('2D SPACE',''
  ) );
#11989 = ORIENTED_EDGE('',*,*,#9495,.T.);
#11990 = ORIENTED_EDGE('',*,*,#9592,.T.);
#11991 = ORIENTED_EDGE('',*,*,#9669,.T.);
#11992 = ORIENTED_EDGE('',*,*,#11993,.T.);
#11993 = EDGE_CURVE('',#9642,#11945,#11994,.T.);
#11994 = SURFACE_CURVE('',#11995,(#11999,#12006),.PCURVE_S1.);
#11995 = LINE('',#11996,#11997);
#11996 = CARTESIAN_POINT('',(47.,30.5,-380.75));
#11997 = VECTOR('',#11998,1.);
#11998 = DIRECTION('',(0.,0.,-1.));
#11999 = PCURVE('',#9331,#12000);
#12000 = DEFINITIONAL_REPRESENTATION('',(#12001),#12005);
#12001 = LINE('',#12002,#12003);
#12002 = CARTESIAN_POINT('',(29.,18.));
#12003 = VECTOR('',#12004,1.);
#12004 = DIRECTION('',(-1.,0.));
#12005 = ( GEOMETRIC_REPRESENTATION_CONTEXT(2) 
PARAMETRIC_REPRESENTATION_CONTEXT() REPRESENTATION_CONTEXT('2D SPACE',''
  ) );
#12006 = PCURVE('',#9657,#12007);
#12007 = DEFINITIONAL_REPRESENTATION('',(#12008),#12012);
#12008 = LINE('',#12009,#12010);
#12009 = CARTESIAN_POINT('',(24.,-19.5));
#12010 = VECTOR('',#12011,1.);
#12011 = DIRECTION('',(-1.,0.));
#12012 = ( GEOMETRIC_REPRESENTATION_CONTEXT(2) 
PARAMETRIC_REPRESENTATION_CONTEXT() REPRESENTATION_CONTEXT('2D SPACE',''
  ) );
#12013 = FACE_BOUND('',#12014,.T.);
#12014 = EDGE_LOOP('',(#12015));
#12015 = ORIENTED_EDGE('',*,*,#12016,.T.);
#12016 = EDGE_CURVE('',#12017,#12017,#12019,.T.);
#12017 = VERTEX_POINT('',#12018);
#12018 = CARTESIAN_POINT('',(35.3,30.5,-407.25));
#12019 = SURFACE_CURVE('',#12020,(#12025,#12036),.PCURVE_S1.);
#12020 = CIRCLE('',#12021,0.8);
#12021 = AXIS2_PLACEMENT_3D('',#12022,#12023,#12024);
#12022 = CARTESIAN_POINT('',(34.5,30.5,-407.25));
#12023 = DIRECTION('',(0.,-1.,2.22044604925E-16));
#12024 = DIRECTION('',(1.,0.,0.));
#12025 = PCURVE('',#9331,#12026);
#12026 = DEFINITIONAL_REPRESENTATION('',(#12027),#12035);
#12027 = ( BOUNDED_CURVE() B_SPLINE_CURVE(2,(#12028,#12029,#12030,#12031
    ,#12032,#12033,#12034),.UNSPECIFIED.,.T.,.F.) 
B_SPLINE_CURVE_WITH_KNOTS((1,2,2,2,2,1),(-2.094395102393,0.,
    2.094395102393,4.188790204786,6.28318530718,8.377580409573),
.UNSPECIFIED.) CURVE() GEOMETRIC_REPRESENTATION_ITEM() 
RATIONAL_B_SPLINE_CURVE((1.,0.5,1.,0.5,1.,0.5,1.)) REPRESENTATION_ITEM(
  '') );
#12028 = CARTESIAN_POINT('',(2.5,6.3));
#12029 = CARTESIAN_POINT('',(3.885640646055,6.3));
#12030 = CARTESIAN_POINT('',(3.192820323028,5.1));
#12031 = CARTESIAN_POINT('',(2.5,3.9));
#12032 = CARTESIAN_POINT('',(1.807179676972,5.1));
#12033 = CARTESIAN_POINT('',(1.114359353945,6.3));
#12034 = CARTESIAN_POINT('',(2.5,6.3));
#12035 = ( GEOMETRIC_REPRESENTATION_CONTEXT(2) 
PARAMETRIC_REPRESENTATION_CONTEXT() REPRESENTATION_CONTEXT('2D SPACE',''
  ) );
#12036 = PCURVE('',#12037,#12042);
#12037 = CYLINDRICAL_SURFACE('',#12038,0.8);
#12038 = AXIS2_PLACEMENT_3D('',#12039,#12040,#12041);
#12039 = CARTESIAN_POINT('',(34.5,30.5,-407.25));
#12040 = DIRECTION('',(0.,-1.,2.22044604925E-16));
#12041 = DIRECTION('',(1.,0.,0.));
#12042 = DEFINITIONAL_REPRESENTATION('',(#12043),#12047);
#12043 = LINE('',#12044,#12045);
#12044 = CARTESIAN_POINT('',(0.,0.));
#12045 = VECTOR('',#12046,1.);
#12046 = DIRECTION('',(1.,0.));
#12047 = ( GEOMETRIC_REPRESENTATION_CONTEXT(2) 
PARAMETRIC_REPRESENTATION_CONTEXT() REPRESENTATION_CONTEXT('2D SPACE',''
  ) );
#12048 = FACE_BOUND('',#12049,.T.);
#12049 = EDGE_LOOP('',(#12050));
#12050 = ORIENTED_EDGE('',*,*,#12051,.T.);
#12051 = EDGE_CURVE('',#12052,#12052,#12054,.T.);
#12052 = VERTEX_POINT('',#12053);
#12053 = CARTESIAN_POINT('',(35.3,30.5,-383.25));
#12054 = SURFACE_CURVE('',#12055,(#12060,#12071),.PCURVE_S1.);
#12055 = CIRCLE('',#12056,0.8);
#12056 = AXIS2_PLACEMENT_3D('',#12057,#12058,#12059);
#12057 = CARTESIAN_POINT('',(34.5,30.5,-383.25));
#12058 = DIRECTION('',(0.,-1.,2.22044604925E-16));
#12059 = DIRECTION('',(1.,0.,0.));
#12060 = PCURVE('',#9331,#12061);
#12061 = DEFINITIONAL_REPRESENTATION('',(#12062),#12070);
#12062 = ( BOUNDED_CURVE() B_SPLINE_CURVE(2,(#12063,#12064,#12065,#12066
    ,#12067,#12068,#12069),.UNSPECIFIED.,.T.,.F.) 
B_SPLINE_CURVE_WITH_KNOTS((1,2,2,2,2,1),(-2.094395102393,0.,
    2.094395102393,4.188790204786,6.28318530718,8.377580409573),
.UNSPECIFIED.) CURVE() GEOMETRIC_REPRESENTATION_ITEM() 
RATIONAL_B_SPLINE_CURVE((1.,0.5,1.,0.5,1.,0.5,1.)) REPRESENTATION_ITEM(
  '') );
#12063 = CARTESIAN_POINT('',(26.5,6.3));
#12064 = CARTESIAN_POINT('',(27.885640646055,6.3));
#12065 = CARTESIAN_POINT('',(27.192820323028,5.1));
#12066 = CARTESIAN_POINT('',(26.5,3.9));
#12067 = CARTESIAN_POINT('',(25.807179676972,5.1));
#12068 = CARTESIAN_POINT('',(25.114359353945,6.3));
#12069 = CARTESIAN_POINT('',(26.5,6.3));
#12070 = ( GEOMETRIC_REPRESENTATION_CONTEXT(2) 
PARAMETRIC_REPRESENTATION_CONTEXT() REPRESENTATION_CONTEXT('2D SPACE',''
  ) );
#12071 = PCURVE('',#12072,#12077);
#12072 = CYLINDRICAL_SURFACE('',#12073,0.8);
#12073 = AXIS2_PLACEMENT_3D('',#12074,#12075,#12076);
#12074 = CARTESIAN_POINT('',(34.5,30.5,-383.25));
#12075 = DIRECTION('',(0.,-1.,2.22044604925E-16));
#12076 = DIRECTION('',(1.,0.,0.));
#12077 = DEFINITIONAL_REPRESENTATION('',(#12078),#12082);
#12078 = LINE('',#12079,#12080);
#12079 = CARTESIAN_POINT('',(0.,0.));
#12080 = VECTOR('',#12081,1.);
#12081 = DIRECTION('',(1.,0.));
#12082 = ( GEOMETRIC_REPRESENTATION_CONTEXT(2) 
PARAMETRIC_REPRESENTATION_CONTEXT() REPRESENTATION_CONTEXT('2D SPACE',''
  ) );
#12083 = FACE_BOUND('',#12084,.T.);
#12084 = EDGE_LOOP('',(#12085,#12115,#12143,#12171));
#12085 = ORIENTED_EDGE('',*,*,#12086,.F.);
#12086 = EDGE_CURVE('',#12087,#12089,#12091,.T.);
#12087 = VERTEX_POINT('',#12088);
#12088 = CARTESIAN_POINT('',(24.3,30.5,-388.05));
#12089 = VERTEX_POINT('',#12090);
#12090 = CARTESIAN_POINT('',(44.7,30.5,-388.05));
#12091 = SURFACE_CURVE('',#12092,(#12096,#12103),.PCURVE_S1.);
#12092 = LINE('',#12093,#12094);
#12093 = CARTESIAN_POINT('',(24.3,30.5,-388.05));
#12094 = VECTOR('',#12095,1.);
#12095 = DIRECTION('',(1.,0.,-0.));
#12096 = PCURVE('',#9331,#12097);
#12097 = DEFINITIONAL_REPRESENTATION('',(#12098),#12102);
#12098 = LINE('',#12099,#12100);
#12099 = CARTESIAN_POINT('',(21.7,-4.7));
#12100 = VECTOR('',#12101,1.);
#12101 = DIRECTION('',(0.,1.));
#12102 = ( GEOMETRIC_REPRESENTATION_CONTEXT(2) 
PARAMETRIC_REPRESENTATION_CONTEXT() REPRESENTATION_CONTEXT('2D SPACE',''
  ) );
#12103 = PCURVE('',#12104,#12109);
#12104 = PLANE('',#12105);
#12105 = AXIS2_PLACEMENT_3D('',#12106,#12107,#12108);
#12106 = CARTESIAN_POINT('',(24.3,17.,-388.05));
#12107 = DIRECTION('',(0.,0.,1.));
#12108 = DIRECTION('',(1.,0.,-0.));
#12109 = DEFINITIONAL_REPRESENTATION('',(#12110),#12114);
#12110 = LINE('',#12111,#12112);
#12111 = CARTESIAN_POINT('',(0.,13.5));
#12112 = VECTOR('',#12113,1.);
#12113 = DIRECTION('',(1.,0.));
#12114 = ( GEOMETRIC_REPRESENTATION_CONTEXT(2) 
PARAMETRIC_REPRESENTATION_CONTEXT() REPRESENTATION_CONTEXT('2D SPACE',''
  ) );
#12115 = ORIENTED_EDGE('',*,*,#12116,.F.);
#12116 = EDGE_CURVE('',#12117,#12087,#12119,.T.);
#12117 = VERTEX_POINT('',#12118);
#12118 = CARTESIAN_POINT('',(24.3,30.5,-402.45));
#12119 = SURFACE_CURVE('',#12120,(#12124,#12131),.PCURVE_S1.);
#12120 = LINE('',#12121,#12122);
#12121 = CARTESIAN_POINT('',(24.3,30.5,-402.45));
#12122 = VECTOR('',#12123,1.);
#12123 = DIRECTION('',(0.,0.,1.));
#12124 = PCURVE('',#9331,#12125);
#12125 = DEFINITIONAL_REPRESENTATION('',(#12126),#12130);
#12126 = LINE('',#12127,#12128);
#12127 = CARTESIAN_POINT('',(7.3,-4.7));
#12128 = VECTOR('',#12129,1.);
#12129 = DIRECTION('',(1.,0.));
#12130 = ( GEOMETRIC_REPRESENTATION_CONTEXT(2) 
PARAMETRIC_REPRESENTATION_CONTEXT() REPRESENTATION_CONTEXT('2D SPACE',''
  ) );
#12131 = PCURVE('',#12132,#12137);
#12132 = PLANE('',#12133);
#12133 = AXIS2_PLACEMENT_3D('',#12134,#12135,#12136);
#12134 = CARTESIAN_POINT('',(24.3,17.,-402.45));
#12135 = DIRECTION('',(1.,0.,-0.));
#12136 = DIRECTION('',(0.,0.,1.));
#12137 = DEFINITIONAL_REPRESENTATION('',(#12138),#12142);
#12138 = LINE('',#12139,#12140);
#12139 = CARTESIAN_POINT('',(0.,-13.5));
#12140 = VECTOR('',#12141,1.);
#12141 = DIRECTION('',(1.,0.));
#12142 = ( GEOMETRIC_REPRESENTATION_CONTEXT(2) 
PARAMETRIC_REPRESENTATION_CONTEXT() REPRESENTATION_CONTEXT('2D SPACE',''
  ) );
#12143 = ORIENTED_EDGE('',*,*,#12144,.T.);
#12144 = EDGE_CURVE('',#12117,#12145,#12147,.T.);
#12145 = VERTEX_POINT('',#12146);
#12146 = CARTESIAN_POINT('',(44.7,30.5,-402.45));
#12147 = SURFACE_CURVE('',#12148,(#12152,#12159),.PCURVE_S1.);
#12148 = LINE('',#12149,#12150);
#12149 = CARTESIAN_POINT('',(24.3,30.5,-402.45));
#12150 = VECTOR('',#12151,1.);
#12151 = DIRECTION('',(1.,0.,-0.));
#12152 = PCURVE('',#9331,#12153);
#12153 = DEFINITIONAL_REPRESENTATION('',(#12154),#12158);
#12154 = LINE('',#12155,#12156);
#12155 = CARTESIAN_POINT('',(7.3,-4.7));
#12156 = VECTOR('',#12157,1.);
#12157 = DIRECTION('',(0.,1.));
#12158 = ( GEOMETRIC_REPRESENTATION_CONTEXT(2) 
PARAMETRIC_REPRESENTATION_CONTEXT() REPRESENTATION_CONTEXT('2D SPACE',''
  ) );
#12159 = PCURVE('',#12160,#12165);
#12160 = PLANE('',#12161);
#12161 = AXIS2_PLACEMENT_3D('',#12162,#12163,#12164);
#12162 = CARTESIAN_POINT('',(24.3,17.,-402.45));
#12163 = DIRECTION('',(0.,0.,1.));
#12164 = DIRECTION('',(1.,0.,-0.));
#12165 = DEFINITIONAL_REPRESENTATION('',(#12166),#12170);
#12166 = LINE('',#12167,#12168);
#12167 = CARTESIAN_POINT('',(0.,13.5));
#12168 = VECTOR('',#12169,1.);
#12169 = DIRECTION('',(1.,0.));
#12170 = ( GEOMETRIC_REPRESENTATION_CONTEXT(2) 
PARAMETRIC_REPRESENTATION_CONTEXT() REPRESENTATION_CONTEXT('2D SPACE',''
  ) );
#12171 = ORIENTED_EDGE('',*,*,#12172,.T.);
#12172 = EDGE_CURVE('',#12145,#12089,#12173,.T.);
#12173 = SURFACE_CURVE('',#12174,(#12178,#12185),.PCURVE_S1.);
#12174 = LINE('',#12175,#12176);
#12175 = CARTESIAN_POINT('',(44.7,30.5,-402.45));
#12176 = VECTOR('',#12177,1.);
#12177 = DIRECTION('',(0.,0.,1.));
#12178 = PCURVE('',#9331,#12179);
#12179 = DEFINITIONAL_REPRESENTATION('',(#12180),#12184);
#12180 = LINE('',#12181,#12182);
#12181 = CARTESIAN_POINT('',(7.3,15.7));
#12182 = VECTOR('',#12183,1.);
#12183 = DIRECTION('',(1.,0.));
#12184 = ( GEOMETRIC_REPRESENTATION_CONTEXT(2) 
PARAMETRIC_REPRESENTATION_CONTEXT() REPRESENTATION_CONTEXT('2D SPACE',''
  ) );
#12185 = PCURVE('',#12186,#12191);
#12186 = PLANE('',#12187);
#12187 = AXIS2_PLACEMENT_3D('',#12188,#12189,#12190);
#12188 = CARTESIAN_POINT('',(44.7,17.,-402.45));
#12189 = DIRECTION('',(1.,0.,-0.));
#12190 = DIRECTION('',(0.,0.,1.));
#12191 = DEFINITIONAL_REPRESENTATION('',(#12192),#12196);
#12192 = LINE('',#12193,#12194);
#12193 = CARTESIAN_POINT('',(0.,-13.5));
#12194 = VECTOR('',#12195,1.);
#12195 = DIRECTION('',(1.,0.));
#12196 = ( GEOMETRIC_REPRESENTATION_CONTEXT(2) 
PARAMETRIC_REPRESENTATION_CONTEXT() REPRESENTATION_CONTEXT('2D SPACE',''
  ) );
#12197 = ADVANCED_FACE('',(#12198,#12224),#9303,.F.);
#12198 = FACE_BOUND('',#12199,.F.);
#12199 = EDGE_LOOP('',(#12200,#12201,#12202,#12223));
#12200 = ORIENTED_EDGE('',*,*,#9287,.F.);
#12201 = ORIENTED_EDGE('',*,*,#9716,.T.);
#12202 = ORIENTED_EDGE('',*,*,#12203,.T.);
#12203 = EDGE_CURVE('',#9694,#11945,#12204,.T.);
#12204 = SURFACE_CURVE('',#12205,(#12209,#12216),.PCURVE_S1.);
#12205 = LINE('',#12206,#12207);
#12206 = CARTESIAN_POINT('',(47.,11.,-409.75));
#12207 = VECTOR('',#12208,1.);
#12208 = DIRECTION('',(-0.,1.,0.));
#12209 = PCURVE('',#9303,#12210);
#12210 = DEFINITIONAL_REPRESENTATION('',(#12211),#12215);
#12211 = LINE('',#12212,#12213);
#12212 = CARTESIAN_POINT('',(18.,0.));
#12213 = VECTOR('',#12214,1.);
#12214 = DIRECTION('',(0.,1.));
#12215 = ( GEOMETRIC_REPRESENTATION_CONTEXT(2) 
PARAMETRIC_REPRESENTATION_CONTEXT() REPRESENTATION_CONTEXT('2D SPACE',''
  ) );
#12216 = PCURVE('',#9657,#12217);
#12217 = DEFINITIONAL_REPRESENTATION('',(#12218),#12222);
#12218 = LINE('',#12219,#12220);
#12219 = CARTESIAN_POINT('',(-5.,0.));
#12220 = VECTOR('',#12221,1.);
#12221 = DIRECTION('',(0.,-1.));
#12222 = ( GEOMETRIC_REPRESENTATION_CONTEXT(2) 
PARAMETRIC_REPRESENTATION_CONTEXT() REPRESENTATION_CONTEXT('2D SPACE',''
  ) );
#12223 = ORIENTED_EDGE('',*,*,#11944,.F.);
#12224 = FACE_BOUND('',#12225,.F.);
#12225 = EDGE_LOOP('',(#12226));
#12226 = ORIENTED_EDGE('',*,*,#12227,.F.);
#12227 = EDGE_CURVE('',#12228,#12228,#12230,.T.);
#12228 = VERTEX_POINT('',#12229);
#12229 = CARTESIAN_POINT('',(45.,22.5,-409.75));
#12230 = SURFACE_CURVE('',#12231,(#12236,#12243),.PCURVE_S1.);
#12231 = CIRCLE('',#12232,4.);
#12232 = AXIS2_PLACEMENT_3D('',#12233,#12234,#12235);
#12233 = CARTESIAN_POINT('',(41.,22.5,-409.75));
#12234 = DIRECTION('',(0.,0.,1.));
#12235 = DIRECTION('',(1.,0.,-0.));
#12236 = PCURVE('',#9303,#12237);
#12237 = DEFINITIONAL_REPRESENTATION('',(#12238),#12242);
#12238 = CIRCLE('',#12239,4.);
#12239 = AXIS2_PLACEMENT_2D('',#12240,#12241);
#12240 = CARTESIAN_POINT('',(12.,11.5));
#12241 = DIRECTION('',(1.,0.));
#12242 = ( GEOMETRIC_REPRESENTATION_CONTEXT(2) 
PARAMETRIC_REPRESENTATION_CONTEXT() REPRESENTATION_CONTEXT('2D SPACE',''
  ) );
#12243 = PCURVE('',#12244,#12249);
#12244 = CYLINDRICAL_SURFACE('',#12245,4.);
#12245 = AXIS2_PLACEMENT_3D('',#12246,#12247,#12248);
#12246 = CARTESIAN_POINT('',(41.,22.5,-414.3));
#12247 = DIRECTION('',(0.,0.,1.));
#12248 = DIRECTION('',(1.,0.,-0.));
#12249 = DEFINITIONAL_REPRESENTATION('',(#12250),#12254);
#12250 = LINE('',#12251,#12252);
#12251 = CARTESIAN_POINT('',(0.,4.55));
#12252 = VECTOR('',#12253,1.);
#12253 = DIRECTION('',(1.,0.));
#12254 = ( GEOMETRIC_REPRESENTATION_CONTEXT(2) 
PARAMETRIC_REPRESENTATION_CONTEXT() REPRESENTATION_CONTEXT('2D SPACE',''
  ) );
#12255 = ADVANCED_FACE('',(#12256),#9408,.F.);
#12256 = FACE_BOUND('',#12257,.F.);
#12257 = EDGE_LOOP('',(#12258,#12259,#12260,#12261));
#12258 = ORIENTED_EDGE('',*,*,#9447,.F.);
#12259 = ORIENTED_EDGE('',*,*,#9392,.T.);
#12260 = ORIENTED_EDGE('',*,*,#11969,.T.);
#12261 = ORIENTED_EDGE('',*,*,#9520,.F.);
#12262 = ADVANCED_FACE('',(#12263),#9657,.T.);
#12263 = FACE_BOUND('',#12264,.T.);
#12264 = EDGE_LOOP('',(#12265,#12266,#12267,#12268));
#12265 = ORIENTED_EDGE('',*,*,#9693,.F.);
#12266 = ORIENTED_EDGE('',*,*,#12203,.T.);
#12267 = ORIENTED_EDGE('',*,*,#11993,.F.);
#12268 = ORIENTED_EDGE('',*,*,#9641,.F.);
#12269 = ADVANCED_FACE('',(#12270),#9907,.F.);
#12270 = FACE_BOUND('',#12271,.F.);
#12271 = EDGE_LOOP('',(#12272,#12293));
#12272 = ORIENTED_EDGE('',*,*,#12273,.F.);
#12273 = EDGE_CURVE('',#9855,#9891,#12274,.T.);
#12274 = SURFACE_CURVE('',#12275,(#12279,#12286),.PCURVE_S1.);
#12275 = LINE('',#12276,#12277);
#12276 = CARTESIAN_POINT('',(-32.5,32.5,-359.25));
#12277 = VECTOR('',#12278,1.);
#12278 = DIRECTION('',(0.,-8.881784197001E-15,-1.));
#12279 = PCURVE('',#9907,#12280);
#12280 = DEFINITIONAL_REPRESENTATION('',(#12281),#12285);
#12281 = LINE('',#12282,#12283);
#12282 = CARTESIAN_POINT('',(0.,4.));
#12283 = VECTOR('',#12284,1.);
#12284 = DIRECTION('',(0.,-1.));
#12285 = ( GEOMETRIC_REPRESENTATION_CONTEXT(2) 
PARAMETRIC_REPRESENTATION_CONTEXT() REPRESENTATION_CONTEXT('2D SPACE',''
  ) );
#12286 = PCURVE('',#10121,#12287);
#12287 = DEFINITIONAL_REPRESENTATION('',(#12288),#12292);
#12288 = LINE('',#12289,#12290);
#12289 = CARTESIAN_POINT('',(-4.,7.105427357601E-14));
#12290 = VECTOR('',#12291,1.);
#12291 = DIRECTION('',(1.,-8.881784197001E-15));
#12292 = ( GEOMETRIC_REPRESENTATION_CONTEXT(2) 
PARAMETRIC_REPRESENTATION_CONTEXT() REPRESENTATION_CONTEXT('2D SPACE',''
  ) );
#12293 = ORIENTED_EDGE('',*,*,#9890,.T.);
#12294 = ADVANCED_FACE('',(#12295),#9818,.T.);
#12295 = FACE_BOUND('',#12296,.T.);
#12296 = EDGE_LOOP('',(#12297,#12298));
#12297 = ORIENTED_EDGE('',*,*,#10743,.F.);
#12298 = ORIENTED_EDGE('',*,*,#9803,.T.);
#12299 = ADVANCED_FACE('',(#12300),#10032,.T.);
#12300 = FACE_BOUND('',#12301,.T.);
#12301 = EDGE_LOOP('',(#12302,#12303));
#12302 = ORIENTED_EDGE('',*,*,#10013,.T.);
#12303 = ORIENTED_EDGE('',*,*,#12304,.T.);
#12304 = EDGE_CURVE('',#10016,#10014,#12305,.T.);
#12305 = SURFACE_CURVE('',#12306,(#12310,#12317),.PCURVE_S1.);
#12306 = LINE('',#12307,#12308);
#12307 = CARTESIAN_POINT('',(14.,28.5,-363.25));
#12308 = VECTOR('',#12309,1.);
#12309 = DIRECTION('',(0.,1.,0.));
#12310 = PCURVE('',#10032,#12311);
#12311 = DEFINITIONAL_REPRESENTATION('',(#12312),#12316);
#12312 = LINE('',#12313,#12314);
#12313 = CARTESIAN_POINT('',(-5.684341886081E-14,-4.));
#12314 = VECTOR('',#12315,1.);
#12315 = DIRECTION('',(0.,1.));
#12316 = ( GEOMETRIC_REPRESENTATION_CONTEXT(2) 
PARAMETRIC_REPRESENTATION_CONTEXT() REPRESENTATION_CONTEXT('2D SPACE',''
  ) );
#12317 = PCURVE('',#12318,#12323);
#12318 = PLANE('',#12319);
#12319 = AXIS2_PLACEMENT_3D('',#12320,#12321,#12322);
#12320 = CARTESIAN_POINT('',(14.,32.5,-363.25));
#12321 = DIRECTION('',(0.,0.,1.));
#12322 = DIRECTION('',(1.,0.,-0.));
#12323 = DEFINITIONAL_REPRESENTATION('',(#12324),#12328);
#12324 = LINE('',#12325,#12326);
#12325 = CARTESIAN_POINT('',(-1.24344978758E-14,-4.));
#12326 = VECTOR('',#12327,1.);
#12327 = DIRECTION('',(0.,1.));
#12328 = ( GEOMETRIC_REPRESENTATION_CONTEXT(2) 
PARAMETRIC_REPRESENTATION_CONTEXT() REPRESENTATION_CONTEXT('2D SPACE',''
  ) );
#12329 = ADVANCED_FACE('',(#12330),#10067,.T.);
#12330 = FACE_BOUND('',#12331,.T.);
#12331 = EDGE_LOOP('',(#12332,#12375,#12398,#12420,#12421,#12422,#12444,
    #12445,#12481));
#12332 = ORIENTED_EDGE('',*,*,#12333,.F.);
#12333 = EDGE_CURVE('',#12334,#12336,#12338,.T.);
#12334 = VERTEX_POINT('',#12335);
#12335 = CARTESIAN_POINT('',(18.,32.5,-410.3));
#12336 = VERTEX_POINT('',#12337);
#12337 = CARTESIAN_POINT('',(14.,28.5,-414.3));
#12338 = SURFACE_CURVE('',#12339,(#12344,#12357),.PCURVE_S1.);
#12339 = ELLIPSE('',#12340,5.656854249492,4.);
#12340 = AXIS2_PLACEMENT_3D('',#12341,#12342,#12343);
#12341 = CARTESIAN_POINT('',(14.,32.5,-414.3));
#12342 = DIRECTION('',(0.707106781187,0.,-0.707106781187));
#12343 = DIRECTION('',(0.707106781187,0.,0.707106781187));
#12344 = PCURVE('',#10067,#12345);
#12345 = DEFINITIONAL_REPRESENTATION('',(#12346),#12356);
#12346 = B_SPLINE_CURVE_WITH_KNOTS('',8,(#12347,#12348,#12349,#12350,
    #12351,#12352,#12353,#12354,#12355),.UNSPECIFIED.,.F.,.F.,(9,9),(0.,
    1.57079632287),.PIECEWISE_BEZIER_KNOTS.);
#12347 = CARTESIAN_POINT('',(6.28318530718,4.));
#12348 = CARTESIAN_POINT('',(6.086835766821,4.));
#12349 = CARTESIAN_POINT('',(5.890486226462,3.823756896931));
#12350 = CARTESIAN_POINT('',(5.694136686106,3.471272188012));
#12351 = CARTESIAN_POINT('',(5.497787145743,2.957035007424));
#12352 = CARTESIAN_POINT('',(5.301437605388,2.310053052937));
#12353 = CARTESIAN_POINT('',(5.105088065027,1.570796524353));
#12354 = CARTESIAN_POINT('',(4.908738524669,0.785398177136));
#12355 = CARTESIAN_POINT('',(4.71238898431,1.570094809722E-08));
#12356 = ( GEOMETRIC_REPRESENTATION_CONTEXT(2) 
PARAMETRIC_REPRESENTATION_CONTEXT() REPRESENTATION_CONTEXT('2D SPACE',''
  ) );
#12357 = PCURVE('',#12358,#12363);
#12358 = CYLINDRICAL_SURFACE('',#12359,4.);
#12359 = AXIS2_PLACEMENT_3D('',#12360,#12361,#12362);
#12360 = CARTESIAN_POINT('',(14.,32.5,-414.3));
#12361 = DIRECTION('',(1.,0.,2.22044604925E-16));
#12362 = DIRECTION('',(2.22044604925E-16,0.,-1.));
#12363 = DEFINITIONAL_REPRESENTATION('',(#12364),#12374);
#12364 = B_SPLINE_CURVE_WITH_KNOTS('',8,(#12365,#12366,#12367,#12368,
    #12369,#12370,#12371,#12372,#12373),.UNSPECIFIED.,.F.,.F.,(9,9),(0.,
    1.57079632287),.PIECEWISE_BEZIER_KNOTS.);
#12365 = CARTESIAN_POINT('',(3.14159265359,4.));
#12366 = CARTESIAN_POINT('',(3.337942193948,4.));
#12367 = CARTESIAN_POINT('',(3.534291734307,3.823756896936));
#12368 = CARTESIAN_POINT('',(3.730641274651,3.471272187991));
#12369 = CARTESIAN_POINT('',(3.926990815029,2.957035007452));
#12370 = CARTESIAN_POINT('',(4.123340355373,2.310053052921));
#12371 = CARTESIAN_POINT('',(4.319689895742,1.570796524357));
#12372 = CARTESIAN_POINT('',(4.516039436101,0.785398177136));
#12373 = CARTESIAN_POINT('',(4.712388976459,1.570099072978E-08));
#12374 = ( GEOMETRIC_REPRESENTATION_CONTEXT(2) 
PARAMETRIC_REPRESENTATION_CONTEXT() REPRESENTATION_CONTEXT('2D SPACE',''
  ) );
#12375 = ORIENTED_EDGE('',*,*,#12376,.T.);
#12376 = EDGE_CURVE('',#12334,#12377,#12379,.T.);
#12377 = VERTEX_POINT('',#12378);
#12378 = CARTESIAN_POINT('',(18.,32.5,-363.25));
#12379 = SEAM_CURVE('',#12380,(#12384,#12391),.PCURVE_S1.);
#12380 = LINE('',#12381,#12382);
#12381 = CARTESIAN_POINT('',(18.,32.5,-414.3));
#12382 = VECTOR('',#12383,1.);
#12383 = DIRECTION('',(0.,0.,1.));
#12384 = PCURVE('',#10067,#12385);
#12385 = DEFINITIONAL_REPRESENTATION('',(#12386),#12390);
#12386 = LINE('',#12387,#12388);
#12387 = CARTESIAN_POINT('',(0.,-0.));
#12388 = VECTOR('',#12389,1.);
#12389 = DIRECTION('',(0.,1.));
#12390 = ( GEOMETRIC_REPRESENTATION_CONTEXT(2) 
PARAMETRIC_REPRESENTATION_CONTEXT() REPRESENTATION_CONTEXT('2D SPACE',''
  ) );
#12391 = PCURVE('',#10067,#12392);
#12392 = DEFINITIONAL_REPRESENTATION('',(#12393),#12397);
#12393 = LINE('',#12394,#12395);
#12394 = CARTESIAN_POINT('',(6.28318530718,-0.));
#12395 = VECTOR('',#12396,1.);
#12396 = DIRECTION('',(0.,1.));
#12397 = ( GEOMETRIC_REPRESENTATION_CONTEXT(2) 
PARAMETRIC_REPRESENTATION_CONTEXT() REPRESENTATION_CONTEXT('2D SPACE',''
  ) );
#12398 = ORIENTED_EDGE('',*,*,#12399,.F.);
#12399 = EDGE_CURVE('',#10016,#12377,#12400,.T.);
#12400 = SURFACE_CURVE('',#12401,(#12406,#12413),.PCURVE_S1.);
#12401 = CIRCLE('',#12402,4.);
#12402 = AXIS2_PLACEMENT_3D('',#12403,#12404,#12405);
#12403 = CARTESIAN_POINT('',(14.,32.5,-363.25));
#12404 = DIRECTION('',(0.,0.,1.));
#12405 = DIRECTION('',(1.,0.,-0.));
#12406 = PCURVE('',#10067,#12407);
#12407 = DEFINITIONAL_REPRESENTATION('',(#12408),#12412);
#12408 = LINE('',#12409,#12410);
#12409 = CARTESIAN_POINT('',(0.,51.05));
#12410 = VECTOR('',#12411,1.);
#12411 = DIRECTION('',(1.,0.));
#12412 = ( GEOMETRIC_REPRESENTATION_CONTEXT(2) 
PARAMETRIC_REPRESENTATION_CONTEXT() REPRESENTATION_CONTEXT('2D SPACE',''
  ) );
#12413 = PCURVE('',#12318,#12414);
#12414 = DEFINITIONAL_REPRESENTATION('',(#12415),#12419);
#12415 = CIRCLE('',#12416,4.);
#12416 = AXIS2_PLACEMENT_2D('',#12417,#12418);
#12417 = CARTESIAN_POINT('',(0.,0.));
#12418 = DIRECTION('',(1.,0.));
#12419 = ( GEOMETRIC_REPRESENTATION_CONTEXT(2) 
PARAMETRIC_REPRESENTATION_CONTEXT() REPRESENTATION_CONTEXT('2D SPACE',''
  ) );
#12420 = ORIENTED_EDGE('',*,*,#10136,.F.);
#12421 = ORIENTED_EDGE('',*,*,#10044,.F.);
#12422 = ORIENTED_EDGE('',*,*,#12423,.F.);
#12423 = EDGE_CURVE('',#12377,#10014,#12424,.T.);
#12424 = SURFACE_CURVE('',#12425,(#12430,#12437),.PCURVE_S1.);
#12425 = CIRCLE('',#12426,4.);
#12426 = AXIS2_PLACEMENT_3D('',#12427,#12428,#12429);
#12427 = CARTESIAN_POINT('',(14.,32.5,-363.25));
#12428 = DIRECTION('',(0.,0.,1.));
#12429 = DIRECTION('',(1.,0.,-0.));
#12430 = PCURVE('',#10067,#12431);
#12431 = DEFINITIONAL_REPRESENTATION('',(#12432),#12436);
#12432 = LINE('',#12433,#12434);
#12433 = CARTESIAN_POINT('',(0.,51.05));
#12434 = VECTOR('',#12435,1.);
#12435 = DIRECTION('',(1.,0.));
#12436 = ( GEOMETRIC_REPRESENTATION_CONTEXT(2) 
PARAMETRIC_REPRESENTATION_CONTEXT() REPRESENTATION_CONTEXT('2D SPACE',''
  ) );
#12437 = PCURVE('',#12318,#12438);
#12438 = DEFINITIONAL_REPRESENTATION('',(#12439),#12443);
#12439 = CIRCLE('',#12440,4.);
#12440 = AXIS2_PLACEMENT_2D('',#12441,#12442);
#12441 = CARTESIAN_POINT('',(0.,0.));
#12442 = DIRECTION('',(1.,0.));
#12443 = ( GEOMETRIC_REPRESENTATION_CONTEXT(2) 
PARAMETRIC_REPRESENTATION_CONTEXT() REPRESENTATION_CONTEXT('2D SPACE',''
  ) );
#12444 = ORIENTED_EDGE('',*,*,#12376,.F.);
#12445 = ORIENTED_EDGE('',*,*,#12446,.F.);
#12446 = EDGE_CURVE('',#12447,#12334,#12449,.T.);
#12447 = VERTEX_POINT('',#12448);
#12448 = CARTESIAN_POINT('',(14.,36.5,-414.3));
#12449 = SURFACE_CURVE('',#12450,(#12455,#12468),.PCURVE_S1.);
#12450 = ELLIPSE('',#12451,5.656854249492,4.);
#12451 = AXIS2_PLACEMENT_3D('',#12452,#12453,#12454);
#12452 = CARTESIAN_POINT('',(14.,32.5,-414.3));
#12453 = DIRECTION('',(0.707106781187,0.,-0.707106781187));
#12454 = DIRECTION('',(0.707106781187,0.,0.707106781187));
#12455 = PCURVE('',#10067,#12456);
#12456 = DEFINITIONAL_REPRESENTATION('',(#12457),#12467);
#12457 = B_SPLINE_CURVE_WITH_KNOTS('',8,(#12458,#12459,#12460,#12461,
    #12462,#12463,#12464,#12465,#12466),.UNSPECIFIED.,.F.,.F.,(9,9),(
    4.712388376459,6.28318530718),.PIECEWISE_BEZIER_KNOTS.);
#12458 = CARTESIAN_POINT('',(1.57079693072,-2.415701032987E-06));
#12459 = CARTESIAN_POINT('',(1.37444731438,0.785396049659));
#12460 = CARTESIAN_POINT('',(1.178097698039,1.570794807932));
#12461 = CARTESIAN_POINT('',(0.981748081702,2.310051801122));
#12462 = CARTESIAN_POINT('',(0.785398465354,2.957034211457));
#12463 = CARTESIAN_POINT('',(0.589048849022,3.471271778802));
#12464 = CARTESIAN_POINT('',(0.392699232679,3.823756760531));
#12465 = CARTESIAN_POINT('',(0.19634961634,4.));
#12466 = CARTESIAN_POINT('',(0.,4.));
#12467 = ( GEOMETRIC_REPRESENTATION_CONTEXT(2) 
PARAMETRIC_REPRESENTATION_CONTEXT() REPRESENTATION_CONTEXT('2D SPACE',''
  ) );
#12468 = PCURVE('',#12358,#12469);
#12469 = DEFINITIONAL_REPRESENTATION('',(#12470),#12480);
#12470 = B_SPLINE_CURVE_WITH_KNOTS('',8,(#12471,#12472,#12473,#12474,
    #12475,#12476,#12477,#12478,#12479),.UNSPECIFIED.,.F.,.F.,(9,9),(
    4.712388376459,6.28318530718),.PIECEWISE_BEZIER_KNOTS.);
#12471 = CARTESIAN_POINT('',(1.57079572287,-2.415700990355E-06));
#12472 = CARTESIAN_POINT('',(1.76714533921,0.785396049659));
#12473 = CARTESIAN_POINT('',(1.963494955548,1.570794807936));
#12474 = CARTESIAN_POINT('',(2.159844571889,2.31005180111));
#12475 = CARTESIAN_POINT('',(2.356194188222,2.95703421148));
#12476 = CARTESIAN_POINT('',(2.552543804569,3.471271778789));
#12477 = CARTESIAN_POINT('',(2.748893420909,3.823756760535));
#12478 = CARTESIAN_POINT('',(2.94524303725,4.));
#12479 = CARTESIAN_POINT('',(3.14159265359,4.));
#12480 = ( GEOMETRIC_REPRESENTATION_CONTEXT(2) 
PARAMETRIC_REPRESENTATION_CONTEXT() REPRESENTATION_CONTEXT('2D SPACE',''
  ) );
#12481 = ORIENTED_EDGE('',*,*,#12482,.T.);
#12482 = EDGE_CURVE('',#12447,#12336,#12483,.T.);
#12483 = SURFACE_CURVE('',#12484,(#12489,#12496),.PCURVE_S1.);
#12484 = CIRCLE('',#12485,4.);
#12485 = AXIS2_PLACEMENT_3D('',#12486,#12487,#12488);
#12486 = CARTESIAN_POINT('',(14.,32.5,-414.3));
#12487 = DIRECTION('',(0.,0.,1.));
#12488 = DIRECTION('',(1.,0.,-0.));
#12489 = PCURVE('',#10067,#12490);
#12490 = DEFINITIONAL_REPRESENTATION('',(#12491),#12495);
#12491 = LINE('',#12492,#12493);
#12492 = CARTESIAN_POINT('',(0.,0.));
#12493 = VECTOR('',#12494,1.);
#12494 = DIRECTION('',(1.,0.));
#12495 = ( GEOMETRIC_REPRESENTATION_CONTEXT(2) 
PARAMETRIC_REPRESENTATION_CONTEXT() REPRESENTATION_CONTEXT('2D SPACE',''
  ) );
#12496 = PCURVE('',#12497,#12502);
#12497 = PLANE('',#12498);
#12498 = AXIS2_PLACEMENT_3D('',#12499,#12500,#12501);
#12499 = CARTESIAN_POINT('',(14.,32.5,-414.3));
#12500 = DIRECTION('',(0.,0.,1.));
#12501 = DIRECTION('',(1.,0.,-0.));
#12502 = DEFINITIONAL_REPRESENTATION('',(#12503),#12507);
#12503 = CIRCLE('',#12504,4.);
#12504 = AXIS2_PLACEMENT_2D('',#12505,#12506);
#12505 = CARTESIAN_POINT('',(0.,0.));
#12506 = DIRECTION('',(1.,0.));
#12507 = ( GEOMETRIC_REPRESENTATION_CONTEXT(2) 
PARAMETRIC_REPRESENTATION_CONTEXT() REPRESENTATION_CONTEXT('2D SPACE',''
  ) );
#12508 = ADVANCED_FACE('',(#12509),#10121,.F.);
#12509 = FACE_BOUND('',#12510,.F.);
#12510 = EDGE_LOOP('',(#12511,#12512));
#12511 = ORIENTED_EDGE('',*,*,#10106,.T.);
#12512 = ORIENTED_EDGE('',*,*,#12273,.T.);
#12513 = ADVANCED_FACE('',(#12514),#10413,.T.);
#12514 = FACE_BOUND('',#12515,.T.);
#12515 = EDGE_LOOP('',(#12516,#12517,#12518));
#12516 = ORIENTED_EDGE('',*,*,#10399,.F.);
#12517 = ORIENTED_EDGE('',*,*,#10494,.T.);
#12518 = ORIENTED_EDGE('',*,*,#10518,.T.);
#12519 = ADVANCED_FACE('',(#12520),#10453,.T.);
#12520 = FACE_BOUND('',#12521,.T.);
#12521 = EDGE_LOOP('',(#12522,#12579,#12602,#12629,#12630,#12631,#12653,
    #12654));
#12522 = ORIENTED_EDGE('',*,*,#12523,.T.);
#12523 = EDGE_CURVE('',#12524,#12526,#12528,.T.);
#12524 = VERTEX_POINT('',#12525);
#12525 = CARTESIAN_POINT('',(41.,-32.5,-410.3));
#12526 = VERTEX_POINT('',#12527);
#12527 = CARTESIAN_POINT('',(41.,-32.5,-418.3));
#12528 = SURFACE_CURVE('',#12529,(#12534,#12554),.PCURVE_S1.);
#12529 = ELLIPSE('',#12530,5.656854249492,4.);
#12530 = AXIS2_PLACEMENT_3D('',#12531,#12532,#12533);
#12531 = CARTESIAN_POINT('',(41.,-32.5,-414.3));
#12532 = DIRECTION('',(-0.707106781187,-0.707106781187,0.));
#12533 = DIRECTION('',(0.707106781187,-0.707106781187,3.140184917368E-16
    ));
#12534 = PCURVE('',#10453,#12535);
#12535 = DEFINITIONAL_REPRESENTATION('',(#12536),#12553);
#12536 = B_SPLINE_CURVE_WITH_KNOTS('',8,(#12537,#12538,#12539,#12540,
    #12541,#12542,#12543,#12544,#12545,#12546,#12547,#12548,#12549,
    #12550,#12551,#12552),.UNSPECIFIED.,.F.,.F.,(9,7,9),(1.570796026795,
    3.141592176753,4.71238832671),.UNSPECIFIED.);
#12537 = CARTESIAN_POINT('',(3.14159295359,27.0000012));
#12538 = CARTESIAN_POINT('',(2.945243434845,26.214603125021));
#12539 = CARTESIAN_POINT('',(2.748893916098,25.429204810678));
#12540 = CARTESIAN_POINT('',(2.552544397356,24.689948246201));
#12541 = CARTESIAN_POINT('',(2.356194878597,24.042966176076));
#12542 = CARTESIAN_POINT('',(2.159845359865,23.528728797135));
#12543 = CARTESIAN_POINT('',(1.963495841119,23.176243813255));
#12544 = CARTESIAN_POINT('',(1.767146322377,23.000000374507));
#12545 = CARTESIAN_POINT('',(1.374447284887,22.999999625493));
#12546 = CARTESIAN_POINT('',(1.178097766141,23.176242315247));
#12547 = CARTESIAN_POINT('',(0.981748247401,23.528726594031));
#12548 = CARTESIAN_POINT('',(0.785398728646,24.042963356051));
#12549 = CARTESIAN_POINT('',(0.589049209911,24.689944935696));
#12550 = CARTESIAN_POINT('',(0.392699691162,25.429201164078));
#12551 = CARTESIAN_POINT('',(0.196350172419,26.214599310324));
#12552 = CARTESIAN_POINT('',(6.536743164532E-07,26.999997385303));
#12553 = ( GEOMETRIC_REPRESENTATION_CONTEXT(2) 
PARAMETRIC_REPRESENTATION_CONTEXT() REPRESENTATION_CONTEXT('2D SPACE',''
  ) );
#12554 = PCURVE('',#12555,#12560);
#12555 = CYLINDRICAL_SURFACE('',#12556,4.);
#12556 = AXIS2_PLACEMENT_3D('',#12557,#12558,#12559);
#12557 = CARTESIAN_POINT('',(41.,-22.5,-414.3));
#12558 = DIRECTION('',(0.,-1.,2.22044604925E-16));
#12559 = DIRECTION('',(1.,0.,0.));
#12560 = DEFINITIONAL_REPRESENTATION('',(#12561),#12578);
#12561 = B_SPLINE_CURVE_WITH_KNOTS('',8,(#12562,#12563,#12564,#12565,
    #12566,#12567,#12568,#12569,#12570,#12571,#12572,#12573,#12574,
    #12575,#12576,#12577),.UNSPECIFIED.,.F.,.F.,(9,7,9),(1.570796026795,
    3.141592176753,4.71238832671),.UNSPECIFIED.);
#12562 = CARTESIAN_POINT('',(1.570796026795,10.0000012));
#12563 = CARTESIAN_POINT('',(1.76714554554,9.214603125021));
#12564 = CARTESIAN_POINT('',(1.963495064281,8.429204810689));
#12565 = CARTESIAN_POINT('',(2.159844583034,7.689948246191));
#12566 = CARTESIAN_POINT('',(2.356194101761,7.04296617615));
#12567 = CARTESIAN_POINT('',(2.552543620523,6.528728797115));
#12568 = CARTESIAN_POINT('',(2.74889313926,6.176243813273));
#12569 = CARTESIAN_POINT('',(2.945242658008,6.000000374507));
#12570 = CARTESIAN_POINT('',(3.337941695497,5.999999625493));
#12571 = CARTESIAN_POINT('',(3.534291214241,6.17624231525));
#12572 = CARTESIAN_POINT('',(3.730640732979,6.528726594054));
#12573 = CARTESIAN_POINT('',(3.926990251729,7.042963356107));
#12574 = CARTESIAN_POINT('',(4.123339770467,7.689944935732));
#12575 = CARTESIAN_POINT('',(4.319689289221,8.429201164074));
#12576 = CARTESIAN_POINT('',(4.516038807966,9.214599310324));
#12577 = CARTESIAN_POINT('',(4.71238832671,9.999997385303));
#12578 = ( GEOMETRIC_REPRESENTATION_CONTEXT(2) 
PARAMETRIC_REPRESENTATION_CONTEXT() REPRESENTATION_CONTEXT('2D SPACE',''
  ) );
#12579 = ORIENTED_EDGE('',*,*,#12580,.F.);
#12580 = EDGE_CURVE('',#12581,#12526,#12583,.T.);
#12581 = VERTEX_POINT('',#12582);
#12582 = CARTESIAN_POINT('',(14.,-32.5,-418.3));
#12583 = SEAM_CURVE('',#12584,(#12588,#12595),.PCURVE_S1.);
#12584 = LINE('',#12585,#12586);
#12585 = CARTESIAN_POINT('',(14.,-32.5,-418.3));
#12586 = VECTOR('',#12587,1.);
#12587 = DIRECTION('',(1.,0.,2.22044604925E-16));
#12588 = PCURVE('',#10453,#12589);
#12589 = DEFINITIONAL_REPRESENTATION('',(#12590),#12594);
#12590 = LINE('',#12591,#12592);
#12591 = CARTESIAN_POINT('',(6.28318530718,-0.));
#12592 = VECTOR('',#12593,1.);
#12593 = DIRECTION('',(0.,1.));
#12594 = ( GEOMETRIC_REPRESENTATION_CONTEXT(2) 
PARAMETRIC_REPRESENTATION_CONTEXT() REPRESENTATION_CONTEXT('2D SPACE',''
  ) );
#12595 = PCURVE('',#10453,#12596);
#12596 = DEFINITIONAL_REPRESENTATION('',(#12597),#12601);
#12597 = LINE('',#12598,#12599);
#12598 = CARTESIAN_POINT('',(0.,-0.));
#12599 = VECTOR('',#12600,1.);
#12600 = DIRECTION('',(0.,1.));
#12601 = ( GEOMETRIC_REPRESENTATION_CONTEXT(2) 
PARAMETRIC_REPRESENTATION_CONTEXT() REPRESENTATION_CONTEXT('2D SPACE',''
  ) );
#12602 = ORIENTED_EDGE('',*,*,#12603,.T.);
#12603 = EDGE_CURVE('',#12581,#10542,#12604,.T.);
#12604 = SURFACE_CURVE('',#12605,(#12610,#12617),.PCURVE_S1.);
#12605 = CIRCLE('',#12606,4.);
#12606 = AXIS2_PLACEMENT_3D('',#12607,#12608,#12609);
#12607 = CARTESIAN_POINT('',(14.,-32.5,-414.3));
#12608 = DIRECTION('',(1.,-0.,2.22044604925E-16));
#12609 = DIRECTION('',(2.22044604925E-16,0.,-1.));
#12610 = PCURVE('',#10453,#12611);
#12611 = DEFINITIONAL_REPRESENTATION('',(#12612),#12616);
#12612 = LINE('',#12613,#12614);
#12613 = CARTESIAN_POINT('',(0.,0.));
#12614 = VECTOR('',#12615,1.);
#12615 = DIRECTION('',(1.,0.));
#12616 = ( GEOMETRIC_REPRESENTATION_CONTEXT(2) 
PARAMETRIC_REPRESENTATION_CONTEXT() REPRESENTATION_CONTEXT('2D SPACE',''
  ) );
#12617 = PCURVE('',#12618,#12623);
#12618 = PLANE('',#12619);
#12619 = AXIS2_PLACEMENT_3D('',#12620,#12621,#12622);
#12620 = CARTESIAN_POINT('',(14.,-32.5,-414.3));
#12621 = DIRECTION('',(1.,0.,2.22044604925E-16));
#12622 = DIRECTION('',(2.22044604925E-16,0.,-1.));
#12623 = DEFINITIONAL_REPRESENTATION('',(#12624),#12628);
#12624 = CIRCLE('',#12625,4.);
#12625 = AXIS2_PLACEMENT_2D('',#12626,#12627);
#12626 = CARTESIAN_POINT('',(0.,0.));
#12627 = DIRECTION('',(1.,0.));
#12628 = ( GEOMETRIC_REPRESENTATION_CONTEXT(2) 
PARAMETRIC_REPRESENTATION_CONTEXT() REPRESENTATION_CONTEXT('2D SPACE',''
  ) );
#12629 = ORIENTED_EDGE('',*,*,#10541,.T.);
#12630 = ORIENTED_EDGE('',*,*,#10428,.T.);
#12631 = ORIENTED_EDGE('',*,*,#12632,.T.);
#12632 = EDGE_CURVE('',#10431,#12581,#12633,.T.);
#12633 = SURFACE_CURVE('',#12634,(#12639,#12646),.PCURVE_S1.);
#12634 = CIRCLE('',#12635,4.);
#12635 = AXIS2_PLACEMENT_3D('',#12636,#12637,#12638);
#12636 = CARTESIAN_POINT('',(14.,-32.5,-414.3));
#12637 = DIRECTION('',(1.,-0.,2.22044604925E-16));
#12638 = DIRECTION('',(2.22044604925E-16,0.,-1.));
#12639 = PCURVE('',#10453,#12640);
#12640 = DEFINITIONAL_REPRESENTATION('',(#12641),#12645);
#12641 = LINE('',#12642,#12643);
#12642 = CARTESIAN_POINT('',(0.,0.));
#12643 = VECTOR('',#12644,1.);
#12644 = DIRECTION('',(1.,0.));
#12645 = ( GEOMETRIC_REPRESENTATION_CONTEXT(2) 
PARAMETRIC_REPRESENTATION_CONTEXT() REPRESENTATION_CONTEXT('2D SPACE',''
  ) );
#12646 = PCURVE('',#12618,#12647);
#12647 = DEFINITIONAL_REPRESENTATION('',(#12648),#12652);
#12648 = CIRCLE('',#12649,4.);
#12649 = AXIS2_PLACEMENT_2D('',#12650,#12651);
#12650 = CARTESIAN_POINT('',(0.,0.));
#12651 = DIRECTION('',(1.,0.));
#12652 = ( GEOMETRIC_REPRESENTATION_CONTEXT(2) 
PARAMETRIC_REPRESENTATION_CONTEXT() REPRESENTATION_CONTEXT('2D SPACE',''
  ) );
#12653 = ORIENTED_EDGE('',*,*,#12580,.T.);
#12654 = ORIENTED_EDGE('',*,*,#12655,.F.);
#12655 = EDGE_CURVE('',#12524,#12526,#12656,.T.);
#12656 = SURFACE_CURVE('',#12657,(#12662,#12669),.PCURVE_S1.);
#12657 = CIRCLE('',#12658,4.);
#12658 = AXIS2_PLACEMENT_3D('',#12659,#12660,#12661);
#12659 = CARTESIAN_POINT('',(41.,-32.5,-414.3));
#12660 = DIRECTION('',(1.,-0.,2.22044604925E-16));
#12661 = DIRECTION('',(2.22044604925E-16,0.,-1.));
#12662 = PCURVE('',#10453,#12663);
#12663 = DEFINITIONAL_REPRESENTATION('',(#12664),#12668);
#12664 = LINE('',#12665,#12666);
#12665 = CARTESIAN_POINT('',(0.,27.));
#12666 = VECTOR('',#12667,1.);
#12667 = DIRECTION('',(1.,0.));
#12668 = ( GEOMETRIC_REPRESENTATION_CONTEXT(2) 
PARAMETRIC_REPRESENTATION_CONTEXT() REPRESENTATION_CONTEXT('2D SPACE',''
  ) );
#12669 = PCURVE('',#12670,#12675);
#12670 = PLANE('',#12671);
#12671 = AXIS2_PLACEMENT_3D('',#12672,#12673,#12674);
#12672 = CARTESIAN_POINT('',(41.,-32.5,-414.3));
#12673 = DIRECTION('',(1.,0.,2.22044604925E-16));
#12674 = DIRECTION('',(2.22044604925E-16,0.,-1.));
#12675 = DEFINITIONAL_REPRESENTATION('',(#12676),#12680);
#12676 = CIRCLE('',#12677,4.);
#12677 = AXIS2_PLACEMENT_2D('',#12678,#12679);
#12678 = CARTESIAN_POINT('',(0.,0.));
#12679 = DIRECTION('',(1.,0.));
#12680 = ( GEOMETRIC_REPRESENTATION_CONTEXT(2) 
PARAMETRIC_REPRESENTATION_CONTEXT() REPRESENTATION_CONTEXT('2D SPACE',''
  ) );
#12681 = ADVANCED_FACE('',(#12682),#10592,.F.);
#12682 = FACE_BOUND('',#12683,.F.);
#12683 = EDGE_LOOP('',(#12684,#12705));
#12684 = ORIENTED_EDGE('',*,*,#12685,.F.);
#12685 = EDGE_CURVE('',#10542,#10431,#12686,.T.);
#12686 = SURFACE_CURVE('',#12687,(#12691,#12698),.PCURVE_S1.);
#12687 = LINE('',#12688,#12689);
#12688 = CARTESIAN_POINT('',(14.,-28.5,-414.3));
#12689 = VECTOR('',#12690,1.);
#12690 = DIRECTION('',(0.,-1.,0.));
#12691 = PCURVE('',#10592,#12692);
#12692 = DEFINITIONAL_REPRESENTATION('',(#12693),#12697);
#12693 = LINE('',#12694,#12695);
#12694 = CARTESIAN_POINT('',(0.,4.));
#12695 = VECTOR('',#12696,1.);
#12696 = DIRECTION('',(0.,-1.));
#12697 = ( GEOMETRIC_REPRESENTATION_CONTEXT(2) 
PARAMETRIC_REPRESENTATION_CONTEXT() REPRESENTATION_CONTEXT('2D SPACE',''
  ) );
#12698 = PCURVE('',#12618,#12699);
#12699 = DEFINITIONAL_REPRESENTATION('',(#12700),#12704);
#12700 = LINE('',#12701,#12702);
#12701 = CARTESIAN_POINT('',(-5.684341886081E-14,4.));
#12702 = VECTOR('',#12703,1.);
#12703 = DIRECTION('',(0.,-1.));
#12704 = ( GEOMETRIC_REPRESENTATION_CONTEXT(2) 
PARAMETRIC_REPRESENTATION_CONTEXT() REPRESENTATION_CONTEXT('2D SPACE',''
  ) );
#12705 = ORIENTED_EDGE('',*,*,#10577,.T.);
#12706 = ADVANCED_FACE('',(#12707),#10726,.F.);
#12707 = FACE_BOUND('',#12708,.F.);
#12708 = EDGE_LOOP('',(#12709,#12735));
#12709 = ORIENTED_EDGE('',*,*,#12710,.F.);
#12710 = EDGE_CURVE('',#10676,#10612,#12711,.T.);
#12711 = SURFACE_CURVE('',#12712,(#12716,#12723),.PCURVE_S1.);
#12712 = LINE('',#12713,#12714);
#12713 = CARTESIAN_POINT('',(-4.,-32.5,-412.45));
#12714 = VECTOR('',#12715,1.);
#12715 = DIRECTION('',(1.,8.881784197001E-15,0.));
#12716 = PCURVE('',#10726,#12717);
#12717 = DEFINITIONAL_REPRESENTATION('',(#12718),#12722);
#12718 = LINE('',#12719,#12720);
#12719 = CARTESIAN_POINT('',(-4.,-7.105427357601E-14));
#12720 = VECTOR('',#12721,1.);
#12721 = DIRECTION('',(1.,8.881784197001E-15));
#12722 = ( GEOMETRIC_REPRESENTATION_CONTEXT(2) 
PARAMETRIC_REPRESENTATION_CONTEXT() REPRESENTATION_CONTEXT('2D SPACE',''
  ) );
#12723 = PCURVE('',#12724,#12729);
#12724 = PLANE('',#12725);
#12725 = AXIS2_PLACEMENT_3D('',#12726,#12727,#12728);
#12726 = CARTESIAN_POINT('',(0.,-32.5,-412.45));
#12727 = DIRECTION('',(0.,-1.,2.22044604925E-16));
#12728 = DIRECTION('',(1.,0.,0.));
#12729 = DEFINITIONAL_REPRESENTATION('',(#12730),#12734);
#12730 = LINE('',#12731,#12732);
#12731 = CARTESIAN_POINT('',(-4.,-5.684341886081E-14));
#12732 = VECTOR('',#12733,1.);
#12733 = DIRECTION('',(1.,1.972152263053E-30));
#12734 = ( GEOMETRIC_REPRESENTATION_CONTEXT(2) 
PARAMETRIC_REPRESENTATION_CONTEXT() REPRESENTATION_CONTEXT('2D SPACE',''
  ) );
#12735 = ORIENTED_EDGE('',*,*,#10711,.T.);
#12736 = ADVANCED_FACE('',(#12737),#10657,.T.);
#12737 = FACE_BOUND('',#12738,.T.);
#12738 = EDGE_LOOP('',(#12739,#12762,#12784,#12785,#12786,#12787));
#12739 = ORIENTED_EDGE('',*,*,#12740,.T.);
#12740 = EDGE_CURVE('',#12741,#10612,#12743,.T.);
#12741 = VERTEX_POINT('',#12742);
#12742 = CARTESIAN_POINT('',(4.,-22.,-412.45));
#12743 = SEAM_CURVE('',#12744,(#12748,#12755),.PCURVE_S1.);
#12744 = LINE('',#12745,#12746);
#12745 = CARTESIAN_POINT('',(4.,-22.,-412.45));
#12746 = VECTOR('',#12747,1.);
#12747 = DIRECTION('',(0.,-1.,2.22044604925E-16));
#12748 = PCURVE('',#10657,#12749);
#12749 = DEFINITIONAL_REPRESENTATION('',(#12750),#12754);
#12750 = LINE('',#12751,#12752);
#12751 = CARTESIAN_POINT('',(6.28318530718,-0.));
#12752 = VECTOR('',#12753,1.);
#12753 = DIRECTION('',(0.,1.));
#12754 = ( GEOMETRIC_REPRESENTATION_CONTEXT(2) 
PARAMETRIC_REPRESENTATION_CONTEXT() REPRESENTATION_CONTEXT('2D SPACE',''
  ) );
#12755 = PCURVE('',#10657,#12756);
#12756 = DEFINITIONAL_REPRESENTATION('',(#12757),#12761);
#12757 = LINE('',#12758,#12759);
#12758 = CARTESIAN_POINT('',(0.,-0.));
#12759 = VECTOR('',#12760,1.);
#12760 = DIRECTION('',(0.,1.));
#12761 = ( GEOMETRIC_REPRESENTATION_CONTEXT(2) 
PARAMETRIC_REPRESENTATION_CONTEXT() REPRESENTATION_CONTEXT('2D SPACE',''
  ) );
#12762 = ORIENTED_EDGE('',*,*,#12763,.F.);
#12763 = EDGE_CURVE('',#10676,#10612,#12764,.T.);
#12764 = SURFACE_CURVE('',#12765,(#12770,#12777),.PCURVE_S1.);
#12765 = CIRCLE('',#12766,4.);
#12766 = AXIS2_PLACEMENT_3D('',#12767,#12768,#12769);
#12767 = CARTESIAN_POINT('',(0.,-32.5,-412.45));
#12768 = DIRECTION('',(0.,-1.,2.22044604925E-16));
#12769 = DIRECTION('',(1.,0.,0.));
#12770 = PCURVE('',#10657,#12771);
#12771 = DEFINITIONAL_REPRESENTATION('',(#12772),#12776);
#12772 = LINE('',#12773,#12774);
#12773 = CARTESIAN_POINT('',(0.,10.5));
#12774 = VECTOR('',#12775,1.);
#12775 = DIRECTION('',(1.,0.));
#12776 = ( GEOMETRIC_REPRESENTATION_CONTEXT(2) 
PARAMETRIC_REPRESENTATION_CONTEXT() REPRESENTATION_CONTEXT('2D SPACE',''
  ) );
#12777 = PCURVE('',#12724,#12778);
#12778 = DEFINITIONAL_REPRESENTATION('',(#12779),#12783);
#12779 = CIRCLE('',#12780,4.);
#12780 = AXIS2_PLACEMENT_2D('',#12781,#12782);
#12781 = CARTESIAN_POINT('',(0.,0.));
#12782 = DIRECTION('',(1.,0.));
#12783 = ( GEOMETRIC_REPRESENTATION_CONTEXT(2) 
PARAMETRIC_REPRESENTATION_CONTEXT() REPRESENTATION_CONTEXT('2D SPACE',''
  ) );
#12784 = ORIENTED_EDGE('',*,*,#10675,.F.);
#12785 = ORIENTED_EDGE('',*,*,#10634,.F.);
#12786 = ORIENTED_EDGE('',*,*,#12740,.F.);
#12787 = ORIENTED_EDGE('',*,*,#12788,.T.);
#12788 = EDGE_CURVE('',#12741,#12741,#12789,.T.);
#12789 = SURFACE_CURVE('',#12790,(#12795,#12802),.PCURVE_S1.);
#12790 = CIRCLE('',#12791,4.);
#12791 = AXIS2_PLACEMENT_3D('',#12792,#12793,#12794);
#12792 = CARTESIAN_POINT('',(0.,-22.,-412.45));
#12793 = DIRECTION('',(0.,-1.,2.22044604925E-16));
#12794 = DIRECTION('',(1.,0.,0.));
#12795 = PCURVE('',#10657,#12796);
#12796 = DEFINITIONAL_REPRESENTATION('',(#12797),#12801);
#12797 = LINE('',#12798,#12799);
#12798 = CARTESIAN_POINT('',(0.,0.));
#12799 = VECTOR('',#12800,1.);
#12800 = DIRECTION('',(1.,0.));
#12801 = ( GEOMETRIC_REPRESENTATION_CONTEXT(2) 
PARAMETRIC_REPRESENTATION_CONTEXT() REPRESENTATION_CONTEXT('2D SPACE',''
  ) );
#12802 = PCURVE('',#12803,#12808);
#12803 = PLANE('',#12804);
#12804 = AXIS2_PLACEMENT_3D('',#12805,#12806,#12807);
#12805 = CARTESIAN_POINT('',(0.,-22.,-412.45));
#12806 = DIRECTION('',(0.,-1.,2.22044604925E-16));
#12807 = DIRECTION('',(1.,0.,0.));
#12808 = DEFINITIONAL_REPRESENTATION('',(#12809),#12813);
#12809 = CIRCLE('',#12810,4.);
#12810 = AXIS2_PLACEMENT_2D('',#12811,#12812);
#12811 = CARTESIAN_POINT('',(0.,0.));
#12812 = DIRECTION('',(1.,0.));
#12813 = ( GEOMETRIC_REPRESENTATION_CONTEXT(2) 
PARAMETRIC_REPRESENTATION_CONTEXT() REPRESENTATION_CONTEXT('2D SPACE',''
  ) );
#12814 = ADVANCED_FACE('',(#12815),#10960,.F.);
#12815 = FACE_BOUND('',#12816,.F.);
#12816 = EDGE_LOOP('',(#12817,#12818,#12841,#12868));
#12817 = ORIENTED_EDGE('',*,*,#10834,.F.);
#12818 = ORIENTED_EDGE('',*,*,#12819,.F.);
#12819 = EDGE_CURVE('',#12820,#10835,#12822,.T.);
#12820 = VERTEX_POINT('',#12821);
#12821 = CARTESIAN_POINT('',(38.,12.,-398.25));
#12822 = SEAM_CURVE('',#12823,(#12827,#12834),.PCURVE_S1.);
#12823 = LINE('',#12824,#12825);
#12824 = CARTESIAN_POINT('',(38.,12.,-398.25));
#12825 = VECTOR('',#12826,1.);
#12826 = DIRECTION('',(0.,-1.,2.22044604925E-16));
#12827 = PCURVE('',#10960,#12828);
#12828 = DEFINITIONAL_REPRESENTATION('',(#12829),#12833);
#12829 = LINE('',#12830,#12831);
#12830 = CARTESIAN_POINT('',(6.28318530718,-0.));
#12831 = VECTOR('',#12832,1.);
#12832 = DIRECTION('',(0.,1.));
#12833 = ( GEOMETRIC_REPRESENTATION_CONTEXT(2) 
PARAMETRIC_REPRESENTATION_CONTEXT() REPRESENTATION_CONTEXT('2D SPACE',''
  ) );
#12834 = PCURVE('',#10960,#12835);
#12835 = DEFINITIONAL_REPRESENTATION('',(#12836),#12840);
#12836 = LINE('',#12837,#12838);
#12837 = CARTESIAN_POINT('',(0.,-0.));
#12838 = VECTOR('',#12839,1.);
#12839 = DIRECTION('',(0.,1.));
#12840 = ( GEOMETRIC_REPRESENTATION_CONTEXT(2) 
PARAMETRIC_REPRESENTATION_CONTEXT() REPRESENTATION_CONTEXT('2D SPACE',''
  ) );
#12841 = ORIENTED_EDGE('',*,*,#12842,.T.);
#12842 = EDGE_CURVE('',#12820,#12820,#12843,.T.);
#12843 = SURFACE_CURVE('',#12844,(#12849,#12856),.PCURVE_S1.);
#12844 = CIRCLE('',#12845,3.);
#12845 = AXIS2_PLACEMENT_3D('',#12846,#12847,#12848);
#12846 = CARTESIAN_POINT('',(35.,12.,-398.25));
#12847 = DIRECTION('',(0.,-1.,2.22044604925E-16));
#12848 = DIRECTION('',(1.,0.,0.));
#12849 = PCURVE('',#10960,#12850);
#12850 = DEFINITIONAL_REPRESENTATION('',(#12851),#12855);
#12851 = LINE('',#12852,#12853);
#12852 = CARTESIAN_POINT('',(0.,0.));
#12853 = VECTOR('',#12854,1.);
#12854 = DIRECTION('',(1.,0.));
#12855 = ( GEOMETRIC_REPRESENTATION_CONTEXT(2) 
PARAMETRIC_REPRESENTATION_CONTEXT() REPRESENTATION_CONTEXT('2D SPACE',''
  ) );
#12856 = PCURVE('',#12857,#12862);
#12857 = PLANE('',#12858);
#12858 = AXIS2_PLACEMENT_3D('',#12859,#12860,#12861);
#12859 = CARTESIAN_POINT('',(35.,12.,-398.25));
#12860 = DIRECTION('',(0.,-1.,2.22044604925E-16));
#12861 = DIRECTION('',(1.,0.,0.));
#12862 = DEFINITIONAL_REPRESENTATION('',(#12863),#12867);
#12863 = CIRCLE('',#12864,3.);
#12864 = AXIS2_PLACEMENT_2D('',#12865,#12866);
#12865 = CARTESIAN_POINT('',(0.,0.));
#12866 = DIRECTION('',(1.,0.));
#12867 = ( GEOMETRIC_REPRESENTATION_CONTEXT(2) 
PARAMETRIC_REPRESENTATION_CONTEXT() REPRESENTATION_CONTEXT('2D SPACE',''
  ) );
#12868 = ORIENTED_EDGE('',*,*,#12819,.T.);
#12869 = ADVANCED_FACE('',(#12870),#11155,.F.);
#12870 = FACE_BOUND('',#12871,.F.);
#12871 = EDGE_LOOP('',(#12872,#12895,#12922,#12923));
#12872 = ORIENTED_EDGE('',*,*,#12873,.T.);
#12873 = EDGE_CURVE('',#11030,#12874,#12876,.T.);
#12874 = VERTEX_POINT('',#12875);
#12875 = CARTESIAN_POINT('',(38.,-12.,-398.25));
#12876 = SEAM_CURVE('',#12877,(#12881,#12888),.PCURVE_S1.);
#12877 = LINE('',#12878,#12879);
#12878 = CARTESIAN_POINT('',(38.,-1.631557288136E-31,-398.25));
#12879 = VECTOR('',#12880,1.);
#12880 = DIRECTION('',(0.,-1.,2.22044604925E-16));
#12881 = PCURVE('',#11155,#12882);
#12882 = DEFINITIONAL_REPRESENTATION('',(#12883),#12887);
#12883 = LINE('',#12884,#12885);
#12884 = CARTESIAN_POINT('',(6.28318530718,-0.));
#12885 = VECTOR('',#12886,1.);
#12886 = DIRECTION('',(0.,1.));
#12887 = ( GEOMETRIC_REPRESENTATION_CONTEXT(2) 
PARAMETRIC_REPRESENTATION_CONTEXT() REPRESENTATION_CONTEXT('2D SPACE',''
  ) );
#12888 = PCURVE('',#11155,#12889);
#12889 = DEFINITIONAL_REPRESENTATION('',(#12890),#12894);
#12890 = LINE('',#12891,#12892);
#12891 = CARTESIAN_POINT('',(0.,-0.));
#12892 = VECTOR('',#12893,1.);
#12893 = DIRECTION('',(0.,1.));
#12894 = ( GEOMETRIC_REPRESENTATION_CONTEXT(2) 
PARAMETRIC_REPRESENTATION_CONTEXT() REPRESENTATION_CONTEXT('2D SPACE',''
  ) );
#12895 = ORIENTED_EDGE('',*,*,#12896,.F.);
#12896 = EDGE_CURVE('',#12874,#12874,#12897,.T.);
#12897 = SURFACE_CURVE('',#12898,(#12903,#12910),.PCURVE_S1.);
#12898 = CIRCLE('',#12899,3.);
#12899 = AXIS2_PLACEMENT_3D('',#12900,#12901,#12902);
#12900 = CARTESIAN_POINT('',(35.,-12.,-398.25));
#12901 = DIRECTION('',(0.,-1.,2.22044604925E-16));
#12902 = DIRECTION('',(1.,0.,0.));
#12903 = PCURVE('',#11155,#12904);
#12904 = DEFINITIONAL_REPRESENTATION('',(#12905),#12909);
#12905 = LINE('',#12906,#12907);
#12906 = CARTESIAN_POINT('',(0.,12.));
#12907 = VECTOR('',#12908,1.);
#12908 = DIRECTION('',(1.,0.));
#12909 = ( GEOMETRIC_REPRESENTATION_CONTEXT(2) 
PARAMETRIC_REPRESENTATION_CONTEXT() REPRESENTATION_CONTEXT('2D SPACE',''
  ) );
#12910 = PCURVE('',#12911,#12916);
#12911 = PLANE('',#12912);
#12912 = AXIS2_PLACEMENT_3D('',#12913,#12914,#12915);
#12913 = CARTESIAN_POINT('',(35.,-12.,-398.25));
#12914 = DIRECTION('',(0.,-1.,2.22044604925E-16));
#12915 = DIRECTION('',(1.,0.,0.));
#12916 = DEFINITIONAL_REPRESENTATION('',(#12917),#12921);
#12917 = CIRCLE('',#12918,3.);
#12918 = AXIS2_PLACEMENT_2D('',#12919,#12920);
#12919 = CARTESIAN_POINT('',(0.,0.));
#12920 = DIRECTION('',(1.,0.));
#12921 = ( GEOMETRIC_REPRESENTATION_CONTEXT(2) 
PARAMETRIC_REPRESENTATION_CONTEXT() REPRESENTATION_CONTEXT('2D SPACE',''
  ) );
#12922 = ORIENTED_EDGE('',*,*,#12873,.F.);
#12923 = ORIENTED_EDGE('',*,*,#11029,.T.);
#12924 = ADVANCED_FACE('',(#12925),#11350,.F.);
#12925 = FACE_BOUND('',#12926,.F.);
#12926 = EDGE_LOOP('',(#12927,#12928,#12951,#12978));
#12927 = ORIENTED_EDGE('',*,*,#11224,.F.);
#12928 = ORIENTED_EDGE('',*,*,#12929,.F.);
#12929 = EDGE_CURVE('',#12930,#11225,#12932,.T.);
#12930 = VERTEX_POINT('',#12931);
#12931 = CARTESIAN_POINT('',(32.,12.,-392.25));
#12932 = SEAM_CURVE('',#12933,(#12937,#12944),.PCURVE_S1.);
#12933 = LINE('',#12934,#12935);
#12934 = CARTESIAN_POINT('',(32.,12.,-392.25));
#12935 = VECTOR('',#12936,1.);
#12936 = DIRECTION('',(0.,-1.,2.22044604925E-16));
#12937 = PCURVE('',#11350,#12938);
#12938 = DEFINITIONAL_REPRESENTATION('',(#12939),#12943);
#12939 = LINE('',#12940,#12941);
#12940 = CARTESIAN_POINT('',(6.28318530718,-0.));
#12941 = VECTOR('',#12942,1.);
#12942 = DIRECTION('',(0.,1.));
#12943 = ( GEOMETRIC_REPRESENTATION_CONTEXT(2) 
PARAMETRIC_REPRESENTATION_CONTEXT() REPRESENTATION_CONTEXT('2D SPACE',''
  ) );
#12944 = PCURVE('',#11350,#12945);
#12945 = DEFINITIONAL_REPRESENTATION('',(#12946),#12950);
#12946 = LINE('',#12947,#12948);
#12947 = CARTESIAN_POINT('',(0.,-0.));
#12948 = VECTOR('',#12949,1.);
#12949 = DIRECTION('',(0.,1.));
#12950 = ( GEOMETRIC_REPRESENTATION_CONTEXT(2) 
PARAMETRIC_REPRESENTATION_CONTEXT() REPRESENTATION_CONTEXT('2D SPACE',''
  ) );
#12951 = ORIENTED_EDGE('',*,*,#12952,.T.);
#12952 = EDGE_CURVE('',#12930,#12930,#12953,.T.);
#12953 = SURFACE_CURVE('',#12954,(#12959,#12966),.PCURVE_S1.);
#12954 = CIRCLE('',#12955,3.);
#12955 = AXIS2_PLACEMENT_3D('',#12956,#12957,#12958);
#12956 = CARTESIAN_POINT('',(29.,12.,-392.25));
#12957 = DIRECTION('',(0.,-1.,2.22044604925E-16));
#12958 = DIRECTION('',(1.,0.,0.));
#12959 = PCURVE('',#11350,#12960);
#12960 = DEFINITIONAL_REPRESENTATION('',(#12961),#12965);
#12961 = LINE('',#12962,#12963);
#12962 = CARTESIAN_POINT('',(0.,0.));
#12963 = VECTOR('',#12964,1.);
#12964 = DIRECTION('',(1.,0.));
#12965 = ( GEOMETRIC_REPRESENTATION_CONTEXT(2) 
PARAMETRIC_REPRESENTATION_CONTEXT() REPRESENTATION_CONTEXT('2D SPACE',''
  ) );
#12966 = PCURVE('',#12967,#12972);
#12967 = PLANE('',#12968);
#12968 = AXIS2_PLACEMENT_3D('',#12969,#12970,#12971);
#12969 = CARTESIAN_POINT('',(29.,12.,-392.25));
#12970 = DIRECTION('',(0.,-1.,2.22044604925E-16));
#12971 = DIRECTION('',(1.,0.,0.));
#12972 = DEFINITIONAL_REPRESENTATION('',(#12973),#12977);
#12973 = CIRCLE('',#12974,3.);
#12974 = AXIS2_PLACEMENT_2D('',#12975,#12976);
#12975 = CARTESIAN_POINT('',(0.,0.));
#12976 = DIRECTION('',(1.,0.));
#12977 = ( GEOMETRIC_REPRESENTATION_CONTEXT(2) 
PARAMETRIC_REPRESENTATION_CONTEXT() REPRESENTATION_CONTEXT('2D SPACE',''
  ) );
#12978 = ORIENTED_EDGE('',*,*,#12929,.T.);
#12979 = ADVANCED_FACE('',(#12980),#11545,.F.);
#12980 = FACE_BOUND('',#12981,.F.);
#12981 = EDGE_LOOP('',(#12982,#13005,#13032,#13033));
#12982 = ORIENTED_EDGE('',*,*,#12983,.T.);
#12983 = EDGE_CURVE('',#11420,#12984,#12986,.T.);
#12984 = VERTEX_POINT('',#12985);
#12985 = CARTESIAN_POINT('',(32.,-12.,-392.25));
#12986 = SEAM_CURVE('',#12987,(#12991,#12998),.PCURVE_S1.);
#12987 = LINE('',#12988,#12989);
#12988 = CARTESIAN_POINT('',(32.,-1.631557288136E-31,-392.25));
#12989 = VECTOR('',#12990,1.);
#12990 = DIRECTION('',(0.,-1.,2.22044604925E-16));
#12991 = PCURVE('',#11545,#12992);
#12992 = DEFINITIONAL_REPRESENTATION('',(#12993),#12997);
#12993 = LINE('',#12994,#12995);
#12994 = CARTESIAN_POINT('',(6.28318530718,-0.));
#12995 = VECTOR('',#12996,1.);
#12996 = DIRECTION('',(0.,1.));
#12997 = ( GEOMETRIC_REPRESENTATION_CONTEXT(2) 
PARAMETRIC_REPRESENTATION_CONTEXT() REPRESENTATION_CONTEXT('2D SPACE',''
  ) );
#12998 = PCURVE('',#11545,#12999);
#12999 = DEFINITIONAL_REPRESENTATION('',(#13000),#13004);
#13000 = LINE('',#13001,#13002);
#13001 = CARTESIAN_POINT('',(0.,-0.));
#13002 = VECTOR('',#13003,1.);
#13003 = DIRECTION('',(0.,1.));
#13004 = ( GEOMETRIC_REPRESENTATION_CONTEXT(2) 
PARAMETRIC_REPRESENTATION_CONTEXT() REPRESENTATION_CONTEXT('2D SPACE',''
  ) );
#13005 = ORIENTED_EDGE('',*,*,#13006,.F.);
#13006 = EDGE_CURVE('',#12984,#12984,#13007,.T.);
#13007 = SURFACE_CURVE('',#13008,(#13013,#13020),.PCURVE_S1.);
#13008 = CIRCLE('',#13009,3.);
#13009 = AXIS2_PLACEMENT_3D('',#13010,#13011,#13012);
#13010 = CARTESIAN_POINT('',(29.,-12.,-392.25));
#13011 = DIRECTION('',(0.,-1.,2.22044604925E-16));
#13012 = DIRECTION('',(1.,0.,0.));
#13013 = PCURVE('',#11545,#13014);
#13014 = DEFINITIONAL_REPRESENTATION('',(#13015),#13019);
#13015 = LINE('',#13016,#13017);
#13016 = CARTESIAN_POINT('',(0.,12.));
#13017 = VECTOR('',#13018,1.);
#13018 = DIRECTION('',(1.,0.));
#13019 = ( GEOMETRIC_REPRESENTATION_CONTEXT(2) 
PARAMETRIC_REPRESENTATION_CONTEXT() REPRESENTATION_CONTEXT('2D SPACE',''
  ) );
#13020 = PCURVE('',#13021,#13026);
#13021 = PLANE('',#13022);
#13022 = AXIS2_PLACEMENT_3D('',#13023,#13024,#13025);
#13023 = CARTESIAN_POINT('',(29.,-12.,-392.25));
#13024 = DIRECTION('',(0.,-1.,2.22044604925E-16));
#13025 = DIRECTION('',(1.,0.,0.));
#13026 = DEFINITIONAL_REPRESENTATION('',(#13027),#13031);
#13027 = CIRCLE('',#13028,3.);
#13028 = AXIS2_PLACEMENT_2D('',#13029,#13030);
#13029 = CARTESIAN_POINT('',(0.,0.));
#13030 = DIRECTION('',(1.,0.));
#13031 = ( GEOMETRIC_REPRESENTATION_CONTEXT(2) 
PARAMETRIC_REPRESENTATION_CONTEXT() REPRESENTATION_CONTEXT('2D SPACE',''
  ) );
#13032 = ORIENTED_EDGE('',*,*,#12983,.F.);
#13033 = ORIENTED_EDGE('',*,*,#11419,.T.);
#13034 = ADVANCED_FACE('',(#13035),#11680,.T.);
#13035 = FACE_BOUND('',#13036,.T.);
#13036 = EDGE_LOOP('',(#13037,#13060,#13061,#13062,#13091,#13127,#13163)
  );
#13037 = ORIENTED_EDGE('',*,*,#13038,.T.);
#13038 = EDGE_CURVE('',#13039,#11664,#13041,.T.);
#13039 = VERTEX_POINT('',#13040);
#13040 = CARTESIAN_POINT('',(45.,-22.5,-414.3));
#13041 = SEAM_CURVE('',#13042,(#13046,#13053),.PCURVE_S1.);
#13042 = LINE('',#13043,#13044);
#13043 = CARTESIAN_POINT('',(45.,-22.5,-414.3));
#13044 = VECTOR('',#13045,1.);
#13045 = DIRECTION('',(0.,0.,1.));
#13046 = PCURVE('',#11680,#13047);
#13047 = DEFINITIONAL_REPRESENTATION('',(#13048),#13052);
#13048 = LINE('',#13049,#13050);
#13049 = CARTESIAN_POINT('',(6.28318530718,-0.));
#13050 = VECTOR('',#13051,1.);
#13051 = DIRECTION('',(0.,1.));
#13052 = ( GEOMETRIC_REPRESENTATION_CONTEXT(2) 
PARAMETRIC_REPRESENTATION_CONTEXT() REPRESENTATION_CONTEXT('2D SPACE',''
  ) );
#13053 = PCURVE('',#11680,#13054);
#13054 = DEFINITIONAL_REPRESENTATION('',(#13055),#13059);
#13055 = LINE('',#13056,#13057);
#13056 = CARTESIAN_POINT('',(0.,-0.));
#13057 = VECTOR('',#13058,1.);
#13058 = DIRECTION('',(0.,1.));
#13059 = ( GEOMETRIC_REPRESENTATION_CONTEXT(2) 
PARAMETRIC_REPRESENTATION_CONTEXT() REPRESENTATION_CONTEXT('2D SPACE',''
  ) );
#13060 = ORIENTED_EDGE('',*,*,#11663,.F.);
#13061 = ORIENTED_EDGE('',*,*,#13038,.F.);
#13062 = ORIENTED_EDGE('',*,*,#13063,.T.);
#13063 = EDGE_CURVE('',#13039,#13064,#13066,.T.);
#13064 = VERTEX_POINT('',#13065);
#13065 = CARTESIAN_POINT('',(37.,-22.5,-414.3));
#13066 = SURFACE_CURVE('',#13067,(#13072,#13079),.PCURVE_S1.);
#13067 = CIRCLE('',#13068,4.);
#13068 = AXIS2_PLACEMENT_3D('',#13069,#13070,#13071);
#13069 = CARTESIAN_POINT('',(41.,-22.5,-414.3));
#13070 = DIRECTION('',(0.,0.,1.));
#13071 = DIRECTION('',(1.,0.,-0.));
#13072 = PCURVE('',#11680,#13073);
#13073 = DEFINITIONAL_REPRESENTATION('',(#13074),#13078);
#13074 = LINE('',#13075,#13076);
#13075 = CARTESIAN_POINT('',(0.,0.));
#13076 = VECTOR('',#13077,1.);
#13077 = DIRECTION('',(1.,0.));
#13078 = ( GEOMETRIC_REPRESENTATION_CONTEXT(2) 
PARAMETRIC_REPRESENTATION_CONTEXT() REPRESENTATION_CONTEXT('2D SPACE',''
  ) );
#13079 = PCURVE('',#13080,#13085);
#13080 = PLANE('',#13081);
#13081 = AXIS2_PLACEMENT_3D('',#13082,#13083,#13084);
#13082 = CARTESIAN_POINT('',(41.,-22.5,-414.3));
#13083 = DIRECTION('',(0.,0.,1.));
#13084 = DIRECTION('',(1.,0.,-0.));
#13085 = DEFINITIONAL_REPRESENTATION('',(#13086),#13090);
#13086 = CIRCLE('',#13087,4.);
#13087 = AXIS2_PLACEMENT_2D('',#13088,#13089);
#13088 = CARTESIAN_POINT('',(0.,0.));
#13089 = DIRECTION('',(1.,0.));
#13090 = ( GEOMETRIC_REPRESENTATION_CONTEXT(2) 
PARAMETRIC_REPRESENTATION_CONTEXT() REPRESENTATION_CONTEXT('2D SPACE',''
  ) );
#13091 = ORIENTED_EDGE('',*,*,#13092,.T.);
#13092 = EDGE_CURVE('',#13064,#13093,#13095,.T.);
#13093 = VERTEX_POINT('',#13094);
#13094 = CARTESIAN_POINT('',(41.,-26.5,-410.3));
#13095 = SURFACE_CURVE('',#13096,(#13101,#13114),.PCURVE_S1.);
#13096 = ELLIPSE('',#13097,5.656854249492,4.);
#13097 = AXIS2_PLACEMENT_3D('',#13098,#13099,#13100);
#13098 = CARTESIAN_POINT('',(41.,-22.5,-414.3));
#13099 = DIRECTION('',(0.,0.707106781187,0.707106781187));
#13100 = DIRECTION('',(0.,-0.707106781187,0.707106781187));
#13101 = PCURVE('',#11680,#13102);
#13102 = DEFINITIONAL_REPRESENTATION('',(#13103),#13113);
#13103 = B_SPLINE_CURVE_WITH_KNOTS('',8,(#13104,#13105,#13106,#13107,
    #13108,#13109,#13110,#13111,#13112),.UNSPECIFIED.,.F.,.F.,(9,9),(
    4.712388680385,6.28318530718),.PIECEWISE_BEZIER_KNOTS.);
#13104 = CARTESIAN_POINT('',(3.14159235359,-1.200000042445E-06));
#13105 = CARTESIAN_POINT('',(3.337941931939,0.785397113397));
#13106 = CARTESIAN_POINT('',(3.534291510281,1.570795666144));
#13107 = CARTESIAN_POINT('',(3.730641088654,2.310052427028));
#13108 = CARTESIAN_POINT('',(3.926990666957,2.957034609444));
#13109 = CARTESIAN_POINT('',(4.123340245354,3.471271983405));
#13110 = CARTESIAN_POINT('',(4.319689823679,3.823756828732));
#13111 = CARTESIAN_POINT('',(4.516039402035,4.));
#13112 = CARTESIAN_POINT('',(4.712388980385,4.));
#13113 = ( GEOMETRIC_REPRESENTATION_CONTEXT(2) 
PARAMETRIC_REPRESENTATION_CONTEXT() REPRESENTATION_CONTEXT('2D SPACE',''
  ) );
#13114 = PCURVE('',#12555,#13115);
#13115 = DEFINITIONAL_REPRESENTATION('',(#13116),#13126);
#13116 = B_SPLINE_CURVE_WITH_KNOTS('',8,(#13117,#13118,#13119,#13120,
    #13121,#13122,#13123,#13124,#13125),.UNSPECIFIED.,.F.,.F.,(9,9),(
    4.712388680385,6.28318530718),.PIECEWISE_BEZIER_KNOTS.);
#13117 = CARTESIAN_POINT('',(3.14159295359,-1.199999985602E-06));
#13118 = CARTESIAN_POINT('',(2.94524337524,0.785397113397));
#13119 = CARTESIAN_POINT('',(2.748893796893,1.570795666144));
#13120 = CARTESIAN_POINT('',(2.552544218531,2.310052427028));
#13121 = CARTESIAN_POINT('',(2.356194640205,2.957034609444));
#13122 = CARTESIAN_POINT('',(2.159845061831,3.471271983403));
#13123 = CARTESIAN_POINT('',(1.963495483496,3.823756828733));
#13124 = CARTESIAN_POINT('',(1.767145905144,4.));
#13125 = CARTESIAN_POINT('',(1.570796326795,4.));
#13126 = ( GEOMETRIC_REPRESENTATION_CONTEXT(2) 
PARAMETRIC_REPRESENTATION_CONTEXT() REPRESENTATION_CONTEXT('2D SPACE',''
  ) );
#13127 = ORIENTED_EDGE('',*,*,#13128,.T.);
#13128 = EDGE_CURVE('',#13093,#13129,#13131,.T.);
#13129 = VERTEX_POINT('',#13130);
#13130 = CARTESIAN_POINT('',(44.999999999999,-22.50000261469,
    -414.2999973853));
#13131 = SURFACE_CURVE('',#13132,(#13137,#13150),.PCURVE_S1.);
#13132 = ELLIPSE('',#13133,5.656854249492,4.);
#13133 = AXIS2_PLACEMENT_3D('',#13134,#13135,#13136);
#13134 = CARTESIAN_POINT('',(41.,-22.5,-414.3));
#13135 = DIRECTION('',(0.,0.707106781187,0.707106781187));
#13136 = DIRECTION('',(0.,-0.707106781187,0.707106781187));
#13137 = PCURVE('',#11680,#13138);
#13138 = DEFINITIONAL_REPRESENTATION('',(#13139),#13149);
#13139 = B_SPLINE_CURVE_WITH_KNOTS('',8,(#13140,#13141,#13142,#13143,
    #13144,#13145,#13146,#13147,#13148),.UNSPECIFIED.,.F.,.F.,(9,9),(0.,
    1.570795673121),.PIECEWISE_BEZIER_KNOTS.);
#13140 = CARTESIAN_POINT('',(4.712388980385,4.));
#13141 = CARTESIAN_POINT('',(4.908738439525,4.));
#13142 = CARTESIAN_POINT('',(5.105087898664,3.823757042736));
#13143 = CARTESIAN_POINT('',(5.301437357792,3.47127262541));
#13144 = CARTESIAN_POINT('',(5.497786816949,2.957035858278));
#13145 = CARTESIAN_POINT('',(5.694136276073,2.310054391024));
#13146 = CARTESIAN_POINT('',(5.890485735224,1.570798359086));
#13147 = CARTESIAN_POINT('',(6.086835194365,0.785400451257));
#13148 = CARTESIAN_POINT('',(6.283184653505,2.61469722318E-06));
#13149 = ( GEOMETRIC_REPRESENTATION_CONTEXT(2) 
PARAMETRIC_REPRESENTATION_CONTEXT() REPRESENTATION_CONTEXT('2D SPACE',''
  ) );
#13150 = PCURVE('',#12555,#13151);
#13151 = DEFINITIONAL_REPRESENTATION('',(#13152),#13162);
#13152 = B_SPLINE_CURVE_WITH_KNOTS('',8,(#13153,#13154,#13155,#13156,
    #13157,#13158,#13159,#13160,#13161),.UNSPECIFIED.,.F.,.F.,(9,9),(0.,
    1.570795673121),.PIECEWISE_BEZIER_KNOTS.);
#13153 = CARTESIAN_POINT('',(1.570796326795,4.));
#13154 = CARTESIAN_POINT('',(1.374446867655,4.));
#13155 = CARTESIAN_POINT('',(1.178097408515,3.823757042739));
#13156 = CARTESIAN_POINT('',(0.981747949371,3.471272625402));
#13157 = CARTESIAN_POINT('',(0.785398490236,2.957035858292));
#13158 = CARTESIAN_POINT('',(0.589049031092,2.310054391016));
#13159 = CARTESIAN_POINT('',(0.392699571955,1.570798359088));
#13160 = CARTESIAN_POINT('',(0.196350112814,0.785400451257));
#13161 = CARTESIAN_POINT('',(6.536743200059E-07,2.614697280023E-06));
#13162 = ( GEOMETRIC_REPRESENTATION_CONTEXT(2) 
PARAMETRIC_REPRESENTATION_CONTEXT() REPRESENTATION_CONTEXT('2D SPACE',''
  ) );
#13163 = ORIENTED_EDGE('',*,*,#13164,.T.);
#13164 = EDGE_CURVE('',#13129,#13039,#13165,.T.);
#13165 = SURFACE_CURVE('',#13166,(#13171,#13181),.PCURVE_S1.);
#13166 = ELLIPSE('',#13167,5.656854249492,4.);
#13167 = AXIS2_PLACEMENT_3D('',#13168,#13169,#13170);
#13168 = CARTESIAN_POINT('',(41.,-22.5,-414.3));
#13169 = DIRECTION('',(0.,0.707106781187,0.707106781187));
#13170 = DIRECTION('',(0.,-0.707106781187,0.707106781187));
#13171 = PCURVE('',#11680,#13172);
#13172 = DEFINITIONAL_REPRESENTATION('',(#13173),#13180);
#13173 = B_SPLINE_CURVE_WITH_KNOTS('',5,(#13174,#13175,#13176,#13177,
    #13178,#13179),.UNSPECIFIED.,.F.,.F.,(6,6),(1.570795673121,
    1.570796942193),.PIECEWISE_BEZIER_KNOTS.);
#13174 = CARTESIAN_POINT('',(6.283184653505,2.61469722318E-06));
#13175 = CARTESIAN_POINT('',(6.28318490732,1.599439261213E-06));
#13176 = CARTESIAN_POINT('',(6.283185161134,5.841812581181E-07));
#13177 = CARTESIAN_POINT('',(6.283185414949,-4.310765233092E-07));
#13178 = CARTESIAN_POINT('',(6.283185668763,-1.4463346389E-06));
#13179 = CARTESIAN_POINT('',(6.283185922578,-2.461592600866E-06));
#13180 = ( GEOMETRIC_REPRESENTATION_CONTEXT(2) 
PARAMETRIC_REPRESENTATION_CONTEXT() REPRESENTATION_CONTEXT('2D SPACE',''
  ) );
#13181 = PCURVE('',#12555,#13182);
#13182 = DEFINITIONAL_REPRESENTATION('',(#13183),#13190);
#13183 = B_SPLINE_CURVE_WITH_KNOTS('',5,(#13184,#13185,#13186,#13187,
    #13188,#13189),.UNSPECIFIED.,.F.,.F.,(6,6),(1.570795673121,
    1.570796942193),.PIECEWISE_BEZIER_KNOTS.);
#13184 = CARTESIAN_POINT('',(6.536743200059E-07,2.614697280023E-06));
#13185 = CARTESIAN_POINT('',(3.998598295141E-07,1.599439318057E-06));
#13186 = CARTESIAN_POINT('',(1.460453287404E-07,5.841813572032E-07));
#13187 = CARTESIAN_POINT('',(-1.077691166165E-07,-4.310766018332E-07));
#13188 = CARTESIAN_POINT('',(-3.61583645514E-07,-1.446334567845E-06));
#13189 = CARTESIAN_POINT('',(-6.153981360058E-07,-2.461592529812E-06));
#13190 = ( GEOMETRIC_REPRESENTATION_CONTEXT(2) 
PARAMETRIC_REPRESENTATION_CONTEXT() REPRESENTATION_CONTEXT('2D SPACE',''
  ) );
#13191 = ADVANCED_FACE('',(#13192),#11773,.F.);
#13192 = FACE_BOUND('',#13193,.F.);
#13193 = EDGE_LOOP('',(#13194,#13195,#13218,#13245));
#13194 = ORIENTED_EDGE('',*,*,#11752,.F.);
#13195 = ORIENTED_EDGE('',*,*,#13196,.F.);
#13196 = EDGE_CURVE('',#13197,#11753,#13199,.T.);
#13197 = VERTEX_POINT('',#13198);
#13198 = CARTESIAN_POINT('',(35.3,-25.5,-407.25));
#13199 = SEAM_CURVE('',#13200,(#13204,#13211),.PCURVE_S1.);
#13200 = LINE('',#13201,#13202);
#13201 = CARTESIAN_POINT('',(35.3,-25.5,-407.25));
#13202 = VECTOR('',#13203,1.);
#13203 = DIRECTION('',(0.,-1.,2.22044604925E-16));
#13204 = PCURVE('',#11773,#13205);
#13205 = DEFINITIONAL_REPRESENTATION('',(#13206),#13210);
#13206 = LINE('',#13207,#13208);
#13207 = CARTESIAN_POINT('',(6.28318530718,-0.));
#13208 = VECTOR('',#13209,1.);
#13209 = DIRECTION('',(0.,1.));
#13210 = ( GEOMETRIC_REPRESENTATION_CONTEXT(2) 
PARAMETRIC_REPRESENTATION_CONTEXT() REPRESENTATION_CONTEXT('2D SPACE',''
  ) );
#13211 = PCURVE('',#11773,#13212);
#13212 = DEFINITIONAL_REPRESENTATION('',(#13213),#13217);
#13213 = LINE('',#13214,#13215);
#13214 = CARTESIAN_POINT('',(0.,-0.));
#13215 = VECTOR('',#13216,1.);
#13216 = DIRECTION('',(0.,1.));
#13217 = ( GEOMETRIC_REPRESENTATION_CONTEXT(2) 
PARAMETRIC_REPRESENTATION_CONTEXT() REPRESENTATION_CONTEXT('2D SPACE',''
  ) );
#13218 = ORIENTED_EDGE('',*,*,#13219,.T.);
#13219 = EDGE_CURVE('',#13197,#13197,#13220,.T.);
#13220 = SURFACE_CURVE('',#13221,(#13226,#13233),.PCURVE_S1.);
#13221 = CIRCLE('',#13222,0.8);
#13222 = AXIS2_PLACEMENT_3D('',#13223,#13224,#13225);
#13223 = CARTESIAN_POINT('',(34.5,-25.5,-407.25));
#13224 = DIRECTION('',(0.,-1.,2.22044604925E-16));
#13225 = DIRECTION('',(1.,0.,0.));
#13226 = PCURVE('',#11773,#13227);
#13227 = DEFINITIONAL_REPRESENTATION('',(#13228),#13232);
#13228 = LINE('',#13229,#13230);
#13229 = CARTESIAN_POINT('',(0.,0.));
#13230 = VECTOR('',#13231,1.);
#13231 = DIRECTION('',(1.,0.));
#13232 = ( GEOMETRIC_REPRESENTATION_CONTEXT(2) 
PARAMETRIC_REPRESENTATION_CONTEXT() REPRESENTATION_CONTEXT('2D SPACE',''
  ) );
#13233 = PCURVE('',#13234,#13239);
#13234 = PLANE('',#13235);
#13235 = AXIS2_PLACEMENT_3D('',#13236,#13237,#13238);
#13236 = CARTESIAN_POINT('',(34.5,-25.5,-407.25));
#13237 = DIRECTION('',(0.,-1.,2.22044604925E-16));
#13238 = DIRECTION('',(1.,0.,0.));
#13239 = DEFINITIONAL_REPRESENTATION('',(#13240),#13244);
#13240 = CIRCLE('',#13241,0.8);
#13241 = AXIS2_PLACEMENT_2D('',#13242,#13243);
#13242 = CARTESIAN_POINT('',(0.,0.));
#13243 = DIRECTION('',(1.,0.));
#13244 = ( GEOMETRIC_REPRESENTATION_CONTEXT(2) 
PARAMETRIC_REPRESENTATION_CONTEXT() REPRESENTATION_CONTEXT('2D SPACE',''
  ) );
#13245 = ORIENTED_EDGE('',*,*,#13196,.T.);
#13246 = ADVANCED_FACE('',(#13247),#11808,.F.);
#13247 = FACE_BOUND('',#13248,.F.);
#13248 = EDGE_LOOP('',(#13249,#13250,#13273,#13300));
#13249 = ORIENTED_EDGE('',*,*,#11787,.F.);
#13250 = ORIENTED_EDGE('',*,*,#13251,.F.);
#13251 = EDGE_CURVE('',#13252,#11788,#13254,.T.);
#13252 = VERTEX_POINT('',#13253);
#13253 = CARTESIAN_POINT('',(35.3,-25.5,-383.25));
#13254 = SEAM_CURVE('',#13255,(#13259,#13266),.PCURVE_S1.);
#13255 = LINE('',#13256,#13257);
#13256 = CARTESIAN_POINT('',(35.3,-25.5,-383.25));
#13257 = VECTOR('',#13258,1.);
#13258 = DIRECTION('',(0.,-1.,2.22044604925E-16));
#13259 = PCURVE('',#11808,#13260);
#13260 = DEFINITIONAL_REPRESENTATION('',(#13261),#13265);
#13261 = LINE('',#13262,#13263);
#13262 = CARTESIAN_POINT('',(6.28318530718,-0.));
#13263 = VECTOR('',#13264,1.);
#13264 = DIRECTION('',(0.,1.));
#13265 = ( GEOMETRIC_REPRESENTATION_CONTEXT(2) 
PARAMETRIC_REPRESENTATION_CONTEXT() REPRESENTATION_CONTEXT('2D SPACE',''
  ) );
#13266 = PCURVE('',#11808,#13267);
#13267 = DEFINITIONAL_REPRESENTATION('',(#13268),#13272);
#13268 = LINE('',#13269,#13270);
#13269 = CARTESIAN_POINT('',(0.,-0.));
#13270 = VECTOR('',#13271,1.);
#13271 = DIRECTION('',(0.,1.));
#13272 = ( GEOMETRIC_REPRESENTATION_CONTEXT(2) 
PARAMETRIC_REPRESENTATION_CONTEXT() REPRESENTATION_CONTEXT('2D SPACE',''
  ) );
#13273 = ORIENTED_EDGE('',*,*,#13274,.T.);
#13274 = EDGE_CURVE('',#13252,#13252,#13275,.T.);
#13275 = SURFACE_CURVE('',#13276,(#13281,#13288),.PCURVE_S1.);
#13276 = CIRCLE('',#13277,0.8);
#13277 = AXIS2_PLACEMENT_3D('',#13278,#13279,#13280);
#13278 = CARTESIAN_POINT('',(34.5,-25.5,-383.25));
#13279 = DIRECTION('',(0.,-1.,2.22044604925E-16));
#13280 = DIRECTION('',(1.,0.,0.));
#13281 = PCURVE('',#11808,#13282);
#13282 = DEFINITIONAL_REPRESENTATION('',(#13283),#13287);
#13283 = LINE('',#13284,#13285);
#13284 = CARTESIAN_POINT('',(0.,0.));
#13285 = VECTOR('',#13286,1.);
#13286 = DIRECTION('',(1.,0.));
#13287 = ( GEOMETRIC_REPRESENTATION_CONTEXT(2) 
PARAMETRIC_REPRESENTATION_CONTEXT() REPRESENTATION_CONTEXT('2D SPACE',''
  ) );
#13288 = PCURVE('',#13289,#13294);
#13289 = PLANE('',#13290);
#13290 = AXIS2_PLACEMENT_3D('',#13291,#13292,#13293);
#13291 = CARTESIAN_POINT('',(34.5,-25.5,-383.25));
#13292 = DIRECTION('',(0.,-1.,2.22044604925E-16));
#13293 = DIRECTION('',(1.,0.,0.));
#13294 = DEFINITIONAL_REPRESENTATION('',(#13295),#13299);
#13295 = CIRCLE('',#13296,0.8);
#13296 = AXIS2_PLACEMENT_2D('',#13297,#13298);
#13297 = CARTESIAN_POINT('',(0.,0.));
#13298 = DIRECTION('',(1.,0.));
#13299 = ( GEOMETRIC_REPRESENTATION_CONTEXT(2) 
PARAMETRIC_REPRESENTATION_CONTEXT() REPRESENTATION_CONTEXT('2D SPACE',''
  ) );
#13300 = ORIENTED_EDGE('',*,*,#13251,.T.);
#13301 = ADVANCED_FACE('',(#13302),#11840,.F.);
#13302 = FACE_BOUND('',#13303,.F.);
#13303 = EDGE_LOOP('',(#13304,#13327,#13328,#13351));
#13304 = ORIENTED_EDGE('',*,*,#13305,.F.);
#13305 = EDGE_CURVE('',#11823,#13306,#13308,.T.);
#13306 = VERTEX_POINT('',#13307);
#13307 = CARTESIAN_POINT('',(24.3,-17.,-388.05));
#13308 = SURFACE_CURVE('',#13309,(#13313,#13320),.PCURVE_S1.);
#13309 = LINE('',#13310,#13311);
#13310 = CARTESIAN_POINT('',(24.3,-30.5,-388.05));
#13311 = VECTOR('',#13312,1.);
#13312 = DIRECTION('',(-0.,1.,0.));
#13313 = PCURVE('',#11840,#13314);
#13314 = DEFINITIONAL_REPRESENTATION('',(#13315),#13319);
#13315 = LINE('',#13316,#13317);
#13316 = CARTESIAN_POINT('',(0.,0.));
#13317 = VECTOR('',#13318,1.);
#13318 = DIRECTION('',(0.,1.));
#13319 = ( GEOMETRIC_REPRESENTATION_CONTEXT(2) 
PARAMETRIC_REPRESENTATION_CONTEXT() REPRESENTATION_CONTEXT('2D SPACE',''
  ) );
#13320 = PCURVE('',#11868,#13321);
#13321 = DEFINITIONAL_REPRESENTATION('',(#13322),#13326);
#13322 = LINE('',#13323,#13324);
#13323 = CARTESIAN_POINT('',(14.4,0.));
#13324 = VECTOR('',#13325,1.);
#13325 = DIRECTION('',(0.,-1.));
#13326 = ( GEOMETRIC_REPRESENTATION_CONTEXT(2) 
PARAMETRIC_REPRESENTATION_CONTEXT() REPRESENTATION_CONTEXT('2D SPACE',''
  ) );
#13327 = ORIENTED_EDGE('',*,*,#11822,.T.);
#13328 = ORIENTED_EDGE('',*,*,#13329,.T.);
#13329 = EDGE_CURVE('',#11825,#13330,#13332,.T.);
#13330 = VERTEX_POINT('',#13331);
#13331 = CARTESIAN_POINT('',(44.7,-17.,-388.05));
#13332 = SURFACE_CURVE('',#13333,(#13337,#13344),.PCURVE_S1.);
#13333 = LINE('',#13334,#13335);
#13334 = CARTESIAN_POINT('',(44.7,-30.5,-388.05));
#13335 = VECTOR('',#13336,1.);
#13336 = DIRECTION('',(-0.,1.,0.));
#13337 = PCURVE('',#11840,#13338);
#13338 = DEFINITIONAL_REPRESENTATION('',(#13339),#13343);
#13339 = LINE('',#13340,#13341);
#13340 = CARTESIAN_POINT('',(20.4,0.));
#13341 = VECTOR('',#13342,1.);
#13342 = DIRECTION('',(0.,1.));
#13343 = ( GEOMETRIC_REPRESENTATION_CONTEXT(2) 
PARAMETRIC_REPRESENTATION_CONTEXT() REPRESENTATION_CONTEXT('2D SPACE',''
  ) );
#13344 = PCURVE('',#11922,#13345);
#13345 = DEFINITIONAL_REPRESENTATION('',(#13346),#13350);
#13346 = LINE('',#13347,#13348);
#13347 = CARTESIAN_POINT('',(14.4,0.));
#13348 = VECTOR('',#13349,1.);
#13349 = DIRECTION('',(0.,-1.));
#13350 = ( GEOMETRIC_REPRESENTATION_CONTEXT(2) 
PARAMETRIC_REPRESENTATION_CONTEXT() REPRESENTATION_CONTEXT('2D SPACE',''
  ) );
#13351 = ORIENTED_EDGE('',*,*,#13352,.F.);
#13352 = EDGE_CURVE('',#13306,#13330,#13353,.T.);
#13353 = SURFACE_CURVE('',#13354,(#13358,#13365),.PCURVE_S1.);
#13354 = LINE('',#13355,#13356);
#13355 = CARTESIAN_POINT('',(24.3,-17.,-388.05));
#13356 = VECTOR('',#13357,1.);
#13357 = DIRECTION('',(1.,0.,-0.));
#13358 = PCURVE('',#11840,#13359);
#13359 = DEFINITIONAL_REPRESENTATION('',(#13360),#13364);
#13360 = LINE('',#13361,#13362);
#13361 = CARTESIAN_POINT('',(0.,13.5));
#13362 = VECTOR('',#13363,1.);
#13363 = DIRECTION('',(1.,0.));
#13364 = ( GEOMETRIC_REPRESENTATION_CONTEXT(2) 
PARAMETRIC_REPRESENTATION_CONTEXT() REPRESENTATION_CONTEXT('2D SPACE',''
  ) );
#13365 = PCURVE('',#13366,#13371);
#13366 = PLANE('',#13367);
#13367 = AXIS2_PLACEMENT_3D('',#13368,#13369,#13370);
#13368 = CARTESIAN_POINT('',(24.3,-17.,-402.45));
#13369 = DIRECTION('',(-0.,1.,0.));
#13370 = DIRECTION('',(0.,0.,1.));
#13371 = DEFINITIONAL_REPRESENTATION('',(#13372),#13376);
#13372 = LINE('',#13373,#13374);
#13373 = CARTESIAN_POINT('',(14.4,0.));
#13374 = VECTOR('',#13375,1.);
#13375 = DIRECTION('',(0.,1.));
#13376 = ( GEOMETRIC_REPRESENTATION_CONTEXT(2) 
PARAMETRIC_REPRESENTATION_CONTEXT() REPRESENTATION_CONTEXT('2D SPACE',''
  ) );
#13377 = ADVANCED_FACE('',(#13378),#11922,.F.);
#13378 = FACE_BOUND('',#13379,.F.);
#13379 = EDGE_LOOP('',(#13380,#13381,#13404,#13425));
#13380 = ORIENTED_EDGE('',*,*,#11908,.F.);
#13381 = ORIENTED_EDGE('',*,*,#13382,.T.);
#13382 = EDGE_CURVE('',#11881,#13383,#13385,.T.);
#13383 = VERTEX_POINT('',#13384);
#13384 = CARTESIAN_POINT('',(44.7,-17.,-402.45));
#13385 = SURFACE_CURVE('',#13386,(#13390,#13397),.PCURVE_S1.);
#13386 = LINE('',#13387,#13388);
#13387 = CARTESIAN_POINT('',(44.7,-30.5,-402.45));
#13388 = VECTOR('',#13389,1.);
#13389 = DIRECTION('',(-0.,1.,0.));
#13390 = PCURVE('',#11922,#13391);
#13391 = DEFINITIONAL_REPRESENTATION('',(#13392),#13396);
#13392 = LINE('',#13393,#13394);
#13393 = CARTESIAN_POINT('',(0.,0.));
#13394 = VECTOR('',#13395,1.);
#13395 = DIRECTION('',(0.,-1.));
#13396 = ( GEOMETRIC_REPRESENTATION_CONTEXT(2) 
PARAMETRIC_REPRESENTATION_CONTEXT() REPRESENTATION_CONTEXT('2D SPACE',''
  ) );
#13397 = PCURVE('',#11896,#13398);
#13398 = DEFINITIONAL_REPRESENTATION('',(#13399),#13403);
#13399 = LINE('',#13400,#13401);
#13400 = CARTESIAN_POINT('',(20.4,0.));
#13401 = VECTOR('',#13402,1.);
#13402 = DIRECTION('',(0.,1.));
#13403 = ( GEOMETRIC_REPRESENTATION_CONTEXT(2) 
PARAMETRIC_REPRESENTATION_CONTEXT() REPRESENTATION_CONTEXT('2D SPACE',''
  ) );
#13404 = ORIENTED_EDGE('',*,*,#13405,.T.);
#13405 = EDGE_CURVE('',#13383,#13330,#13406,.T.);
#13406 = SURFACE_CURVE('',#13407,(#13411,#13418),.PCURVE_S1.);
#13407 = LINE('',#13408,#13409);
#13408 = CARTESIAN_POINT('',(44.7,-17.,-402.45));
#13409 = VECTOR('',#13410,1.);
#13410 = DIRECTION('',(0.,0.,1.));
#13411 = PCURVE('',#11922,#13412);
#13412 = DEFINITIONAL_REPRESENTATION('',(#13413),#13417);
#13413 = LINE('',#13414,#13415);
#13414 = CARTESIAN_POINT('',(0.,-13.5));
#13415 = VECTOR('',#13416,1.);
#13416 = DIRECTION('',(1.,0.));
#13417 = ( GEOMETRIC_REPRESENTATION_CONTEXT(2) 
PARAMETRIC_REPRESENTATION_CONTEXT() REPRESENTATION_CONTEXT('2D SPACE',''
  ) );
#13418 = PCURVE('',#13366,#13419);
#13419 = DEFINITIONAL_REPRESENTATION('',(#13420),#13424);
#13420 = LINE('',#13421,#13422);
#13421 = CARTESIAN_POINT('',(0.,20.4));
#13422 = VECTOR('',#13423,1.);
#13423 = DIRECTION('',(1.,0.));
#13424 = ( GEOMETRIC_REPRESENTATION_CONTEXT(2) 
PARAMETRIC_REPRESENTATION_CONTEXT() REPRESENTATION_CONTEXT('2D SPACE',''
  ) );
#13425 = ORIENTED_EDGE('',*,*,#13329,.F.);
#13426 = ADVANCED_FACE('',(#13427),#11868,.T.);
#13427 = FACE_BOUND('',#13428,.T.);
#13428 = EDGE_LOOP('',(#13429,#13430,#13453,#13474));
#13429 = ORIENTED_EDGE('',*,*,#11852,.F.);
#13430 = ORIENTED_EDGE('',*,*,#13431,.T.);
#13431 = EDGE_CURVE('',#11853,#13432,#13434,.T.);
#13432 = VERTEX_POINT('',#13433);
#13433 = CARTESIAN_POINT('',(24.3,-17.,-402.45));
#13434 = SURFACE_CURVE('',#13435,(#13439,#13446),.PCURVE_S1.);
#13435 = LINE('',#13436,#13437);
#13436 = CARTESIAN_POINT('',(24.3,-30.5,-402.45));
#13437 = VECTOR('',#13438,1.);
#13438 = DIRECTION('',(-0.,1.,0.));
#13439 = PCURVE('',#11868,#13440);
#13440 = DEFINITIONAL_REPRESENTATION('',(#13441),#13445);
#13441 = LINE('',#13442,#13443);
#13442 = CARTESIAN_POINT('',(0.,0.));
#13443 = VECTOR('',#13444,1.);
#13444 = DIRECTION('',(0.,-1.));
#13445 = ( GEOMETRIC_REPRESENTATION_CONTEXT(2) 
PARAMETRIC_REPRESENTATION_CONTEXT() REPRESENTATION_CONTEXT('2D SPACE',''
  ) );
#13446 = PCURVE('',#11896,#13447);
#13447 = DEFINITIONAL_REPRESENTATION('',(#13448),#13452);
#13448 = LINE('',#13449,#13450);
#13449 = CARTESIAN_POINT('',(0.,0.));
#13450 = VECTOR('',#13451,1.);
#13451 = DIRECTION('',(0.,1.));
#13452 = ( GEOMETRIC_REPRESENTATION_CONTEXT(2) 
PARAMETRIC_REPRESENTATION_CONTEXT() REPRESENTATION_CONTEXT('2D SPACE',''
  ) );
#13453 = ORIENTED_EDGE('',*,*,#13454,.T.);
#13454 = EDGE_CURVE('',#13432,#13306,#13455,.T.);
#13455 = SURFACE_CURVE('',#13456,(#13460,#13467),.PCURVE_S1.);
#13456 = LINE('',#13457,#13458);
#13457 = CARTESIAN_POINT('',(24.3,-17.,-402.45));
#13458 = VECTOR('',#13459,1.);
#13459 = DIRECTION('',(0.,0.,1.));
#13460 = PCURVE('',#11868,#13461);
#13461 = DEFINITIONAL_REPRESENTATION('',(#13462),#13466);
#13462 = LINE('',#13463,#13464);
#13463 = CARTESIAN_POINT('',(0.,-13.5));
#13464 = VECTOR('',#13465,1.);
#13465 = DIRECTION('',(1.,0.));
#13466 = ( GEOMETRIC_REPRESENTATION_CONTEXT(2) 
PARAMETRIC_REPRESENTATION_CONTEXT() REPRESENTATION_CONTEXT('2D SPACE',''
  ) );
#13467 = PCURVE('',#13366,#13468);
#13468 = DEFINITIONAL_REPRESENTATION('',(#13469),#13473);
#13469 = LINE('',#13470,#13471);
#13470 = CARTESIAN_POINT('',(0.,0.));
#13471 = VECTOR('',#13472,1.);
#13472 = DIRECTION('',(1.,0.));
#13473 = ( GEOMETRIC_REPRESENTATION_CONTEXT(2) 
PARAMETRIC_REPRESENTATION_CONTEXT() REPRESENTATION_CONTEXT('2D SPACE',''
  ) );
#13474 = ORIENTED_EDGE('',*,*,#13305,.F.);
#13475 = ADVANCED_FACE('',(#13476,#13502),#11896,.T.);
#13476 = FACE_BOUND('',#13477,.T.);
#13477 = EDGE_LOOP('',(#13478,#13479,#13480,#13481));
#13478 = ORIENTED_EDGE('',*,*,#13431,.F.);
#13479 = ORIENTED_EDGE('',*,*,#11880,.T.);
#13480 = ORIENTED_EDGE('',*,*,#13382,.T.);
#13481 = ORIENTED_EDGE('',*,*,#13482,.F.);
#13482 = EDGE_CURVE('',#13432,#13383,#13483,.T.);
#13483 = SURFACE_CURVE('',#13484,(#13488,#13495),.PCURVE_S1.);
#13484 = LINE('',#13485,#13486);
#13485 = CARTESIAN_POINT('',(24.3,-17.,-402.45));
#13486 = VECTOR('',#13487,1.);
#13487 = DIRECTION('',(1.,0.,-0.));
#13488 = PCURVE('',#11896,#13489);
#13489 = DEFINITIONAL_REPRESENTATION('',(#13490),#13494);
#13490 = LINE('',#13491,#13492);
#13491 = CARTESIAN_POINT('',(0.,13.5));
#13492 = VECTOR('',#13493,1.);
#13493 = DIRECTION('',(1.,0.));
#13494 = ( GEOMETRIC_REPRESENTATION_CONTEXT(2) 
PARAMETRIC_REPRESENTATION_CONTEXT() REPRESENTATION_CONTEXT('2D SPACE',''
  ) );
#13495 = PCURVE('',#13366,#13496);
#13496 = DEFINITIONAL_REPRESENTATION('',(#13497),#13501);
#13497 = LINE('',#13498,#13499);
#13498 = CARTESIAN_POINT('',(0.,0.));
#13499 = VECTOR('',#13500,1.);
#13500 = DIRECTION('',(0.,1.));
#13501 = ( GEOMETRIC_REPRESENTATION_CONTEXT(2) 
PARAMETRIC_REPRESENTATION_CONTEXT() REPRESENTATION_CONTEXT('2D SPACE',''
  ) );
#13502 = FACE_BOUND('',#13503,.T.);
#13503 = EDGE_LOOP('',(#13504));
#13504 = ORIENTED_EDGE('',*,*,#13505,.F.);
#13505 = EDGE_CURVE('',#13506,#13506,#13508,.T.);
#13506 = VERTEX_POINT('',#13507);
#13507 = CARTESIAN_POINT('',(43.5,-22.5,-402.45));
#13508 = SURFACE_CURVE('',#13509,(#13514,#13521),.PCURVE_S1.);
#13509 = CIRCLE('',#13510,2.5);
#13510 = AXIS2_PLACEMENT_3D('',#13511,#13512,#13513);
#13511 = CARTESIAN_POINT('',(41.,-22.5,-402.45));
#13512 = DIRECTION('',(0.,0.,1.));
#13513 = DIRECTION('',(1.,0.,-0.));
#13514 = PCURVE('',#11896,#13515);
#13515 = DEFINITIONAL_REPRESENTATION('',(#13516),#13520);
#13516 = CIRCLE('',#13517,2.5);
#13517 = AXIS2_PLACEMENT_2D('',#13518,#13519);
#13518 = CARTESIAN_POINT('',(16.7,8.));
#13519 = DIRECTION('',(1.,0.));
#13520 = ( GEOMETRIC_REPRESENTATION_CONTEXT(2) 
PARAMETRIC_REPRESENTATION_CONTEXT() REPRESENTATION_CONTEXT('2D SPACE',''
  ) );
#13521 = PCURVE('',#13522,#13527);
#13522 = CYLINDRICAL_SURFACE('',#13523,2.5);
#13523 = AXIS2_PLACEMENT_3D('',#13524,#13525,#13526);
#13524 = CARTESIAN_POINT('',(41.,-22.5,-410.75));
#13525 = DIRECTION('',(0.,0.,1.));
#13526 = DIRECTION('',(1.,0.,-0.));
#13527 = DEFINITIONAL_REPRESENTATION('',(#13528),#13532);
#13528 = LINE('',#13529,#13530);
#13529 = CARTESIAN_POINT('',(0.,8.3));
#13530 = VECTOR('',#13531,1.);
#13531 = DIRECTION('',(1.,0.));
#13532 = ( GEOMETRIC_REPRESENTATION_CONTEXT(2) 
PARAMETRIC_REPRESENTATION_CONTEXT() REPRESENTATION_CONTEXT('2D SPACE',''
  ) );
#13533 = ADVANCED_FACE('',(#13534),#12037,.F.);
#13534 = FACE_BOUND('',#13535,.F.);
#13535 = EDGE_LOOP('',(#13536,#13565,#13586,#13587));
#13536 = ORIENTED_EDGE('',*,*,#13537,.F.);
#13537 = EDGE_CURVE('',#13538,#13538,#13540,.T.);
#13538 = VERTEX_POINT('',#13539);
#13539 = CARTESIAN_POINT('',(35.3,25.5,-407.25));
#13540 = SURFACE_CURVE('',#13541,(#13546,#13553),.PCURVE_S1.);
#13541 = CIRCLE('',#13542,0.8);
#13542 = AXIS2_PLACEMENT_3D('',#13543,#13544,#13545);
#13543 = CARTESIAN_POINT('',(34.5,25.5,-407.25));
#13544 = DIRECTION('',(0.,-1.,2.22044604925E-16));
#13545 = DIRECTION('',(1.,0.,0.));
#13546 = PCURVE('',#12037,#13547);
#13547 = DEFINITIONAL_REPRESENTATION('',(#13548),#13552);
#13548 = LINE('',#13549,#13550);
#13549 = CARTESIAN_POINT('',(0.,5.));
#13550 = VECTOR('',#13551,1.);
#13551 = DIRECTION('',(1.,0.));
#13552 = ( GEOMETRIC_REPRESENTATION_CONTEXT(2) 
PARAMETRIC_REPRESENTATION_CONTEXT() REPRESENTATION_CONTEXT('2D SPACE',''
  ) );
#13553 = PCURVE('',#13554,#13559);
#13554 = PLANE('',#13555);
#13555 = AXIS2_PLACEMENT_3D('',#13556,#13557,#13558);
#13556 = CARTESIAN_POINT('',(34.5,25.5,-407.25));
#13557 = DIRECTION('',(0.,-1.,2.22044604925E-16));
#13558 = DIRECTION('',(1.,0.,0.));
#13559 = DEFINITIONAL_REPRESENTATION('',(#13560),#13564);
#13560 = CIRCLE('',#13561,0.8);
#13561 = AXIS2_PLACEMENT_2D('',#13562,#13563);
#13562 = CARTESIAN_POINT('',(0.,0.));
#13563 = DIRECTION('',(1.,0.));
#13564 = ( GEOMETRIC_REPRESENTATION_CONTEXT(2) 
PARAMETRIC_REPRESENTATION_CONTEXT() REPRESENTATION_CONTEXT('2D SPACE',''
  ) );
#13565 = ORIENTED_EDGE('',*,*,#13566,.F.);
#13566 = EDGE_CURVE('',#12017,#13538,#13567,.T.);
#13567 = SEAM_CURVE('',#13568,(#13572,#13579),.PCURVE_S1.);
#13568 = LINE('',#13569,#13570);
#13569 = CARTESIAN_POINT('',(35.3,30.5,-407.25));
#13570 = VECTOR('',#13571,1.);
#13571 = DIRECTION('',(0.,-1.,2.22044604925E-16));
#13572 = PCURVE('',#12037,#13573);
#13573 = DEFINITIONAL_REPRESENTATION('',(#13574),#13578);
#13574 = LINE('',#13575,#13576);
#13575 = CARTESIAN_POINT('',(6.28318530718,-0.));
#13576 = VECTOR('',#13577,1.);
#13577 = DIRECTION('',(0.,1.));
#13578 = ( GEOMETRIC_REPRESENTATION_CONTEXT(2) 
PARAMETRIC_REPRESENTATION_CONTEXT() REPRESENTATION_CONTEXT('2D SPACE',''
  ) );
#13579 = PCURVE('',#12037,#13580);
#13580 = DEFINITIONAL_REPRESENTATION('',(#13581),#13585);
#13581 = LINE('',#13582,#13583);
#13582 = CARTESIAN_POINT('',(0.,-0.));
#13583 = VECTOR('',#13584,1.);
#13584 = DIRECTION('',(0.,1.));
#13585 = ( GEOMETRIC_REPRESENTATION_CONTEXT(2) 
PARAMETRIC_REPRESENTATION_CONTEXT() REPRESENTATION_CONTEXT('2D SPACE',''
  ) );
#13586 = ORIENTED_EDGE('',*,*,#12016,.T.);
#13587 = ORIENTED_EDGE('',*,*,#13566,.T.);
#13588 = ADVANCED_FACE('',(#13589),#12072,.F.);
#13589 = FACE_BOUND('',#13590,.F.);
#13590 = EDGE_LOOP('',(#13591,#13620,#13641,#13642));
#13591 = ORIENTED_EDGE('',*,*,#13592,.F.);
#13592 = EDGE_CURVE('',#13593,#13593,#13595,.T.);
#13593 = VERTEX_POINT('',#13594);
#13594 = CARTESIAN_POINT('',(35.3,25.5,-383.25));
#13595 = SURFACE_CURVE('',#13596,(#13601,#13608),.PCURVE_S1.);
#13596 = CIRCLE('',#13597,0.8);
#13597 = AXIS2_PLACEMENT_3D('',#13598,#13599,#13600);
#13598 = CARTESIAN_POINT('',(34.5,25.5,-383.25));
#13599 = DIRECTION('',(0.,-1.,2.22044604925E-16));
#13600 = DIRECTION('',(1.,0.,0.));
#13601 = PCURVE('',#12072,#13602);
#13602 = DEFINITIONAL_REPRESENTATION('',(#13603),#13607);
#13603 = LINE('',#13604,#13605);
#13604 = CARTESIAN_POINT('',(0.,5.));
#13605 = VECTOR('',#13606,1.);
#13606 = DIRECTION('',(1.,0.));
#13607 = ( GEOMETRIC_REPRESENTATION_CONTEXT(2) 
PARAMETRIC_REPRESENTATION_CONTEXT() REPRESENTATION_CONTEXT('2D SPACE',''
  ) );
#13608 = PCURVE('',#13609,#13614);
#13609 = PLANE('',#13610);
#13610 = AXIS2_PLACEMENT_3D('',#13611,#13612,#13613);
#13611 = CARTESIAN_POINT('',(34.5,25.5,-383.25));
#13612 = DIRECTION('',(0.,-1.,2.22044604925E-16));
#13613 = DIRECTION('',(1.,0.,0.));
#13614 = DEFINITIONAL_REPRESENTATION('',(#13615),#13619);
#13615 = CIRCLE('',#13616,0.8);
#13616 = AXIS2_PLACEMENT_2D('',#13617,#13618);
#13617 = CARTESIAN_POINT('',(0.,0.));
#13618 = DIRECTION('',(1.,0.));
#13619 = ( GEOMETRIC_REPRESENTATION_CONTEXT(2) 
PARAMETRIC_REPRESENTATION_CONTEXT() REPRESENTATION_CONTEXT('2D SPACE',''
  ) );
#13620 = ORIENTED_EDGE('',*,*,#13621,.F.);
#13621 = EDGE_CURVE('',#12052,#13593,#13622,.T.);
#13622 = SEAM_CURVE('',#13623,(#13627,#13634),.PCURVE_S1.);
#13623 = LINE('',#13624,#13625);
#13624 = CARTESIAN_POINT('',(35.3,30.5,-383.25));
#13625 = VECTOR('',#13626,1.);
#13626 = DIRECTION('',(0.,-1.,2.22044604925E-16));
#13627 = PCURVE('',#12072,#13628);
#13628 = DEFINITIONAL_REPRESENTATION('',(#13629),#13633);
#13629 = LINE('',#13630,#13631);
#13630 = CARTESIAN_POINT('',(6.28318530718,-0.));
#13631 = VECTOR('',#13632,1.);
#13632 = DIRECTION('',(0.,1.));
#13633 = ( GEOMETRIC_REPRESENTATION_CONTEXT(2) 
PARAMETRIC_REPRESENTATION_CONTEXT() REPRESENTATION_CONTEXT('2D SPACE',''
  ) );
#13634 = PCURVE('',#12072,#13635);
#13635 = DEFINITIONAL_REPRESENTATION('',(#13636),#13640);
#13636 = LINE('',#13637,#13638);
#13637 = CARTESIAN_POINT('',(0.,-0.));
#13638 = VECTOR('',#13639,1.);
#13639 = DIRECTION('',(0.,1.));
#13640 = ( GEOMETRIC_REPRESENTATION_CONTEXT(2) 
PARAMETRIC_REPRESENTATION_CONTEXT() REPRESENTATION_CONTEXT('2D SPACE',''
  ) );
#13641 = ORIENTED_EDGE('',*,*,#12051,.T.);
#13642 = ORIENTED_EDGE('',*,*,#13621,.T.);
#13643 = ADVANCED_FACE('',(#13644),#12104,.F.);
#13644 = FACE_BOUND('',#13645,.F.);
#13645 = EDGE_LOOP('',(#13646,#13669,#13697,#13718));
#13646 = ORIENTED_EDGE('',*,*,#13647,.F.);
#13647 = EDGE_CURVE('',#13648,#12087,#13650,.T.);
#13648 = VERTEX_POINT('',#13649);
#13649 = CARTESIAN_POINT('',(24.3,17.,-388.05));
#13650 = SURFACE_CURVE('',#13651,(#13655,#13662),.PCURVE_S1.);
#13651 = LINE('',#13652,#13653);
#13652 = CARTESIAN_POINT('',(24.3,17.,-388.05));
#13653 = VECTOR('',#13654,1.);
#13654 = DIRECTION('',(-0.,1.,0.));
#13655 = PCURVE('',#12104,#13656);
#13656 = DEFINITIONAL_REPRESENTATION('',(#13657),#13661);
#13657 = LINE('',#13658,#13659);
#13658 = CARTESIAN_POINT('',(0.,0.));
#13659 = VECTOR('',#13660,1.);
#13660 = DIRECTION('',(0.,1.));
#13661 = ( GEOMETRIC_REPRESENTATION_CONTEXT(2) 
PARAMETRIC_REPRESENTATION_CONTEXT() REPRESENTATION_CONTEXT('2D SPACE',''
  ) );
#13662 = PCURVE('',#12132,#13663);
#13663 = DEFINITIONAL_REPRESENTATION('',(#13664),#13668);
#13664 = LINE('',#13665,#13666);
#13665 = CARTESIAN_POINT('',(14.4,0.));
#13666 = VECTOR('',#13667,1.);
#13667 = DIRECTION('',(0.,-1.));
#13668 = ( GEOMETRIC_REPRESENTATION_CONTEXT(2) 
PARAMETRIC_REPRESENTATION_CONTEXT() REPRESENTATION_CONTEXT('2D SPACE',''
  ) );
#13669 = ORIENTED_EDGE('',*,*,#13670,.T.);
#13670 = EDGE_CURVE('',#13648,#13671,#13673,.T.);
#13671 = VERTEX_POINT('',#13672);
#13672 = CARTESIAN_POINT('',(44.7,17.,-388.05));
#13673 = SURFACE_CURVE('',#13674,(#13678,#13685),.PCURVE_S1.);
#13674 = LINE('',#13675,#13676);
#13675 = CARTESIAN_POINT('',(24.3,17.,-388.05));
#13676 = VECTOR('',#13677,1.);
#13677 = DIRECTION('',(1.,0.,-0.));
#13678 = PCURVE('',#12104,#13679);
#13679 = DEFINITIONAL_REPRESENTATION('',(#13680),#13684);
#13680 = LINE('',#13681,#13682);
#13681 = CARTESIAN_POINT('',(0.,0.));
#13682 = VECTOR('',#13683,1.);
#13683 = DIRECTION('',(1.,0.));
#13684 = ( GEOMETRIC_REPRESENTATION_CONTEXT(2) 
PARAMETRIC_REPRESENTATION_CONTEXT() REPRESENTATION_CONTEXT('2D SPACE',''
  ) );
#13685 = PCURVE('',#13686,#13691);
#13686 = PLANE('',#13687);
#13687 = AXIS2_PLACEMENT_3D('',#13688,#13689,#13690);
#13688 = CARTESIAN_POINT('',(24.3,17.,-402.45));
#13689 = DIRECTION('',(-0.,1.,0.));
#13690 = DIRECTION('',(0.,0.,1.));
#13691 = DEFINITIONAL_REPRESENTATION('',(#13692),#13696);
#13692 = LINE('',#13693,#13694);
#13693 = CARTESIAN_POINT('',(14.4,0.));
#13694 = VECTOR('',#13695,1.);
#13695 = DIRECTION('',(0.,1.));
#13696 = ( GEOMETRIC_REPRESENTATION_CONTEXT(2) 
PARAMETRIC_REPRESENTATION_CONTEXT() REPRESENTATION_CONTEXT('2D SPACE',''
  ) );
#13697 = ORIENTED_EDGE('',*,*,#13698,.T.);
#13698 = EDGE_CURVE('',#13671,#12089,#13699,.T.);
#13699 = SURFACE_CURVE('',#13700,(#13704,#13711),.PCURVE_S1.);
#13700 = LINE('',#13701,#13702);
#13701 = CARTESIAN_POINT('',(44.7,17.,-388.05));
#13702 = VECTOR('',#13703,1.);
#13703 = DIRECTION('',(-0.,1.,0.));
#13704 = PCURVE('',#12104,#13705);
#13705 = DEFINITIONAL_REPRESENTATION('',(#13706),#13710);
#13706 = LINE('',#13707,#13708);
#13707 = CARTESIAN_POINT('',(20.4,0.));
#13708 = VECTOR('',#13709,1.);
#13709 = DIRECTION('',(0.,1.));
#13710 = ( GEOMETRIC_REPRESENTATION_CONTEXT(2) 
PARAMETRIC_REPRESENTATION_CONTEXT() REPRESENTATION_CONTEXT('2D SPACE',''
  ) );
#13711 = PCURVE('',#12186,#13712);
#13712 = DEFINITIONAL_REPRESENTATION('',(#13713),#13717);
#13713 = LINE('',#13714,#13715);
#13714 = CARTESIAN_POINT('',(14.4,0.));
#13715 = VECTOR('',#13716,1.);
#13716 = DIRECTION('',(0.,-1.));
#13717 = ( GEOMETRIC_REPRESENTATION_CONTEXT(2) 
PARAMETRIC_REPRESENTATION_CONTEXT() REPRESENTATION_CONTEXT('2D SPACE',''
  ) );
#13718 = ORIENTED_EDGE('',*,*,#12086,.F.);
#13719 = ADVANCED_FACE('',(#13720),#12186,.F.);
#13720 = FACE_BOUND('',#13721,.F.);
#13721 = EDGE_LOOP('',(#13722,#13745,#13766,#13767));
#13722 = ORIENTED_EDGE('',*,*,#13723,.F.);
#13723 = EDGE_CURVE('',#13724,#13671,#13726,.T.);
#13724 = VERTEX_POINT('',#13725);
#13725 = CARTESIAN_POINT('',(44.7,17.,-402.45));
#13726 = SURFACE_CURVE('',#13727,(#13731,#13738),.PCURVE_S1.);
#13727 = LINE('',#13728,#13729);
#13728 = CARTESIAN_POINT('',(44.7,17.,-402.45));
#13729 = VECTOR('',#13730,1.);
#13730 = DIRECTION('',(0.,0.,1.));
#13731 = PCURVE('',#12186,#13732);
#13732 = DEFINITIONAL_REPRESENTATION('',(#13733),#13737);
#13733 = LINE('',#13734,#13735);
#13734 = CARTESIAN_POINT('',(0.,0.));
#13735 = VECTOR('',#13736,1.);
#13736 = DIRECTION('',(1.,0.));
#13737 = ( GEOMETRIC_REPRESENTATION_CONTEXT(2) 
PARAMETRIC_REPRESENTATION_CONTEXT() REPRESENTATION_CONTEXT('2D SPACE',''
  ) );
#13738 = PCURVE('',#13686,#13739);
#13739 = DEFINITIONAL_REPRESENTATION('',(#13740),#13744);
#13740 = LINE('',#13741,#13742);
#13741 = CARTESIAN_POINT('',(0.,20.4));
#13742 = VECTOR('',#13743,1.);
#13743 = DIRECTION('',(1.,0.));
#13744 = ( GEOMETRIC_REPRESENTATION_CONTEXT(2) 
PARAMETRIC_REPRESENTATION_CONTEXT() REPRESENTATION_CONTEXT('2D SPACE',''
  ) );
#13745 = ORIENTED_EDGE('',*,*,#13746,.T.);
#13746 = EDGE_CURVE('',#13724,#12145,#13747,.T.);
#13747 = SURFACE_CURVE('',#13748,(#13752,#13759),.PCURVE_S1.);
#13748 = LINE('',#13749,#13750);
#13749 = CARTESIAN_POINT('',(44.7,17.,-402.45));
#13750 = VECTOR('',#13751,1.);
#13751 = DIRECTION('',(-0.,1.,0.));
#13752 = PCURVE('',#12186,#13753);
#13753 = DEFINITIONAL_REPRESENTATION('',(#13754),#13758);
#13754 = LINE('',#13755,#13756);
#13755 = CARTESIAN_POINT('',(0.,0.));
#13756 = VECTOR('',#13757,1.);
#13757 = DIRECTION('',(0.,-1.));
#13758 = ( GEOMETRIC_REPRESENTATION_CONTEXT(2) 
PARAMETRIC_REPRESENTATION_CONTEXT() REPRESENTATION_CONTEXT('2D SPACE',''
  ) );
#13759 = PCURVE('',#12160,#13760);
#13760 = DEFINITIONAL_REPRESENTATION('',(#13761),#13765);
#13761 = LINE('',#13762,#13763);
#13762 = CARTESIAN_POINT('',(20.4,0.));
#13763 = VECTOR('',#13764,1.);
#13764 = DIRECTION('',(0.,1.));
#13765 = ( GEOMETRIC_REPRESENTATION_CONTEXT(2) 
PARAMETRIC_REPRESENTATION_CONTEXT() REPRESENTATION_CONTEXT('2D SPACE',''
  ) );
#13766 = ORIENTED_EDGE('',*,*,#12172,.T.);
#13767 = ORIENTED_EDGE('',*,*,#13698,.F.);
#13768 = ADVANCED_FACE('',(#13769),#12132,.T.);
#13769 = FACE_BOUND('',#13770,.T.);
#13770 = EDGE_LOOP('',(#13771,#13794,#13815,#13816));
#13771 = ORIENTED_EDGE('',*,*,#13772,.F.);
#13772 = EDGE_CURVE('',#13773,#13648,#13775,.T.);
#13773 = VERTEX_POINT('',#13774);
#13774 = CARTESIAN_POINT('',(24.3,17.,-402.45));
#13775 = SURFACE_CURVE('',#13776,(#13780,#13787),.PCURVE_S1.);
#13776 = LINE('',#13777,#13778);
#13777 = CARTESIAN_POINT('',(24.3,17.,-402.45));
#13778 = VECTOR('',#13779,1.);
#13779 = DIRECTION('',(0.,0.,1.));
#13780 = PCURVE('',#12132,#13781);
#13781 = DEFINITIONAL_REPRESENTATION('',(#13782),#13786);
#13782 = LINE('',#13783,#13784);
#13783 = CARTESIAN_POINT('',(0.,0.));
#13784 = VECTOR('',#13785,1.);
#13785 = DIRECTION('',(1.,0.));
#13786 = ( GEOMETRIC_REPRESENTATION_CONTEXT(2) 
PARAMETRIC_REPRESENTATION_CONTEXT() REPRESENTATION_CONTEXT('2D SPACE',''
  ) );
#13787 = PCURVE('',#13686,#13788);
#13788 = DEFINITIONAL_REPRESENTATION('',(#13789),#13793);
#13789 = LINE('',#13790,#13791);
#13790 = CARTESIAN_POINT('',(0.,0.));
#13791 = VECTOR('',#13792,1.);
#13792 = DIRECTION('',(1.,0.));
#13793 = ( GEOMETRIC_REPRESENTATION_CONTEXT(2) 
PARAMETRIC_REPRESENTATION_CONTEXT() REPRESENTATION_CONTEXT('2D SPACE',''
  ) );
#13794 = ORIENTED_EDGE('',*,*,#13795,.T.);
#13795 = EDGE_CURVE('',#13773,#12117,#13796,.T.);
#13796 = SURFACE_CURVE('',#13797,(#13801,#13808),.PCURVE_S1.);
#13797 = LINE('',#13798,#13799);
#13798 = CARTESIAN_POINT('',(24.3,17.,-402.45));
#13799 = VECTOR('',#13800,1.);
#13800 = DIRECTION('',(-0.,1.,0.));
#13801 = PCURVE('',#12132,#13802);
#13802 = DEFINITIONAL_REPRESENTATION('',(#13803),#13807);
#13803 = LINE('',#13804,#13805);
#13804 = CARTESIAN_POINT('',(0.,0.));
#13805 = VECTOR('',#13806,1.);
#13806 = DIRECTION('',(0.,-1.));
#13807 = ( GEOMETRIC_REPRESENTATION_CONTEXT(2) 
PARAMETRIC_REPRESENTATION_CONTEXT() REPRESENTATION_CONTEXT('2D SPACE',''
  ) );
#13808 = PCURVE('',#12160,#13809);
#13809 = DEFINITIONAL_REPRESENTATION('',(#13810),#13814);
#13810 = LINE('',#13811,#13812);
#13811 = CARTESIAN_POINT('',(0.,0.));
#13812 = VECTOR('',#13813,1.);
#13813 = DIRECTION('',(0.,1.));
#13814 = ( GEOMETRIC_REPRESENTATION_CONTEXT(2) 
PARAMETRIC_REPRESENTATION_CONTEXT() REPRESENTATION_CONTEXT('2D SPACE',''
  ) );
#13815 = ORIENTED_EDGE('',*,*,#12116,.T.);
#13816 = ORIENTED_EDGE('',*,*,#13647,.F.);
#13817 = ADVANCED_FACE('',(#13818,#13844),#12160,.T.);
#13818 = FACE_BOUND('',#13819,.T.);
#13819 = EDGE_LOOP('',(#13820,#13821,#13842,#13843));
#13820 = ORIENTED_EDGE('',*,*,#13795,.F.);
#13821 = ORIENTED_EDGE('',*,*,#13822,.T.);
#13822 = EDGE_CURVE('',#13773,#13724,#13823,.T.);
#13823 = SURFACE_CURVE('',#13824,(#13828,#13835),.PCURVE_S1.);
#13824 = LINE('',#13825,#13826);
#13825 = CARTESIAN_POINT('',(24.3,17.,-402.45));
#13826 = VECTOR('',#13827,1.);
#13827 = DIRECTION('',(1.,0.,-0.));
#13828 = PCURVE('',#12160,#13829);
#13829 = DEFINITIONAL_REPRESENTATION('',(#13830),#13834);
#13830 = LINE('',#13831,#13832);
#13831 = CARTESIAN_POINT('',(0.,0.));
#13832 = VECTOR('',#13833,1.);
#13833 = DIRECTION('',(1.,0.));
#13834 = ( GEOMETRIC_REPRESENTATION_CONTEXT(2) 
PARAMETRIC_REPRESENTATION_CONTEXT() REPRESENTATION_CONTEXT('2D SPACE',''
  ) );
#13835 = PCURVE('',#13686,#13836);
#13836 = DEFINITIONAL_REPRESENTATION('',(#13837),#13841);
#13837 = LINE('',#13838,#13839);
#13838 = CARTESIAN_POINT('',(0.,0.));
#13839 = VECTOR('',#13840,1.);
#13840 = DIRECTION('',(0.,1.));
#13841 = ( GEOMETRIC_REPRESENTATION_CONTEXT(2) 
PARAMETRIC_REPRESENTATION_CONTEXT() REPRESENTATION_CONTEXT('2D SPACE',''
  ) );
#13842 = ORIENTED_EDGE('',*,*,#13746,.T.);
#13843 = ORIENTED_EDGE('',*,*,#12144,.F.);
#13844 = FACE_BOUND('',#13845,.T.);
#13845 = EDGE_LOOP('',(#13846));
#13846 = ORIENTED_EDGE('',*,*,#13847,.F.);
#13847 = EDGE_CURVE('',#13848,#13848,#13850,.T.);
#13848 = VERTEX_POINT('',#13849);
#13849 = CARTESIAN_POINT('',(43.5,22.5,-402.45));
#13850 = SURFACE_CURVE('',#13851,(#13856,#13863),.PCURVE_S1.);
#13851 = CIRCLE('',#13852,2.5);
#13852 = AXIS2_PLACEMENT_3D('',#13853,#13854,#13855);
#13853 = CARTESIAN_POINT('',(41.,22.5,-402.45));
#13854 = DIRECTION('',(0.,0.,1.));
#13855 = DIRECTION('',(1.,0.,-0.));
#13856 = PCURVE('',#12160,#13857);
#13857 = DEFINITIONAL_REPRESENTATION('',(#13858),#13862);
#13858 = CIRCLE('',#13859,2.5);
#13859 = AXIS2_PLACEMENT_2D('',#13860,#13861);
#13860 = CARTESIAN_POINT('',(16.7,5.5));
#13861 = DIRECTION('',(1.,0.));
#13862 = ( GEOMETRIC_REPRESENTATION_CONTEXT(2) 
PARAMETRIC_REPRESENTATION_CONTEXT() REPRESENTATION_CONTEXT('2D SPACE',''
  ) );
#13863 = PCURVE('',#13864,#13869);
#13864 = CYLINDRICAL_SURFACE('',#13865,2.5);
#13865 = AXIS2_PLACEMENT_3D('',#13866,#13867,#13868);
#13866 = CARTESIAN_POINT('',(41.,22.5,-410.75));
#13867 = DIRECTION('',(0.,0.,1.));
#13868 = DIRECTION('',(1.,0.,-0.));
#13869 = DEFINITIONAL_REPRESENTATION('',(#13870),#13874);
#13870 = LINE('',#13871,#13872);
#13871 = CARTESIAN_POINT('',(0.,8.3));
#13872 = VECTOR('',#13873,1.);
#13873 = DIRECTION('',(1.,0.));
#13874 = ( GEOMETRIC_REPRESENTATION_CONTEXT(2) 
PARAMETRIC_REPRESENTATION_CONTEXT() REPRESENTATION_CONTEXT('2D SPACE',''
  ) );
#13875 = ADVANCED_FACE('',(#13876),#12244,.T.);
#13876 = FACE_BOUND('',#13877,.T.);
#13877 = EDGE_LOOP('',(#13878,#13901,#13902,#13903,#13944,#13980));
#13878 = ORIENTED_EDGE('',*,*,#13879,.T.);
#13879 = EDGE_CURVE('',#13880,#12228,#13882,.T.);
#13880 = VERTEX_POINT('',#13881);
#13881 = CARTESIAN_POINT('',(45.,22.5,-414.3));
#13882 = SEAM_CURVE('',#13883,(#13887,#13894),.PCURVE_S1.);
#13883 = LINE('',#13884,#13885);
#13884 = CARTESIAN_POINT('',(45.,22.5,-414.3));
#13885 = VECTOR('',#13886,1.);
#13886 = DIRECTION('',(0.,0.,1.));
#13887 = PCURVE('',#12244,#13888);
#13888 = DEFINITIONAL_REPRESENTATION('',(#13889),#13893);
#13889 = LINE('',#13890,#13891);
#13890 = CARTESIAN_POINT('',(6.28318530718,-0.));
#13891 = VECTOR('',#13892,1.);
#13892 = DIRECTION('',(0.,1.));
#13893 = ( GEOMETRIC_REPRESENTATION_CONTEXT(2) 
PARAMETRIC_REPRESENTATION_CONTEXT() REPRESENTATION_CONTEXT('2D SPACE',''
  ) );
#13894 = PCURVE('',#12244,#13895);
#13895 = DEFINITIONAL_REPRESENTATION('',(#13896),#13900);
#13896 = LINE('',#13897,#13898);
#13897 = CARTESIAN_POINT('',(0.,-0.));
#13898 = VECTOR('',#13899,1.);
#13899 = DIRECTION('',(0.,1.));
#13900 = ( GEOMETRIC_REPRESENTATION_CONTEXT(2) 
PARAMETRIC_REPRESENTATION_CONTEXT() REPRESENTATION_CONTEXT('2D SPACE',''
  ) );
#13901 = ORIENTED_EDGE('',*,*,#12227,.F.);
#13902 = ORIENTED_EDGE('',*,*,#13879,.F.);
#13903 = ORIENTED_EDGE('',*,*,#13904,.T.);
#13904 = EDGE_CURVE('',#13880,#13905,#13907,.T.);
#13905 = VERTEX_POINT('',#13906);
#13906 = CARTESIAN_POINT('',(41.,26.5,-410.3));
#13907 = SURFACE_CURVE('',#13908,(#13913,#13926),.PCURVE_S1.);
#13908 = ELLIPSE('',#13909,5.656854249492,4.);
#13909 = AXIS2_PLACEMENT_3D('',#13910,#13911,#13912);
#13910 = CARTESIAN_POINT('',(41.,22.5,-414.3));
#13911 = DIRECTION('',(0.,-0.707106781187,0.707106781187));
#13912 = DIRECTION('',(0.,0.707106781187,0.707106781187));
#13913 = PCURVE('',#12244,#13914);
#13914 = DEFINITIONAL_REPRESENTATION('',(#13915),#13925);
#13915 = B_SPLINE_CURVE_WITH_KNOTS('',8,(#13916,#13917,#13918,#13919,
    #13920,#13921,#13922,#13923,#13924),.UNSPECIFIED.,.F.,.F.,(9,9),(
    4.712388980385,6.28318530718),.PIECEWISE_BEZIER_KNOTS.);
#13916 = CARTESIAN_POINT('',(0.,-5.684341886081E-14));
#13917 = CARTESIAN_POINT('',(0.196349540849,0.785398163397));
#13918 = CARTESIAN_POINT('',(0.392699081699,1.570796513271));
#13919 = CARTESIAN_POINT('',(0.589048622547,2.310053044843));
#13920 = CARTESIAN_POINT('',(0.785398163397,2.9570350023));
#13921 = CARTESIAN_POINT('',(0.981747704247,3.471272185358));
#13922 = CARTESIAN_POINT('',(1.178097245096,3.823756896053));
#13923 = CARTESIAN_POINT('',(1.374446785946,4.));
#13924 = CARTESIAN_POINT('',(1.570796326795,4.));
#13925 = ( GEOMETRIC_REPRESENTATION_CONTEXT(2) 
PARAMETRIC_REPRESENTATION_CONTEXT() REPRESENTATION_CONTEXT('2D SPACE',''
  ) );
#13926 = PCURVE('',#13927,#13932);
#13927 = CYLINDRICAL_SURFACE('',#13928,4.);
#13928 = AXIS2_PLACEMENT_3D('',#13929,#13930,#13931);
#13929 = CARTESIAN_POINT('',(41.,32.5,-414.3));
#13930 = DIRECTION('',(0.,-1.,2.22044604925E-16));
#13931 = DIRECTION('',(1.,0.,0.));
#13932 = DEFINITIONAL_REPRESENTATION('',(#13933),#13943);
#13933 = B_SPLINE_CURVE_WITH_KNOTS('',8,(#13934,#13935,#13936,#13937,
    #13938,#13939,#13940,#13941,#13942),.UNSPECIFIED.,.F.,.F.,(9,9),(
    4.712388980385,6.28318530718),.PIECEWISE_BEZIER_KNOTS.);
#13934 = CARTESIAN_POINT('',(0.,10.));
#13935 = CARTESIAN_POINT('',(0.196349540849,9.214601836603));
#13936 = CARTESIAN_POINT('',(0.392699081698,8.429203486719));
#13937 = CARTESIAN_POINT('',(0.589048622548,7.689946955175));
#13938 = CARTESIAN_POINT('',(0.785398163393,7.042964997638));
#13939 = CARTESIAN_POINT('',(0.981747704248,6.528727814659));
#13940 = CARTESIAN_POINT('',(1.178097245095,6.176243103938));
#13941 = CARTESIAN_POINT('',(1.374446785946,6.));
#13942 = CARTESIAN_POINT('',(1.570796326795,6.));
#13943 = ( GEOMETRIC_REPRESENTATION_CONTEXT(2) 
PARAMETRIC_REPRESENTATION_CONTEXT() REPRESENTATION_CONTEXT('2D SPACE',''
  ) );
#13944 = ORIENTED_EDGE('',*,*,#13945,.T.);
#13945 = EDGE_CURVE('',#13905,#13946,#13948,.T.);
#13946 = VERTEX_POINT('',#13947);
#13947 = CARTESIAN_POINT('',(37.,22.5,-414.3));
#13948 = SURFACE_CURVE('',#13949,(#13954,#13967),.PCURVE_S1.);
#13949 = ELLIPSE('',#13950,5.656854249492,4.);
#13950 = AXIS2_PLACEMENT_3D('',#13951,#13952,#13953);
#13951 = CARTESIAN_POINT('',(41.,22.5,-414.3));
#13952 = DIRECTION('',(0.,-0.707106781187,0.707106781187));
#13953 = DIRECTION('',(0.,0.707106781187,0.707106781187));
#13954 = PCURVE('',#12244,#13955);
#13955 = DEFINITIONAL_REPRESENTATION('',(#13956),#13966);
#13956 = B_SPLINE_CURVE_WITH_KNOTS('',8,(#13957,#13958,#13959,#13960,
    #13961,#13962,#13963,#13964,#13965),.UNSPECIFIED.,.F.,.F.,(9,9),(0.,
    1.570796626795),.PIECEWISE_BEZIER_KNOTS.);
#13957 = CARTESIAN_POINT('',(1.570796326795,4.));
#13958 = CARTESIAN_POINT('',(1.767145905144,4.));
#13959 = CARTESIAN_POINT('',(1.963495483494,3.823756828728));
#13960 = CARTESIAN_POINT('',(2.159845061839,3.471271983416));
#13961 = CARTESIAN_POINT('',(2.356194640193,2.957034609428));
#13962 = CARTESIAN_POINT('',(2.552544218535,2.310052427039));
#13963 = CARTESIAN_POINT('',(2.748893796891,1.57079566614));
#13964 = CARTESIAN_POINT('',(2.94524337524,0.785397113397));
#13965 = CARTESIAN_POINT('',(3.14159295359,-1.200000042445E-06));
#13966 = ( GEOMETRIC_REPRESENTATION_CONTEXT(2) 
PARAMETRIC_REPRESENTATION_CONTEXT() REPRESENTATION_CONTEXT('2D SPACE',''
  ) );
#13967 = PCURVE('',#13927,#13968);
#13968 = DEFINITIONAL_REPRESENTATION('',(#13969),#13979);
#13969 = B_SPLINE_CURVE_WITH_KNOTS('',8,(#13970,#13971,#13972,#13973,
    #13974,#13975,#13976,#13977,#13978),.UNSPECIFIED.,.F.,.F.,(9,9),(0.,
    1.570796626795),.PIECEWISE_BEZIER_KNOTS.);
#13970 = CARTESIAN_POINT('',(1.570796326795,6.));
#13971 = CARTESIAN_POINT('',(1.767145905144,6.));
#13972 = CARTESIAN_POINT('',(1.963495483495,6.176243171264));
#13973 = CARTESIAN_POINT('',(2.159845061834,6.528728016588));
#13974 = CARTESIAN_POINT('',(2.3561946402,7.042965390542));
#13975 = CARTESIAN_POINT('',(2.55254421853,7.689947572955));
#13976 = CARTESIAN_POINT('',(2.748893796893,8.429204333852));
#13977 = CARTESIAN_POINT('',(2.94524337524,9.214602886603));
#13978 = CARTESIAN_POINT('',(3.14159295359,10.0000012));
#13979 = ( GEOMETRIC_REPRESENTATION_CONTEXT(2) 
PARAMETRIC_REPRESENTATION_CONTEXT() REPRESENTATION_CONTEXT('2D SPACE',''
  ) );
#13980 = ORIENTED_EDGE('',*,*,#13981,.T.);
#13981 = EDGE_CURVE('',#13946,#13880,#13982,.T.);
#13982 = SURFACE_CURVE('',#13983,(#13988,#13995),.PCURVE_S1.);
#13983 = CIRCLE('',#13984,4.);
#13984 = AXIS2_PLACEMENT_3D('',#13985,#13986,#13987);
#13985 = CARTESIAN_POINT('',(41.,22.5,-414.3));
#13986 = DIRECTION('',(0.,0.,1.));
#13987 = DIRECTION('',(1.,0.,-0.));
#13988 = PCURVE('',#12244,#13989);
#13989 = DEFINITIONAL_REPRESENTATION('',(#13990),#13994);
#13990 = LINE('',#13991,#13992);
#13991 = CARTESIAN_POINT('',(0.,0.));
#13992 = VECTOR('',#13993,1.);
#13993 = DIRECTION('',(1.,0.));
#13994 = ( GEOMETRIC_REPRESENTATION_CONTEXT(2) 
PARAMETRIC_REPRESENTATION_CONTEXT() REPRESENTATION_CONTEXT('2D SPACE',''
  ) );
#13995 = PCURVE('',#13996,#14001);
#13996 = PLANE('',#13997);
#13997 = AXIS2_PLACEMENT_3D('',#13998,#13999,#14000);
#13998 = CARTESIAN_POINT('',(41.,22.5,-414.3));
#13999 = DIRECTION('',(0.,0.,1.));
#14000 = DIRECTION('',(1.,0.,-0.));
#14001 = DEFINITIONAL_REPRESENTATION('',(#14002),#14006);
#14002 = CIRCLE('',#14003,4.);
#14003 = AXIS2_PLACEMENT_2D('',#14004,#14005);
#14004 = CARTESIAN_POINT('',(0.,0.));
#14005 = DIRECTION('',(1.,0.));
#14006 = ( GEOMETRIC_REPRESENTATION_CONTEXT(2) 
PARAMETRIC_REPRESENTATION_CONTEXT() REPRESENTATION_CONTEXT('2D SPACE',''
  ) );
#14007 = ADVANCED_FACE('',(#14008),#12318,.T.);
#14008 = FACE_BOUND('',#14009,.T.);
#14009 = EDGE_LOOP('',(#14010,#14011,#14012));
#14010 = ORIENTED_EDGE('',*,*,#12304,.F.);
#14011 = ORIENTED_EDGE('',*,*,#12399,.T.);
#14012 = ORIENTED_EDGE('',*,*,#12423,.T.);
#14013 = ADVANCED_FACE('',(#14014),#12358,.T.);
#14014 = FACE_BOUND('',#14015,.T.);
#14015 = EDGE_LOOP('',(#14016,#14041,#14077,#14113,#14140,#14141,#14168,
    #14169,#14170));
#14016 = ORIENTED_EDGE('',*,*,#14017,.T.);
#14017 = EDGE_CURVE('',#14018,#14020,#14022,.T.);
#14018 = VERTEX_POINT('',#14019);
#14019 = CARTESIAN_POINT('',(14.,32.5,-418.3));
#14020 = VERTEX_POINT('',#14021);
#14021 = CARTESIAN_POINT('',(41.,32.5,-418.3));
#14022 = SEAM_CURVE('',#14023,(#14027,#14034),.PCURVE_S1.);
#14023 = LINE('',#14024,#14025);
#14024 = CARTESIAN_POINT('',(14.,32.5,-418.3));
#14025 = VECTOR('',#14026,1.);
#14026 = DIRECTION('',(1.,0.,2.22044604925E-16));
#14027 = PCURVE('',#12358,#14028);
#14028 = DEFINITIONAL_REPRESENTATION('',(#14029),#14033);
#14029 = LINE('',#14030,#14031);
#14030 = CARTESIAN_POINT('',(6.28318530718,-0.));
#14031 = VECTOR('',#14032,1.);
#14032 = DIRECTION('',(0.,1.));
#14033 = ( GEOMETRIC_REPRESENTATION_CONTEXT(2) 
PARAMETRIC_REPRESENTATION_CONTEXT() REPRESENTATION_CONTEXT('2D SPACE',''
  ) );
#14034 = PCURVE('',#12358,#14035);
#14035 = DEFINITIONAL_REPRESENTATION('',(#14036),#14040);
#14036 = LINE('',#14037,#14038);
#14037 = CARTESIAN_POINT('',(0.,-0.));
#14038 = VECTOR('',#14039,1.);
#14039 = DIRECTION('',(0.,1.));
#14040 = ( GEOMETRIC_REPRESENTATION_CONTEXT(2) 
PARAMETRIC_REPRESENTATION_CONTEXT() REPRESENTATION_CONTEXT('2D SPACE',''
  ) );
#14041 = ORIENTED_EDGE('',*,*,#14042,.F.);
#14042 = EDGE_CURVE('',#14043,#14020,#14045,.T.);
#14043 = VERTEX_POINT('',#14044);
#14044 = CARTESIAN_POINT('',(37.,28.5,-414.3));
#14045 = SURFACE_CURVE('',#14046,(#14051,#14064),.PCURVE_S1.);
#14046 = ELLIPSE('',#14047,5.656854249492,4.);
#14047 = AXIS2_PLACEMENT_3D('',#14048,#14049,#14050);
#14048 = CARTESIAN_POINT('',(41.,32.5,-414.3));
#14049 = DIRECTION('',(0.707106781187,-0.707106781187,3.140184917368E-16
    ));
#14050 = DIRECTION('',(-0.707106781187,-0.707106781187,
    -1.021115268026E-32));
#14051 = PCURVE('',#12358,#14052);
#14052 = DEFINITIONAL_REPRESENTATION('',(#14053),#14063);
#14053 = B_SPLINE_CURVE_WITH_KNOTS('',8,(#14054,#14055,#14056,#14057,
    #14058,#14059,#14060,#14061,#14062),.UNSPECIFIED.,.F.,.F.,(9,9),(0.,
    1.570795673121),.PIECEWISE_BEZIER_KNOTS.);
#14054 = CARTESIAN_POINT('',(4.712388980385,23.));
#14055 = CARTESIAN_POINT('',(4.908738439525,23.));
#14056 = CARTESIAN_POINT('',(5.105087898662,23.176242957247));
#14057 = CARTESIAN_POINT('',(5.3014373578,23.528727374553));
#14058 = CARTESIAN_POINT('',(5.497786816931,24.042964141687));
#14059 = CARTESIAN_POINT('',(5.694136276077,24.689945608955));
#14060 = CARTESIAN_POINT('',(5.890485735223,25.429201640896));
#14061 = CARTESIAN_POINT('',(6.086835194365,26.214599548743));
#14062 = CARTESIAN_POINT('',(6.283184653505,26.999997385303));
#14063 = ( GEOMETRIC_REPRESENTATION_CONTEXT(2) 
PARAMETRIC_REPRESENTATION_CONTEXT() REPRESENTATION_CONTEXT('2D SPACE',''
  ) );
#14064 = PCURVE('',#13927,#14065);
#14065 = DEFINITIONAL_REPRESENTATION('',(#14066),#14076);
#14066 = B_SPLINE_CURVE_WITH_KNOTS('',8,(#14067,#14068,#14069,#14070,
    #14071,#14072,#14073,#14074,#14075),.UNSPECIFIED.,.F.,.F.,(9,9),(0.,
    1.570795673121),.PIECEWISE_BEZIER_KNOTS.);
#14067 = CARTESIAN_POINT('',(3.14159265359,4.));
#14068 = CARTESIAN_POINT('',(3.33794211273,4.));
#14069 = CARTESIAN_POINT('',(3.534291571872,3.823757042738));
#14070 = CARTESIAN_POINT('',(3.730641030992,3.471272625406));
#14071 = CARTESIAN_POINT('',(3.926990490168,2.957035858298));
#14072 = CARTESIAN_POINT('',(4.123339949271,2.31005439102));
#14073 = CARTESIAN_POINT('',(4.319689408432,1.570798359088));
#14074 = CARTESIAN_POINT('',(4.51603886757,0.785400451257));
#14075 = CARTESIAN_POINT('',(4.71238832671,2.614697265813E-06));
#14076 = ( GEOMETRIC_REPRESENTATION_CONTEXT(2) 
PARAMETRIC_REPRESENTATION_CONTEXT() REPRESENTATION_CONTEXT('2D SPACE',''
  ) );
#14077 = ORIENTED_EDGE('',*,*,#14078,.F.);
#14078 = EDGE_CURVE('',#14079,#14043,#14081,.T.);
#14079 = VERTEX_POINT('',#14080);
#14080 = CARTESIAN_POINT('',(41.,32.5,-410.3));
#14081 = SURFACE_CURVE('',#14082,(#14087,#14100),.PCURVE_S1.);
#14082 = ELLIPSE('',#14083,5.656854249492,4.);
#14083 = AXIS2_PLACEMENT_3D('',#14084,#14085,#14086);
#14084 = CARTESIAN_POINT('',(41.,32.5,-414.3));
#14085 = DIRECTION('',(0.707106781187,-0.707106781187,3.140184917368E-16
    ));
#14086 = DIRECTION('',(-0.707106781187,-0.707106781187,
    -1.021115268026E-32));
#14087 = PCURVE('',#12358,#14088);
#14088 = DEFINITIONAL_REPRESENTATION('',(#14089),#14099);
#14089 = B_SPLINE_CURVE_WITH_KNOTS('',8,(#14090,#14091,#14092,#14093,
    #14094,#14095,#14096,#14097,#14098),.UNSPECIFIED.,.F.,.F.,(9,9),(
    4.712388680385,6.28318530718),.PIECEWISE_BEZIER_KNOTS.);
#14090 = CARTESIAN_POINT('',(3.14159235359,27.0000012));
#14091 = CARTESIAN_POINT('',(3.337941931939,26.214602886603));
#14092 = CARTESIAN_POINT('',(3.534291510281,25.429204333849));
#14093 = CARTESIAN_POINT('',(3.730641088653,24.689947572952));
#14094 = CARTESIAN_POINT('',(3.926990666952,24.042965390526));
#14095 = CARTESIAN_POINT('',(4.123340245352,23.528728016554));
#14096 = CARTESIAN_POINT('',(4.319689823678,23.176243171262));
#14097 = CARTESIAN_POINT('',(4.516039402035,23.));
#14098 = CARTESIAN_POINT('',(4.712388980385,23.));
#14099 = ( GEOMETRIC_REPRESENTATION_CONTEXT(2) 
PARAMETRIC_REPRESENTATION_CONTEXT() REPRESENTATION_CONTEXT('2D SPACE',''
  ) );
#14100 = PCURVE('',#13927,#14101);
#14101 = DEFINITIONAL_REPRESENTATION('',(#14102),#14112);
#14102 = B_SPLINE_CURVE_WITH_KNOTS('',8,(#14103,#14104,#14105,#14106,
    #14107,#14108,#14109,#14110,#14111),.UNSPECIFIED.,.F.,.F.,(9,9),(
    4.712388680385,6.28318530718),.PIECEWISE_BEZIER_KNOTS.);
#14103 = CARTESIAN_POINT('',(1.570796026795,-1.199999999812E-06));
#14104 = CARTESIAN_POINT('',(1.767145605144,0.785397113397));
#14105 = CARTESIAN_POINT('',(1.963495183495,1.570795666146));
#14106 = CARTESIAN_POINT('',(2.159844761829,2.310052427019));
#14107 = CARTESIAN_POINT('',(2.356194340205,2.957034609455));
#14108 = CARTESIAN_POINT('',(2.552543918529,3.471271983399));
#14109 = CARTESIAN_POINT('',(2.748893496892,3.823756828734));
#14110 = CARTESIAN_POINT('',(2.94524307524,4.));
#14111 = CARTESIAN_POINT('',(3.14159265359,4.));
#14112 = ( GEOMETRIC_REPRESENTATION_CONTEXT(2) 
PARAMETRIC_REPRESENTATION_CONTEXT() REPRESENTATION_CONTEXT('2D SPACE',''
  ) );
#14113 = ORIENTED_EDGE('',*,*,#14114,.F.);
#14114 = EDGE_CURVE('',#14020,#14079,#14115,.T.);
#14115 = SURFACE_CURVE('',#14116,(#14121,#14128),.PCURVE_S1.);
#14116 = CIRCLE('',#14117,4.);
#14117 = AXIS2_PLACEMENT_3D('',#14118,#14119,#14120);
#14118 = CARTESIAN_POINT('',(41.,32.5,-414.3));
#14119 = DIRECTION('',(1.,-0.,2.22044604925E-16));
#14120 = DIRECTION('',(2.22044604925E-16,0.,-1.));
#14121 = PCURVE('',#12358,#14122);
#14122 = DEFINITIONAL_REPRESENTATION('',(#14123),#14127);
#14123 = LINE('',#14124,#14125);
#14124 = CARTESIAN_POINT('',(0.,27.));
#14125 = VECTOR('',#14126,1.);
#14126 = DIRECTION('',(1.,0.));
#14127 = ( GEOMETRIC_REPRESENTATION_CONTEXT(2) 
PARAMETRIC_REPRESENTATION_CONTEXT() REPRESENTATION_CONTEXT('2D SPACE',''
  ) );
#14128 = PCURVE('',#14129,#14134);
#14129 = PLANE('',#14130);
#14130 = AXIS2_PLACEMENT_3D('',#14131,#14132,#14133);
#14131 = CARTESIAN_POINT('',(41.,32.5,-414.3));
#14132 = DIRECTION('',(1.,0.,2.22044604925E-16));
#14133 = DIRECTION('',(2.22044604925E-16,0.,-1.));
#14134 = DEFINITIONAL_REPRESENTATION('',(#14135),#14139);
#14135 = CIRCLE('',#14136,4.);
#14136 = AXIS2_PLACEMENT_2D('',#14137,#14138);
#14137 = CARTESIAN_POINT('',(0.,0.));
#14138 = DIRECTION('',(1.,0.));
#14139 = ( GEOMETRIC_REPRESENTATION_CONTEXT(2) 
PARAMETRIC_REPRESENTATION_CONTEXT() REPRESENTATION_CONTEXT('2D SPACE',''
  ) );
#14140 = ORIENTED_EDGE('',*,*,#14017,.F.);
#14141 = ORIENTED_EDGE('',*,*,#14142,.T.);
#14142 = EDGE_CURVE('',#14018,#12447,#14143,.T.);
#14143 = SURFACE_CURVE('',#14144,(#14149,#14156),.PCURVE_S1.);
#14144 = CIRCLE('',#14145,4.);
#14145 = AXIS2_PLACEMENT_3D('',#14146,#14147,#14148);
#14146 = CARTESIAN_POINT('',(14.,32.5,-414.3));
#14147 = DIRECTION('',(1.,-0.,2.22044604925E-16));
#14148 = DIRECTION('',(2.22044604925E-16,0.,-1.));
#14149 = PCURVE('',#12358,#14150);
#14150 = DEFINITIONAL_REPRESENTATION('',(#14151),#14155);
#14151 = LINE('',#14152,#14153);
#14152 = CARTESIAN_POINT('',(0.,0.));
#14153 = VECTOR('',#14154,1.);
#14154 = DIRECTION('',(1.,0.));
#14155 = ( GEOMETRIC_REPRESENTATION_CONTEXT(2) 
PARAMETRIC_REPRESENTATION_CONTEXT() REPRESENTATION_CONTEXT('2D SPACE',''
  ) );
#14156 = PCURVE('',#14157,#14162);
#14157 = PLANE('',#14158);
#14158 = AXIS2_PLACEMENT_3D('',#14159,#14160,#14161);
#14159 = CARTESIAN_POINT('',(14.,32.5,-414.3));
#14160 = DIRECTION('',(1.,0.,2.22044604925E-16));
#14161 = DIRECTION('',(2.22044604925E-16,0.,-1.));
#14162 = DEFINITIONAL_REPRESENTATION('',(#14163),#14167);
#14163 = CIRCLE('',#14164,4.);
#14164 = AXIS2_PLACEMENT_2D('',#14165,#14166);
#14165 = CARTESIAN_POINT('',(0.,0.));
#14166 = DIRECTION('',(1.,0.));
#14167 = ( GEOMETRIC_REPRESENTATION_CONTEXT(2) 
PARAMETRIC_REPRESENTATION_CONTEXT() REPRESENTATION_CONTEXT('2D SPACE',''
  ) );
#14168 = ORIENTED_EDGE('',*,*,#12446,.T.);
#14169 = ORIENTED_EDGE('',*,*,#12333,.T.);
#14170 = ORIENTED_EDGE('',*,*,#14171,.T.);
#14171 = EDGE_CURVE('',#12336,#14018,#14172,.T.);
#14172 = SURFACE_CURVE('',#14173,(#14178,#14185),.PCURVE_S1.);
#14173 = CIRCLE('',#14174,4.);
#14174 = AXIS2_PLACEMENT_3D('',#14175,#14176,#14177);
#14175 = CARTESIAN_POINT('',(14.,32.5,-414.3));
#14176 = DIRECTION('',(1.,-0.,2.22044604925E-16));
#14177 = DIRECTION('',(2.22044604925E-16,0.,-1.));
#14178 = PCURVE('',#12358,#14179);
#14179 = DEFINITIONAL_REPRESENTATION('',(#14180),#14184);
#14180 = LINE('',#14181,#14182);
#14181 = CARTESIAN_POINT('',(0.,0.));
#14182 = VECTOR('',#14183,1.);
#14183 = DIRECTION('',(1.,0.));
#14184 = ( GEOMETRIC_REPRESENTATION_CONTEXT(2) 
PARAMETRIC_REPRESENTATION_CONTEXT() REPRESENTATION_CONTEXT('2D SPACE',''
  ) );
#14185 = PCURVE('',#14157,#14186);
#14186 = DEFINITIONAL_REPRESENTATION('',(#14187),#14191);
#14187 = CIRCLE('',#14188,4.);
#14188 = AXIS2_PLACEMENT_2D('',#14189,#14190);
#14189 = CARTESIAN_POINT('',(0.,0.));
#14190 = DIRECTION('',(1.,0.));
#14191 = ( GEOMETRIC_REPRESENTATION_CONTEXT(2) 
PARAMETRIC_REPRESENTATION_CONTEXT() REPRESENTATION_CONTEXT('2D SPACE',''
  ) );
#14192 = ADVANCED_FACE('',(#14193),#12497,.F.);
#14193 = FACE_BOUND('',#14194,.F.);
#14194 = EDGE_LOOP('',(#14195,#14216));
#14195 = ORIENTED_EDGE('',*,*,#14196,.F.);
#14196 = EDGE_CURVE('',#12447,#12336,#14197,.T.);
#14197 = SURFACE_CURVE('',#14198,(#14202,#14209),.PCURVE_S1.);
#14198 = LINE('',#14199,#14200);
#14199 = CARTESIAN_POINT('',(14.,36.5,-414.3));
#14200 = VECTOR('',#14201,1.);
#14201 = DIRECTION('',(0.,-1.,0.));
#14202 = PCURVE('',#12497,#14203);
#14203 = DEFINITIONAL_REPRESENTATION('',(#14204),#14208);
#14204 = LINE('',#14205,#14206);
#14205 = CARTESIAN_POINT('',(0.,4.));
#14206 = VECTOR('',#14207,1.);
#14207 = DIRECTION('',(0.,-1.));
#14208 = ( GEOMETRIC_REPRESENTATION_CONTEXT(2) 
PARAMETRIC_REPRESENTATION_CONTEXT() REPRESENTATION_CONTEXT('2D SPACE',''
  ) );
#14209 = PCURVE('',#14157,#14210);
#14210 = DEFINITIONAL_REPRESENTATION('',(#14211),#14215);
#14211 = LINE('',#14212,#14213);
#14212 = CARTESIAN_POINT('',(-5.684341886081E-14,4.));
#14213 = VECTOR('',#14214,1.);
#14214 = DIRECTION('',(0.,-1.));
#14215 = ( GEOMETRIC_REPRESENTATION_CONTEXT(2) 
PARAMETRIC_REPRESENTATION_CONTEXT() REPRESENTATION_CONTEXT('2D SPACE',''
  ) );
#14216 = ORIENTED_EDGE('',*,*,#12482,.T.);
#14217 = ADVANCED_FACE('',(#14218),#12555,.T.);
#14218 = FACE_BOUND('',#14219,.T.);
#14219 = EDGE_LOOP('',(#14220,#14247,#14270,#14297,#14298,#14320,#14321,
    #14322,#14323));
#14220 = ORIENTED_EDGE('',*,*,#14221,.T.);
#14221 = EDGE_CURVE('',#13064,#13039,#14222,.T.);
#14222 = SURFACE_CURVE('',#14223,(#14228,#14235),.PCURVE_S1.);
#14223 = CIRCLE('',#14224,4.);
#14224 = AXIS2_PLACEMENT_3D('',#14225,#14226,#14227);
#14225 = CARTESIAN_POINT('',(41.,-22.5,-414.3));
#14226 = DIRECTION('',(0.,-1.,2.22044604925E-16));
#14227 = DIRECTION('',(1.,0.,0.));
#14228 = PCURVE('',#12555,#14229);
#14229 = DEFINITIONAL_REPRESENTATION('',(#14230),#14234);
#14230 = LINE('',#14231,#14232);
#14231 = CARTESIAN_POINT('',(0.,0.));
#14232 = VECTOR('',#14233,1.);
#14233 = DIRECTION('',(1.,0.));
#14234 = ( GEOMETRIC_REPRESENTATION_CONTEXT(2) 
PARAMETRIC_REPRESENTATION_CONTEXT() REPRESENTATION_CONTEXT('2D SPACE',''
  ) );
#14235 = PCURVE('',#14236,#14241);
#14236 = PLANE('',#14237);
#14237 = AXIS2_PLACEMENT_3D('',#14238,#14239,#14240);
#14238 = CARTESIAN_POINT('',(41.,-22.5,-414.3));
#14239 = DIRECTION('',(0.,-1.,2.22044604925E-16));
#14240 = DIRECTION('',(1.,0.,0.));
#14241 = DEFINITIONAL_REPRESENTATION('',(#14242),#14246);
#14242 = CIRCLE('',#14243,4.);
#14243 = AXIS2_PLACEMENT_2D('',#14244,#14245);
#14244 = CARTESIAN_POINT('',(0.,0.));
#14245 = DIRECTION('',(1.,0.));
#14246 = ( GEOMETRIC_REPRESENTATION_CONTEXT(2) 
PARAMETRIC_REPRESENTATION_CONTEXT() REPRESENTATION_CONTEXT('2D SPACE',''
  ) );
#14247 = ORIENTED_EDGE('',*,*,#14248,.T.);
#14248 = EDGE_CURVE('',#13039,#14249,#14251,.T.);
#14249 = VERTEX_POINT('',#14250);
#14250 = CARTESIAN_POINT('',(45.,-32.5,-414.3));
#14251 = SEAM_CURVE('',#14252,(#14256,#14263),.PCURVE_S1.);
#14252 = LINE('',#14253,#14254);
#14253 = CARTESIAN_POINT('',(45.,-22.5,-414.3));
#14254 = VECTOR('',#14255,1.);
#14255 = DIRECTION('',(0.,-1.,2.22044604925E-16));
#14256 = PCURVE('',#12555,#14257);
#14257 = DEFINITIONAL_REPRESENTATION('',(#14258),#14262);
#14258 = LINE('',#14259,#14260);
#14259 = CARTESIAN_POINT('',(0.,-0.));
#14260 = VECTOR('',#14261,1.);
#14261 = DIRECTION('',(0.,1.));
#14262 = ( GEOMETRIC_REPRESENTATION_CONTEXT(2) 
PARAMETRIC_REPRESENTATION_CONTEXT() REPRESENTATION_CONTEXT('2D SPACE',''
  ) );
#14263 = PCURVE('',#12555,#14264);
#14264 = DEFINITIONAL_REPRESENTATION('',(#14265),#14269);
#14265 = LINE('',#14266,#14267);
#14266 = CARTESIAN_POINT('',(6.28318530718,-0.));
#14267 = VECTOR('',#14268,1.);
#14268 = DIRECTION('',(0.,1.));
#14269 = ( GEOMETRIC_REPRESENTATION_CONTEXT(2) 
PARAMETRIC_REPRESENTATION_CONTEXT() REPRESENTATION_CONTEXT('2D SPACE',''
  ) );
#14270 = ORIENTED_EDGE('',*,*,#14271,.F.);
#14271 = EDGE_CURVE('',#12526,#14249,#14272,.T.);
#14272 = SURFACE_CURVE('',#14273,(#14278,#14285),.PCURVE_S1.);
#14273 = CIRCLE('',#14274,4.);
#14274 = AXIS2_PLACEMENT_3D('',#14275,#14276,#14277);
#14275 = CARTESIAN_POINT('',(41.,-32.5,-414.3));
#14276 = DIRECTION('',(0.,-1.,2.22044604925E-16));
#14277 = DIRECTION('',(1.,0.,0.));
#14278 = PCURVE('',#12555,#14279);
#14279 = DEFINITIONAL_REPRESENTATION('',(#14280),#14284);
#14280 = LINE('',#14281,#14282);
#14281 = CARTESIAN_POINT('',(0.,10.));
#14282 = VECTOR('',#14283,1.);
#14283 = DIRECTION('',(1.,0.));
#14284 = ( GEOMETRIC_REPRESENTATION_CONTEXT(2) 
PARAMETRIC_REPRESENTATION_CONTEXT() REPRESENTATION_CONTEXT('2D SPACE',''
  ) );
#14285 = PCURVE('',#14286,#14291);
#14286 = PLANE('',#14287);
#14287 = AXIS2_PLACEMENT_3D('',#14288,#14289,#14290);
#14288 = CARTESIAN_POINT('',(41.,-32.5,-414.3));
#14289 = DIRECTION('',(0.,-1.,2.22044604925E-16));
#14290 = DIRECTION('',(1.,0.,0.));
#14291 = DEFINITIONAL_REPRESENTATION('',(#14292),#14296);
#14292 = CIRCLE('',#14293,4.);
#14293 = AXIS2_PLACEMENT_2D('',#14294,#14295);
#14294 = CARTESIAN_POINT('',(0.,0.));
#14295 = DIRECTION('',(1.,0.));
#14296 = ( GEOMETRIC_REPRESENTATION_CONTEXT(2) 
PARAMETRIC_REPRESENTATION_CONTEXT() REPRESENTATION_CONTEXT('2D SPACE',''
  ) );
#14297 = ORIENTED_EDGE('',*,*,#12523,.F.);
#14298 = ORIENTED_EDGE('',*,*,#14299,.F.);
#14299 = EDGE_CURVE('',#14249,#12524,#14300,.T.);
#14300 = SURFACE_CURVE('',#14301,(#14306,#14313),.PCURVE_S1.);
#14301 = CIRCLE('',#14302,4.);
#14302 = AXIS2_PLACEMENT_3D('',#14303,#14304,#14305);
#14303 = CARTESIAN_POINT('',(41.,-32.5,-414.3));
#14304 = DIRECTION('',(0.,-1.,2.22044604925E-16));
#14305 = DIRECTION('',(1.,0.,0.));
#14306 = PCURVE('',#12555,#14307);
#14307 = DEFINITIONAL_REPRESENTATION('',(#14308),#14312);
#14308 = LINE('',#14309,#14310);
#14309 = CARTESIAN_POINT('',(0.,10.));
#14310 = VECTOR('',#14311,1.);
#14311 = DIRECTION('',(1.,0.));
#14312 = ( GEOMETRIC_REPRESENTATION_CONTEXT(2) 
PARAMETRIC_REPRESENTATION_CONTEXT() REPRESENTATION_CONTEXT('2D SPACE',''
  ) );
#14313 = PCURVE('',#14286,#14314);
#14314 = DEFINITIONAL_REPRESENTATION('',(#14315),#14319);
#14315 = CIRCLE('',#14316,4.);
#14316 = AXIS2_PLACEMENT_2D('',#14317,#14318);
#14317 = CARTESIAN_POINT('',(0.,0.));
#14318 = DIRECTION('',(1.,0.));
#14319 = ( GEOMETRIC_REPRESENTATION_CONTEXT(2) 
PARAMETRIC_REPRESENTATION_CONTEXT() REPRESENTATION_CONTEXT('2D SPACE',''
  ) );
#14320 = ORIENTED_EDGE('',*,*,#14248,.F.);
#14321 = ORIENTED_EDGE('',*,*,#13164,.F.);
#14322 = ORIENTED_EDGE('',*,*,#13128,.F.);
#14323 = ORIENTED_EDGE('',*,*,#13092,.F.);
#14324 = ADVANCED_FACE('',(#14325),#12670,.T.);
#14325 = FACE_BOUND('',#14326,.T.);
#14326 = EDGE_LOOP('',(#14327,#14328));
#14327 = ORIENTED_EDGE('',*,*,#12655,.T.);
#14328 = ORIENTED_EDGE('',*,*,#14329,.T.);
#14329 = EDGE_CURVE('',#12526,#12524,#14330,.T.);
#14330 = SURFACE_CURVE('',#14331,(#14335,#14342),.PCURVE_S1.);
#14331 = LINE('',#14332,#14333);
#14332 = CARTESIAN_POINT('',(41.,-32.5,-418.3));
#14333 = VECTOR('',#14334,1.);
#14334 = DIRECTION('',(0.,8.881784197001E-15,1.));
#14335 = PCURVE('',#12670,#14336);
#14336 = DEFINITIONAL_REPRESENTATION('',(#14337),#14341);
#14337 = LINE('',#14338,#14339);
#14338 = CARTESIAN_POINT('',(4.,0.));
#14339 = VECTOR('',#14340,1.);
#14340 = DIRECTION('',(-1.,8.881784197001E-15));
#14341 = ( GEOMETRIC_REPRESENTATION_CONTEXT(2) 
PARAMETRIC_REPRESENTATION_CONTEXT() REPRESENTATION_CONTEXT('2D SPACE',''
  ) );
#14342 = PCURVE('',#14286,#14343);
#14343 = DEFINITIONAL_REPRESENTATION('',(#14344),#14348);
#14344 = LINE('',#14345,#14346);
#14345 = CARTESIAN_POINT('',(0.,-4.));
#14346 = VECTOR('',#14347,1.);
#14347 = DIRECTION('',(0.,1.));
#14348 = ( GEOMETRIC_REPRESENTATION_CONTEXT(2) 
PARAMETRIC_REPRESENTATION_CONTEXT() REPRESENTATION_CONTEXT('2D SPACE',''
  ) );
#14349 = ADVANCED_FACE('',(#14350),#12618,.F.);
#14350 = FACE_BOUND('',#14351,.F.);
#14351 = EDGE_LOOP('',(#14352,#14353,#14354));
#14352 = ORIENTED_EDGE('',*,*,#12632,.T.);
#14353 = ORIENTED_EDGE('',*,*,#12603,.T.);
#14354 = ORIENTED_EDGE('',*,*,#12685,.T.);
#14355 = ADVANCED_FACE('',(#14356),#12724,.T.);
#14356 = FACE_BOUND('',#14357,.T.);
#14357 = EDGE_LOOP('',(#14358,#14359));
#14358 = ORIENTED_EDGE('',*,*,#12710,.F.);
#14359 = ORIENTED_EDGE('',*,*,#12763,.T.);
#14360 = ADVANCED_FACE('',(#14361),#12803,.F.);
#14361 = FACE_BOUND('',#14362,.F.);
#14362 = EDGE_LOOP('',(#14363));
#14363 = ORIENTED_EDGE('',*,*,#12788,.T.);
#14364 = ADVANCED_FACE('',(#14365,#14368),#12857,.T.);
#14365 = FACE_BOUND('',#14366,.T.);
#14366 = EDGE_LOOP('',(#14367));
#14367 = ORIENTED_EDGE('',*,*,#12842,.T.);
#14368 = FACE_BOUND('',#14369,.T.);
#14369 = EDGE_LOOP('',(#14370));
#14370 = ORIENTED_EDGE('',*,*,#14371,.F.);
#14371 = EDGE_CURVE('',#14372,#14372,#14374,.T.);
#14372 = VERTEX_POINT('',#14373);
#14373 = CARTESIAN_POINT('',(36.6,12.,-398.25));
#14374 = SURFACE_CURVE('',#14375,(#14380,#14387),.PCURVE_S1.);
#14375 = CIRCLE('',#14376,1.6);
#14376 = AXIS2_PLACEMENT_3D('',#14377,#14378,#14379);
#14377 = CARTESIAN_POINT('',(35.,12.,-398.25));
#14378 = DIRECTION('',(0.,-1.,2.22044604925E-16));
#14379 = DIRECTION('',(1.,0.,0.));
#14380 = PCURVE('',#12857,#14381);
#14381 = DEFINITIONAL_REPRESENTATION('',(#14382),#14386);
#14382 = CIRCLE('',#14383,1.6);
#14383 = AXIS2_PLACEMENT_2D('',#14384,#14385);
#14384 = CARTESIAN_POINT('',(0.,0.));
#14385 = DIRECTION('',(1.,0.));
#14386 = ( GEOMETRIC_REPRESENTATION_CONTEXT(2) 
PARAMETRIC_REPRESENTATION_CONTEXT() REPRESENTATION_CONTEXT('2D SPACE',''
  ) );
#14387 = PCURVE('',#14388,#14393);
#14388 = CYLINDRICAL_SURFACE('',#14389,1.6);
#14389 = AXIS2_PLACEMENT_3D('',#14390,#14391,#14392);
#14390 = CARTESIAN_POINT('',(35.,14.5,-398.25));
#14391 = DIRECTION('',(0.,-1.,2.22044604925E-16));
#14392 = DIRECTION('',(1.,0.,0.));
#14393 = DEFINITIONAL_REPRESENTATION('',(#14394),#14398);
#14394 = LINE('',#14395,#14396);
#14395 = CARTESIAN_POINT('',(0.,2.5));
#14396 = VECTOR('',#14397,1.);
#14397 = DIRECTION('',(1.,0.));
#14398 = ( GEOMETRIC_REPRESENTATION_CONTEXT(2) 
PARAMETRIC_REPRESENTATION_CONTEXT() REPRESENTATION_CONTEXT('2D SPACE',''
  ) );
#14399 = ADVANCED_FACE('',(#14400,#14403),#12911,.F.);
#14400 = FACE_BOUND('',#14401,.F.);
#14401 = EDGE_LOOP('',(#14402));
#14402 = ORIENTED_EDGE('',*,*,#12896,.T.);
#14403 = FACE_BOUND('',#14404,.F.);
#14404 = EDGE_LOOP('',(#14405));
#14405 = ORIENTED_EDGE('',*,*,#14406,.F.);
#14406 = EDGE_CURVE('',#14407,#14407,#14409,.T.);
#14407 = VERTEX_POINT('',#14408);
#14408 = CARTESIAN_POINT('',(36.6,-12.,-398.25));
#14409 = SURFACE_CURVE('',#14410,(#14415,#14422),.PCURVE_S1.);
#14410 = CIRCLE('',#14411,1.6);
#14411 = AXIS2_PLACEMENT_3D('',#14412,#14413,#14414);
#14412 = CARTESIAN_POINT('',(35.,-12.,-398.25));
#14413 = DIRECTION('',(0.,-1.,2.22044604925E-16));
#14414 = DIRECTION('',(1.,0.,0.));
#14415 = PCURVE('',#12911,#14416);
#14416 = DEFINITIONAL_REPRESENTATION('',(#14417),#14421);
#14417 = CIRCLE('',#14418,1.6);
#14418 = AXIS2_PLACEMENT_2D('',#14419,#14420);
#14419 = CARTESIAN_POINT('',(0.,0.));
#14420 = DIRECTION('',(1.,0.));
#14421 = ( GEOMETRIC_REPRESENTATION_CONTEXT(2) 
PARAMETRIC_REPRESENTATION_CONTEXT() REPRESENTATION_CONTEXT('2D SPACE',''
  ) );
#14422 = PCURVE('',#14423,#14428);
#14423 = CYLINDRICAL_SURFACE('',#14424,1.6);
#14424 = AXIS2_PLACEMENT_3D('',#14425,#14426,#14427);
#14425 = CARTESIAN_POINT('',(35.,-12.,-398.25));
#14426 = DIRECTION('',(0.,-1.,2.22044604925E-16));
#14427 = DIRECTION('',(1.,0.,0.));
#14428 = DEFINITIONAL_REPRESENTATION('',(#14429),#14433);
#14429 = LINE('',#14430,#14431);
#14430 = CARTESIAN_POINT('',(0.,0.));
#14431 = VECTOR('',#14432,1.);
#14432 = DIRECTION('',(1.,0.));
#14433 = ( GEOMETRIC_REPRESENTATION_CONTEXT(2) 
PARAMETRIC_REPRESENTATION_CONTEXT() REPRESENTATION_CONTEXT('2D SPACE',''
  ) );
#14434 = ADVANCED_FACE('',(#14435,#14438),#12967,.T.);
#14435 = FACE_BOUND('',#14436,.T.);
#14436 = EDGE_LOOP('',(#14437));
#14437 = ORIENTED_EDGE('',*,*,#12952,.T.);
#14438 = FACE_BOUND('',#14439,.T.);
#14439 = EDGE_LOOP('',(#14440));
#14440 = ORIENTED_EDGE('',*,*,#14441,.F.);
#14441 = EDGE_CURVE('',#14442,#14442,#14444,.T.);
#14442 = VERTEX_POINT('',#14443);
#14443 = CARTESIAN_POINT('',(30.6,12.,-392.25));
#14444 = SURFACE_CURVE('',#14445,(#14450,#14457),.PCURVE_S1.);
#14445 = CIRCLE('',#14446,1.6);
#14446 = AXIS2_PLACEMENT_3D('',#14447,#14448,#14449);
#14447 = CARTESIAN_POINT('',(29.,12.,-392.25));
#14448 = DIRECTION('',(0.,-1.,2.22044604925E-16));
#14449 = DIRECTION('',(1.,0.,0.));
#14450 = PCURVE('',#12967,#14451);
#14451 = DEFINITIONAL_REPRESENTATION('',(#14452),#14456);
#14452 = CIRCLE('',#14453,1.6);
#14453 = AXIS2_PLACEMENT_2D('',#14454,#14455);
#14454 = CARTESIAN_POINT('',(0.,0.));
#14455 = DIRECTION('',(1.,0.));
#14456 = ( GEOMETRIC_REPRESENTATION_CONTEXT(2) 
PARAMETRIC_REPRESENTATION_CONTEXT() REPRESENTATION_CONTEXT('2D SPACE',''
  ) );
#14457 = PCURVE('',#14458,#14463);
#14458 = CYLINDRICAL_SURFACE('',#14459,1.6);
#14459 = AXIS2_PLACEMENT_3D('',#14460,#14461,#14462);
#14460 = CARTESIAN_POINT('',(29.,14.5,-392.25));
#14461 = DIRECTION('',(0.,-1.,2.22044604925E-16));
#14462 = DIRECTION('',(1.,0.,0.));
#14463 = DEFINITIONAL_REPRESENTATION('',(#14464),#14468);
#14464 = LINE('',#14465,#14466);
#14465 = CARTESIAN_POINT('',(0.,2.5));
#14466 = VECTOR('',#14467,1.);
#14467 = DIRECTION('',(1.,0.));
#14468 = ( GEOMETRIC_REPRESENTATION_CONTEXT(2) 
PARAMETRIC_REPRESENTATION_CONTEXT() REPRESENTATION_CONTEXT('2D SPACE',''
  ) );
#14469 = ADVANCED_FACE('',(#14470,#14473),#13021,.F.);
#14470 = FACE_BOUND('',#14471,.F.);
#14471 = EDGE_LOOP('',(#14472));
#14472 = ORIENTED_EDGE('',*,*,#13006,.T.);
#14473 = FACE_BOUND('',#14474,.F.);
#14474 = EDGE_LOOP('',(#14475));
#14475 = ORIENTED_EDGE('',*,*,#14476,.F.);
#14476 = EDGE_CURVE('',#14477,#14477,#14479,.T.);
#14477 = VERTEX_POINT('',#14478);
#14478 = CARTESIAN_POINT('',(30.6,-12.,-392.25));
#14479 = SURFACE_CURVE('',#14480,(#14485,#14492),.PCURVE_S1.);
#14480 = CIRCLE('',#14481,1.6);
#14481 = AXIS2_PLACEMENT_3D('',#14482,#14483,#14484);
#14482 = CARTESIAN_POINT('',(29.,-12.,-392.25));
#14483 = DIRECTION('',(0.,-1.,2.22044604925E-16));
#14484 = DIRECTION('',(1.,0.,0.));
#14485 = PCURVE('',#13021,#14486);
#14486 = DEFINITIONAL_REPRESENTATION('',(#14487),#14491);
#14487 = CIRCLE('',#14488,1.6);
#14488 = AXIS2_PLACEMENT_2D('',#14489,#14490);
#14489 = CARTESIAN_POINT('',(0.,0.));
#14490 = DIRECTION('',(1.,0.));
#14491 = ( GEOMETRIC_REPRESENTATION_CONTEXT(2) 
PARAMETRIC_REPRESENTATION_CONTEXT() REPRESENTATION_CONTEXT('2D SPACE',''
  ) );
#14492 = PCURVE('',#14493,#14498);
#14493 = CYLINDRICAL_SURFACE('',#14494,1.6);
#14494 = AXIS2_PLACEMENT_3D('',#14495,#14496,#14497);
#14495 = CARTESIAN_POINT('',(29.,-12.,-392.25));
#14496 = DIRECTION('',(0.,-1.,2.22044604925E-16));
#14497 = DIRECTION('',(1.,0.,0.));
#14498 = DEFINITIONAL_REPRESENTATION('',(#14499),#14503);
#14499 = LINE('',#14500,#14501);
#14500 = CARTESIAN_POINT('',(0.,0.));
#14501 = VECTOR('',#14502,1.);
#14502 = DIRECTION('',(1.,0.));
#14503 = ( GEOMETRIC_REPRESENTATION_CONTEXT(2) 
PARAMETRIC_REPRESENTATION_CONTEXT() REPRESENTATION_CONTEXT('2D SPACE',''
  ) );
#14504 = ADVANCED_FACE('',(#14505),#13080,.F.);
#14505 = FACE_BOUND('',#14506,.F.);
#14506 = EDGE_LOOP('',(#14507,#14508));
#14507 = ORIENTED_EDGE('',*,*,#13063,.T.);
#14508 = ORIENTED_EDGE('',*,*,#14509,.F.);
#14509 = EDGE_CURVE('',#13039,#13064,#14510,.T.);
#14510 = SURFACE_CURVE('',#14511,(#14515,#14522),.PCURVE_S1.);
#14511 = LINE('',#14512,#14513);
#14512 = CARTESIAN_POINT('',(45.,-22.5,-414.3));
#14513 = VECTOR('',#14514,1.);
#14514 = DIRECTION('',(-1.,-9.325873406851E-15,0.));
#14515 = PCURVE('',#13080,#14516);
#14516 = DEFINITIONAL_REPRESENTATION('',(#14517),#14521);
#14517 = LINE('',#14518,#14519);
#14518 = CARTESIAN_POINT('',(4.,0.));
#14519 = VECTOR('',#14520,1.);
#14520 = DIRECTION('',(-1.,-9.325873406851E-15));
#14521 = ( GEOMETRIC_REPRESENTATION_CONTEXT(2) 
PARAMETRIC_REPRESENTATION_CONTEXT() REPRESENTATION_CONTEXT('2D SPACE',''
  ) );
#14522 = PCURVE('',#14236,#14523);
#14523 = DEFINITIONAL_REPRESENTATION('',(#14524),#14528);
#14524 = LINE('',#14525,#14526);
#14525 = CARTESIAN_POINT('',(4.,5.684341886081E-14));
#14526 = VECTOR('',#14527,1.);
#14527 = DIRECTION('',(-1.,-2.070759876205E-30));
#14528 = ( GEOMETRIC_REPRESENTATION_CONTEXT(2) 
PARAMETRIC_REPRESENTATION_CONTEXT() REPRESENTATION_CONTEXT('2D SPACE',''
  ) );
#14529 = ADVANCED_FACE('',(#14530),#13234,.T.);
#14530 = FACE_BOUND('',#14531,.F.);
#14531 = EDGE_LOOP('',(#14532));
#14532 = ORIENTED_EDGE('',*,*,#13219,.F.);
#14533 = ADVANCED_FACE('',(#14534),#13289,.T.);
#14534 = FACE_BOUND('',#14535,.F.);
#14535 = EDGE_LOOP('',(#14536));
#14536 = ORIENTED_EDGE('',*,*,#13274,.F.);
#14537 = ADVANCED_FACE('',(#14538,#14544,#14579),#13366,.F.);
#14538 = FACE_BOUND('',#14539,.F.);
#14539 = EDGE_LOOP('',(#14540,#14541,#14542,#14543));
#14540 = ORIENTED_EDGE('',*,*,#13482,.F.);
#14541 = ORIENTED_EDGE('',*,*,#13454,.T.);
#14542 = ORIENTED_EDGE('',*,*,#13352,.T.);
#14543 = ORIENTED_EDGE('',*,*,#13405,.F.);
#14544 = FACE_BOUND('',#14545,.F.);
#14545 = EDGE_LOOP('',(#14546));
#14546 = ORIENTED_EDGE('',*,*,#14547,.T.);
#14547 = EDGE_CURVE('',#14548,#14548,#14550,.T.);
#14548 = VERTEX_POINT('',#14549);
#14549 = CARTESIAN_POINT('',(31.4,-17.,-392.25));
#14550 = SURFACE_CURVE('',#14551,(#14556,#14567),.PCURVE_S1.);
#14551 = CIRCLE('',#14552,1.6);
#14552 = AXIS2_PLACEMENT_3D('',#14553,#14554,#14555);
#14553 = CARTESIAN_POINT('',(29.8,-17.,-392.25));
#14554 = DIRECTION('',(0.,-1.,2.22044604925E-16));
#14555 = DIRECTION('',(1.,0.,0.));
#14556 = PCURVE('',#13366,#14557);
#14557 = DEFINITIONAL_REPRESENTATION('',(#14558),#14566);
#14558 = ( BOUNDED_CURVE() B_SPLINE_CURVE(2,(#14559,#14560,#14561,#14562
    ,#14563,#14564,#14565),.UNSPECIFIED.,.T.,.F.) 
B_SPLINE_CURVE_WITH_KNOTS((1,2,2,2,2,1),(-2.094395102393,0.,
    2.094395102393,4.188790204786,6.28318530718,8.377580409573),
.UNSPECIFIED.) CURVE() GEOMETRIC_REPRESENTATION_ITEM() 
RATIONAL_B_SPLINE_CURVE((1.,0.5,1.,0.5,1.,0.5,1.)) REPRESENTATION_ITEM(
  '') );
#14559 = CARTESIAN_POINT('',(10.2,7.1));
#14560 = CARTESIAN_POINT('',(12.97128129211,7.1));
#14561 = CARTESIAN_POINT('',(11.585640646055,4.7));
#14562 = CARTESIAN_POINT('',(10.2,2.3));
#14563 = CARTESIAN_POINT('',(8.814359353945,4.7));
#14564 = CARTESIAN_POINT('',(7.42871870789,7.1));
#14565 = CARTESIAN_POINT('',(10.2,7.1));
#14566 = ( GEOMETRIC_REPRESENTATION_CONTEXT(2) 
PARAMETRIC_REPRESENTATION_CONTEXT() REPRESENTATION_CONTEXT('2D SPACE',''
  ) );
#14567 = PCURVE('',#14568,#14573);
#14568 = CYLINDRICAL_SURFACE('',#14569,1.6);
#14569 = AXIS2_PLACEMENT_3D('',#14570,#14571,#14572);
#14570 = CARTESIAN_POINT('',(29.8,-14.495,-392.25));
#14571 = DIRECTION('',(0.,-1.,2.22044604925E-16));
#14572 = DIRECTION('',(1.,0.,0.));
#14573 = DEFINITIONAL_REPRESENTATION('',(#14574),#14578);
#14574 = LINE('',#14575,#14576);
#14575 = CARTESIAN_POINT('',(0.,2.505));
#14576 = VECTOR('',#14577,1.);
#14577 = DIRECTION('',(1.,0.));
#14578 = ( GEOMETRIC_REPRESENTATION_CONTEXT(2) 
PARAMETRIC_REPRESENTATION_CONTEXT() REPRESENTATION_CONTEXT('2D SPACE',''
  ) );
#14579 = FACE_BOUND('',#14580,.F.);
#14580 = EDGE_LOOP('',(#14581));
#14581 = ORIENTED_EDGE('',*,*,#14582,.T.);
#14582 = EDGE_CURVE('',#14583,#14583,#14585,.T.);
#14583 = VERTEX_POINT('',#14584);
#14584 = CARTESIAN_POINT('',(37.4,-17.,-398.25));
#14585 = SURFACE_CURVE('',#14586,(#14591,#14602),.PCURVE_S1.);
#14586 = CIRCLE('',#14587,1.6);
#14587 = AXIS2_PLACEMENT_3D('',#14588,#14589,#14590);
#14588 = CARTESIAN_POINT('',(35.8,-17.,-398.25));
#14589 = DIRECTION('',(0.,-1.,2.22044604925E-16));
#14590 = DIRECTION('',(1.,0.,0.));
#14591 = PCURVE('',#13366,#14592);
#14592 = DEFINITIONAL_REPRESENTATION('',(#14593),#14601);
#14593 = ( BOUNDED_CURVE() B_SPLINE_CURVE(2,(#14594,#14595,#14596,#14597
    ,#14598,#14599,#14600),.UNSPECIFIED.,.T.,.F.) 
B_SPLINE_CURVE_WITH_KNOTS((1,2,2,2,2,1),(-2.094395102393,0.,
    2.094395102393,4.188790204786,6.28318530718,8.377580409573),
.UNSPECIFIED.) CURVE() GEOMETRIC_REPRESENTATION_ITEM() 
RATIONAL_B_SPLINE_CURVE((1.,0.5,1.,0.5,1.,0.5,1.)) REPRESENTATION_ITEM(
  '') );
#14594 = CARTESIAN_POINT('',(4.2,13.1));
#14595 = CARTESIAN_POINT('',(6.97128129211,13.1));
#14596 = CARTESIAN_POINT('',(5.585640646055,10.7));
#14597 = CARTESIAN_POINT('',(4.2,8.3));
#14598 = CARTESIAN_POINT('',(2.814359353945,10.7));
#14599 = CARTESIAN_POINT('',(1.42871870789,13.1));
#14600 = CARTESIAN_POINT('',(4.2,13.1));
#14601 = ( GEOMETRIC_REPRESENTATION_CONTEXT(2) 
PARAMETRIC_REPRESENTATION_CONTEXT() REPRESENTATION_CONTEXT('2D SPACE',''
  ) );
#14602 = PCURVE('',#14603,#14608);
#14603 = CYLINDRICAL_SURFACE('',#14604,1.6);
#14604 = AXIS2_PLACEMENT_3D('',#14605,#14606,#14607);
#14605 = CARTESIAN_POINT('',(35.8,-14.495,-398.25));
#14606 = DIRECTION('',(0.,-1.,2.22044604925E-16));
#14607 = DIRECTION('',(1.,0.,0.));
#14608 = DEFINITIONAL_REPRESENTATION('',(#14609),#14613);
#14609 = LINE('',#14610,#14611);
#14610 = CARTESIAN_POINT('',(0.,2.505));
#14611 = VECTOR('',#14612,1.);
#14612 = DIRECTION('',(1.,0.));
#14613 = ( GEOMETRIC_REPRESENTATION_CONTEXT(2) 
PARAMETRIC_REPRESENTATION_CONTEXT() REPRESENTATION_CONTEXT('2D SPACE',''
  ) );
#14614 = ADVANCED_FACE('',(#14615),#13522,.F.);
#14615 = FACE_BOUND('',#14616,.F.);
#14616 = EDGE_LOOP('',(#14617,#14618,#14641,#14668));
#14617 = ORIENTED_EDGE('',*,*,#13505,.F.);
#14618 = ORIENTED_EDGE('',*,*,#14619,.F.);
#14619 = EDGE_CURVE('',#14620,#13506,#14622,.T.);
#14620 = VERTEX_POINT('',#14621);
#14621 = CARTESIAN_POINT('',(43.5,-22.5,-410.75));
#14622 = SEAM_CURVE('',#14623,(#14627,#14634),.PCURVE_S1.);
#14623 = LINE('',#14624,#14625);
#14624 = CARTESIAN_POINT('',(43.5,-22.5,-410.75));
#14625 = VECTOR('',#14626,1.);
#14626 = DIRECTION('',(0.,0.,1.));
#14627 = PCURVE('',#13522,#14628);
#14628 = DEFINITIONAL_REPRESENTATION('',(#14629),#14633);
#14629 = LINE('',#14630,#14631);
#14630 = CARTESIAN_POINT('',(0.,0.));
#14631 = VECTOR('',#14632,1.);
#14632 = DIRECTION('',(0.,1.));
#14633 = ( GEOMETRIC_REPRESENTATION_CONTEXT(2) 
PARAMETRIC_REPRESENTATION_CONTEXT() REPRESENTATION_CONTEXT('2D SPACE',''
  ) );
#14634 = PCURVE('',#13522,#14635);
#14635 = DEFINITIONAL_REPRESENTATION('',(#14636),#14640);
#14636 = LINE('',#14637,#14638);
#14637 = CARTESIAN_POINT('',(6.28318530718,0.));
#14638 = VECTOR('',#14639,1.);
#14639 = DIRECTION('',(0.,1.));
#14640 = ( GEOMETRIC_REPRESENTATION_CONTEXT(2) 
PARAMETRIC_REPRESENTATION_CONTEXT() REPRESENTATION_CONTEXT('2D SPACE',''
  ) );
#14641 = ORIENTED_EDGE('',*,*,#14642,.T.);
#14642 = EDGE_CURVE('',#14620,#14620,#14643,.T.);
#14643 = SURFACE_CURVE('',#14644,(#14649,#14656),.PCURVE_S1.);
#14644 = CIRCLE('',#14645,2.5);
#14645 = AXIS2_PLACEMENT_3D('',#14646,#14647,#14648);
#14646 = CARTESIAN_POINT('',(41.,-22.5,-410.75));
#14647 = DIRECTION('',(0.,0.,1.));
#14648 = DIRECTION('',(1.,0.,-0.));
#14649 = PCURVE('',#13522,#14650);
#14650 = DEFINITIONAL_REPRESENTATION('',(#14651),#14655);
#14651 = LINE('',#14652,#14653);
#14652 = CARTESIAN_POINT('',(0.,0.));
#14653 = VECTOR('',#14654,1.);
#14654 = DIRECTION('',(1.,0.));
#14655 = ( GEOMETRIC_REPRESENTATION_CONTEXT(2) 
PARAMETRIC_REPRESENTATION_CONTEXT() REPRESENTATION_CONTEXT('2D SPACE',''
  ) );
#14656 = PCURVE('',#14657,#14662);
#14657 = PLANE('',#14658);
#14658 = AXIS2_PLACEMENT_3D('',#14659,#14660,#14661);
#14659 = CARTESIAN_POINT('',(41.,-22.5,-410.75));
#14660 = DIRECTION('',(0.,0.,1.));
#14661 = DIRECTION('',(1.,0.,-0.));
#14662 = DEFINITIONAL_REPRESENTATION('',(#14663),#14667);
#14663 = CIRCLE('',#14664,2.5);
#14664 = AXIS2_PLACEMENT_2D('',#14665,#14666);
#14665 = CARTESIAN_POINT('',(0.,0.));
#14666 = DIRECTION('',(1.,0.));
#14667 = ( GEOMETRIC_REPRESENTATION_CONTEXT(2) 
PARAMETRIC_REPRESENTATION_CONTEXT() REPRESENTATION_CONTEXT('2D SPACE',''
  ) );
#14668 = ORIENTED_EDGE('',*,*,#14619,.T.);
#14669 = ADVANCED_FACE('',(#14670),#13554,.F.);
#14670 = FACE_BOUND('',#14671,.F.);
#14671 = EDGE_LOOP('',(#14672));
#14672 = ORIENTED_EDGE('',*,*,#13537,.T.);
#14673 = ADVANCED_FACE('',(#14674),#13609,.F.);
#14674 = FACE_BOUND('',#14675,.F.);
#14675 = EDGE_LOOP('',(#14676));
#14676 = ORIENTED_EDGE('',*,*,#13592,.T.);
#14677 = ADVANCED_FACE('',(#14678,#14684,#14719),#13686,.T.);
#14678 = FACE_BOUND('',#14679,.T.);
#14679 = EDGE_LOOP('',(#14680,#14681,#14682,#14683));
#14680 = ORIENTED_EDGE('',*,*,#13822,.F.);
#14681 = ORIENTED_EDGE('',*,*,#13772,.T.);
#14682 = ORIENTED_EDGE('',*,*,#13670,.T.);
#14683 = ORIENTED_EDGE('',*,*,#13723,.F.);
#14684 = FACE_BOUND('',#14685,.T.);
#14685 = EDGE_LOOP('',(#14686));
#14686 = ORIENTED_EDGE('',*,*,#14687,.T.);
#14687 = EDGE_CURVE('',#14688,#14688,#14690,.T.);
#14688 = VERTEX_POINT('',#14689);
#14689 = CARTESIAN_POINT('',(31.4,17.,-392.25));
#14690 = SURFACE_CURVE('',#14691,(#14696,#14707),.PCURVE_S1.);
#14691 = CIRCLE('',#14692,1.6);
#14692 = AXIS2_PLACEMENT_3D('',#14693,#14694,#14695);
#14693 = CARTESIAN_POINT('',(29.8,17.,-392.25));
#14694 = DIRECTION('',(0.,-1.,2.22044604925E-16));
#14695 = DIRECTION('',(1.,0.,0.));
#14696 = PCURVE('',#13686,#14697);
#14697 = DEFINITIONAL_REPRESENTATION('',(#14698),#14706);
#14698 = ( BOUNDED_CURVE() B_SPLINE_CURVE(2,(#14699,#14700,#14701,#14702
    ,#14703,#14704,#14705),.UNSPECIFIED.,.T.,.F.) 
B_SPLINE_CURVE_WITH_KNOTS((1,2,2,2,2,1),(-2.094395102393,0.,
    2.094395102393,4.188790204786,6.28318530718,8.377580409573),
.UNSPECIFIED.) CURVE() GEOMETRIC_REPRESENTATION_ITEM() 
RATIONAL_B_SPLINE_CURVE((1.,0.5,1.,0.5,1.,0.5,1.)) REPRESENTATION_ITEM(
  '') );
#14699 = CARTESIAN_POINT('',(10.2,7.1));
#14700 = CARTESIAN_POINT('',(12.97128129211,7.1));
#14701 = CARTESIAN_POINT('',(11.585640646055,4.7));
#14702 = CARTESIAN_POINT('',(10.2,2.3));
#14703 = CARTESIAN_POINT('',(8.814359353945,4.7));
#14704 = CARTESIAN_POINT('',(7.42871870789,7.1));
#14705 = CARTESIAN_POINT('',(10.2,7.1));
#14706 = ( GEOMETRIC_REPRESENTATION_CONTEXT(2) 
PARAMETRIC_REPRESENTATION_CONTEXT() REPRESENTATION_CONTEXT('2D SPACE',''
  ) );
#14707 = PCURVE('',#14708,#14713);
#14708 = CYLINDRICAL_SURFACE('',#14709,1.6);
#14709 = AXIS2_PLACEMENT_3D('',#14710,#14711,#14712);
#14710 = CARTESIAN_POINT('',(29.8,17.005,-392.25));
#14711 = DIRECTION('',(0.,-1.,2.22044604925E-16));
#14712 = DIRECTION('',(1.,0.,0.));
#14713 = DEFINITIONAL_REPRESENTATION('',(#14714),#14718);
#14714 = LINE('',#14715,#14716);
#14715 = CARTESIAN_POINT('',(0.,4.999999999999E-03));
#14716 = VECTOR('',#14717,1.);
#14717 = DIRECTION('',(1.,0.));
#14718 = ( GEOMETRIC_REPRESENTATION_CONTEXT(2) 
PARAMETRIC_REPRESENTATION_CONTEXT() REPRESENTATION_CONTEXT('2D SPACE',''
  ) );
#14719 = FACE_BOUND('',#14720,.T.);
#14720 = EDGE_LOOP('',(#14721));
#14721 = ORIENTED_EDGE('',*,*,#14722,.T.);
#14722 = EDGE_CURVE('',#14723,#14723,#14725,.T.);
#14723 = VERTEX_POINT('',#14724);
#14724 = CARTESIAN_POINT('',(37.4,17.,-398.25));
#14725 = SURFACE_CURVE('',#14726,(#14731,#14742),.PCURVE_S1.);
#14726 = CIRCLE('',#14727,1.6);
#14727 = AXIS2_PLACEMENT_3D('',#14728,#14729,#14730);
#14728 = CARTESIAN_POINT('',(35.8,17.,-398.25));
#14729 = DIRECTION('',(0.,-1.,2.22044604925E-16));
#14730 = DIRECTION('',(1.,0.,0.));
#14731 = PCURVE('',#13686,#14732);
#14732 = DEFINITIONAL_REPRESENTATION('',(#14733),#14741);
#14733 = ( BOUNDED_CURVE() B_SPLINE_CURVE(2,(#14734,#14735,#14736,#14737
    ,#14738,#14739,#14740),.UNSPECIFIED.,.T.,.F.) 
B_SPLINE_CURVE_WITH_KNOTS((1,2,2,2,2,1),(-2.094395102393,0.,
    2.094395102393,4.188790204786,6.28318530718,8.377580409573),
.UNSPECIFIED.) CURVE() GEOMETRIC_REPRESENTATION_ITEM() 
RATIONAL_B_SPLINE_CURVE((1.,0.5,1.,0.5,1.,0.5,1.)) REPRESENTATION_ITEM(
  '') );
#14734 = CARTESIAN_POINT('',(4.2,13.1));
#14735 = CARTESIAN_POINT('',(6.97128129211,13.1));
#14736 = CARTESIAN_POINT('',(5.585640646055,10.7));
#14737 = CARTESIAN_POINT('',(4.2,8.3));
#14738 = CARTESIAN_POINT('',(2.814359353945,10.7));
#14739 = CARTESIAN_POINT('',(1.42871870789,13.1));
#14740 = CARTESIAN_POINT('',(4.2,13.1));
#14741 = ( GEOMETRIC_REPRESENTATION_CONTEXT(2) 
PARAMETRIC_REPRESENTATION_CONTEXT() REPRESENTATION_CONTEXT('2D SPACE',''
  ) );
#14742 = PCURVE('',#14743,#14748);
#14743 = CYLINDRICAL_SURFACE('',#14744,1.6);
#14744 = AXIS2_PLACEMENT_3D('',#14745,#14746,#14747);
#14745 = CARTESIAN_POINT('',(35.8,17.005,-398.25));
#14746 = DIRECTION('',(0.,-1.,2.22044604925E-16));
#14747 = DIRECTION('',(1.,0.,0.));
#14748 = DEFINITIONAL_REPRESENTATION('',(#14749),#14753);
#14749 = LINE('',#14750,#14751);
#14750 = CARTESIAN_POINT('',(0.,4.999999999999E-03));
#14751 = VECTOR('',#14752,1.);
#14752 = DIRECTION('',(1.,0.));
#14753 = ( GEOMETRIC_REPRESENTATION_CONTEXT(2) 
PARAMETRIC_REPRESENTATION_CONTEXT() REPRESENTATION_CONTEXT('2D SPACE',''
  ) );
#14754 = ADVANCED_FACE('',(#14755),#13864,.F.);
#14755 = FACE_BOUND('',#14756,.F.);
#14756 = EDGE_LOOP('',(#14757,#14758,#14781,#14808));
#14757 = ORIENTED_EDGE('',*,*,#13847,.F.);
#14758 = ORIENTED_EDGE('',*,*,#14759,.F.);
#14759 = EDGE_CURVE('',#14760,#13848,#14762,.T.);
#14760 = VERTEX_POINT('',#14761);
#14761 = CARTESIAN_POINT('',(43.5,22.5,-410.75));
#14762 = SEAM_CURVE('',#14763,(#14767,#14774),.PCURVE_S1.);
#14763 = LINE('',#14764,#14765);
#14764 = CARTESIAN_POINT('',(43.5,22.5,-410.75));
#14765 = VECTOR('',#14766,1.);
#14766 = DIRECTION('',(0.,0.,1.));
#14767 = PCURVE('',#13864,#14768);
#14768 = DEFINITIONAL_REPRESENTATION('',(#14769),#14773);
#14769 = LINE('',#14770,#14771);
#14770 = CARTESIAN_POINT('',(0.,0.));
#14771 = VECTOR('',#14772,1.);
#14772 = DIRECTION('',(0.,1.));
#14773 = ( GEOMETRIC_REPRESENTATION_CONTEXT(2) 
PARAMETRIC_REPRESENTATION_CONTEXT() REPRESENTATION_CONTEXT('2D SPACE',''
  ) );
#14774 = PCURVE('',#13864,#14775);
#14775 = DEFINITIONAL_REPRESENTATION('',(#14776),#14780);
#14776 = LINE('',#14777,#14778);
#14777 = CARTESIAN_POINT('',(6.28318530718,0.));
#14778 = VECTOR('',#14779,1.);
#14779 = DIRECTION('',(0.,1.));
#14780 = ( GEOMETRIC_REPRESENTATION_CONTEXT(2) 
PARAMETRIC_REPRESENTATION_CONTEXT() REPRESENTATION_CONTEXT('2D SPACE',''
  ) );
#14781 = ORIENTED_EDGE('',*,*,#14782,.T.);
#14782 = EDGE_CURVE('',#14760,#14760,#14783,.T.);
#14783 = SURFACE_CURVE('',#14784,(#14789,#14796),.PCURVE_S1.);
#14784 = CIRCLE('',#14785,2.5);
#14785 = AXIS2_PLACEMENT_3D('',#14786,#14787,#14788);
#14786 = CARTESIAN_POINT('',(41.,22.5,-410.75));
#14787 = DIRECTION('',(0.,0.,1.));
#14788 = DIRECTION('',(1.,0.,-0.));
#14789 = PCURVE('',#13864,#14790);
#14790 = DEFINITIONAL_REPRESENTATION('',(#14791),#14795);
#14791 = LINE('',#14792,#14793);
#14792 = CARTESIAN_POINT('',(0.,0.));
#14793 = VECTOR('',#14794,1.);
#14794 = DIRECTION('',(1.,0.));
#14795 = ( GEOMETRIC_REPRESENTATION_CONTEXT(2) 
PARAMETRIC_REPRESENTATION_CONTEXT() REPRESENTATION_CONTEXT('2D SPACE',''
  ) );
#14796 = PCURVE('',#14797,#14802);
#14797 = PLANE('',#14798);
#14798 = AXIS2_PLACEMENT_3D('',#14799,#14800,#14801);
#14799 = CARTESIAN_POINT('',(41.,22.5,-410.75));
#14800 = DIRECTION('',(0.,0.,1.));
#14801 = DIRECTION('',(1.,0.,-0.));
#14802 = DEFINITIONAL_REPRESENTATION('',(#14803),#14807);
#14803 = CIRCLE('',#14804,2.5);
#14804 = AXIS2_PLACEMENT_2D('',#14805,#14806);
#14805 = CARTESIAN_POINT('',(0.,0.));
#14806 = DIRECTION('',(1.,0.));
#14807 = ( GEOMETRIC_REPRESENTATION_CONTEXT(2) 
PARAMETRIC_REPRESENTATION_CONTEXT() REPRESENTATION_CONTEXT('2D SPACE',''
  ) );
#14808 = ORIENTED_EDGE('',*,*,#14759,.T.);
#14809 = ADVANCED_FACE('',(#14810),#13996,.F.);
#14810 = FACE_BOUND('',#14811,.F.);
#14811 = EDGE_LOOP('',(#14812,#14838));
#14812 = ORIENTED_EDGE('',*,*,#14813,.F.);
#14813 = EDGE_CURVE('',#13946,#13880,#14814,.T.);
#14814 = SURFACE_CURVE('',#14815,(#14819,#14826),.PCURVE_S1.);
#14815 = LINE('',#14816,#14817);
#14816 = CARTESIAN_POINT('',(37.,22.5,-414.3));
#14817 = VECTOR('',#14818,1.);
#14818 = DIRECTION('',(1.,9.325873406851E-15,0.));
#14819 = PCURVE('',#13996,#14820);
#14820 = DEFINITIONAL_REPRESENTATION('',(#14821),#14825);
#14821 = LINE('',#14822,#14823);
#14822 = CARTESIAN_POINT('',(-4.,-7.460698725481E-14));
#14823 = VECTOR('',#14824,1.);
#14824 = DIRECTION('',(1.,9.325873406851E-15));
#14825 = ( GEOMETRIC_REPRESENTATION_CONTEXT(2) 
PARAMETRIC_REPRESENTATION_CONTEXT() REPRESENTATION_CONTEXT('2D SPACE',''
  ) );
#14826 = PCURVE('',#14827,#14832);
#14827 = PLANE('',#14828);
#14828 = AXIS2_PLACEMENT_3D('',#14829,#14830,#14831);
#14829 = CARTESIAN_POINT('',(41.,22.5,-414.3));
#14830 = DIRECTION('',(0.,-1.,2.22044604925E-16));
#14831 = DIRECTION('',(1.,0.,0.));
#14832 = DEFINITIONAL_REPRESENTATION('',(#14833),#14837);
#14833 = LINE('',#14834,#14835);
#14834 = CARTESIAN_POINT('',(-4.,5.684341886081E-14));
#14835 = VECTOR('',#14836,1.);
#14836 = DIRECTION('',(1.,2.070759876205E-30));
#14837 = ( GEOMETRIC_REPRESENTATION_CONTEXT(2) 
PARAMETRIC_REPRESENTATION_CONTEXT() REPRESENTATION_CONTEXT('2D SPACE',''
  ) );
#14838 = ORIENTED_EDGE('',*,*,#13981,.T.);
#14839 = ADVANCED_FACE('',(#14840),#13927,.T.);
#14840 = FACE_BOUND('',#14841,.T.);
#14841 = EDGE_LOOP('',(#14842,#14871,#14892,#14914,#14915,#14916,#14917,
    #14939,#14940));
#14842 = ORIENTED_EDGE('',*,*,#14843,.T.);
#14843 = EDGE_CURVE('',#14020,#14844,#14846,.T.);
#14844 = VERTEX_POINT('',#14845);
#14845 = CARTESIAN_POINT('',(45.,32.5,-414.3));
#14846 = SURFACE_CURVE('',#14847,(#14852,#14859),.PCURVE_S1.);
#14847 = CIRCLE('',#14848,4.);
#14848 = AXIS2_PLACEMENT_3D('',#14849,#14850,#14851);
#14849 = CARTESIAN_POINT('',(41.,32.5,-414.3));
#14850 = DIRECTION('',(0.,-1.,2.22044604925E-16));
#14851 = DIRECTION('',(1.,0.,0.));
#14852 = PCURVE('',#13927,#14853);
#14853 = DEFINITIONAL_REPRESENTATION('',(#14854),#14858);
#14854 = LINE('',#14855,#14856);
#14855 = CARTESIAN_POINT('',(0.,0.));
#14856 = VECTOR('',#14857,1.);
#14857 = DIRECTION('',(1.,0.));
#14858 = ( GEOMETRIC_REPRESENTATION_CONTEXT(2) 
PARAMETRIC_REPRESENTATION_CONTEXT() REPRESENTATION_CONTEXT('2D SPACE',''
  ) );
#14859 = PCURVE('',#14860,#14865);
#14860 = PLANE('',#14861);
#14861 = AXIS2_PLACEMENT_3D('',#14862,#14863,#14864);
#14862 = CARTESIAN_POINT('',(41.,32.5,-414.3));
#14863 = DIRECTION('',(0.,-1.,2.22044604925E-16));
#14864 = DIRECTION('',(1.,0.,0.));
#14865 = DEFINITIONAL_REPRESENTATION('',(#14866),#14870);
#14866 = CIRCLE('',#14867,4.);
#14867 = AXIS2_PLACEMENT_2D('',#14868,#14869);
#14868 = CARTESIAN_POINT('',(0.,0.));
#14869 = DIRECTION('',(1.,0.));
#14870 = ( GEOMETRIC_REPRESENTATION_CONTEXT(2) 
PARAMETRIC_REPRESENTATION_CONTEXT() REPRESENTATION_CONTEXT('2D SPACE',''
  ) );
#14871 = ORIENTED_EDGE('',*,*,#14872,.T.);
#14872 = EDGE_CURVE('',#14844,#13880,#14873,.T.);
#14873 = SEAM_CURVE('',#14874,(#14878,#14885),.PCURVE_S1.);
#14874 = LINE('',#14875,#14876);
#14875 = CARTESIAN_POINT('',(45.,32.5,-414.3));
#14876 = VECTOR('',#14877,1.);
#14877 = DIRECTION('',(0.,-1.,2.22044604925E-16));
#14878 = PCURVE('',#13927,#14879);
#14879 = DEFINITIONAL_REPRESENTATION('',(#14880),#14884);
#14880 = LINE('',#14881,#14882);
#14881 = CARTESIAN_POINT('',(0.,-0.));
#14882 = VECTOR('',#14883,1.);
#14883 = DIRECTION('',(0.,1.));
#14884 = ( GEOMETRIC_REPRESENTATION_CONTEXT(2) 
PARAMETRIC_REPRESENTATION_CONTEXT() REPRESENTATION_CONTEXT('2D SPACE',''
  ) );
#14885 = PCURVE('',#13927,#14886);
#14886 = DEFINITIONAL_REPRESENTATION('',(#14887),#14891);
#14887 = LINE('',#14888,#14889);
#14888 = CARTESIAN_POINT('',(6.28318530718,-0.));
#14889 = VECTOR('',#14890,1.);
#14890 = DIRECTION('',(0.,1.));
#14891 = ( GEOMETRIC_REPRESENTATION_CONTEXT(2) 
PARAMETRIC_REPRESENTATION_CONTEXT() REPRESENTATION_CONTEXT('2D SPACE',''
  ) );
#14892 = ORIENTED_EDGE('',*,*,#14893,.F.);
#14893 = EDGE_CURVE('',#13946,#13880,#14894,.T.);
#14894 = SURFACE_CURVE('',#14895,(#14900,#14907),.PCURVE_S1.);
#14895 = CIRCLE('',#14896,4.);
#14896 = AXIS2_PLACEMENT_3D('',#14897,#14898,#14899);
#14897 = CARTESIAN_POINT('',(41.,22.5,-414.3));
#14898 = DIRECTION('',(0.,-1.,2.22044604925E-16));
#14899 = DIRECTION('',(1.,0.,0.));
#14900 = PCURVE('',#13927,#14901);
#14901 = DEFINITIONAL_REPRESENTATION('',(#14902),#14906);
#14902 = LINE('',#14903,#14904);
#14903 = CARTESIAN_POINT('',(0.,10.));
#14904 = VECTOR('',#14905,1.);
#14905 = DIRECTION('',(1.,0.));
#14906 = ( GEOMETRIC_REPRESENTATION_CONTEXT(2) 
PARAMETRIC_REPRESENTATION_CONTEXT() REPRESENTATION_CONTEXT('2D SPACE',''
  ) );
#14907 = PCURVE('',#14827,#14908);
#14908 = DEFINITIONAL_REPRESENTATION('',(#14909),#14913);
#14909 = CIRCLE('',#14910,4.);
#14910 = AXIS2_PLACEMENT_2D('',#14911,#14912);
#14911 = CARTESIAN_POINT('',(0.,0.));
#14912 = DIRECTION('',(1.,0.));
#14913 = ( GEOMETRIC_REPRESENTATION_CONTEXT(2) 
PARAMETRIC_REPRESENTATION_CONTEXT() REPRESENTATION_CONTEXT('2D SPACE',''
  ) );
#14914 = ORIENTED_EDGE('',*,*,#13945,.F.);
#14915 = ORIENTED_EDGE('',*,*,#13904,.F.);
#14916 = ORIENTED_EDGE('',*,*,#14872,.F.);
#14917 = ORIENTED_EDGE('',*,*,#14918,.T.);
#14918 = EDGE_CURVE('',#14844,#14079,#14919,.T.);
#14919 = SURFACE_CURVE('',#14920,(#14925,#14932),.PCURVE_S1.);
#14920 = CIRCLE('',#14921,4.);
#14921 = AXIS2_PLACEMENT_3D('',#14922,#14923,#14924);
#14922 = CARTESIAN_POINT('',(41.,32.5,-414.3));
#14923 = DIRECTION('',(0.,-1.,2.22044604925E-16));
#14924 = DIRECTION('',(1.,0.,0.));
#14925 = PCURVE('',#13927,#14926);
#14926 = DEFINITIONAL_REPRESENTATION('',(#14927),#14931);
#14927 = LINE('',#14928,#14929);
#14928 = CARTESIAN_POINT('',(0.,0.));
#14929 = VECTOR('',#14930,1.);
#14930 = DIRECTION('',(1.,0.));
#14931 = ( GEOMETRIC_REPRESENTATION_CONTEXT(2) 
PARAMETRIC_REPRESENTATION_CONTEXT() REPRESENTATION_CONTEXT('2D SPACE',''
  ) );
#14932 = PCURVE('',#14860,#14933);
#14933 = DEFINITIONAL_REPRESENTATION('',(#14934),#14938);
#14934 = CIRCLE('',#14935,4.);
#14935 = AXIS2_PLACEMENT_2D('',#14936,#14937);
#14936 = CARTESIAN_POINT('',(0.,0.));
#14937 = DIRECTION('',(1.,0.));
#14938 = ( GEOMETRIC_REPRESENTATION_CONTEXT(2) 
PARAMETRIC_REPRESENTATION_CONTEXT() REPRESENTATION_CONTEXT('2D SPACE',''
  ) );
#14939 = ORIENTED_EDGE('',*,*,#14078,.T.);
#14940 = ORIENTED_EDGE('',*,*,#14042,.T.);
#14941 = ADVANCED_FACE('',(#14942),#14157,.F.);
#14942 = FACE_BOUND('',#14943,.F.);
#14943 = EDGE_LOOP('',(#14944,#14945,#14946));
#14944 = ORIENTED_EDGE('',*,*,#14171,.T.);
#14945 = ORIENTED_EDGE('',*,*,#14142,.T.);
#14946 = ORIENTED_EDGE('',*,*,#14196,.T.);
#14947 = ADVANCED_FACE('',(#14948),#14129,.T.);
#14948 = FACE_BOUND('',#14949,.T.);
#14949 = EDGE_LOOP('',(#14950,#14951));
#14950 = ORIENTED_EDGE('',*,*,#14114,.T.);
#14951 = ORIENTED_EDGE('',*,*,#14952,.T.);
#14952 = EDGE_CURVE('',#14079,#14020,#14953,.T.);
#14953 = SURFACE_CURVE('',#14954,(#14958,#14965),.PCURVE_S1.);
#14954 = LINE('',#14955,#14956);
#14955 = CARTESIAN_POINT('',(41.,32.5,-410.3));
#14956 = VECTOR('',#14957,1.);
#14957 = DIRECTION('',(0.,-8.881784197001E-15,-1.));
#14958 = PCURVE('',#14129,#14959);
#14959 = DEFINITIONAL_REPRESENTATION('',(#14960),#14964);
#14960 = LINE('',#14961,#14962);
#14961 = CARTESIAN_POINT('',(-4.,7.105427357601E-14));
#14962 = VECTOR('',#14963,1.);
#14963 = DIRECTION('',(1.,-8.881784197001E-15));
#14964 = ( GEOMETRIC_REPRESENTATION_CONTEXT(2) 
PARAMETRIC_REPRESENTATION_CONTEXT() REPRESENTATION_CONTEXT('2D SPACE',''
  ) );
#14965 = PCURVE('',#14860,#14966);
#14966 = DEFINITIONAL_REPRESENTATION('',(#14967),#14971);
#14967 = LINE('',#14968,#14969);
#14968 = CARTESIAN_POINT('',(0.,4.));
#14969 = VECTOR('',#14970,1.);
#14970 = DIRECTION('',(0.,-1.));
#14971 = ( GEOMETRIC_REPRESENTATION_CONTEXT(2) 
PARAMETRIC_REPRESENTATION_CONTEXT() REPRESENTATION_CONTEXT('2D SPACE',''
  ) );
#14972 = ADVANCED_FACE('',(#14973),#14236,.F.);
#14973 = FACE_BOUND('',#14974,.F.);
#14974 = EDGE_LOOP('',(#14975,#14976));
#14975 = ORIENTED_EDGE('',*,*,#14221,.T.);
#14976 = ORIENTED_EDGE('',*,*,#14509,.T.);
#14977 = ADVANCED_FACE('',(#14978),#14286,.T.);
#14978 = FACE_BOUND('',#14979,.T.);
#14979 = EDGE_LOOP('',(#14980,#14981,#14982));
#14980 = ORIENTED_EDGE('',*,*,#14329,.F.);
#14981 = ORIENTED_EDGE('',*,*,#14271,.T.);
#14982 = ORIENTED_EDGE('',*,*,#14299,.T.);
#14983 = ADVANCED_FACE('',(#14984),#14388,.F.);
#14984 = FACE_BOUND('',#14985,.F.);
#14985 = EDGE_LOOP('',(#14986,#15009,#15010,#15011,#15040,#15061,#15090,
    #15111));
#14986 = ORIENTED_EDGE('',*,*,#14987,.T.);
#14987 = EDGE_CURVE('',#14988,#14372,#14990,.T.);
#14988 = VERTEX_POINT('',#14989);
#14989 = CARTESIAN_POINT('',(36.6,14.495,-398.25));
#14990 = SEAM_CURVE('',#14991,(#14995,#15002),.PCURVE_S1.);
#14991 = LINE('',#14992,#14993);
#14992 = CARTESIAN_POINT('',(36.6,14.5,-398.25));
#14993 = VECTOR('',#14994,1.);
#14994 = DIRECTION('',(0.,-1.,2.22044604925E-16));
#14995 = PCURVE('',#14388,#14996);
#14996 = DEFINITIONAL_REPRESENTATION('',(#14997),#15001);
#14997 = LINE('',#14998,#14999);
#14998 = CARTESIAN_POINT('',(6.28318530718,-0.));
#14999 = VECTOR('',#15000,1.);
#15000 = DIRECTION('',(0.,1.));
#15001 = ( GEOMETRIC_REPRESENTATION_CONTEXT(2) 
PARAMETRIC_REPRESENTATION_CONTEXT() REPRESENTATION_CONTEXT('2D SPACE',''
  ) );
#15002 = PCURVE('',#14388,#15003);
#15003 = DEFINITIONAL_REPRESENTATION('',(#15004),#15008);
#15004 = LINE('',#15005,#15006);
#15005 = CARTESIAN_POINT('',(0.,-0.));
#15006 = VECTOR('',#15007,1.);
#15007 = DIRECTION('',(0.,1.));
#15008 = ( GEOMETRIC_REPRESENTATION_CONTEXT(2) 
PARAMETRIC_REPRESENTATION_CONTEXT() REPRESENTATION_CONTEXT('2D SPACE',''
  ) );
#15009 = ORIENTED_EDGE('',*,*,#14371,.F.);
#15010 = ORIENTED_EDGE('',*,*,#14987,.F.);
#15011 = ORIENTED_EDGE('',*,*,#15012,.T.);
#15012 = EDGE_CURVE('',#14988,#15013,#15015,.T.);
#15013 = VERTEX_POINT('',#15014);
#15014 = CARTESIAN_POINT('',(35.39999999999,14.495,-396.7008066615));
#15015 = SURFACE_CURVE('',#15016,(#15021,#15028),.PCURVE_S1.);
#15016 = CIRCLE('',#15017,1.6);
#15017 = AXIS2_PLACEMENT_3D('',#15018,#15019,#15020);
#15018 = CARTESIAN_POINT('',(35.,14.495,-398.25));
#15019 = DIRECTION('',(0.,-1.,2.22044604925E-16));
#15020 = DIRECTION('',(1.,0.,0.));
#15021 = PCURVE('',#14388,#15022);
#15022 = DEFINITIONAL_REPRESENTATION('',(#15023),#15027);
#15023 = LINE('',#15024,#15025);
#15024 = CARTESIAN_POINT('',(0.,5.000000000001E-03));
#15025 = VECTOR('',#15026,1.);
#15026 = DIRECTION('',(1.,0.));
#15027 = ( GEOMETRIC_REPRESENTATION_CONTEXT(2) 
PARAMETRIC_REPRESENTATION_CONTEXT() REPRESENTATION_CONTEXT('2D SPACE',''
  ) );
#15028 = PCURVE('',#15029,#15034);
#15029 = PLANE('',#15030);
#15030 = AXIS2_PLACEMENT_3D('',#15031,#15032,#15033);
#15031 = CARTESIAN_POINT('',(35.8,14.495,-398.25));
#15032 = DIRECTION('',(0.,-1.,2.22044604925E-16));
#15033 = DIRECTION('',(1.,0.,0.));
#15034 = DEFINITIONAL_REPRESENTATION('',(#15035),#15039);
#15035 = CIRCLE('',#15036,1.6);
#15036 = AXIS2_PLACEMENT_2D('',#15037,#15038);
#15037 = CARTESIAN_POINT('',(-0.8,0.));
#15038 = DIRECTION('',(1.,0.));
#15039 = ( GEOMETRIC_REPRESENTATION_CONTEXT(2) 
PARAMETRIC_REPRESENTATION_CONTEXT() REPRESENTATION_CONTEXT('2D SPACE',''
  ) );
#15040 = ORIENTED_EDGE('',*,*,#15041,.F.);
#15041 = EDGE_CURVE('',#15042,#15013,#15044,.T.);
#15042 = VERTEX_POINT('',#15043);
#15043 = CARTESIAN_POINT('',(35.40000000001,14.5,-396.7008066615));
#15044 = SURFACE_CURVE('',#15045,(#15049,#15055),.PCURVE_S1.);
#15045 = LINE('',#15046,#15047);
#15046 = CARTESIAN_POINT('',(35.4,14.5,-396.7008066615));
#15047 = VECTOR('',#15048,1.);
#15048 = DIRECTION('',(0.,-1.,2.22044604925E-16));
#15049 = PCURVE('',#14388,#15050);
#15050 = DEFINITIONAL_REPRESENTATION('',(#15051),#15054);
#15051 = B_SPLINE_CURVE_WITH_KNOTS('',1,(#15052,#15053),.UNSPECIFIED.,
  .F.,.F.,(2,2),(-5.999999999062E-07,5.000600000001E-03),
  .PIECEWISE_BEZIER_KNOTS.);
#15052 = CARTESIAN_POINT('',(1.318116071653,-5.999999995622E-07));
#15053 = CARTESIAN_POINT('',(1.318116071653,5.000600000001E-03));
#15054 = ( GEOMETRIC_REPRESENTATION_CONTEXT(2) 
PARAMETRIC_REPRESENTATION_CONTEXT() REPRESENTATION_CONTEXT('2D SPACE',''
  ) );
#15055 = PCURVE('',#14743,#15056);
#15056 = DEFINITIONAL_REPRESENTATION('',(#15057),#15060);
#15057 = B_SPLINE_CURVE_WITH_KNOTS('',1,(#15058,#15059),.UNSPECIFIED.,
  .F.,.F.,(2,2),(-5.999999999062E-07,5.000600000001E-03),
  .PIECEWISE_BEZIER_KNOTS.);
#15058 = CARTESIAN_POINT('',(1.823476581937,2.5049994));
#15059 = CARTESIAN_POINT('',(1.823476581937,2.5100006));
#15060 = ( GEOMETRIC_REPRESENTATION_CONTEXT(2) 
PARAMETRIC_REPRESENTATION_CONTEXT() REPRESENTATION_CONTEXT('2D SPACE',''
  ) );
#15061 = ORIENTED_EDGE('',*,*,#15062,.T.);
#15062 = EDGE_CURVE('',#15042,#15063,#15065,.T.);
#15063 = VERTEX_POINT('',#15064);
#15064 = CARTESIAN_POINT('',(35.40000000001,14.5,-399.7991933384));
#15065 = SURFACE_CURVE('',#15066,(#15071,#15078),.PCURVE_S1.);
#15066 = CIRCLE('',#15067,1.6);
#15067 = AXIS2_PLACEMENT_3D('',#15068,#15069,#15070);
#15068 = CARTESIAN_POINT('',(35.,14.5,-398.25));
#15069 = DIRECTION('',(0.,-1.,2.22044604925E-16));
#15070 = DIRECTION('',(1.,0.,0.));
#15071 = PCURVE('',#14388,#15072);
#15072 = DEFINITIONAL_REPRESENTATION('',(#15073),#15077);
#15073 = LINE('',#15074,#15075);
#15074 = CARTESIAN_POINT('',(0.,0.));
#15075 = VECTOR('',#15076,1.);
#15076 = DIRECTION('',(1.,0.));
#15077 = ( GEOMETRIC_REPRESENTATION_CONTEXT(2) 
PARAMETRIC_REPRESENTATION_CONTEXT() REPRESENTATION_CONTEXT('2D SPACE',''
  ) );
#15078 = PCURVE('',#15079,#15084);
#15079 = PLANE('',#15080);
#15080 = AXIS2_PLACEMENT_3D('',#15081,#15082,#15083);
#15081 = CARTESIAN_POINT('',(35.,14.5,-398.25));
#15082 = DIRECTION('',(0.,-1.,2.22044604925E-16));
#15083 = DIRECTION('',(1.,0.,0.));
#15084 = DEFINITIONAL_REPRESENTATION('',(#15085),#15089);
#15085 = CIRCLE('',#15086,1.6);
#15086 = AXIS2_PLACEMENT_2D('',#15087,#15088);
#15087 = CARTESIAN_POINT('',(0.,0.));
#15088 = DIRECTION('',(1.,0.));
#15089 = ( GEOMETRIC_REPRESENTATION_CONTEXT(2) 
PARAMETRIC_REPRESENTATION_CONTEXT() REPRESENTATION_CONTEXT('2D SPACE',''
  ) );
#15090 = ORIENTED_EDGE('',*,*,#15091,.T.);
#15091 = EDGE_CURVE('',#15063,#15092,#15094,.T.);
#15092 = VERTEX_POINT('',#15093);
#15093 = CARTESIAN_POINT('',(35.39999999999,14.495,-399.7991933384));
#15094 = SURFACE_CURVE('',#15095,(#15099,#15105),.PCURVE_S1.);
#15095 = LINE('',#15096,#15097);
#15096 = CARTESIAN_POINT('',(35.4,14.5,-399.7991933384));
#15097 = VECTOR('',#15098,1.);
#15098 = DIRECTION('',(0.,-1.,2.22044604925E-16));
#15099 = PCURVE('',#14388,#15100);
#15100 = DEFINITIONAL_REPRESENTATION('',(#15101),#15104);
#15101 = B_SPLINE_CURVE_WITH_KNOTS('',1,(#15102,#15103),.UNSPECIFIED.,
  .F.,.F.,(2,2),(-5.999999999062E-07,5.000600000001E-03),
  .PIECEWISE_BEZIER_KNOTS.);
#15102 = CARTESIAN_POINT('',(4.965069235527,-6.000000002502E-07));
#15103 = CARTESIAN_POINT('',(4.965069235527,5.0006E-03));
#15104 = ( GEOMETRIC_REPRESENTATION_CONTEXT(2) 
PARAMETRIC_REPRESENTATION_CONTEXT() REPRESENTATION_CONTEXT('2D SPACE',''
  ) );
#15105 = PCURVE('',#14743,#15106);
#15106 = DEFINITIONAL_REPRESENTATION('',(#15107),#15110);
#15107 = B_SPLINE_CURVE_WITH_KNOTS('',1,(#15108,#15109),.UNSPECIFIED.,
  .F.,.F.,(2,2),(-5.999999999062E-07,5.000600000001E-03),
  .PIECEWISE_BEZIER_KNOTS.);
#15108 = CARTESIAN_POINT('',(4.459708725243,2.5049994));
#15109 = CARTESIAN_POINT('',(4.459708725243,2.5100006));
#15110 = ( GEOMETRIC_REPRESENTATION_CONTEXT(2) 
PARAMETRIC_REPRESENTATION_CONTEXT() REPRESENTATION_CONTEXT('2D SPACE',''
  ) );
#15111 = ORIENTED_EDGE('',*,*,#15112,.T.);
#15112 = EDGE_CURVE('',#15092,#14988,#15113,.T.);
#15113 = SURFACE_CURVE('',#15114,(#15119,#15126),.PCURVE_S1.);
#15114 = CIRCLE('',#15115,1.6);
#15115 = AXIS2_PLACEMENT_3D('',#15116,#15117,#15118);
#15116 = CARTESIAN_POINT('',(35.,14.495,-398.25));
#15117 = DIRECTION('',(0.,-1.,2.22044604925E-16));
#15118 = DIRECTION('',(1.,0.,0.));
#15119 = PCURVE('',#14388,#15120);
#15120 = DEFINITIONAL_REPRESENTATION('',(#15121),#15125);
#15121 = LINE('',#15122,#15123);
#15122 = CARTESIAN_POINT('',(0.,5.000000000001E-03));
#15123 = VECTOR('',#15124,1.);
#15124 = DIRECTION('',(1.,0.));
#15125 = ( GEOMETRIC_REPRESENTATION_CONTEXT(2) 
PARAMETRIC_REPRESENTATION_CONTEXT() REPRESENTATION_CONTEXT('2D SPACE',''
  ) );
#15126 = PCURVE('',#15029,#15127);
#15127 = DEFINITIONAL_REPRESENTATION('',(#15128),#15132);
#15128 = CIRCLE('',#15129,1.6);
#15129 = AXIS2_PLACEMENT_2D('',#15130,#15131);
#15130 = CARTESIAN_POINT('',(-0.8,0.));
#15131 = DIRECTION('',(1.,0.));
#15132 = ( GEOMETRIC_REPRESENTATION_CONTEXT(2) 
PARAMETRIC_REPRESENTATION_CONTEXT() REPRESENTATION_CONTEXT('2D SPACE',''
  ) );
#15133 = ADVANCED_FACE('',(#15134),#14423,.F.);
#15134 = FACE_BOUND('',#15135,.F.);
#15135 = EDGE_LOOP('',(#15136,#15167,#15188,#15217,#15238,#15239,#15240,
    #15264));
#15136 = ORIENTED_EDGE('',*,*,#15137,.F.);
#15137 = EDGE_CURVE('',#15138,#15140,#15142,.T.);
#15138 = VERTEX_POINT('',#15139);
#15139 = CARTESIAN_POINT('',(35.40000000001,-14.5,-396.7008066615));
#15140 = VERTEX_POINT('',#15141);
#15141 = CARTESIAN_POINT('',(35.40000000001,-14.5,-399.7991933384));
#15142 = SURFACE_CURVE('',#15143,(#15148,#15155),.PCURVE_S1.);
#15143 = CIRCLE('',#15144,1.6);
#15144 = AXIS2_PLACEMENT_3D('',#15145,#15146,#15147);
#15145 = CARTESIAN_POINT('',(35.,-14.5,-398.25));
#15146 = DIRECTION('',(0.,-1.,2.22044604925E-16));
#15147 = DIRECTION('',(1.,0.,0.));
#15148 = PCURVE('',#14423,#15149);
#15149 = DEFINITIONAL_REPRESENTATION('',(#15150),#15154);
#15150 = LINE('',#15151,#15152);
#15151 = CARTESIAN_POINT('',(0.,2.5));
#15152 = VECTOR('',#15153,1.);
#15153 = DIRECTION('',(1.,0.));
#15154 = ( GEOMETRIC_REPRESENTATION_CONTEXT(2) 
PARAMETRIC_REPRESENTATION_CONTEXT() REPRESENTATION_CONTEXT('2D SPACE',''
  ) );
#15155 = PCURVE('',#15156,#15161);
#15156 = PLANE('',#15157);
#15157 = AXIS2_PLACEMENT_3D('',#15158,#15159,#15160);
#15158 = CARTESIAN_POINT('',(35.,-14.5,-398.25));
#15159 = DIRECTION('',(0.,-1.,2.22044604925E-16));
#15160 = DIRECTION('',(1.,0.,0.));
#15161 = DEFINITIONAL_REPRESENTATION('',(#15162),#15166);
#15162 = CIRCLE('',#15163,1.6);
#15163 = AXIS2_PLACEMENT_2D('',#15164,#15165);
#15164 = CARTESIAN_POINT('',(0.,0.));
#15165 = DIRECTION('',(1.,0.));
#15166 = ( GEOMETRIC_REPRESENTATION_CONTEXT(2) 
PARAMETRIC_REPRESENTATION_CONTEXT() REPRESENTATION_CONTEXT('2D SPACE',''
  ) );
#15167 = ORIENTED_EDGE('',*,*,#15168,.F.);
#15168 = EDGE_CURVE('',#15169,#15138,#15171,.T.);
#15169 = VERTEX_POINT('',#15170);
#15170 = CARTESIAN_POINT('',(35.39999999999,-14.495,-396.7008066615));
#15171 = SURFACE_CURVE('',#15172,(#15176,#15182),.PCURVE_S1.);
#15172 = LINE('',#15173,#15174);
#15173 = CARTESIAN_POINT('',(35.4,-12.,-396.7008066615));
#15174 = VECTOR('',#15175,1.);
#15175 = DIRECTION('',(0.,-1.,2.22044604925E-16));
#15176 = PCURVE('',#14423,#15177);
#15177 = DEFINITIONAL_REPRESENTATION('',(#15178),#15181);
#15178 = B_SPLINE_CURVE_WITH_KNOTS('',1,(#15179,#15180),.UNSPECIFIED.,
  .F.,.F.,(2,2),(2.4949994,2.5000006),.PIECEWISE_BEZIER_KNOTS.);
#15179 = CARTESIAN_POINT('',(1.318116071653,2.4949994));
#15180 = CARTESIAN_POINT('',(1.318116071653,2.5000006));
#15181 = ( GEOMETRIC_REPRESENTATION_CONTEXT(2) 
PARAMETRIC_REPRESENTATION_CONTEXT() REPRESENTATION_CONTEXT('2D SPACE',''
  ) );
#15182 = PCURVE('',#14603,#15183);
#15183 = DEFINITIONAL_REPRESENTATION('',(#15184),#15187);
#15184 = B_SPLINE_CURVE_WITH_KNOTS('',1,(#15185,#15186),.UNSPECIFIED.,
  .F.,.F.,(2,2),(2.4949994,2.5000006),.PIECEWISE_BEZIER_KNOTS.);
#15185 = CARTESIAN_POINT('',(1.823476581937,-5.999999994621E-07));
#15186 = CARTESIAN_POINT('',(1.823476581937,5.000599999999E-03));
#15187 = ( GEOMETRIC_REPRESENTATION_CONTEXT(2) 
PARAMETRIC_REPRESENTATION_CONTEXT() REPRESENTATION_CONTEXT('2D SPACE',''
  ) );
#15188 = ORIENTED_EDGE('',*,*,#15189,.F.);
#15189 = EDGE_CURVE('',#15190,#15169,#15192,.T.);
#15190 = VERTEX_POINT('',#15191);
#15191 = CARTESIAN_POINT('',(36.6,-14.495,-398.25));
#15192 = SURFACE_CURVE('',#15193,(#15198,#15205),.PCURVE_S1.);
#15193 = CIRCLE('',#15194,1.6);
#15194 = AXIS2_PLACEMENT_3D('',#15195,#15196,#15197);
#15195 = CARTESIAN_POINT('',(35.,-14.495,-398.25));
#15196 = DIRECTION('',(0.,-1.,2.22044604925E-16));
#15197 = DIRECTION('',(1.,0.,0.));
#15198 = PCURVE('',#14423,#15199);
#15199 = DEFINITIONAL_REPRESENTATION('',(#15200),#15204);
#15200 = LINE('',#15201,#15202);
#15201 = CARTESIAN_POINT('',(0.,2.495));
#15202 = VECTOR('',#15203,1.);
#15203 = DIRECTION('',(1.,0.));
#15204 = ( GEOMETRIC_REPRESENTATION_CONTEXT(2) 
PARAMETRIC_REPRESENTATION_CONTEXT() REPRESENTATION_CONTEXT('2D SPACE',''
  ) );
#15205 = PCURVE('',#15206,#15211);
#15206 = PLANE('',#15207);
#15207 = AXIS2_PLACEMENT_3D('',#15208,#15209,#15210);
#15208 = CARTESIAN_POINT('',(35.8,-14.495,-398.25));
#15209 = DIRECTION('',(0.,-1.,2.22044604925E-16));
#15210 = DIRECTION('',(1.,0.,0.));
#15211 = DEFINITIONAL_REPRESENTATION('',(#15212),#15216);
#15212 = CIRCLE('',#15213,1.6);
#15213 = AXIS2_PLACEMENT_2D('',#15214,#15215);
#15214 = CARTESIAN_POINT('',(-0.8,0.));
#15215 = DIRECTION('',(1.,0.));
#15216 = ( GEOMETRIC_REPRESENTATION_CONTEXT(2) 
PARAMETRIC_REPRESENTATION_CONTEXT() REPRESENTATION_CONTEXT('2D SPACE',''
  ) );
#15217 = ORIENTED_EDGE('',*,*,#15218,.F.);
#15218 = EDGE_CURVE('',#14407,#15190,#15219,.T.);
#15219 = SEAM_CURVE('',#15220,(#15224,#15231),.PCURVE_S1.);
#15220 = LINE('',#15221,#15222);
#15221 = CARTESIAN_POINT('',(36.6,-12.,-398.25));
#15222 = VECTOR('',#15223,1.);
#15223 = DIRECTION('',(0.,-1.,2.22044604925E-16));
#15224 = PCURVE('',#14423,#15225);
#15225 = DEFINITIONAL_REPRESENTATION('',(#15226),#15230);
#15226 = LINE('',#15227,#15228);
#15227 = CARTESIAN_POINT('',(6.28318530718,-0.));
#15228 = VECTOR('',#15229,1.);
#15229 = DIRECTION('',(0.,1.));
#15230 = ( GEOMETRIC_REPRESENTATION_CONTEXT(2) 
PARAMETRIC_REPRESENTATION_CONTEXT() REPRESENTATION_CONTEXT('2D SPACE',''
  ) );
#15231 = PCURVE('',#14423,#15232);
#15232 = DEFINITIONAL_REPRESENTATION('',(#15233),#15237);
#15233 = LINE('',#15234,#15235);
#15234 = CARTESIAN_POINT('',(0.,-0.));
#15235 = VECTOR('',#15236,1.);
#15236 = DIRECTION('',(0.,1.));
#15237 = ( GEOMETRIC_REPRESENTATION_CONTEXT(2) 
PARAMETRIC_REPRESENTATION_CONTEXT() REPRESENTATION_CONTEXT('2D SPACE',''
  ) );
#15238 = ORIENTED_EDGE('',*,*,#14406,.T.);
#15239 = ORIENTED_EDGE('',*,*,#15218,.T.);
#15240 = ORIENTED_EDGE('',*,*,#15241,.F.);
#15241 = EDGE_CURVE('',#15242,#15190,#15244,.T.);
#15242 = VERTEX_POINT('',#15243);
#15243 = CARTESIAN_POINT('',(35.39999999999,-14.495,-399.7991933384));
#15244 = SURFACE_CURVE('',#15245,(#15250,#15257),.PCURVE_S1.);
#15245 = CIRCLE('',#15246,1.6);
#15246 = AXIS2_PLACEMENT_3D('',#15247,#15248,#15249);
#15247 = CARTESIAN_POINT('',(35.,-14.495,-398.25));
#15248 = DIRECTION('',(0.,-1.,2.22044604925E-16));
#15249 = DIRECTION('',(1.,0.,0.));
#15250 = PCURVE('',#14423,#15251);
#15251 = DEFINITIONAL_REPRESENTATION('',(#15252),#15256);
#15252 = LINE('',#15253,#15254);
#15253 = CARTESIAN_POINT('',(0.,2.495));
#15254 = VECTOR('',#15255,1.);
#15255 = DIRECTION('',(1.,0.));
#15256 = ( GEOMETRIC_REPRESENTATION_CONTEXT(2) 
PARAMETRIC_REPRESENTATION_CONTEXT() REPRESENTATION_CONTEXT('2D SPACE',''
  ) );
#15257 = PCURVE('',#15206,#15258);
#15258 = DEFINITIONAL_REPRESENTATION('',(#15259),#15263);
#15259 = CIRCLE('',#15260,1.6);
#15260 = AXIS2_PLACEMENT_2D('',#15261,#15262);
#15261 = CARTESIAN_POINT('',(-0.8,0.));
#15262 = DIRECTION('',(1.,0.));
#15263 = ( GEOMETRIC_REPRESENTATION_CONTEXT(2) 
PARAMETRIC_REPRESENTATION_CONTEXT() REPRESENTATION_CONTEXT('2D SPACE',''
  ) );
#15264 = ORIENTED_EDGE('',*,*,#15265,.T.);
#15265 = EDGE_CURVE('',#15242,#15140,#15266,.T.);
#15266 = SURFACE_CURVE('',#15267,(#15271,#15277),.PCURVE_S1.);
#15267 = LINE('',#15268,#15269);
#15268 = CARTESIAN_POINT('',(35.4,-12.,-399.7991933384));
#15269 = VECTOR('',#15270,1.);
#15270 = DIRECTION('',(0.,-1.,2.22044604925E-16));
#15271 = PCURVE('',#14423,#15272);
#15272 = DEFINITIONAL_REPRESENTATION('',(#15273),#15276);
#15273 = B_SPLINE_CURVE_WITH_KNOTS('',1,(#15274,#15275),.UNSPECIFIED.,
  .F.,.F.,(2,2),(2.4949994,2.5000006),.PIECEWISE_BEZIER_KNOTS.);
#15274 = CARTESIAN_POINT('',(4.965069235527,2.4949994));
#15275 = CARTESIAN_POINT('',(4.965069235527,2.5000006));
#15276 = ( GEOMETRIC_REPRESENTATION_CONTEXT(2) 
PARAMETRIC_REPRESENTATION_CONTEXT() REPRESENTATION_CONTEXT('2D SPACE',''
  ) );
#15277 = PCURVE('',#14603,#15278);
#15278 = DEFINITIONAL_REPRESENTATION('',(#15279),#15282);
#15279 = B_SPLINE_CURVE_WITH_KNOTS('',1,(#15280,#15281),.UNSPECIFIED.,
  .F.,.F.,(2,2),(2.4949994,2.5000006),.PIECEWISE_BEZIER_KNOTS.);
#15280 = CARTESIAN_POINT('',(4.459708725243,-6.000000003503E-07));
#15281 = CARTESIAN_POINT('',(4.459708725243,5.000599999998E-03));
#15282 = ( GEOMETRIC_REPRESENTATION_CONTEXT(2) 
PARAMETRIC_REPRESENTATION_CONTEXT() REPRESENTATION_CONTEXT('2D SPACE',''
  ) );
#15283 = ADVANCED_FACE('',(#15284),#14458,.F.);
#15284 = FACE_BOUND('',#15285,.F.);
#15285 = EDGE_LOOP('',(#15286,#15309,#15310,#15311,#15340,#15361,#15390,
    #15411));
#15286 = ORIENTED_EDGE('',*,*,#15287,.T.);
#15287 = EDGE_CURVE('',#15288,#14442,#15290,.T.);
#15288 = VERTEX_POINT('',#15289);
#15289 = CARTESIAN_POINT('',(30.6,14.495,-392.25));
#15290 = SEAM_CURVE('',#15291,(#15295,#15302),.PCURVE_S1.);
#15291 = LINE('',#15292,#15293);
#15292 = CARTESIAN_POINT('',(30.6,14.5,-392.25));
#15293 = VECTOR('',#15294,1.);
#15294 = DIRECTION('',(0.,-1.,2.22044604925E-16));
#15295 = PCURVE('',#14458,#15296);
#15296 = DEFINITIONAL_REPRESENTATION('',(#15297),#15301);
#15297 = LINE('',#15298,#15299);
#15298 = CARTESIAN_POINT('',(6.28318530718,-0.));
#15299 = VECTOR('',#15300,1.);
#15300 = DIRECTION('',(0.,1.));
#15301 = ( GEOMETRIC_REPRESENTATION_CONTEXT(2) 
PARAMETRIC_REPRESENTATION_CONTEXT() REPRESENTATION_CONTEXT('2D SPACE',''
  ) );
#15302 = PCURVE('',#14458,#15303);
#15303 = DEFINITIONAL_REPRESENTATION('',(#15304),#15308);
#15304 = LINE('',#15305,#15306);
#15305 = CARTESIAN_POINT('',(0.,-0.));
#15306 = VECTOR('',#15307,1.);
#15307 = DIRECTION('',(0.,1.));
#15308 = ( GEOMETRIC_REPRESENTATION_CONTEXT(2) 
PARAMETRIC_REPRESENTATION_CONTEXT() REPRESENTATION_CONTEXT('2D SPACE',''
  ) );
#15309 = ORIENTED_EDGE('',*,*,#14441,.F.);
#15310 = ORIENTED_EDGE('',*,*,#15287,.F.);
#15311 = ORIENTED_EDGE('',*,*,#15312,.T.);
#15312 = EDGE_CURVE('',#15288,#15313,#15315,.T.);
#15313 = VERTEX_POINT('',#15314);
#15314 = CARTESIAN_POINT('',(29.400000000026,14.495,-390.7008066615));
#15315 = SURFACE_CURVE('',#15316,(#15321,#15328),.PCURVE_S1.);
#15316 = CIRCLE('',#15317,1.6);
#15317 = AXIS2_PLACEMENT_3D('',#15318,#15319,#15320);
#15318 = CARTESIAN_POINT('',(29.,14.495,-392.25));
#15319 = DIRECTION('',(0.,-1.,2.22044604925E-16));
#15320 = DIRECTION('',(1.,0.,0.));
#15321 = PCURVE('',#14458,#15322);
#15322 = DEFINITIONAL_REPRESENTATION('',(#15323),#15327);
#15323 = LINE('',#15324,#15325);
#15324 = CARTESIAN_POINT('',(0.,5.000000000001E-03));
#15325 = VECTOR('',#15326,1.);
#15326 = DIRECTION('',(1.,0.));
#15327 = ( GEOMETRIC_REPRESENTATION_CONTEXT(2) 
PARAMETRIC_REPRESENTATION_CONTEXT() REPRESENTATION_CONTEXT('2D SPACE',''
  ) );
#15328 = PCURVE('',#15329,#15334);
#15329 = PLANE('',#15330);
#15330 = AXIS2_PLACEMENT_3D('',#15331,#15332,#15333);
#15331 = CARTESIAN_POINT('',(29.8,14.495,-392.25));
#15332 = DIRECTION('',(0.,-1.,2.22044604925E-16));
#15333 = DIRECTION('',(1.,0.,0.));
#15334 = DEFINITIONAL_REPRESENTATION('',(#15335),#15339);
#15335 = CIRCLE('',#15336,1.6);
#15336 = AXIS2_PLACEMENT_2D('',#15337,#15338);
#15337 = CARTESIAN_POINT('',(-0.8,0.));
#15338 = DIRECTION('',(1.,0.));
#15339 = ( GEOMETRIC_REPRESENTATION_CONTEXT(2) 
PARAMETRIC_REPRESENTATION_CONTEXT() REPRESENTATION_CONTEXT('2D SPACE',''
  ) );
#15340 = ORIENTED_EDGE('',*,*,#15341,.F.);
#15341 = EDGE_CURVE('',#15342,#15313,#15344,.T.);
#15342 = VERTEX_POINT('',#15343);
#15343 = CARTESIAN_POINT('',(29.399999999974,14.5,-390.7008066615));
#15344 = SURFACE_CURVE('',#15345,(#15349,#15355),.PCURVE_S1.);
#15345 = LINE('',#15346,#15347);
#15346 = CARTESIAN_POINT('',(29.4,14.5,-390.7008066615));
#15347 = VECTOR('',#15348,1.);
#15348 = DIRECTION('',(0.,-1.,2.22044604925E-16));
#15349 = PCURVE('',#14458,#15350);
#15350 = DEFINITIONAL_REPRESENTATION('',(#15351),#15354);
#15351 = B_SPLINE_CURVE_WITH_KNOTS('',1,(#15352,#15353),.UNSPECIFIED.,
  .F.,.F.,(2,2),(-5.999999999062E-07,5.000600000001E-03),
  .PIECEWISE_BEZIER_KNOTS.);
#15352 = CARTESIAN_POINT('',(1.318116071653,-5.999999995622E-07));
#15353 = CARTESIAN_POINT('',(1.318116071653,5.000600000001E-03));
#15354 = ( GEOMETRIC_REPRESENTATION_CONTEXT(2) 
PARAMETRIC_REPRESENTATION_CONTEXT() REPRESENTATION_CONTEXT('2D SPACE',''
  ) );
#15355 = PCURVE('',#14708,#15356);
#15356 = DEFINITIONAL_REPRESENTATION('',(#15357),#15360);
#15357 = B_SPLINE_CURVE_WITH_KNOTS('',1,(#15358,#15359),.UNSPECIFIED.,
  .F.,.F.,(2,2),(-5.999999999062E-07,5.000600000001E-03),
  .PIECEWISE_BEZIER_KNOTS.);
#15358 = CARTESIAN_POINT('',(1.823476581937,2.5049994));
#15359 = CARTESIAN_POINT('',(1.823476581937,2.5100006));
#15360 = ( GEOMETRIC_REPRESENTATION_CONTEXT(2) 
PARAMETRIC_REPRESENTATION_CONTEXT() REPRESENTATION_CONTEXT('2D SPACE',''
  ) );
#15361 = ORIENTED_EDGE('',*,*,#15362,.T.);
#15362 = EDGE_CURVE('',#15342,#15363,#15365,.T.);
#15363 = VERTEX_POINT('',#15364);
#15364 = CARTESIAN_POINT('',(29.399999999974,14.5,-393.7991933384));
#15365 = SURFACE_CURVE('',#15366,(#15371,#15378),.PCURVE_S1.);
#15366 = CIRCLE('',#15367,1.6);
#15367 = AXIS2_PLACEMENT_3D('',#15368,#15369,#15370);
#15368 = CARTESIAN_POINT('',(29.,14.5,-392.25));
#15369 = DIRECTION('',(0.,-1.,2.22044604925E-16));
#15370 = DIRECTION('',(1.,0.,0.));
#15371 = PCURVE('',#14458,#15372);
#15372 = DEFINITIONAL_REPRESENTATION('',(#15373),#15377);
#15373 = LINE('',#15374,#15375);
#15374 = CARTESIAN_POINT('',(0.,0.));
#15375 = VECTOR('',#15376,1.);
#15376 = DIRECTION('',(1.,0.));
#15377 = ( GEOMETRIC_REPRESENTATION_CONTEXT(2) 
PARAMETRIC_REPRESENTATION_CONTEXT() REPRESENTATION_CONTEXT('2D SPACE',''
  ) );
#15378 = PCURVE('',#15379,#15384);
#15379 = PLANE('',#15380);
#15380 = AXIS2_PLACEMENT_3D('',#15381,#15382,#15383);
#15381 = CARTESIAN_POINT('',(29.,14.5,-392.25));
#15382 = DIRECTION('',(0.,-1.,2.22044604925E-16));
#15383 = DIRECTION('',(1.,0.,0.));
#15384 = DEFINITIONAL_REPRESENTATION('',(#15385),#15389);
#15385 = CIRCLE('',#15386,1.6);
#15386 = AXIS2_PLACEMENT_2D('',#15387,#15388);
#15387 = CARTESIAN_POINT('',(0.,0.));
#15388 = DIRECTION('',(1.,0.));
#15389 = ( GEOMETRIC_REPRESENTATION_CONTEXT(2) 
PARAMETRIC_REPRESENTATION_CONTEXT() REPRESENTATION_CONTEXT('2D SPACE',''
  ) );
#15390 = ORIENTED_EDGE('',*,*,#15391,.T.);
#15391 = EDGE_CURVE('',#15363,#15392,#15394,.T.);
#15392 = VERTEX_POINT('',#15393);
#15393 = CARTESIAN_POINT('',(29.400000000026,14.495,-393.7991933384));
#15394 = SURFACE_CURVE('',#15395,(#15399,#15405),.PCURVE_S1.);
#15395 = LINE('',#15396,#15397);
#15396 = CARTESIAN_POINT('',(29.4,14.5,-393.7991933384));
#15397 = VECTOR('',#15398,1.);
#15398 = DIRECTION('',(0.,-1.,2.22044604925E-16));
#15399 = PCURVE('',#14458,#15400);
#15400 = DEFINITIONAL_REPRESENTATION('',(#15401),#15404);
#15401 = B_SPLINE_CURVE_WITH_KNOTS('',1,(#15402,#15403),.UNSPECIFIED.,
  .F.,.F.,(2,2),(-5.999999999062E-07,5.000600000001E-03),
  .PIECEWISE_BEZIER_KNOTS.);
#15402 = CARTESIAN_POINT('',(4.965069235527,-6.000000002502E-07));
#15403 = CARTESIAN_POINT('',(4.965069235527,5.0006E-03));
#15404 = ( GEOMETRIC_REPRESENTATION_CONTEXT(2) 
PARAMETRIC_REPRESENTATION_CONTEXT() REPRESENTATION_CONTEXT('2D SPACE',''
  ) );
#15405 = PCURVE('',#14708,#15406);
#15406 = DEFINITIONAL_REPRESENTATION('',(#15407),#15410);
#15407 = B_SPLINE_CURVE_WITH_KNOTS('',1,(#15408,#15409),.UNSPECIFIED.,
  .F.,.F.,(2,2),(-5.999999999062E-07,5.000600000001E-03),
  .PIECEWISE_BEZIER_KNOTS.);
#15408 = CARTESIAN_POINT('',(4.459708725243,2.5049994));
#15409 = CARTESIAN_POINT('',(4.459708725243,2.5100006));
#15410 = ( GEOMETRIC_REPRESENTATION_CONTEXT(2) 
PARAMETRIC_REPRESENTATION_CONTEXT() REPRESENTATION_CONTEXT('2D SPACE',''
  ) );
#15411 = ORIENTED_EDGE('',*,*,#15412,.T.);
#15412 = EDGE_CURVE('',#15392,#15288,#15413,.T.);
#15413 = SURFACE_CURVE('',#15414,(#15419,#15426),.PCURVE_S1.);
#15414 = CIRCLE('',#15415,1.6);
#15415 = AXIS2_PLACEMENT_3D('',#15416,#15417,#15418);
#15416 = CARTESIAN_POINT('',(29.,14.495,-392.25));
#15417 = DIRECTION('',(0.,-1.,2.22044604925E-16));
#15418 = DIRECTION('',(1.,0.,0.));
#15419 = PCURVE('',#14458,#15420);
#15420 = DEFINITIONAL_REPRESENTATION('',(#15421),#15425);
#15421 = LINE('',#15422,#15423);
#15422 = CARTESIAN_POINT('',(0.,5.000000000001E-03));
#15423 = VECTOR('',#15424,1.);
#15424 = DIRECTION('',(1.,0.));
#15425 = ( GEOMETRIC_REPRESENTATION_CONTEXT(2) 
PARAMETRIC_REPRESENTATION_CONTEXT() REPRESENTATION_CONTEXT('2D SPACE',''
  ) );
#15426 = PCURVE('',#15329,#15427);
#15427 = DEFINITIONAL_REPRESENTATION('',(#15428),#15432);
#15428 = CIRCLE('',#15429,1.6);
#15429 = AXIS2_PLACEMENT_2D('',#15430,#15431);
#15430 = CARTESIAN_POINT('',(-0.8,0.));
#15431 = DIRECTION('',(1.,0.));
#15432 = ( GEOMETRIC_REPRESENTATION_CONTEXT(2) 
PARAMETRIC_REPRESENTATION_CONTEXT() REPRESENTATION_CONTEXT('2D SPACE',''
  ) );
#15433 = ADVANCED_FACE('',(#15434),#14493,.F.);
#15434 = FACE_BOUND('',#15435,.F.);
#15435 = EDGE_LOOP('',(#15436,#15467,#15488,#15517,#15538,#15539,#15540,
    #15564));
#15436 = ORIENTED_EDGE('',*,*,#15437,.F.);
#15437 = EDGE_CURVE('',#15438,#15440,#15442,.T.);
#15438 = VERTEX_POINT('',#15439);
#15439 = CARTESIAN_POINT('',(29.399999999974,-14.5,-390.7008066615));
#15440 = VERTEX_POINT('',#15441);
#15441 = CARTESIAN_POINT('',(29.399999999974,-14.5,-393.7991933384));
#15442 = SURFACE_CURVE('',#15443,(#15448,#15455),.PCURVE_S1.);
#15443 = CIRCLE('',#15444,1.6);
#15444 = AXIS2_PLACEMENT_3D('',#15445,#15446,#15447);
#15445 = CARTESIAN_POINT('',(29.,-14.5,-392.25));
#15446 = DIRECTION('',(0.,-1.,2.22044604925E-16));
#15447 = DIRECTION('',(1.,0.,0.));
#15448 = PCURVE('',#14493,#15449);
#15449 = DEFINITIONAL_REPRESENTATION('',(#15450),#15454);
#15450 = LINE('',#15451,#15452);
#15451 = CARTESIAN_POINT('',(0.,2.5));
#15452 = VECTOR('',#15453,1.);
#15453 = DIRECTION('',(1.,0.));
#15454 = ( GEOMETRIC_REPRESENTATION_CONTEXT(2) 
PARAMETRIC_REPRESENTATION_CONTEXT() REPRESENTATION_CONTEXT('2D SPACE',''
  ) );
#15455 = PCURVE('',#15456,#15461);
#15456 = PLANE('',#15457);
#15457 = AXIS2_PLACEMENT_3D('',#15458,#15459,#15460);
#15458 = CARTESIAN_POINT('',(29.,-14.5,-392.25));
#15459 = DIRECTION('',(0.,-1.,2.22044604925E-16));
#15460 = DIRECTION('',(1.,0.,0.));
#15461 = DEFINITIONAL_REPRESENTATION('',(#15462),#15466);
#15462 = CIRCLE('',#15463,1.6);
#15463 = AXIS2_PLACEMENT_2D('',#15464,#15465);
#15464 = CARTESIAN_POINT('',(0.,0.));
#15465 = DIRECTION('',(1.,0.));
#15466 = ( GEOMETRIC_REPRESENTATION_CONTEXT(2) 
PARAMETRIC_REPRESENTATION_CONTEXT() REPRESENTATION_CONTEXT('2D SPACE',''
  ) );
#15467 = ORIENTED_EDGE('',*,*,#15468,.F.);
#15468 = EDGE_CURVE('',#15469,#15438,#15471,.T.);
#15469 = VERTEX_POINT('',#15470);
#15470 = CARTESIAN_POINT('',(29.400000000026,-14.495,-390.7008066615));
#15471 = SURFACE_CURVE('',#15472,(#15476,#15482),.PCURVE_S1.);
#15472 = LINE('',#15473,#15474);
#15473 = CARTESIAN_POINT('',(29.4,-12.,-390.7008066615));
#15474 = VECTOR('',#15475,1.);
#15475 = DIRECTION('',(0.,-1.,2.22044604925E-16));
#15476 = PCURVE('',#14493,#15477);
#15477 = DEFINITIONAL_REPRESENTATION('',(#15478),#15481);
#15478 = B_SPLINE_CURVE_WITH_KNOTS('',1,(#15479,#15480),.UNSPECIFIED.,
  .F.,.F.,(2,2),(2.4949994,2.5000006),.PIECEWISE_BEZIER_KNOTS.);
#15479 = CARTESIAN_POINT('',(1.318116071653,2.4949994));
#15480 = CARTESIAN_POINT('',(1.318116071653,2.5000006));
#15481 = ( GEOMETRIC_REPRESENTATION_CONTEXT(2) 
PARAMETRIC_REPRESENTATION_CONTEXT() REPRESENTATION_CONTEXT('2D SPACE',''
  ) );
#15482 = PCURVE('',#14568,#15483);
#15483 = DEFINITIONAL_REPRESENTATION('',(#15484),#15487);
#15484 = B_SPLINE_CURVE_WITH_KNOTS('',1,(#15485,#15486),.UNSPECIFIED.,
  .F.,.F.,(2,2),(2.4949994,2.5000006),.PIECEWISE_BEZIER_KNOTS.);
#15485 = CARTESIAN_POINT('',(1.823476581937,-5.999999994621E-07));
#15486 = CARTESIAN_POINT('',(1.823476581937,5.000599999999E-03));
#15487 = ( GEOMETRIC_REPRESENTATION_CONTEXT(2) 
PARAMETRIC_REPRESENTATION_CONTEXT() REPRESENTATION_CONTEXT('2D SPACE',''
  ) );
#15488 = ORIENTED_EDGE('',*,*,#15489,.F.);
#15489 = EDGE_CURVE('',#15490,#15469,#15492,.T.);
#15490 = VERTEX_POINT('',#15491);
#15491 = CARTESIAN_POINT('',(30.6,-14.495,-392.25));
#15492 = SURFACE_CURVE('',#15493,(#15498,#15505),.PCURVE_S1.);
#15493 = CIRCLE('',#15494,1.6);
#15494 = AXIS2_PLACEMENT_3D('',#15495,#15496,#15497);
#15495 = CARTESIAN_POINT('',(29.,-14.495,-392.25));
#15496 = DIRECTION('',(0.,-1.,2.22044604925E-16));
#15497 = DIRECTION('',(1.,0.,0.));
#15498 = PCURVE('',#14493,#15499);
#15499 = DEFINITIONAL_REPRESENTATION('',(#15500),#15504);
#15500 = LINE('',#15501,#15502);
#15501 = CARTESIAN_POINT('',(0.,2.495));
#15502 = VECTOR('',#15503,1.);
#15503 = DIRECTION('',(1.,0.));
#15504 = ( GEOMETRIC_REPRESENTATION_CONTEXT(2) 
PARAMETRIC_REPRESENTATION_CONTEXT() REPRESENTATION_CONTEXT('2D SPACE',''
  ) );
#15505 = PCURVE('',#15506,#15511);
#15506 = PLANE('',#15507);
#15507 = AXIS2_PLACEMENT_3D('',#15508,#15509,#15510);
#15508 = CARTESIAN_POINT('',(29.8,-14.495,-392.25));
#15509 = DIRECTION('',(0.,-1.,2.22044604925E-16));
#15510 = DIRECTION('',(1.,0.,0.));
#15511 = DEFINITIONAL_REPRESENTATION('',(#15512),#15516);
#15512 = CIRCLE('',#15513,1.6);
#15513 = AXIS2_PLACEMENT_2D('',#15514,#15515);
#15514 = CARTESIAN_POINT('',(-0.8,0.));
#15515 = DIRECTION('',(1.,0.));
#15516 = ( GEOMETRIC_REPRESENTATION_CONTEXT(2) 
PARAMETRIC_REPRESENTATION_CONTEXT() REPRESENTATION_CONTEXT('2D SPACE',''
  ) );
#15517 = ORIENTED_EDGE('',*,*,#15518,.F.);
#15518 = EDGE_CURVE('',#14477,#15490,#15519,.T.);
#15519 = SEAM_CURVE('',#15520,(#15524,#15531),.PCURVE_S1.);
#15520 = LINE('',#15521,#15522);
#15521 = CARTESIAN_POINT('',(30.6,-12.,-392.25));
#15522 = VECTOR('',#15523,1.);
#15523 = DIRECTION('',(0.,-1.,2.22044604925E-16));
#15524 = PCURVE('',#14493,#15525);
#15525 = DEFINITIONAL_REPRESENTATION('',(#15526),#15530);
#15526 = LINE('',#15527,#15528);
#15527 = CARTESIAN_POINT('',(6.28318530718,-0.));
#15528 = VECTOR('',#15529,1.);
#15529 = DIRECTION('',(0.,1.));
#15530 = ( GEOMETRIC_REPRESENTATION_CONTEXT(2) 
PARAMETRIC_REPRESENTATION_CONTEXT() REPRESENTATION_CONTEXT('2D SPACE',''
  ) );
#15531 = PCURVE('',#14493,#15532);
#15532 = DEFINITIONAL_REPRESENTATION('',(#15533),#15537);
#15533 = LINE('',#15534,#15535);
#15534 = CARTESIAN_POINT('',(0.,-0.));
#15535 = VECTOR('',#15536,1.);
#15536 = DIRECTION('',(0.,1.));
#15537 = ( GEOMETRIC_REPRESENTATION_CONTEXT(2) 
PARAMETRIC_REPRESENTATION_CONTEXT() REPRESENTATION_CONTEXT('2D SPACE',''
  ) );
#15538 = ORIENTED_EDGE('',*,*,#14476,.T.);
#15539 = ORIENTED_EDGE('',*,*,#15518,.T.);
#15540 = ORIENTED_EDGE('',*,*,#15541,.F.);
#15541 = EDGE_CURVE('',#15542,#15490,#15544,.T.);
#15542 = VERTEX_POINT('',#15543);
#15543 = CARTESIAN_POINT('',(29.400000000026,-14.495,-393.7991933384));
#15544 = SURFACE_CURVE('',#15545,(#15550,#15557),.PCURVE_S1.);
#15545 = CIRCLE('',#15546,1.6);
#15546 = AXIS2_PLACEMENT_3D('',#15547,#15548,#15549);
#15547 = CARTESIAN_POINT('',(29.,-14.495,-392.25));
#15548 = DIRECTION('',(0.,-1.,2.22044604925E-16));
#15549 = DIRECTION('',(1.,0.,0.));
#15550 = PCURVE('',#14493,#15551);
#15551 = DEFINITIONAL_REPRESENTATION('',(#15552),#15556);
#15552 = LINE('',#15553,#15554);
#15553 = CARTESIAN_POINT('',(0.,2.495));
#15554 = VECTOR('',#15555,1.);
#15555 = DIRECTION('',(1.,0.));
#15556 = ( GEOMETRIC_REPRESENTATION_CONTEXT(2) 
PARAMETRIC_REPRESENTATION_CONTEXT() REPRESENTATION_CONTEXT('2D SPACE',''
  ) );
#15557 = PCURVE('',#15506,#15558);
#15558 = DEFINITIONAL_REPRESENTATION('',(#15559),#15563);
#15559 = CIRCLE('',#15560,1.6);
#15560 = AXIS2_PLACEMENT_2D('',#15561,#15562);
#15561 = CARTESIAN_POINT('',(-0.8,0.));
#15562 = DIRECTION('',(1.,0.));
#15563 = ( GEOMETRIC_REPRESENTATION_CONTEXT(2) 
PARAMETRIC_REPRESENTATION_CONTEXT() REPRESENTATION_CONTEXT('2D SPACE',''
  ) );
#15564 = ORIENTED_EDGE('',*,*,#15565,.T.);
#15565 = EDGE_CURVE('',#15542,#15440,#15566,.T.);
#15566 = SURFACE_CURVE('',#15567,(#15571,#15577),.PCURVE_S1.);
#15567 = LINE('',#15568,#15569);
#15568 = CARTESIAN_POINT('',(29.4,-12.,-393.7991933384));
#15569 = VECTOR('',#15570,1.);
#15570 = DIRECTION('',(0.,-1.,2.22044604925E-16));
#15571 = PCURVE('',#14493,#15572);
#15572 = DEFINITIONAL_REPRESENTATION('',(#15573),#15576);
#15573 = B_SPLINE_CURVE_WITH_KNOTS('',1,(#15574,#15575),.UNSPECIFIED.,
  .F.,.F.,(2,2),(2.4949994,2.5000006),.PIECEWISE_BEZIER_KNOTS.);
#15574 = CARTESIAN_POINT('',(4.965069235527,2.4949994));
#15575 = CARTESIAN_POINT('',(4.965069235527,2.5000006));
#15576 = ( GEOMETRIC_REPRESENTATION_CONTEXT(2) 
PARAMETRIC_REPRESENTATION_CONTEXT() REPRESENTATION_CONTEXT('2D SPACE',''
  ) );
#15577 = PCURVE('',#14568,#15578);
#15578 = DEFINITIONAL_REPRESENTATION('',(#15579),#15582);
#15579 = B_SPLINE_CURVE_WITH_KNOTS('',1,(#15580,#15581),.UNSPECIFIED.,
  .F.,.F.,(2,2),(2.4949994,2.5000006),.PIECEWISE_BEZIER_KNOTS.);
#15580 = CARTESIAN_POINT('',(4.459708725243,-6.000000003503E-07));
#15581 = CARTESIAN_POINT('',(4.459708725243,5.000599999998E-03));
#15582 = ( GEOMETRIC_REPRESENTATION_CONTEXT(2) 
PARAMETRIC_REPRESENTATION_CONTEXT() REPRESENTATION_CONTEXT('2D SPACE',''
  ) );
#15583 = ADVANCED_FACE('',(#15584),#14568,.F.);
#15584 = FACE_BOUND('',#15585,.F.);
#15585 = EDGE_LOOP('',(#15586,#15587,#15610,#15632,#15633,#15655,#15656,
    #15678));
#15586 = ORIENTED_EDGE('',*,*,#14547,.F.);
#15587 = ORIENTED_EDGE('',*,*,#15588,.F.);
#15588 = EDGE_CURVE('',#15589,#14548,#15591,.T.);
#15589 = VERTEX_POINT('',#15590);
#15590 = CARTESIAN_POINT('',(31.4,-14.495,-392.25));
#15591 = SEAM_CURVE('',#15592,(#15596,#15603),.PCURVE_S1.);
#15592 = LINE('',#15593,#15594);
#15593 = CARTESIAN_POINT('',(31.4,-14.495,-392.25));
#15594 = VECTOR('',#15595,1.);
#15595 = DIRECTION('',(0.,-1.,2.22044604925E-16));
#15596 = PCURVE('',#14568,#15597);
#15597 = DEFINITIONAL_REPRESENTATION('',(#15598),#15602);
#15598 = LINE('',#15599,#15600);
#15599 = CARTESIAN_POINT('',(6.28318530718,-0.));
#15600 = VECTOR('',#15601,1.);
#15601 = DIRECTION('',(0.,1.));
#15602 = ( GEOMETRIC_REPRESENTATION_CONTEXT(2) 
PARAMETRIC_REPRESENTATION_CONTEXT() REPRESENTATION_CONTEXT('2D SPACE',''
  ) );
#15603 = PCURVE('',#14568,#15604);
#15604 = DEFINITIONAL_REPRESENTATION('',(#15605),#15609);
#15605 = LINE('',#15606,#15607);
#15606 = CARTESIAN_POINT('',(0.,-0.));
#15607 = VECTOR('',#15608,1.);
#15608 = DIRECTION('',(0.,1.));
#15609 = ( GEOMETRIC_REPRESENTATION_CONTEXT(2) 
PARAMETRIC_REPRESENTATION_CONTEXT() REPRESENTATION_CONTEXT('2D SPACE',''
  ) );
#15610 = ORIENTED_EDGE('',*,*,#15611,.T.);
#15611 = EDGE_CURVE('',#15589,#15469,#15612,.T.);
#15612 = SURFACE_CURVE('',#15613,(#15618,#15625),.PCURVE_S1.);
#15613 = CIRCLE('',#15614,1.6);
#15614 = AXIS2_PLACEMENT_3D('',#15615,#15616,#15617);
#15615 = CARTESIAN_POINT('',(29.8,-14.495,-392.25));
#15616 = DIRECTION('',(0.,-1.,2.22044604925E-16));
#15617 = DIRECTION('',(1.,0.,0.));
#15618 = PCURVE('',#14568,#15619);
#15619 = DEFINITIONAL_REPRESENTATION('',(#15620),#15624);
#15620 = LINE('',#15621,#15622);
#15621 = CARTESIAN_POINT('',(0.,0.));
#15622 = VECTOR('',#15623,1.);
#15623 = DIRECTION('',(1.,0.));
#15624 = ( GEOMETRIC_REPRESENTATION_CONTEXT(2) 
PARAMETRIC_REPRESENTATION_CONTEXT() REPRESENTATION_CONTEXT('2D SPACE',''
  ) );
#15625 = PCURVE('',#15506,#15626);
#15626 = DEFINITIONAL_REPRESENTATION('',(#15627),#15631);
#15627 = CIRCLE('',#15628,1.6);
#15628 = AXIS2_PLACEMENT_2D('',#15629,#15630);
#15629 = CARTESIAN_POINT('',(0.,0.));
#15630 = DIRECTION('',(1.,0.));
#15631 = ( GEOMETRIC_REPRESENTATION_CONTEXT(2) 
PARAMETRIC_REPRESENTATION_CONTEXT() REPRESENTATION_CONTEXT('2D SPACE',''
  ) );
#15632 = ORIENTED_EDGE('',*,*,#15468,.T.);
#15633 = ORIENTED_EDGE('',*,*,#15634,.T.);
#15634 = EDGE_CURVE('',#15438,#15440,#15635,.T.);
#15635 = SURFACE_CURVE('',#15636,(#15641,#15648),.PCURVE_S1.);
#15636 = CIRCLE('',#15637,1.6);
#15637 = AXIS2_PLACEMENT_3D('',#15638,#15639,#15640);
#15638 = CARTESIAN_POINT('',(29.8,-14.5,-392.25));
#15639 = DIRECTION('',(0.,-1.,2.22044604925E-16));
#15640 = DIRECTION('',(1.,0.,0.));
#15641 = PCURVE('',#14568,#15642);
#15642 = DEFINITIONAL_REPRESENTATION('',(#15643),#15647);
#15643 = LINE('',#15644,#15645);
#15644 = CARTESIAN_POINT('',(0.,4.999999999999E-03));
#15645 = VECTOR('',#15646,1.);
#15646 = DIRECTION('',(1.,0.));
#15647 = ( GEOMETRIC_REPRESENTATION_CONTEXT(2) 
PARAMETRIC_REPRESENTATION_CONTEXT() REPRESENTATION_CONTEXT('2D SPACE',''
  ) );
#15648 = PCURVE('',#15456,#15649);
#15649 = DEFINITIONAL_REPRESENTATION('',(#15650),#15654);
#15650 = CIRCLE('',#15651,1.6);
#15651 = AXIS2_PLACEMENT_2D('',#15652,#15653);
#15652 = CARTESIAN_POINT('',(0.8,0.));
#15653 = DIRECTION('',(1.,0.));
#15654 = ( GEOMETRIC_REPRESENTATION_CONTEXT(2) 
PARAMETRIC_REPRESENTATION_CONTEXT() REPRESENTATION_CONTEXT('2D SPACE',''
  ) );
#15655 = ORIENTED_EDGE('',*,*,#15565,.F.);
#15656 = ORIENTED_EDGE('',*,*,#15657,.T.);
#15657 = EDGE_CURVE('',#15542,#15589,#15658,.T.);
#15658 = SURFACE_CURVE('',#15659,(#15664,#15671),.PCURVE_S1.);
#15659 = CIRCLE('',#15660,1.6);
#15660 = AXIS2_PLACEMENT_3D('',#15661,#15662,#15663);
#15661 = CARTESIAN_POINT('',(29.8,-14.495,-392.25));
#15662 = DIRECTION('',(0.,-1.,2.22044604925E-16));
#15663 = DIRECTION('',(1.,0.,0.));
#15664 = PCURVE('',#14568,#15665);
#15665 = DEFINITIONAL_REPRESENTATION('',(#15666),#15670);
#15666 = LINE('',#15667,#15668);
#15667 = CARTESIAN_POINT('',(0.,0.));
#15668 = VECTOR('',#15669,1.);
#15669 = DIRECTION('',(1.,0.));
#15670 = ( GEOMETRIC_REPRESENTATION_CONTEXT(2) 
PARAMETRIC_REPRESENTATION_CONTEXT() REPRESENTATION_CONTEXT('2D SPACE',''
  ) );
#15671 = PCURVE('',#15506,#15672);
#15672 = DEFINITIONAL_REPRESENTATION('',(#15673),#15677);
#15673 = CIRCLE('',#15674,1.6);
#15674 = AXIS2_PLACEMENT_2D('',#15675,#15676);
#15675 = CARTESIAN_POINT('',(0.,0.));
#15676 = DIRECTION('',(1.,0.));
#15677 = ( GEOMETRIC_REPRESENTATION_CONTEXT(2) 
PARAMETRIC_REPRESENTATION_CONTEXT() REPRESENTATION_CONTEXT('2D SPACE',''
  ) );
#15678 = ORIENTED_EDGE('',*,*,#15588,.T.);
#15679 = ADVANCED_FACE('',(#15680),#14603,.F.);
#15680 = FACE_BOUND('',#15681,.F.);
#15681 = EDGE_LOOP('',(#15682,#15683,#15706,#15728,#15729,#15751,#15752,
    #15774));
#15682 = ORIENTED_EDGE('',*,*,#14582,.F.);
#15683 = ORIENTED_EDGE('',*,*,#15684,.F.);
#15684 = EDGE_CURVE('',#15685,#14583,#15687,.T.);
#15685 = VERTEX_POINT('',#15686);
#15686 = CARTESIAN_POINT('',(37.4,-14.495,-398.25));
#15687 = SEAM_CURVE('',#15688,(#15692,#15699),.PCURVE_S1.);
#15688 = LINE('',#15689,#15690);
#15689 = CARTESIAN_POINT('',(37.4,-14.495,-398.25));
#15690 = VECTOR('',#15691,1.);
#15691 = DIRECTION('',(0.,-1.,2.22044604925E-16));
#15692 = PCURVE('',#14603,#15693);
#15693 = DEFINITIONAL_REPRESENTATION('',(#15694),#15698);
#15694 = LINE('',#15695,#15696);
#15695 = CARTESIAN_POINT('',(6.28318530718,-0.));
#15696 = VECTOR('',#15697,1.);
#15697 = DIRECTION('',(0.,1.));
#15698 = ( GEOMETRIC_REPRESENTATION_CONTEXT(2) 
PARAMETRIC_REPRESENTATION_CONTEXT() REPRESENTATION_CONTEXT('2D SPACE',''
  ) );
#15699 = PCURVE('',#14603,#15700);
#15700 = DEFINITIONAL_REPRESENTATION('',(#15701),#15705);
#15701 = LINE('',#15702,#15703);
#15702 = CARTESIAN_POINT('',(0.,-0.));
#15703 = VECTOR('',#15704,1.);
#15704 = DIRECTION('',(0.,1.));
#15705 = ( GEOMETRIC_REPRESENTATION_CONTEXT(2) 
PARAMETRIC_REPRESENTATION_CONTEXT() REPRESENTATION_CONTEXT('2D SPACE',''
  ) );
#15706 = ORIENTED_EDGE('',*,*,#15707,.T.);
#15707 = EDGE_CURVE('',#15685,#15169,#15708,.T.);
#15708 = SURFACE_CURVE('',#15709,(#15714,#15721),.PCURVE_S1.);
#15709 = CIRCLE('',#15710,1.6);
#15710 = AXIS2_PLACEMENT_3D('',#15711,#15712,#15713);
#15711 = CARTESIAN_POINT('',(35.8,-14.495,-398.25));
#15712 = DIRECTION('',(0.,-1.,2.22044604925E-16));
#15713 = DIRECTION('',(1.,0.,0.));
#15714 = PCURVE('',#14603,#15715);
#15715 = DEFINITIONAL_REPRESENTATION('',(#15716),#15720);
#15716 = LINE('',#15717,#15718);
#15717 = CARTESIAN_POINT('',(0.,0.));
#15718 = VECTOR('',#15719,1.);
#15719 = DIRECTION('',(1.,0.));
#15720 = ( GEOMETRIC_REPRESENTATION_CONTEXT(2) 
PARAMETRIC_REPRESENTATION_CONTEXT() REPRESENTATION_CONTEXT('2D SPACE',''
  ) );
#15721 = PCURVE('',#15206,#15722);
#15722 = DEFINITIONAL_REPRESENTATION('',(#15723),#15727);
#15723 = CIRCLE('',#15724,1.6);
#15724 = AXIS2_PLACEMENT_2D('',#15725,#15726);
#15725 = CARTESIAN_POINT('',(0.,0.));
#15726 = DIRECTION('',(1.,0.));
#15727 = ( GEOMETRIC_REPRESENTATION_CONTEXT(2) 
PARAMETRIC_REPRESENTATION_CONTEXT() REPRESENTATION_CONTEXT('2D SPACE',''
  ) );
#15728 = ORIENTED_EDGE('',*,*,#15168,.T.);
#15729 = ORIENTED_EDGE('',*,*,#15730,.T.);
#15730 = EDGE_CURVE('',#15138,#15140,#15731,.T.);
#15731 = SURFACE_CURVE('',#15732,(#15737,#15744),.PCURVE_S1.);
#15732 = CIRCLE('',#15733,1.6);
#15733 = AXIS2_PLACEMENT_3D('',#15734,#15735,#15736);
#15734 = CARTESIAN_POINT('',(35.8,-14.5,-398.25));
#15735 = DIRECTION('',(0.,-1.,2.22044604925E-16));
#15736 = DIRECTION('',(1.,0.,0.));
#15737 = PCURVE('',#14603,#15738);
#15738 = DEFINITIONAL_REPRESENTATION('',(#15739),#15743);
#15739 = LINE('',#15740,#15741);
#15740 = CARTESIAN_POINT('',(0.,4.999999999999E-03));
#15741 = VECTOR('',#15742,1.);
#15742 = DIRECTION('',(1.,0.));
#15743 = ( GEOMETRIC_REPRESENTATION_CONTEXT(2) 
PARAMETRIC_REPRESENTATION_CONTEXT() REPRESENTATION_CONTEXT('2D SPACE',''
  ) );
#15744 = PCURVE('',#15156,#15745);
#15745 = DEFINITIONAL_REPRESENTATION('',(#15746),#15750);
#15746 = CIRCLE('',#15747,1.6);
#15747 = AXIS2_PLACEMENT_2D('',#15748,#15749);
#15748 = CARTESIAN_POINT('',(0.8,0.));
#15749 = DIRECTION('',(1.,0.));
#15750 = ( GEOMETRIC_REPRESENTATION_CONTEXT(2) 
PARAMETRIC_REPRESENTATION_CONTEXT() REPRESENTATION_CONTEXT('2D SPACE',''
  ) );
#15751 = ORIENTED_EDGE('',*,*,#15265,.F.);
#15752 = ORIENTED_EDGE('',*,*,#15753,.T.);
#15753 = EDGE_CURVE('',#15242,#15685,#15754,.T.);
#15754 = SURFACE_CURVE('',#15755,(#15760,#15767),.PCURVE_S1.);
#15755 = CIRCLE('',#15756,1.6);
#15756 = AXIS2_PLACEMENT_3D('',#15757,#15758,#15759);
#15757 = CARTESIAN_POINT('',(35.8,-14.495,-398.25));
#15758 = DIRECTION('',(0.,-1.,2.22044604925E-16));
#15759 = DIRECTION('',(1.,0.,0.));
#15760 = PCURVE('',#14603,#15761);
#15761 = DEFINITIONAL_REPRESENTATION('',(#15762),#15766);
#15762 = LINE('',#15763,#15764);
#15763 = CARTESIAN_POINT('',(0.,0.));
#15764 = VECTOR('',#15765,1.);
#15765 = DIRECTION('',(1.,0.));
#15766 = ( GEOMETRIC_REPRESENTATION_CONTEXT(2) 
PARAMETRIC_REPRESENTATION_CONTEXT() REPRESENTATION_CONTEXT('2D SPACE',''
  ) );
#15767 = PCURVE('',#15206,#15768);
#15768 = DEFINITIONAL_REPRESENTATION('',(#15769),#15773);
#15769 = CIRCLE('',#15770,1.6);
#15770 = AXIS2_PLACEMENT_2D('',#15771,#15772);
#15771 = CARTESIAN_POINT('',(0.,0.));
#15772 = DIRECTION('',(1.,0.));
#15773 = ( GEOMETRIC_REPRESENTATION_CONTEXT(2) 
PARAMETRIC_REPRESENTATION_CONTEXT() REPRESENTATION_CONTEXT('2D SPACE',''
  ) );
#15774 = ORIENTED_EDGE('',*,*,#15684,.T.);
#15775 = ADVANCED_FACE('',(#15776),#14657,.T.);
#15776 = FACE_BOUND('',#15777,.F.);
#15777 = EDGE_LOOP('',(#15778));
#15778 = ORIENTED_EDGE('',*,*,#14642,.F.);
#15779 = ADVANCED_FACE('',(#15780),#14708,.F.);
#15780 = FACE_BOUND('',#15781,.F.);
#15781 = EDGE_LOOP('',(#15782,#15805,#15827,#15828,#15850,#15851,#15873,
    #15874));
#15782 = ORIENTED_EDGE('',*,*,#15783,.T.);
#15783 = EDGE_CURVE('',#14688,#15784,#15786,.T.);
#15784 = VERTEX_POINT('',#15785);
#15785 = CARTESIAN_POINT('',(31.4,14.495,-392.25));
#15786 = SEAM_CURVE('',#15787,(#15791,#15798),.PCURVE_S1.);
#15787 = LINE('',#15788,#15789);
#15788 = CARTESIAN_POINT('',(31.4,17.005,-392.25));
#15789 = VECTOR('',#15790,1.);
#15790 = DIRECTION('',(0.,-1.,2.22044604925E-16));
#15791 = PCURVE('',#14708,#15792);
#15792 = DEFINITIONAL_REPRESENTATION('',(#15793),#15797);
#15793 = LINE('',#15794,#15795);
#15794 = CARTESIAN_POINT('',(6.28318530718,-0.));
#15795 = VECTOR('',#15796,1.);
#15796 = DIRECTION('',(0.,1.));
#15797 = ( GEOMETRIC_REPRESENTATION_CONTEXT(2) 
PARAMETRIC_REPRESENTATION_CONTEXT() REPRESENTATION_CONTEXT('2D SPACE',''
  ) );
#15798 = PCURVE('',#14708,#15799);
#15799 = DEFINITIONAL_REPRESENTATION('',(#15800),#15804);
#15800 = LINE('',#15801,#15802);
#15801 = CARTESIAN_POINT('',(0.,-0.));
#15802 = VECTOR('',#15803,1.);
#15803 = DIRECTION('',(0.,1.));
#15804 = ( GEOMETRIC_REPRESENTATION_CONTEXT(2) 
PARAMETRIC_REPRESENTATION_CONTEXT() REPRESENTATION_CONTEXT('2D SPACE',''
  ) );
#15805 = ORIENTED_EDGE('',*,*,#15806,.F.);
#15806 = EDGE_CURVE('',#15392,#15784,#15807,.T.);
#15807 = SURFACE_CURVE('',#15808,(#15813,#15820),.PCURVE_S1.);
#15808 = CIRCLE('',#15809,1.6);
#15809 = AXIS2_PLACEMENT_3D('',#15810,#15811,#15812);
#15810 = CARTESIAN_POINT('',(29.8,14.495,-392.25));
#15811 = DIRECTION('',(0.,-1.,2.22044604925E-16));
#15812 = DIRECTION('',(1.,0.,0.));
#15813 = PCURVE('',#14708,#15814);
#15814 = DEFINITIONAL_REPRESENTATION('',(#15815),#15819);
#15815 = LINE('',#15816,#15817);
#15816 = CARTESIAN_POINT('',(0.,2.51));
#15817 = VECTOR('',#15818,1.);
#15818 = DIRECTION('',(1.,0.));
#15819 = ( GEOMETRIC_REPRESENTATION_CONTEXT(2) 
PARAMETRIC_REPRESENTATION_CONTEXT() REPRESENTATION_CONTEXT('2D SPACE',''
  ) );
#15820 = PCURVE('',#15329,#15821);
#15821 = DEFINITIONAL_REPRESENTATION('',(#15822),#15826);
#15822 = CIRCLE('',#15823,1.6);
#15823 = AXIS2_PLACEMENT_2D('',#15824,#15825);
#15824 = CARTESIAN_POINT('',(0.,0.));
#15825 = DIRECTION('',(1.,0.));
#15826 = ( GEOMETRIC_REPRESENTATION_CONTEXT(2) 
PARAMETRIC_REPRESENTATION_CONTEXT() REPRESENTATION_CONTEXT('2D SPACE',''
  ) );
#15827 = ORIENTED_EDGE('',*,*,#15391,.F.);
#15828 = ORIENTED_EDGE('',*,*,#15829,.F.);
#15829 = EDGE_CURVE('',#15342,#15363,#15830,.T.);
#15830 = SURFACE_CURVE('',#15831,(#15836,#15843),.PCURVE_S1.);
#15831 = CIRCLE('',#15832,1.6);
#15832 = AXIS2_PLACEMENT_3D('',#15833,#15834,#15835);
#15833 = CARTESIAN_POINT('',(29.8,14.5,-392.25));
#15834 = DIRECTION('',(0.,-1.,2.22044604925E-16));
#15835 = DIRECTION('',(1.,0.,0.));
#15836 = PCURVE('',#14708,#15837);
#15837 = DEFINITIONAL_REPRESENTATION('',(#15838),#15842);
#15838 = LINE('',#15839,#15840);
#15839 = CARTESIAN_POINT('',(0.,2.505));
#15840 = VECTOR('',#15841,1.);
#15841 = DIRECTION('',(1.,0.));
#15842 = ( GEOMETRIC_REPRESENTATION_CONTEXT(2) 
PARAMETRIC_REPRESENTATION_CONTEXT() REPRESENTATION_CONTEXT('2D SPACE',''
  ) );
#15843 = PCURVE('',#15379,#15844);
#15844 = DEFINITIONAL_REPRESENTATION('',(#15845),#15849);
#15845 = CIRCLE('',#15846,1.6);
#15846 = AXIS2_PLACEMENT_2D('',#15847,#15848);
#15847 = CARTESIAN_POINT('',(0.8,-3.944304526105E-31));
#15848 = DIRECTION('',(1.,0.));
#15849 = ( GEOMETRIC_REPRESENTATION_CONTEXT(2) 
PARAMETRIC_REPRESENTATION_CONTEXT() REPRESENTATION_CONTEXT('2D SPACE',''
  ) );
#15850 = ORIENTED_EDGE('',*,*,#15341,.T.);
#15851 = ORIENTED_EDGE('',*,*,#15852,.F.);
#15852 = EDGE_CURVE('',#15784,#15313,#15853,.T.);
#15853 = SURFACE_CURVE('',#15854,(#15859,#15866),.PCURVE_S1.);
#15854 = CIRCLE('',#15855,1.6);
#15855 = AXIS2_PLACEMENT_3D('',#15856,#15857,#15858);
#15856 = CARTESIAN_POINT('',(29.8,14.495,-392.25));
#15857 = DIRECTION('',(0.,-1.,2.22044604925E-16));
#15858 = DIRECTION('',(1.,0.,0.));
#15859 = PCURVE('',#14708,#15860);
#15860 = DEFINITIONAL_REPRESENTATION('',(#15861),#15865);
#15861 = LINE('',#15862,#15863);
#15862 = CARTESIAN_POINT('',(0.,2.51));
#15863 = VECTOR('',#15864,1.);
#15864 = DIRECTION('',(1.,0.));
#15865 = ( GEOMETRIC_REPRESENTATION_CONTEXT(2) 
PARAMETRIC_REPRESENTATION_CONTEXT() REPRESENTATION_CONTEXT('2D SPACE',''
  ) );
#15866 = PCURVE('',#15329,#15867);
#15867 = DEFINITIONAL_REPRESENTATION('',(#15868),#15872);
#15868 = CIRCLE('',#15869,1.6);
#15869 = AXIS2_PLACEMENT_2D('',#15870,#15871);
#15870 = CARTESIAN_POINT('',(0.,0.));
#15871 = DIRECTION('',(1.,0.));
#15872 = ( GEOMETRIC_REPRESENTATION_CONTEXT(2) 
PARAMETRIC_REPRESENTATION_CONTEXT() REPRESENTATION_CONTEXT('2D SPACE',''
  ) );
#15873 = ORIENTED_EDGE('',*,*,#15783,.F.);
#15874 = ORIENTED_EDGE('',*,*,#14687,.T.);
#15875 = ADVANCED_FACE('',(#15876),#14743,.F.);
#15876 = FACE_BOUND('',#15877,.F.);
#15877 = EDGE_LOOP('',(#15878,#15901,#15923,#15924,#15946,#15947,#15969,
    #15970));
#15878 = ORIENTED_EDGE('',*,*,#15879,.T.);
#15879 = EDGE_CURVE('',#14723,#15880,#15882,.T.);
#15880 = VERTEX_POINT('',#15881);
#15881 = CARTESIAN_POINT('',(37.4,14.495,-398.25));
#15882 = SEAM_CURVE('',#15883,(#15887,#15894),.PCURVE_S1.);
#15883 = LINE('',#15884,#15885);
#15884 = CARTESIAN_POINT('',(37.4,17.005,-398.25));
#15885 = VECTOR('',#15886,1.);
#15886 = DIRECTION('',(0.,-1.,2.22044604925E-16));
#15887 = PCURVE('',#14743,#15888);
#15888 = DEFINITIONAL_REPRESENTATION('',(#15889),#15893);
#15889 = LINE('',#15890,#15891);
#15890 = CARTESIAN_POINT('',(6.28318530718,-0.));
#15891 = VECTOR('',#15892,1.);
#15892 = DIRECTION('',(0.,1.));
#15893 = ( GEOMETRIC_REPRESENTATION_CONTEXT(2) 
PARAMETRIC_REPRESENTATION_CONTEXT() REPRESENTATION_CONTEXT('2D SPACE',''
  ) );
#15894 = PCURVE('',#14743,#15895);
#15895 = DEFINITIONAL_REPRESENTATION('',(#15896),#15900);
#15896 = LINE('',#15897,#15898);
#15897 = CARTESIAN_POINT('',(0.,-0.));
#15898 = VECTOR('',#15899,1.);
#15899 = DIRECTION('',(0.,1.));
#15900 = ( GEOMETRIC_REPRESENTATION_CONTEXT(2) 
PARAMETRIC_REPRESENTATION_CONTEXT() REPRESENTATION_CONTEXT('2D SPACE',''
  ) );
#15901 = ORIENTED_EDGE('',*,*,#15902,.F.);
#15902 = EDGE_CURVE('',#15092,#15880,#15903,.T.);
#15903 = SURFACE_CURVE('',#15904,(#15909,#15916),.PCURVE_S1.);
#15904 = CIRCLE('',#15905,1.6);
#15905 = AXIS2_PLACEMENT_3D('',#15906,#15907,#15908);
#15906 = CARTESIAN_POINT('',(35.8,14.495,-398.25));
#15907 = DIRECTION('',(0.,-1.,2.22044604925E-16));
#15908 = DIRECTION('',(1.,0.,0.));
#15909 = PCURVE('',#14743,#15910);
#15910 = DEFINITIONAL_REPRESENTATION('',(#15911),#15915);
#15911 = LINE('',#15912,#15913);
#15912 = CARTESIAN_POINT('',(0.,2.51));
#15913 = VECTOR('',#15914,1.);
#15914 = DIRECTION('',(1.,0.));
#15915 = ( GEOMETRIC_REPRESENTATION_CONTEXT(2) 
PARAMETRIC_REPRESENTATION_CONTEXT() REPRESENTATION_CONTEXT('2D SPACE',''
  ) );
#15916 = PCURVE('',#15029,#15917);
#15917 = DEFINITIONAL_REPRESENTATION('',(#15918),#15922);
#15918 = CIRCLE('',#15919,1.6);
#15919 = AXIS2_PLACEMENT_2D('',#15920,#15921);
#15920 = CARTESIAN_POINT('',(0.,0.));
#15921 = DIRECTION('',(1.,0.));
#15922 = ( GEOMETRIC_REPRESENTATION_CONTEXT(2) 
PARAMETRIC_REPRESENTATION_CONTEXT() REPRESENTATION_CONTEXT('2D SPACE',''
  ) );
#15923 = ORIENTED_EDGE('',*,*,#15091,.F.);
#15924 = ORIENTED_EDGE('',*,*,#15925,.F.);
#15925 = EDGE_CURVE('',#15042,#15063,#15926,.T.);
#15926 = SURFACE_CURVE('',#15927,(#15932,#15939),.PCURVE_S1.);
#15927 = CIRCLE('',#15928,1.6);
#15928 = AXIS2_PLACEMENT_3D('',#15929,#15930,#15931);
#15929 = CARTESIAN_POINT('',(35.8,14.5,-398.25));
#15930 = DIRECTION('',(0.,-1.,2.22044604925E-16));
#15931 = DIRECTION('',(1.,0.,0.));
#15932 = PCURVE('',#14743,#15933);
#15933 = DEFINITIONAL_REPRESENTATION('',(#15934),#15938);
#15934 = LINE('',#15935,#15936);
#15935 = CARTESIAN_POINT('',(0.,2.505));
#15936 = VECTOR('',#15937,1.);
#15937 = DIRECTION('',(1.,0.));
#15938 = ( GEOMETRIC_REPRESENTATION_CONTEXT(2) 
PARAMETRIC_REPRESENTATION_CONTEXT() REPRESENTATION_CONTEXT('2D SPACE',''
  ) );
#15939 = PCURVE('',#15079,#15940);
#15940 = DEFINITIONAL_REPRESENTATION('',(#15941),#15945);
#15941 = CIRCLE('',#15942,1.6);
#15942 = AXIS2_PLACEMENT_2D('',#15943,#15944);
#15943 = CARTESIAN_POINT('',(0.8,0.));
#15944 = DIRECTION('',(1.,0.));
#15945 = ( GEOMETRIC_REPRESENTATION_CONTEXT(2) 
PARAMETRIC_REPRESENTATION_CONTEXT() REPRESENTATION_CONTEXT('2D SPACE',''
  ) );
#15946 = ORIENTED_EDGE('',*,*,#15041,.T.);
#15947 = ORIENTED_EDGE('',*,*,#15948,.F.);
#15948 = EDGE_CURVE('',#15880,#15013,#15949,.T.);
#15949 = SURFACE_CURVE('',#15950,(#15955,#15962),.PCURVE_S1.);
#15950 = CIRCLE('',#15951,1.6);
#15951 = AXIS2_PLACEMENT_3D('',#15952,#15953,#15954);
#15952 = CARTESIAN_POINT('',(35.8,14.495,-398.25));
#15953 = DIRECTION('',(0.,-1.,2.22044604925E-16));
#15954 = DIRECTION('',(1.,0.,0.));
#15955 = PCURVE('',#14743,#15956);
#15956 = DEFINITIONAL_REPRESENTATION('',(#15957),#15961);
#15957 = LINE('',#15958,#15959);
#15958 = CARTESIAN_POINT('',(0.,2.51));
#15959 = VECTOR('',#15960,1.);
#15960 = DIRECTION('',(1.,0.));
#15961 = ( GEOMETRIC_REPRESENTATION_CONTEXT(2) 
PARAMETRIC_REPRESENTATION_CONTEXT() REPRESENTATION_CONTEXT('2D SPACE',''
  ) );
#15962 = PCURVE('',#15029,#15963);
#15963 = DEFINITIONAL_REPRESENTATION('',(#15964),#15968);
#15964 = CIRCLE('',#15965,1.6);
#15965 = AXIS2_PLACEMENT_2D('',#15966,#15967);
#15966 = CARTESIAN_POINT('',(0.,0.));
#15967 = DIRECTION('',(1.,0.));
#15968 = ( GEOMETRIC_REPRESENTATION_CONTEXT(2) 
PARAMETRIC_REPRESENTATION_CONTEXT() REPRESENTATION_CONTEXT('2D SPACE',''
  ) );
#15969 = ORIENTED_EDGE('',*,*,#15879,.F.);
#15970 = ORIENTED_EDGE('',*,*,#14722,.T.);
#15971 = ADVANCED_FACE('',(#15972),#14797,.T.);
#15972 = FACE_BOUND('',#15973,.F.);
#15973 = EDGE_LOOP('',(#15974));
#15974 = ORIENTED_EDGE('',*,*,#14782,.F.);
#15975 = ADVANCED_FACE('',(#15976),#14827,.T.);
#15976 = FACE_BOUND('',#15977,.T.);
#15977 = EDGE_LOOP('',(#15978,#15979));
#15978 = ORIENTED_EDGE('',*,*,#14813,.F.);
#15979 = ORIENTED_EDGE('',*,*,#14893,.T.);
#15980 = ADVANCED_FACE('',(#15981),#14860,.F.);
#15981 = FACE_BOUND('',#15982,.F.);
#15982 = EDGE_LOOP('',(#15983,#15984,#15985));
#15983 = ORIENTED_EDGE('',*,*,#14843,.T.);
#15984 = ORIENTED_EDGE('',*,*,#14918,.T.);
#15985 = ORIENTED_EDGE('',*,*,#14952,.T.);
#15986 = ADVANCED_FACE('',(#15987),#15029,.F.);
#15987 = FACE_BOUND('',#15988,.F.);
#15988 = EDGE_LOOP('',(#15989,#15990,#15991,#15992));
#15989 = ORIENTED_EDGE('',*,*,#15902,.T.);
#15990 = ORIENTED_EDGE('',*,*,#15948,.T.);
#15991 = ORIENTED_EDGE('',*,*,#15012,.F.);
#15992 = ORIENTED_EDGE('',*,*,#15112,.F.);
#15993 = ADVANCED_FACE('',(#15994),#15079,.T.);
#15994 = FACE_BOUND('',#15995,.T.);
#15995 = EDGE_LOOP('',(#15996,#15997));
#15996 = ORIENTED_EDGE('',*,*,#15925,.F.);
#15997 = ORIENTED_EDGE('',*,*,#15062,.T.);
#15998 = ADVANCED_FACE('',(#15999),#15156,.F.);
#15999 = FACE_BOUND('',#16000,.F.);
#16000 = EDGE_LOOP('',(#16001,#16002));
#16001 = ORIENTED_EDGE('',*,*,#15730,.F.);
#16002 = ORIENTED_EDGE('',*,*,#15137,.T.);
#16003 = ADVANCED_FACE('',(#16004),#15206,.T.);
#16004 = FACE_BOUND('',#16005,.T.);
#16005 = EDGE_LOOP('',(#16006,#16007,#16008,#16009));
#16006 = ORIENTED_EDGE('',*,*,#15753,.T.);
#16007 = ORIENTED_EDGE('',*,*,#15707,.T.);
#16008 = ORIENTED_EDGE('',*,*,#15189,.F.);
#16009 = ORIENTED_EDGE('',*,*,#15241,.F.);
#16010 = ADVANCED_FACE('',(#16011),#15329,.F.);
#16011 = FACE_BOUND('',#16012,.F.);
#16012 = EDGE_LOOP('',(#16013,#16014,#16015,#16016));
#16013 = ORIENTED_EDGE('',*,*,#15806,.T.);
#16014 = ORIENTED_EDGE('',*,*,#15852,.T.);
#16015 = ORIENTED_EDGE('',*,*,#15312,.F.);
#16016 = ORIENTED_EDGE('',*,*,#15412,.F.);
#16017 = ADVANCED_FACE('',(#16018),#15379,.T.);
#16018 = FACE_BOUND('',#16019,.T.);
#16019 = EDGE_LOOP('',(#16020,#16021));
#16020 = ORIENTED_EDGE('',*,*,#15829,.F.);
#16021 = ORIENTED_EDGE('',*,*,#15362,.T.);
#16022 = ADVANCED_FACE('',(#16023),#15456,.F.);
#16023 = FACE_BOUND('',#16024,.F.);
#16024 = EDGE_LOOP('',(#16025,#16026));
#16025 = ORIENTED_EDGE('',*,*,#15634,.F.);
#16026 = ORIENTED_EDGE('',*,*,#15437,.T.);
#16027 = ADVANCED_FACE('',(#16028),#15506,.T.);
#16028 = FACE_BOUND('',#16029,.T.);
#16029 = EDGE_LOOP('',(#16030,#16031,#16032,#16033));
#16030 = ORIENTED_EDGE('',*,*,#15657,.T.);
#16031 = ORIENTED_EDGE('',*,*,#15611,.T.);
#16032 = ORIENTED_EDGE('',*,*,#15489,.F.);
#16033 = ORIENTED_EDGE('',*,*,#15541,.F.);
#16034 = ( GEOMETRIC_REPRESENTATION_CONTEXT(3) 
GLOBAL_UNCERTAINTY_ASSIGNED_CONTEXT((#16038)) 
GLOBAL_UNIT_ASSIGNED_CONTEXT((#16035,#16036,#16037)) 
REPRESENTATION_CONTEXT('Context #1',
  '3D Context with UNIT and UNCERTAINTY') );
#16035 = ( LENGTH_UNIT() NAMED_UNIT(*) SI_UNIT(.MILLI.,.METRE.) );
#16036 = ( NAMED_UNIT(*) PLANE_ANGLE_UNIT() SI_UNIT($,.RADIAN.) );
#16037 = ( NAMED_UNIT(*) SI_UNIT($,.STERADIAN.) SOLID_ANGLE_UNIT() );
#16038 = UNCERTAINTY_MEASURE_WITH_UNIT(LENGTH_MEASURE(2.E-07),#16035,
  'distance_accuracy_value','confusion accuracy');
#16039 = PRODUCT_RELATED_PRODUCT_CATEGORY('part',$,(#7));
ENDSEC;
END-ISO-10303-21;
