ISO-10303-21;
HEADER;
FILE_DESCRIPTION(('Open CASCADE Model'),'2;1');
FILE_NAME('meter_housing','2026-08-06T20:50:11',('Author'),(
    'Open CASCADE'),'Open CASCADE STEP processor 7.9','build123d',
  'Unknown');
FILE_SCHEMA(('AUTOMOTIVE_DESIGN { 1 0 10303 214 1 1 1 1 }'));
ENDSEC;
DATA;
#1 = APPLICATION_PROTOCOL_DEFINITION('international standard',
  'automotive_design',2000,#2);
#2 = APPLICATION_CONTEXT(
  'core data for automotive mechanical design processes');
#3 = SHAPE_DEFINITION_REPRESENTATION(#4,#10);
#4 = PRODUCT_DEFINITION_SHAPE('','',#5);
#5 = PRODUCT_DEFINITION('design','',#6,#9);
#6 = PRODUCT_DEFINITION_FORMATION('','',#7);
#7 = PRODUCT('meter_housing','meter_housing','',(#8));
#8 = PRODUCT_CONTEXT('',#2,'mechanical');
#9 = PRODUCT_DEFINITION_CONTEXT('part definition',#2,'design');
#10 = ADVANCED_BREP_SHAPE_REPRESENTATION('',(#11,#15),#6316);
#11 = AXIS2_PLACEMENT_3D('',#12,#13,#14);
#12 = CARTESIAN_POINT('',(0.,0.,0.));
#13 = DIRECTION('',(0.,0.,1.));
#14 = DIRECTION('',(1.,0.,-0.));
#15 = MANIFOLD_SOLID_BREP('',#16);
#16 = CLOSED_SHELL('',(#17,#947,#1045,#1284,#1604,#1659,#1831,#2020,
    #2089,#2136,#2183,#2208,#2266,#2301,#2408,#2459,#2591,#2688,#2760,
    #2852,#2995,#3050,#3100,#3155,#3210,#3214,#3571,#3576,#3582,#3921,
    #3948,#3954,#4031,#4100,#4106,#4151,#4158,#4208,#4219,#4246,#4250,
    #4254,#4258,#4293,#4478,#4581,#4684,#4729,#4884,#4982,#5085,#5130,
    #5285,#5383,#5475,#5500,#5507,#5557,#5605,#5650,#5698,#5763,#5770,
    #5804,#5912,#5977,#5984,#6032,#6077,#6105,#6114,#6179,#6186,#6234,
    #6279,#6307));
#17 = ADVANCED_FACE('',(#18,#334,#508,#661,#835),#33,.T.);
#18 = FACE_BOUND('',#19,.T.);
#19 = EDGE_LOOP('',(#20,#56,#79,#106,#107,#131));
#20 = ORIENTED_EDGE('',*,*,#21,.T.);
#21 = EDGE_CURVE('',#22,#24,#26,.T.);
#22 = VERTEX_POINT('',#23);
#23 = CARTESIAN_POINT('',(-51.76147215835,-4.974937185533,-292.5));
#24 = VERTEX_POINT('',#25);
#25 = CARTESIAN_POINT('',(52.,-1.273632671113E-14,-292.5));
#26 = SURFACE_CURVE('',#27,(#32,#44),.PCURVE_S1.);
#27 = CIRCLE('',#28,52.);
#28 = AXIS2_PLACEMENT_3D('',#29,#30,#31);
#29 = CARTESIAN_POINT('',(0.,0.,-292.5));
#30 = DIRECTION('',(0.,0.,1.));
#31 = DIRECTION('',(1.,0.,-0.));
#32 = PCURVE('',#33,#38);
#33 = CYLINDRICAL_SURFACE('',#34,52.);
#34 = AXIS2_PLACEMENT_3D('',#35,#36,#37);
#35 = CARTESIAN_POINT('',(0.,0.,-300.5));
#36 = DIRECTION('',(0.,0.,1.));
#37 = DIRECTION('',(1.,0.,-0.));
#38 = DEFINITIONAL_REPRESENTATION('',(#39),#43);
#39 = LINE('',#40,#41);
#40 = CARTESIAN_POINT('',(0.,8.));
#41 = VECTOR('',#42,1.);
#42 = DIRECTION('',(1.,0.));
#43 = ( GEOMETRIC_REPRESENTATION_CONTEXT(2) 
PARAMETRIC_REPRESENTATION_CONTEXT() REPRESENTATION_CONTEXT('2D SPACE',''
  ) );
#44 = PCURVE('',#45,#50);
#45 = PLANE('',#46);
#46 = AXIS2_PLACEMENT_3D('',#47,#48,#49);
#47 = CARTESIAN_POINT('',(0.,0.,-292.5));
#48 = DIRECTION('',(0.,0.,1.));
#49 = DIRECTION('',(1.,0.,-0.));
#50 = DEFINITIONAL_REPRESENTATION('',(#51),#55);
#51 = CIRCLE('',#52,52.);
#52 = AXIS2_PLACEMENT_2D('',#53,#54);
#53 = CARTESIAN_POINT('',(0.,0.));
#54 = DIRECTION('',(1.,0.));
#55 = ( GEOMETRIC_REPRESENTATION_CONTEXT(2) 
PARAMETRIC_REPRESENTATION_CONTEXT() REPRESENTATION_CONTEXT('2D SPACE',''
  ) );
#56 = ORIENTED_EDGE('',*,*,#57,.T.);
#57 = EDGE_CURVE('',#24,#58,#60,.T.);
#58 = VERTEX_POINT('',#59);
#59 = CARTESIAN_POINT('',(52.,-1.273632671113E-14,-280.5));
#60 = SEAM_CURVE('',#61,(#65,#72),.PCURVE_S1.);
#61 = LINE('',#62,#63);
#62 = CARTESIAN_POINT('',(52.,-1.273632671113E-14,-300.5));
#63 = VECTOR('',#64,1.);
#64 = DIRECTION('',(0.,0.,1.));
#65 = PCURVE('',#33,#66);
#66 = DEFINITIONAL_REPRESENTATION('',(#67),#71);
#67 = LINE('',#68,#69);
#68 = CARTESIAN_POINT('',(0.,-0.));
#69 = VECTOR('',#70,1.);
#70 = DIRECTION('',(0.,1.));
#71 = ( GEOMETRIC_REPRESENTATION_CONTEXT(2) 
PARAMETRIC_REPRESENTATION_CONTEXT() REPRESENTATION_CONTEXT('2D SPACE',''
  ) );
#72 = PCURVE('',#33,#73);
#73 = DEFINITIONAL_REPRESENTATION('',(#74),#78);
#74 = LINE('',#75,#76);
#75 = CARTESIAN_POINT('',(6.28318530718,-0.));
#76 = VECTOR('',#77,1.);
#77 = DIRECTION('',(0.,1.));
#78 = ( GEOMETRIC_REPRESENTATION_CONTEXT(2) 
PARAMETRIC_REPRESENTATION_CONTEXT() REPRESENTATION_CONTEXT('2D SPACE',''
  ) );
#79 = ORIENTED_EDGE('',*,*,#80,.F.);
#80 = EDGE_CURVE('',#58,#58,#81,.T.);
#81 = SURFACE_CURVE('',#82,(#87,#94),.PCURVE_S1.);
#82 = CIRCLE('',#83,52.);
#83 = AXIS2_PLACEMENT_3D('',#84,#85,#86);
#84 = CARTESIAN_POINT('',(0.,0.,-280.5));
#85 = DIRECTION('',(0.,0.,1.));
#86 = DIRECTION('',(1.,0.,-0.));
#87 = PCURVE('',#33,#88);
#88 = DEFINITIONAL_REPRESENTATION('',(#89),#93);
#89 = LINE('',#90,#91);
#90 = CARTESIAN_POINT('',(0.,20.));
#91 = VECTOR('',#92,1.);
#92 = DIRECTION('',(1.,0.));
#93 = ( GEOMETRIC_REPRESENTATION_CONTEXT(2) 
PARAMETRIC_REPRESENTATION_CONTEXT() REPRESENTATION_CONTEXT('2D SPACE',''
  ) );
#94 = PCURVE('',#95,#100);
#95 = PLANE('',#96);
#96 = AXIS2_PLACEMENT_3D('',#97,#98,#99);
#97 = CARTESIAN_POINT('',(0.,0.,-280.5));
#98 = DIRECTION('',(0.,0.,1.));
#99 = DIRECTION('',(1.,0.,-0.));
#100 = DEFINITIONAL_REPRESENTATION('',(#101),#105);
#101 = CIRCLE('',#102,52.);
#102 = AXIS2_PLACEMENT_2D('',#103,#104);
#103 = CARTESIAN_POINT('',(0.,0.));
#104 = DIRECTION('',(1.,0.));
#105 = ( GEOMETRIC_REPRESENTATION_CONTEXT(2) 
PARAMETRIC_REPRESENTATION_CONTEXT() REPRESENTATION_CONTEXT('2D SPACE',''
  ) );
#106 = ORIENTED_EDGE('',*,*,#57,.F.);
#107 = ORIENTED_EDGE('',*,*,#108,.T.);
#108 = EDGE_CURVE('',#24,#109,#111,.T.);
#109 = VERTEX_POINT('',#110);
#110 = CARTESIAN_POINT('',(-51.76147215835,4.974937185533,-292.5));
#111 = SURFACE_CURVE('',#112,(#117,#124),.PCURVE_S1.);
#112 = CIRCLE('',#113,52.);
#113 = AXIS2_PLACEMENT_3D('',#114,#115,#116);
#114 = CARTESIAN_POINT('',(0.,0.,-292.5));
#115 = DIRECTION('',(0.,0.,1.));
#116 = DIRECTION('',(1.,0.,-0.));
#117 = PCURVE('',#33,#118);
#118 = DEFINITIONAL_REPRESENTATION('',(#119),#123);
#119 = LINE('',#120,#121);
#120 = CARTESIAN_POINT('',(0.,8.));
#121 = VECTOR('',#122,1.);
#122 = DIRECTION('',(1.,0.));
#123 = ( GEOMETRIC_REPRESENTATION_CONTEXT(2) 
PARAMETRIC_REPRESENTATION_CONTEXT() REPRESENTATION_CONTEXT('2D SPACE',''
  ) );
#124 = PCURVE('',#45,#125);
#125 = DEFINITIONAL_REPRESENTATION('',(#126),#130);
#126 = CIRCLE('',#127,52.);
#127 = AXIS2_PLACEMENT_2D('',#128,#129);
#128 = CARTESIAN_POINT('',(0.,0.));
#129 = DIRECTION('',(1.,0.));
#130 = ( GEOMETRIC_REPRESENTATION_CONTEXT(2) 
PARAMETRIC_REPRESENTATION_CONTEXT() REPRESENTATION_CONTEXT('2D SPACE',''
  ) );
#131 = ORIENTED_EDGE('',*,*,#132,.T.);
#132 = EDGE_CURVE('',#109,#22,#133,.T.);
#133 = SURFACE_CURVE('',#134,(#197,#263),.PCURVE_S1.);
#134 = B_SPLINE_CURVE_WITH_KNOTS('',7,(#135,#136,#137,#138,#139,#140,
    #141,#142,#143,#144,#145,#146,#147,#148,#149,#150,#151,#152,#153,
    #154,#155,#156,#157,#158,#159,#160,#161,#162,#163,#164,#165,#166,
    #167,#168,#169,#170,#171,#172,#173,#174,#175,#176,#177,#178,#179,
    #180,#181,#182,#183,#184,#185,#186,#187,#188,#189,#190,#191,#192,
    #193,#194,#195,#196),.UNSPECIFIED.,.F.,.F.,(8,6,6,6,6,6,6,6,6,6,8),(
    0.,0.242010509551,0.329360450074,0.395347010317,0.430240961996,
    0.500021215623,0.547044777981,0.604679414737,0.67066156443,
    0.75800566647,1.),.UNSPECIFIED.);
#135 = CARTESIAN_POINT('',(-51.76147213517,4.974937426742,-292.5000024)
  );
#136 = CARTESIAN_POINT('',(-51.76565842048,4.93138144357,-292.0666237381
    ));
#137 = CARTESIAN_POINT('',(-51.77405118993,4.843610019504,
    -291.6359664702));
#138 = CARTESIAN_POINT('',(-51.78653108965,4.711226417538,
    -291.2104033467));
#139 = CARTESIAN_POINT('',(-51.80283038882,4.532846051936,
    -290.7928256345));
#140 = CARTESIAN_POINT('',(-51.82249439993,4.306314607998,
    -290.3870715701));
#141 = CARTESIAN_POINT('',(-51.84474184014,4.028988781485,
    -289.9985184891));
#142 = CARTESIAN_POINT('',(-51.87684363744,3.578746323168,
    -289.5037084881));
#143 = CARTESIAN_POINT('',(-51.88553454501,3.452330996799,
    -289.3756933054));
#144 = CARTESIAN_POINT('',(-51.89434221165,3.318806055154,
    -289.2512979355));
#145 = CARTESIAN_POINT('',(-51.90319714701,3.17808678047,-289.1309710049
    ));
#146 = CARTESIAN_POINT('',(-51.91202106136,3.030107704507,
    -289.0152040244));
#147 = CARTESIAN_POINT('',(-51.92072715073,2.874823135202,
    -288.9045316977));
#148 = CARTESIAN_POINT('',(-51.93563640373,2.589363474745,
    -288.7202127297));
#149 = CARTESIAN_POINT('',(-51.94193190851,2.462317533387,
    -288.6441190601));
#150 = CARTESIAN_POINT('',(-51.94806125858,2.33114624556,-288.571560822)
  );
#151 = CARTESIAN_POINT('',(-51.9539769432,2.1959442461,-288.5028448878)
  );
#152 = CARTESIAN_POINT('',(-51.95963042587,2.056824426214,
    -288.4382754557));
#153 = CARTESIAN_POINT('',(-51.96497299155,1.91391794132,-288.3781541041
    ));
#154 = CARTESIAN_POINT('',(-51.97259194233,1.689881324128,-288.293497721
    ));
#155 = CARTESIAN_POINT('',(-51.97512651186,1.611384048672,
    -288.2655478556));
#156 = CARTESIAN_POINT('',(-51.97755252355,1.531924743766,
    -288.2389810926));
#157 = CARTESIAN_POINT('',(-51.97986254797,1.451547504925,-288.213845581
    ));
#158 = CARTESIAN_POINT('',(-51.98204950517,1.370298171946,
    -288.1901867757));
#159 = CARTESIAN_POINT('',(-51.98410666472,1.288224328907,
    -288.1680474373));
#160 = CARTESIAN_POINT('',(-51.98986918642,1.039695417504,
    -288.1063125349));
#161 = CARTESIAN_POINT('',(-51.99316815242,0.87083715457,-288.0713747482
    ));
#162 = CARTESIAN_POINT('',(-51.99586839224,0.699380234222,
    -288.0430325925));
#163 = CARTESIAN_POINT('',(-51.99792550989,0.525933507559,
    -288.0215738616));
#164 = CARTESIAN_POINT('',(-51.99930826948,0.351126387237,
    -288.0071949532));
#165 = CARTESIAN_POINT('',(-52.,0.1756002768,-288.));
#166 = CARTESIAN_POINT('',(-52.,-0.118333627881,-288.));
#167 = CARTESIAN_POINT('',(-51.99968583899,-0.236657222691,
    -288.0032673763));
#168 = CARTESIAN_POINT('',(-51.99905759189,-0.354763064758,
    -288.0098009574));
#169 = CARTESIAN_POINT('',(-51.99811867737,-0.472445635255,
    -288.0195789988));
#170 = CARTESIAN_POINT('',(-51.99687572449,-0.589501744345,
    -288.0325591766));
#171 = CARTESIAN_POINT('',(-51.99533843921,-0.70573065934,
    -288.0486785818));
#172 = CARTESIAN_POINT('',(-51.99129004466,-0.962134001194,
    -288.0913557995));
#173 = CARTESIAN_POINT('',(-51.98863800549,-1.101759083541,
    -288.1194425732));
#174 = CARTESIAN_POINT('',(-51.98558542703,-1.23954308797,
    -288.1519718036));
#175 = CARTESIAN_POINT('',(-51.98215897827,-1.375231892979,
    -288.1887758803));
#176 = CARTESIAN_POINT('',(-51.97838918854,-1.508583850637,
    -288.2296617877));
#177 = CARTESIAN_POINT('',(-51.97430971229,-1.639369989726,
    -288.2744110782));
#178 = CARTESIAN_POINT('',(-51.96497299155,-1.913917941315,
    -288.3781541041));
#179 = CARTESIAN_POINT('',(-51.95963042587,-2.056824426213,
    -288.4382754557));
#180 = CARTESIAN_POINT('',(-51.9539769432,-2.195944246103,
    -288.5028448878));
#181 = CARTESIAN_POINT('',(-51.94806125858,-2.331146245563,
    -288.571560822));
#182 = CARTESIAN_POINT('',(-51.94193190851,-2.462317533387,
    -288.6441190601));
#183 = CARTESIAN_POINT('',(-51.93563640373,-2.589363474741,
    -288.7202127297));
#184 = CARTESIAN_POINT('',(-51.92072715073,-2.874823135202,
    -288.9045316977));
#185 = CARTESIAN_POINT('',(-51.91202106136,-3.030107704507,
    -289.0152040244));
#186 = CARTESIAN_POINT('',(-51.90319714701,-3.17808678047,
    -289.1309710049));
#187 = CARTESIAN_POINT('',(-51.89434221165,-3.318806055154,
    -289.2512979355));
#188 = CARTESIAN_POINT('',(-51.88553454501,-3.452330996799,
    -289.3756933054));
#189 = CARTESIAN_POINT('',(-51.87684363744,-3.578746323168,
    -289.5037084881));
#190 = CARTESIAN_POINT('',(-51.84474184014,-4.028988781485,
    -289.9985184891));
#191 = CARTESIAN_POINT('',(-51.82249439993,-4.306314607996,
    -290.3870715701));
#192 = CARTESIAN_POINT('',(-51.80283038882,-4.53284605194,
    -290.7928256345));
#193 = CARTESIAN_POINT('',(-51.78653108965,-4.711226417535,
    -291.2104033467));
#194 = CARTESIAN_POINT('',(-51.77405118993,-4.843610019505,
    -291.6359664702));
#195 = CARTESIAN_POINT('',(-51.76565842048,-4.93138144357,
    -292.0666237381));
#196 = CARTESIAN_POINT('',(-51.76147213517,-4.974937426742,-292.5000024)
  );
#197 = PCURVE('',#33,#198);
#198 = DEFINITIONAL_REPRESENTATION('',(#199),#262);
#199 = B_SPLINE_CURVE_WITH_KNOTS('',7,(#200,#201,#202,#203,#204,#205,
    #206,#207,#208,#209,#210,#211,#212,#213,#214,#215,#216,#217,#218,
    #219,#220,#221,#222,#223,#224,#225,#226,#227,#228,#229,#230,#231,
    #232,#233,#234,#235,#236,#237,#238,#239,#240,#241,#242,#243,#244,
    #245,#246,#247,#248,#249,#250,#251,#252,#253,#254,#255,#256,#257,
    #258,#259,#260,#261),.UNSPECIFIED.,.F.,.F.,(8,6,6,6,6,6,6,6,6,6,8),(
    0.,0.242010509551,0.329360450074,0.395347010317,0.430240961996,
    0.500021215623,0.547044777981,0.604679414737,0.67066156443,
    0.75800566647,1.),.UNSPECIFIED.);
#200 = CARTESIAN_POINT('',(3.045774226397,7.9999976));
#201 = CARTESIAN_POINT('',(3.046615701367,8.433376261892));
#202 = CARTESIAN_POINT('',(3.048311312094,8.864033529733));
#203 = CARTESIAN_POINT('',(3.050868435143,9.28959665328));
#204 = CARTESIAN_POINT('',(3.054313089844,9.707174365428));
#205 = CARTESIAN_POINT('',(3.058685750131,10.112928429873));
#206 = CARTESIAN_POINT('',(3.064035861865,10.501481510885));
#207 = CARTESIAN_POINT('',(3.072716350696,10.996291511837));
#208 = CARTESIAN_POINT('',(3.075153145098,11.124306694563));
#209 = CARTESIAN_POINT('',(3.077726496411,11.248702064495));
#210 = CARTESIAN_POINT('',(3.08043796486,11.369028995073));
#211 = CARTESIAN_POINT('',(3.083288743613,11.484795975567));
#212 = CARTESIAN_POINT('',(3.086279653178,11.595468302237));
#213 = CARTESIAN_POINT('',(3.09177674438,11.779787270231));
#214 = CARTESIAN_POINT('',(3.094222924671,11.855880939856));
#215 = CARTESIAN_POINT('',(3.096748185421,11.928439177931));
#216 = CARTESIAN_POINT('',(3.099350689966,11.997155112169));
#217 = CARTESIAN_POINT('',(3.102028257289,12.061724544284));
#218 = CARTESIAN_POINT('',(3.104778363068,12.121845895847));
#219 = CARTESIAN_POINT('',(3.109089250201,12.206502278969));
#220 = CARTESIAN_POINT('',(3.110599597633,12.234452144378));
#221 = CARTESIAN_POINT('',(3.112128369439,12.261018907346));
#222 = CARTESIAN_POINT('',(3.113674719296,12.286154418933));
#223 = CARTESIAN_POINT('',(3.115237768144,12.309813224287));
#224 = CARTESIAN_POINT('',(3.116816604185,12.331952562647));
#225 = CARTESIAN_POINT('',(3.121597290894,12.393687465065));
#226 = CARTESIAN_POINT('',(3.12484516333,12.428625251781));
#227 = CARTESIAN_POINT('',(3.128142782211,12.45696740744));
#228 = CARTESIAN_POINT('',(3.131478484707,12.47842613839));
#229 = CARTESIAN_POINT('',(3.134840223174,12.492805046789));
#230 = CARTESIAN_POINT('',(3.13821572519,12.5));
#231 = CARTESIAN_POINT('',(3.14386830028,12.5));
#232 = CARTESIAN_POINT('',(3.146143754019,12.496732623664));
#233 = CARTESIAN_POINT('',(3.148415039473,12.490199042535));
#234 = CARTESIAN_POINT('',(3.150678223562,12.480421001192));
#235 = CARTESIAN_POINT('',(3.152929417155,12.467440823374));
#236 = CARTESIAN_POINT('',(3.155164776764,12.451321418118));
#237 = CARTESIAN_POINT('',(3.160096224846,12.408644200423));
#238 = CARTESIAN_POINT('',(3.162781793068,12.380557426744));
#239 = CARTESIAN_POINT('',(3.165432114795,12.348028196356));
#240 = CARTESIAN_POINT('',(3.168042324837,12.311224119607));
#241 = CARTESIAN_POINT('',(3.170607792244,12.270338212204));
#242 = CARTESIAN_POINT('',(3.173124123621,12.225588921727));
#243 = CARTESIAN_POINT('',(3.178406944112,12.121845895849));
#244 = CARTESIAN_POINT('',(3.181157049891,12.061724544284));
#245 = CARTESIAN_POINT('',(3.183834617213,11.997155112168));
#246 = CARTESIAN_POINT('',(3.186437121758,11.92843917793));
#247 = CARTESIAN_POINT('',(3.188962382509,11.855880939856));
#248 = CARTESIAN_POINT('',(3.1914085628,11.779787270234));
#249 = CARTESIAN_POINT('',(3.196905654001,11.595468302237));
#250 = CARTESIAN_POINT('',(3.199896563567,11.484795975567));
#251 = CARTESIAN_POINT('',(3.202747342319,11.369028995074));
#252 = CARTESIAN_POINT('',(3.205458810768,11.248702064495));
#253 = CARTESIAN_POINT('',(3.208032162081,11.124306694563));
#254 = CARTESIAN_POINT('',(3.210468956484,10.996291511837));
#255 = CARTESIAN_POINT('',(3.219149445315,10.501481510885));
#256 = CARTESIAN_POINT('',(3.224499557048,10.112928429874));
#257 = CARTESIAN_POINT('',(3.228872217336,9.707174365427));
#258 = CARTESIAN_POINT('',(3.232316872036,9.289596653281));
#259 = CARTESIAN_POINT('',(3.234873995086,8.864033529733));
#260 = CARTESIAN_POINT('',(3.236569605813,8.433376261892));
#261 = CARTESIAN_POINT('',(3.237411080782,7.9999976));
#262 = ( GEOMETRIC_REPRESENTATION_CONTEXT(2) 
PARAMETRIC_REPRESENTATION_CONTEXT() REPRESENTATION_CONTEXT('2D SPACE',''
  ) );
#263 = PCURVE('',#264,#269);
#264 = CYLINDRICAL_SURFACE('',#265,5.);
#265 = AXIS2_PLACEMENT_3D('',#266,#267,#268);
#266 = CARTESIAN_POINT('',(-63.,0.,-293.));
#267 = DIRECTION('',(1.,0.,2.22044604925E-16));
#268 = DIRECTION('',(2.22044604925E-16,0.,-1.));
#269 = DEFINITIONAL_REPRESENTATION('',(#270),#333);
#270 = B_SPLINE_CURVE_WITH_KNOTS('',7,(#271,#272,#273,#274,#275,#276,
    #277,#278,#279,#280,#281,#282,#283,#284,#285,#286,#287,#288,#289,
    #290,#291,#292,#293,#294,#295,#296,#297,#298,#299,#300,#301,#302,
    #303,#304,#305,#306,#307,#308,#309,#310,#311,#312,#313,#314,#315,
    #316,#317,#318,#319,#320,#321,#322,#323,#324,#325,#326,#327,#328,
    #329,#330,#331,#332),.UNSPECIFIED.,.F.,.F.,(8,6,6,6,6,6,6,6,6,6,8),(
    0.,0.242010509551,0.329360450074,0.395347010317,0.430240961996,
    0.500021215623,0.547044777981,0.604679414737,0.67066156443,
    0.75800566647,1.),.UNSPECIFIED.);
#271 = CARTESIAN_POINT('',(1.670963265538,11.23852786483));
#272 = CARTESIAN_POINT('',(1.75807565002,11.234341579512));
#273 = CARTESIAN_POINT('',(1.845530683864,11.225948810064));
#274 = CARTESIAN_POINT('',(1.933944564577,11.213468910347));
#275 = CARTESIAN_POINT('',(2.023885433625,11.197169611176));
#276 = CARTESIAN_POINT('',(2.11595042574,11.177505600061));
#277 = CARTESIAN_POINT('',(2.210756438333,11.155258159851));
#278 = CARTESIAN_POINT('',(2.344555572608,11.123156362557));
#279 = CARTESIAN_POINT('',(2.380508149311,11.114465454989));
#280 = CARTESIAN_POINT('',(2.416955329495,11.105657788342));
#281 = CARTESIAN_POINT('',(2.453923631123,11.096802852983));
#282 = CARTESIAN_POINT('',(2.491440937102,11.087978938632));
#283 = CARTESIAN_POINT('',(2.529538341257,11.079272849261));
#284 = CARTESIAN_POINT('',(2.597497358234,11.064363596269));
#285 = CARTESIAN_POINT('',(2.627098720126,11.058068091489));
#286 = CARTESIAN_POINT('',(2.657050538305,11.051938741416));
#287 = CARTESIAN_POINT('',(2.687348921822,11.046023056793));
#288 = CARTESIAN_POINT('',(2.717991639152,11.040369574124));
#289 = CARTESIAN_POINT('',(2.748978126887,11.035027008448));
#290 = CARTESIAN_POINT('',(2.796877650495,11.027408057668));
#291 = CARTESIAN_POINT('',(2.813539505486,11.024873488137));
#292 = CARTESIAN_POINT('',(2.830291025467,11.022447476446));
#293 = CARTESIAN_POINT('',(2.847128350399,11.02013745203));
#294 = CARTESIAN_POINT('',(2.864047798139,11.017950494824));
#295 = CARTESIAN_POINT('',(2.881045864436,11.015893335275));
#296 = CARTESIAN_POINT('',(2.93226219698,11.01013081358));
#297 = CARTESIAN_POINT('',(2.966722333135,11.006831847578));
#298 = CARTESIAN_POINT('',(3.001433865572,11.004131607751));
#299 = CARTESIAN_POINT('',(3.036335196677,11.002074490106));
#300 = CARTESIAN_POINT('',(3.071367379172,11.000691730517));
#301 = CARTESIAN_POINT('',(3.10647259823,11.));
#302 = CARTESIAN_POINT('',(3.165259379166,11.));
#303 = CARTESIAN_POINT('',(3.1889240983,11.000314161006));
#304 = CARTESIAN_POINT('',(3.212566918515,11.00094240811));
#305 = CARTESIAN_POINT('',(3.236168369126,11.001881322625));
#306 = CARTESIAN_POINT('',(3.259708931936,11.003124275509));
#307 = CARTESIAN_POINT('',(3.283168571917,11.004661560785));
#308 = CARTESIAN_POINT('',(3.335154731084,11.008709955333));
#309 = CARTESIAN_POINT('',(3.363623081005,11.011361994502));
#310 = CARTESIAN_POINT('',(3.391912413286,11.014414572967));
#311 = CARTESIAN_POINT('',(3.420003482652,11.017841021723));
#312 = CARTESIAN_POINT('',(3.447876048724,11.021610811452));
#313 = CARTESIAN_POINT('',(3.47550822182,11.025690287709));
#314 = CARTESIAN_POINT('',(3.534207180292,11.035027008447));
#315 = CARTESIAN_POINT('',(3.565193668028,11.040369574124));
#316 = CARTESIAN_POINT('',(3.595836385359,11.046023056793));
#317 = CARTESIAN_POINT('',(3.626134768875,11.051938741416));
#318 = CARTESIAN_POINT('',(3.656086587053,11.058068091489));
#319 = CARTESIAN_POINT('',(3.685687948945,11.064363596269));
#320 = CARTESIAN_POINT('',(3.753646965922,11.079272849261));
#321 = CARTESIAN_POINT('',(3.791744370077,11.087978938632));
#322 = CARTESIAN_POINT('',(3.829261676056,11.096802852983));
#323 = CARTESIAN_POINT('',(3.866229977685,11.105657788342));
#324 = CARTESIAN_POINT('',(3.902677157869,11.114465454989));
#325 = CARTESIAN_POINT('',(3.938629734572,11.123156362557));
#326 = CARTESIAN_POINT('',(4.072428868846,11.155258159851));
#327 = CARTESIAN_POINT('',(4.167234881439,11.177505600061));
#328 = CARTESIAN_POINT('',(4.259299873555,11.197169611176));
#329 = CARTESIAN_POINT('',(4.349240742603,11.213468910347));
#330 = CARTESIAN_POINT('',(4.437654623316,11.225948810064));
#331 = CARTESIAN_POINT('',(4.525109657159,11.234341579512));
#332 = CARTESIAN_POINT('',(4.612222041641,11.23852786483));
#333 = ( GEOMETRIC_REPRESENTATION_CONTEXT(2) 
PARAMETRIC_REPRESENTATION_CONTEXT() REPRESENTATION_CONTEXT('2D SPACE',''
  ) );
#334 = FACE_BOUND('',#335,.T.);
#335 = EDGE_LOOP('',(#336));
#336 = ORIENTED_EDGE('',*,*,#337,.F.);
#337 = EDGE_CURVE('',#338,#338,#340,.T.);
#338 = VERTEX_POINT('',#339);
#339 = CARTESIAN_POINT('',(-35.46391472325,38.030392484197,-286.55));
#340 = SURFACE_CURVE('',#341,(#393,#448),.PCURVE_S1.);
#341 = B_SPLINE_CURVE_WITH_KNOTS('',8,(#342,#343,#344,#345,#346,#347,
    #348,#349,#350,#351,#352,#353,#354,#355,#356,#357,#358,#359,#360,
    #361,#362,#363,#364,#365,#366,#367,#368,#369,#370,#371,#372,#373,
    #374,#375,#376,#377,#378,#379,#380,#381,#382,#383,#384,#385,#386,
    #387,#388,#389,#390,#391,#392),.UNSPECIFIED.,.T.,.F.,(9,7,7,7,7,7,7,
    9),(0.,0.135243880629,0.250080576977,0.400341211604,0.535246528946,
    0.7498151508,0.864719386723,1.),.UNSPECIFIED.);
#342 = CARTESIAN_POINT('',(-35.46391472325,38.030392484197,-286.55));
#343 = CARTESIAN_POINT('',(-35.57646858799,37.925434307317,-286.55));
#344 = CARTESIAN_POINT('',(-35.68647835946,37.822137392099,
    -286.5283456688));
#345 = CARTESIAN_POINT('',(-35.79142678104,37.722894796523,
    -286.4865103819));
#346 = CARTESIAN_POINT('',(-35.88914485396,37.629870836535,
    -286.4265663612));
#347 = CARTESIAN_POINT('',(-35.97785976994,37.544917832587,
    -286.3511529404));
#348 = CARTESIAN_POINT('',(-36.05626653793,37.469469520438,
    -286.2634378282));
#349 = CARTESIAN_POINT('',(-36.12362330454,37.40441112624,
    -286.1670713716));
#350 = CARTESIAN_POINT('',(-36.22763021527,37.303662424978,
    -285.9804269055));
#351 = CARTESIAN_POINT('',(-36.26817027431,37.264257043775,
    -285.8900071414));
#352 = CARTESIAN_POINT('',(-36.30165587422,37.231620849888,
    -285.795984459));
#353 = CARTESIAN_POINT('',(-36.32824679765,37.205652827979,
    -285.6992802949));
#354 = CARTESIAN_POINT('',(-36.34808219869,37.1862566435,-285.6006742342
    ));
#355 = CARTESIAN_POINT('',(-36.36126689001,37.173355470026,
    -285.5008473597));
#356 = CARTESIAN_POINT('',(-36.36785900004,37.166905060187,
    -285.4004223034));
#357 = CARTESIAN_POINT('',(-36.36785900004,37.166905060187,
    -285.168600199));
#358 = CARTESIAN_POINT('',(-36.35657299456,37.177948406829,
    -285.0371399463));
#359 = CARTESIAN_POINT('',(-36.33398131776,37.200054478287,
    -284.9069550665));
#360 = CARTESIAN_POINT('',(-36.29989566297,37.233369620718,
    -284.7794942725));
#361 = CARTESIAN_POINT('',(-36.25402375799,37.278104808947,
    -284.6564404691));
#362 = CARTESIAN_POINT('',(-36.19601980925,37.334478378401,
    -284.5398269377));
#363 = CARTESIAN_POINT('',(-36.12555961859,37.402636628375,
    -284.432197336));
#364 = CARTESIAN_POINT('',(-35.96788901513,37.554249665192,
    -284.2512623542));
#365 = CARTESIAN_POINT('',(-35.88148428093,37.637008160568,
    -284.1736886159));
#366 = CARTESIAN_POINT('',(-35.78446275392,37.729471316108,
    -284.1097149335));
#367 = CARTESIAN_POINT('',(-35.67902172951,37.829337925329,
    -284.0635319444));
#368 = CARTESIAN_POINT('',(-35.56806967625,37.933680852176,
    -284.0378971913));
#369 = CARTESIAN_POINT('',(-35.454956134,38.039274820226,-284.0340853553
    ));
#370 = CARTESIAN_POINT('',(-35.34316680329,38.142913139956,
    -284.051832372));
#371 = CARTESIAN_POINT('',(-35.06537025501,38.398874947668,
    -284.1488177394));
#372 = CARTESIAN_POINT('',(-34.91455163604,38.536231692452,
    -284.2553073109));
#373 = CARTESIAN_POINT('',(-34.78796532515,38.65033162641,
    -284.3951325742));
#374 = CARTESIAN_POINT('',(-34.687131763,38.740553132377,-284.5582522431
    ));
#375 = CARTESIAN_POINT('',(-34.61245922132,38.807050406947,
    -284.7364469158));
#376 = CARTESIAN_POINT('',(-34.56351548329,38.850539758471,
    -284.9230347229));
#377 = CARTESIAN_POINT('',(-34.53947474599,38.871900960343,
    -285.1124768868));
#378 = CARTESIAN_POINT('',(-34.53947474599,38.871900960343,
    -285.4004210208));
#379 = CARTESIAN_POINT('',(-34.54636911882,38.865775016955,
    -285.5008453913));
#380 = CARTESIAN_POINT('',(-34.56015837611,38.853522564106,
    -285.6006724874));
#381 = CARTESIAN_POINT('',(-34.58089094773,38.835088500422,
    -285.699279571));
#382 = CARTESIAN_POINT('',(-34.60865095763,38.810373475915,
    -285.7959851232));
#383 = CARTESIAN_POINT('',(-34.64354413631,38.779245454871,
    -285.8900088964));
#384 = CARTESIAN_POINT('',(-34.68568186989,38.741552554949,
    -285.9804286855));
#385 = CARTESIAN_POINT('',(-34.79341963483,38.644845430279,
    -286.1670373448));
#386 = CARTESIAN_POINT('',(-34.8630154615,38.582194123227,
    -286.2634150723));
#387 = CARTESIAN_POINT('',(-34.9437632767,38.509227358481,
    -286.3511564103));
#388 = CARTESIAN_POINT('',(-35.03472412121,38.426631733076,
    -286.4265906857));
#389 = CARTESIAN_POINT('',(-35.13436454788,38.335617200957,
    -286.4865395363));
#390 = CARTESIAN_POINT('',(-35.2406987894,38.237833524343,
    -286.5283631402));
#391 = CARTESIAN_POINT('',(-35.35140629548,38.135308290402,-286.55));
#392 = CARTESIAN_POINT('',(-35.46391472325,38.030392484197,-286.55));
#393 = PCURVE('',#33,#394);
#394 = DEFINITIONAL_REPRESENTATION('',(#395),#447);
#395 = B_SPLINE_CURVE_WITH_KNOTS('',8,(#396,#397,#398,#399,#400,#401,
    #402,#403,#404,#405,#406,#407,#408,#409,#410,#411,#412,#413,#414,
    #415,#416,#417,#418,#419,#420,#421,#422,#423,#424,#425,#426,#427,
    #428,#429,#430,#431,#432,#433,#434,#435,#436,#437,#438,#439,#440,
    #441,#442,#443,#444,#445,#446),.UNSPECIFIED.,.T.,.F.,(9,7,7,7,7,7,7,
    9),(0.,0.135243880629,0.250080576977,0.400341211604,0.535246528946,
    0.7498151508,0.864719386723,1.),.UNSPECIFIED.);
#396 = CARTESIAN_POINT('',(2.321287905152,13.95));
#397 = CARTESIAN_POINT('',(2.324247481886,13.95));
#398 = CARTESIAN_POINT('',(2.327149488976,13.971654331189));
#399 = CARTESIAN_POINT('',(2.329927177089,14.013489618093));
#400 = CARTESIAN_POINT('',(2.332521686646,14.073433638718));
#401 = CARTESIAN_POINT('',(2.334883797544,14.148847059554));
#402 = CARTESIAN_POINT('',(2.336976331903,14.23656217173));
#403 = CARTESIAN_POINT('',(2.338777209848,14.332928628343));
#404 = CARTESIAN_POINT('',(2.341561871602,14.519573094424));
#405 = CARTESIAN_POINT('',(2.34264909417,14.609992858515));
#406 = CARTESIAN_POINT('',(2.343548305147,14.704015540929));
#407 = CARTESIAN_POINT('',(2.344263062449,14.800719705089));
#408 = CARTESIAN_POINT('',(2.344796575097,14.899325765776));
#409 = CARTESIAN_POINT('',(2.345151317024,14.999152640214));
#410 = CARTESIAN_POINT('',(2.345328682388,15.099577696592));
#411 = CARTESIAN_POINT('',(2.345328682388,15.331399800941));
#412 = CARTESIAN_POINT('',(2.34502502529,15.46286005366));
#413 = CARTESIAN_POINT('',(2.344417180206,15.593044933441));
#414 = CARTESIAN_POINT('',(2.343500590412,15.720505727418));
#415 = CARTESIAN_POINT('',(2.342268401131,15.843559530823));
#416 = CARTESIAN_POINT('',(2.340712919362,15.960173062234));
#417 = CARTESIAN_POINT('',(2.338827705552,16.067802663932));
#418 = CARTESIAN_POINT('',(2.334621195904,16.248737645753));
#419 = CARTESIAN_POINT('',(2.332320349563,16.326311384031));
#420 = CARTESIAN_POINT('',(2.329742965067,16.390285066439));
#421 = CARTESIAN_POINT('',(2.326950149913,16.436468055501));
#422 = CARTESIAN_POINT('',(2.32402118256,16.462102808601));
#423 = CARTESIAN_POINT('',(2.321045425476,16.465914644615));
#424 = CARTESIAN_POINT('',(2.318113913096,16.448167627972));
#425 = CARTESIAN_POINT('',(2.310849685849,16.351182260502));
#426 = CARTESIAN_POINT('',(2.30692681015,16.244692689033));
#427 = CARTESIAN_POINT('',(2.303649567811,16.104867425768));
#428 = CARTESIAN_POINT('',(2.3010475679,15.94174775684));
#429 = CARTESIAN_POINT('',(2.299124698561,15.763553084186));
#430 = CARTESIAN_POINT('',(2.297865587052,15.576965277058));
#431 = CARTESIAN_POINT('',(2.297247127917,15.387523113186));
#432 = CARTESIAN_POINT('',(2.297247127917,15.099578979198));
#433 = CARTESIAN_POINT('',(2.297424488963,14.999154608693));
#434 = CARTESIAN_POINT('',(2.297779225601,14.899327512534));
#435 = CARTESIAN_POINT('',(2.298312737945,14.800720428933));
#436 = CARTESIAN_POINT('',(2.299027504357,14.704014876799));
#437 = CARTESIAN_POINT('',(2.299926732003,14.609991103593));
#438 = CARTESIAN_POINT('',(2.301013965259,14.5195713145));
#439 = CARTESIAN_POINT('',(2.30379809279,14.332962655173));
#440 = CARTESIAN_POINT('',(2.305598892514,14.236584927609));
#441 = CARTESIAN_POINT('',(2.307691805444,14.14884358965));
#442 = CARTESIAN_POINT('',(2.310054586879,14.073409314229));
#443 = CARTESIAN_POINT('',(2.312649779479,14.013460463622));
#444 = CARTESIAN_POINT('',(2.31542782337,13.971636859735));
#445 = CARTESIAN_POINT('',(2.318329523174,13.95));
#446 = CARTESIAN_POINT('',(2.321287905152,13.95));
#447 = ( GEOMETRIC_REPRESENTATION_CONTEXT(2) 
PARAMETRIC_REPRESENTATION_CONTEXT() REPRESENTATION_CONTEXT('2D SPACE',''
  ) );
#448 = PCURVE('',#449,#454);
#449 = CYLINDRICAL_SURFACE('',#450,1.25);
#450 = AXIS2_PLACEMENT_3D('',#451,#452,#453);
#451 = CARTESIAN_POINT('',(-32.53132177498,34.885571567234,-285.3));
#452 = DIRECTION('',(-0.681998360062,0.731353701619,2.22044604925E-16));
#453 = DIRECTION('',(-1.514340564196E-16,1.623931437365E-16,-1.));
#454 = DEFINITIONAL_REPRESENTATION('',(#455),#507);
#455 = B_SPLINE_CURVE_WITH_KNOTS('',8,(#456,#457,#458,#459,#460,#461,
    #462,#463,#464,#465,#466,#467,#468,#469,#470,#471,#472,#473,#474,
    #475,#476,#477,#478,#479,#480,#481,#482,#483,#484,#485,#486,#487,
    #488,#489,#490,#491,#492,#493,#494,#495,#496,#497,#498,#499,#500,
    #501,#502,#503,#504,#505,#506),.UNSPECIFIED.,.F.,.F.,(9,7,7,7,7,7,7,
    9),(0.,0.135243880629,0.250080576977,0.400341211604,0.535246528946,
    0.7498151508,0.864719386723,1.),.UNSPECIFIED.);
#456 = CARTESIAN_POINT('',(0.,4.3));
#457 = CARTESIAN_POINT('',(0.123118392097,4.3));
#458 = CARTESIAN_POINT('',(0.243841387279,4.299479902419));
#459 = CARTESIAN_POINT('',(0.362236605354,4.298473114199));
#460 = CARTESIAN_POINT('',(0.478229994002,4.297083262197));
#461 = CARTESIAN_POINT('',(0.591620693368,4.295455995512));
#462 = CARTESIAN_POINT('',(0.702041749544,4.293749880326));
#463 = CARTESIAN_POINT('',(0.808866676942,4.292106387278));
#464 = CARTESIAN_POINT('',(0.997836651854,4.289355994225));
#465 = CARTESIAN_POINT('',(1.082708707593,4.288184976604));
#466 = CARTESIAN_POINT('',(1.166058234137,4.287153499619));
#467 = CARTESIAN_POINT('',(1.248211558244,4.286296656848));
#468 = CARTESIAN_POINT('',(1.329467686279,4.285638896512));
#469 = CARTESIAN_POINT('',(1.410117912308,4.285195513394));
#470 = CARTESIAN_POINT('',(1.490458484068,4.28497379051));
#471 = CARTESIAN_POINT('',(1.675916167548,4.28497379051));
#472 = CARTESIAN_POINT('',(1.781084004168,4.285353345727));
#473 = CARTESIAN_POINT('',(1.887003229762,4.286113216388));
#474 = CARTESIAN_POINT('',(1.994287526835,4.287232008457));
#475 = CARTESIAN_POINT('',(2.103562124007,4.28866468999));
#476 = CARTESIAN_POINT('',(2.215484568182,4.290335110768));
#477 = CARTESIAN_POINT('',(2.330787043676,4.292129164698));
#478 = CARTESIAN_POINT('',(2.557869782614,4.295480827402));
#479 = CARTESIAN_POINT('',(2.671171593734,4.297078672307));
#480 = CARTESIAN_POINT('',(2.788290274493,4.298533421061));
#481 = CARTESIAN_POINT('',(2.907900098014,4.299660629653));
#482 = CARTESIAN_POINT('',(3.029026181999,4.300303097073));
#483 = CARTESIAN_POINT('',(3.150835262303,4.300386386162));
#484 = CARTESIAN_POINT('',(3.272485167659,4.299942514708));
#485 = CARTESIAN_POINT('',(3.584473302198,4.297684339889));
#486 = CARTESIAN_POINT('',(3.763718390807,4.295282652826));
#487 = CARTESIAN_POINT('',(3.93426440336,4.292398405451));
#488 = CARTESIAN_POINT('',(4.097950084982,4.289613913782));
#489 = CARTESIAN_POINT('',(4.256410187943,4.287320390714));
#490 = CARTESIAN_POINT('',(4.410814883809,4.285746939864));
#491 = CARTESIAN_POINT('',(4.562370489836,4.28497379051));
#492 = CARTESIAN_POINT('',(4.792725797026,4.28497379051));
#493 = CARTESIAN_POINT('',(4.87306587905,4.285195510097));
#494 = CARTESIAN_POINT('',(4.953716205107,4.285638884216));
#495 = CARTESIAN_POINT('',(5.034973041442,4.28629664335));
#496 = CARTESIAN_POINT('',(5.11712751041,4.287153499913));
#497 = CARTESIAN_POINT('',(5.200478149008,4.288184997138));
#498 = CARTESIAN_POINT('',(5.285350457427,4.289356020454));
#499 = CARTESIAN_POINT('',(5.474284179448,4.292105885859));
#500 = CARTESIAN_POINT('',(5.581114725076,4.293749860192));
#501 = CARTESIAN_POINT('',(5.691559079307,4.295455224244));
#502 = CARTESIAN_POINT('',(5.804980857557,4.297083754655));
#503 = CARTESIAN_POINT('',(5.921000578314,4.298474547272));
#504 = CARTESIAN_POINT('',(6.03940593291,4.299479871757));
#505 = CARTESIAN_POINT('',(6.160116616873,4.3));
#506 = CARTESIAN_POINT('',(6.28318530718,4.3));
#507 = ( GEOMETRIC_REPRESENTATION_CONTEXT(2) 
PARAMETRIC_REPRESENTATION_CONTEXT() REPRESENTATION_CONTEXT('2D SPACE',''
  ) );
#508 = FACE_BOUND('',#509,.T.);
#509 = EDGE_LOOP('',(#510));
#510 = ORIENTED_EDGE('',*,*,#511,.F.);
#511 = EDGE_CURVE('',#512,#512,#514,.T.);
#512 = VERTEX_POINT('',#513);
#513 = CARTESIAN_POINT('',(-12.75,-50.41267201805,-286.35));
#514 = SURFACE_CURVE('',#515,(#560,#608),.PCURVE_S1.);
#515 = B_SPLINE_CURVE_WITH_KNOTS('',8,(#516,#517,#518,#519,#520,#521,
    #522,#523,#524,#525,#526,#527,#528,#529,#530,#531,#532,#533,#534,
    #535,#536,#537,#538,#539,#540,#541,#542,#543,#544,#545,#546,#547,
    #548,#549,#550,#551,#552,#553,#554,#555,#556,#557,#558,#559),
  .UNSPECIFIED.,.T.,.F.,(9,7,7,7,7,7,9),(0.,0.150197169963,
    0.289780729111,0.429313558059,0.593628976127,0.791043538495,1.),
  .UNSPECIFIED.);
#516 = CARTESIAN_POINT('',(-12.75,-50.41267201805,-286.35));
#517 = CARTESIAN_POINT('',(-12.75,-50.41267201805,-286.2178654627));
#518 = CARTESIAN_POINT('',(-12.7659627322,-50.40863483023,-286.085525743
    ));
#519 = CARTESIAN_POINT('',(-12.79797655429,-50.40053817841,
    -285.9545631393));
#520 = CARTESIAN_POINT('',(-12.84619551275,-50.38831280326,
    -285.8266504768));
#521 = CARTESIAN_POINT('',(-12.91078247672,-50.37185669906,
    -285.703630912));
#522 = CARTESIAN_POINT('',(-12.99185715781,-50.35104490592,
    -285.5875962998));
#523 = CARTESIAN_POINT('',(-13.0894196361,-50.32574824642,
    -285.4810023056));
#524 = CARTESIAN_POINT('',(-13.30897874061,-50.26811156752,
    -285.2993672179));
#525 = CARTESIAN_POINT('',(-13.43020252886,-50.23601722537,
    -285.2214366195));
#526 = CARTESIAN_POINT('',(-13.56498782796,-50.19995203494,
    -285.1579638269));
#527 = CARTESIAN_POINT('',(-13.71017035329,-50.16060362135,
    -285.1126095155));
#528 = CARTESIAN_POINT('',(-13.86176152682,-50.11892346537,
    -285.0877428991));
#529 = CARTESIAN_POINT('',(-14.01533241751,-50.07607455175,
    -285.0843902403));
#530 = CARTESIAN_POINT('',(-14.16639897604,-50.03334607957,
    -285.1021791561));
#531 = CARTESIAN_POINT('',(-14.45527323814,-49.95065203846,
    -285.1763494603));
#532 = CARTESIAN_POINT('',(-14.59068837012,-49.91137186526,
    -285.2321010945));
#533 = CARTESIAN_POINT('',(-14.71503557223,-49.8748549641,
    -285.3039910126));
#534 = CARTESIAN_POINT('',(-14.82675105368,-49.84169225599,
    -285.3895165844));
#535 = CARTESIAN_POINT('',(-14.924705839,-49.81235575991,-285.4861644085
    ));
#536 = CARTESIAN_POINT('',(-15.00818717126,-49.78718193117,
    -285.5914113034));
#537 = CARTESIAN_POINT('',(-15.07691001959,-49.7663539414,
    -285.7027569643));
#538 = CARTESIAN_POINT('',(-15.19477060235,-49.73050758336,
    -285.953223452));
#539 = CARTESIAN_POINT('',(-15.23891863721,-49.71697835545,
    -286.0951595939));
#540 = CARTESIAN_POINT('',(-15.2635649153,-49.70938799349,
    -286.2409991405));
#541 = CARTESIAN_POINT('',(-15.26880259402,-49.70777010329,
    -286.3884758691));
#542 = CARTESIAN_POINT('',(-15.25468882938,-49.71212212427,
    -286.5354889887));
#543 = CARTESIAN_POINT('',(-15.22120142495,-49.72242039631,
    -286.6799754898));
#544 = CARTESIAN_POINT('',(-15.16819824586,-49.73863238882,
    -286.8197422888));
#545 = CARTESIAN_POINT('',(-15.00790086692,-49.78726010791,
    -287.1113221387));
#546 = CARTESIAN_POINT('',(-14.887863759,-49.82348263432,-287.2670893901
    ));
#547 = CARTESIAN_POINT('',(-14.73406022322,-49.86950635494,
    -287.4063135416));
#548 = CARTESIAN_POINT('',(-14.55035760675,-49.92376767098,
    -287.5178994043));
#549 = CARTESIAN_POINT('',(-14.34405111552,-49.98358221328,
    -287.5932548044));
#550 = CARTESIAN_POINT('',(-14.12457793937,-50.04586233254,
    -287.6266656921));
#551 = CARTESIAN_POINT('',(-13.90264099253,-50.10753986558,
    -287.6155472948));
#552 = CARTESIAN_POINT('',(-13.46315175473,-50.22746676086,
    -287.5027056377));
#553 = CARTESIAN_POINT('',(-13.26159791478,-50.28121622001,
    -287.3995720151));
#554 = CARTESIAN_POINT('',(-13.09056046836,-50.32586784384,
    -287.2624720435));
#555 = CARTESIAN_POINT('',(-12.95295537174,-50.36121476657,
    -287.1003195859));
#556 = CARTESIAN_POINT('',(-12.85030896721,-50.3873023903,
    -286.9211099615));
#557 = CARTESIAN_POINT('',(-12.78289008998,-50.4043537468,
    -286.7320340622));
#558 = CARTESIAN_POINT('',(-12.75,-50.41267201805,-286.539666543));
#559 = CARTESIAN_POINT('',(-12.75,-50.41267201805,-286.35));
#560 = PCURVE('',#33,#561);
#561 = DEFINITIONAL_REPRESENTATION('',(#562),#607);
#562 = B_SPLINE_CURVE_WITH_KNOTS('',8,(#563,#564,#565,#566,#567,#568,
    #569,#570,#571,#572,#573,#574,#575,#576,#577,#578,#579,#580,#581,
    #582,#583,#584,#585,#586,#587,#588,#589,#590,#591,#592,#593,#594,
    #595,#596,#597,#598,#599,#600,#601,#602,#603,#604,#605,#606),
  .UNSPECIFIED.,.T.,.F.,(9,7,7,7,7,7,9),(0.,0.150197169963,
    0.289780729111,0.429313558059,0.593628976127,0.791043538495,1.),
  .UNSPECIFIED.);
#563 = CARTESIAN_POINT('',(4.464670930001,14.15));
#564 = CARTESIAN_POINT('',(4.464670930001,14.282134537285));
#565 = CARTESIAN_POINT('',(4.464354288669,14.414474256903));
#566 = CARTESIAN_POINT('',(4.463719253723,14.545436860628));
#567 = CARTESIAN_POINT('',(4.462762626406,14.673349523162));
#568 = CARTESIAN_POINT('',(4.461480889463,14.796369087936));
#569 = CARTESIAN_POINT('',(4.459871217653,14.912403700171));
#570 = CARTESIAN_POINT('',(4.45793298264,15.018997694375));
#571 = CARTESIAN_POINT('',(4.453567632457,15.200632782017));
#572 = CARTESIAN_POINT('',(4.451156092278,15.278563380423));
#573 = CARTESIAN_POINT('',(4.448472896514,15.342036173014));
#574 = CARTESIAN_POINT('',(4.445580231467,15.387390484489));
#575 = CARTESIAN_POINT('',(4.44255687272,15.412257100811));
#576 = CARTESIAN_POINT('',(4.439490816057,15.415609759638));
#577 = CARTESIAN_POINT('',(4.436471733271,15.397820843814));
#578 = CARTESIAN_POINT('',(4.430693322506,15.323650539672));
#579 = CARTESIAN_POINT('',(4.427981856058,15.267898905414));
#580 = CARTESIAN_POINT('',(4.425489603112,15.196008987356));
#581 = CARTESIAN_POINT('',(4.423248584934,15.110483415595));
#582 = CARTESIAN_POINT('',(4.421282179707,15.013835591409));
#583 = CARTESIAN_POINT('',(4.419605368107,14.908588696591));
#584 = CARTESIAN_POINT('',(4.418224412721,14.797243035681));
#585 = CARTESIAN_POINT('',(4.415855350667,14.546776547964));
#586 = CARTESIAN_POINT('',(4.414967380543,14.404840406018));
#587 = CARTESIAN_POINT('',(4.414471445517,14.259000859461));
#588 = CARTESIAN_POINT('',(4.414366024639,14.111524130854));
#589 = CARTESIAN_POINT('',(4.414650054245,13.964511011275));
#590 = CARTESIAN_POINT('',(4.415323806673,13.820024510143));
#591 = CARTESIAN_POINT('',(4.416389710038,13.680257711148));
#592 = CARTESIAN_POINT('',(4.41961107368,13.388677861297));
#593 = CARTESIAN_POINT('',(4.422022288988,13.232910609832));
#594 = CARTESIAN_POINT('',(4.425109619493,13.093686458301));
#595 = CARTESIAN_POINT('',(4.428793204012,12.982100595638));
#596 = CARTESIAN_POINT('',(4.432923898984,12.906745195541));
#597 = CARTESIAN_POINT('',(4.437311075967,12.873334307887));
#598 = CARTESIAN_POINT('',(4.441740793707,12.884452705134));
#599 = CARTESIAN_POINT('',(4.450501527832,12.997294362252));
#600 = CARTESIAN_POINT('',(4.454512952861,13.100427984846));
#601 = CARTESIAN_POINT('',(4.457912305699,13.237527956451));
#602 = CARTESIAN_POINT('',(4.460644450485,13.399680414066));
#603 = CARTESIAN_POINT('',(4.462681171651,13.578890038466));
#604 = CARTESIAN_POINT('',(4.464018513167,13.767965937753));
#605 = CARTESIAN_POINT('',(4.464670930001,13.960333456958));
#606 = CARTESIAN_POINT('',(4.464670930001,14.15));
#607 = ( GEOMETRIC_REPRESENTATION_CONTEXT(2) 
PARAMETRIC_REPRESENTATION_CONTEXT() REPRESENTATION_CONTEXT('2D SPACE',''
  ) );
#608 = PCURVE('',#609,#614);
#609 = CYLINDRICAL_SURFACE('',#610,1.25);
#610 = AXIS2_PLACEMENT_3D('',#611,#612,#613);
#611 = CARTESIAN_POINT('',(-14.,-45.,-286.35));
#612 = DIRECTION('',(0.,-1.,2.22044604925E-16));
#613 = DIRECTION('',(1.,0.,0.));
#614 = DEFINITIONAL_REPRESENTATION('',(#615),#660);
#615 = B_SPLINE_CURVE_WITH_KNOTS('',8,(#616,#617,#618,#619,#620,#621,
    #622,#623,#624,#625,#626,#627,#628,#629,#630,#631,#632,#633,#634,
    #635,#636,#637,#638,#639,#640,#641,#642,#643,#644,#645,#646,#647,
    #648,#649,#650,#651,#652,#653,#654,#655,#656,#657,#658,#659),
  .UNSPECIFIED.,.F.,.F.,(9,7,7,7,7,7,9),(0.,0.150197169963,
    0.289780729111,0.429313558059,0.593628976127,0.791043538495,1.),
  .UNSPECIFIED.);
#616 = CARTESIAN_POINT('',(0.,5.412672018055));
#617 = CARTESIAN_POINT('',(0.105707629828,5.412672018055));
#618 = CARTESIAN_POINT('',(0.211579094605,5.408634830231));
#619 = CARTESIAN_POINT('',(0.318150197367,5.400538178419));
#620 = CARTESIAN_POINT('',(0.425902220942,5.388312803262));
#621 = CARTESIAN_POINT('',(0.535337260354,5.371856699067));
#622 = CARTESIAN_POINT('',(0.646995248114,5.351044905924));
#623 = CARTESIAN_POINT('',(0.761490541755,5.325748246426));
#624 = CARTESIAN_POINT('',(0.989451949624,5.268111567525));
#625 = CARTESIAN_POINT('',(1.103915754088,5.236017225371));
#626 = CARTESIAN_POINT('',(1.22138208687,5.199952034941));
#627 = CARTESIAN_POINT('',(1.340777083936,5.16060362135));
#628 = CARTESIAN_POINT('',(1.461289541677,5.118923465377));
#629 = CARTESIAN_POINT('',(1.582209117607,5.076074551759));
#630 = CARTESIAN_POINT('',(1.702804396182,5.033346079571));
#631 = CARTESIAN_POINT('',(1.941399716602,4.95065203846));
#632 = CARTESIAN_POINT('',(2.057420515596,4.911371865266));
#633 = CARTESIAN_POINT('',(2.170660218922,4.874854964101));
#634 = CARTESIAN_POINT('',(2.281407555204,4.841692255994));
#635 = CARTESIAN_POINT('',(2.389845462623,4.812355759911));
#636 = CARTESIAN_POINT('',(2.496068845958,4.787181931172));
#637 = CARTESIAN_POINT('',(2.6000760637,4.766353941409));
#638 = CARTESIAN_POINT('',(2.821525223103,4.730507583369));
#639 = CARTESIAN_POINT('',(2.939304973162,4.716978355451));
#640 = CARTESIAN_POINT('',(3.055885454425,4.709387993497));
#641 = CARTESIAN_POINT('',(3.171911117812,4.707770103292));
#642 = CARTESIAN_POINT('',(3.288029860394,4.712122124273));
#643 = CARTESIAN_POINT('',(3.404920479978,4.722420396317));
#644 = CARTESIAN_POINT('',(3.523331085041,4.738632388827));
#645 = CARTESIAN_POINT('',(3.789520862197,4.78726010791));
#646 = CARTESIAN_POINT('',(3.944983808737,4.823482634321));
#647 = CARTESIAN_POINT('',(4.106531328734,4.869506354944));
#648 = CARTESIAN_POINT('',(4.272340259033,4.923767670989));
#649 = CARTESIAN_POINT('',(4.441420195934,4.983582213288));
#650 = CARTESIAN_POINT('',(4.613189623067,5.045862332549));
#651 = CARTESIAN_POINT('',(4.787373577675,5.107539865588));
#652 = CARTESIAN_POINT('',(5.150369141038,5.22746676086));
#653 = CARTESIAN_POINT('',(5.327066648202,5.281216220014));
#654 = CARTESIAN_POINT('',(5.496772589794,5.325867843846));
#655 = CARTESIAN_POINT('',(5.660987522318,5.361214766571));
#656 = CARTESIAN_POINT('',(5.820979881152,5.387302390301));
#657 = CARTESIAN_POINT('',(5.977556753865,5.404353746802));
#658 = CARTESIAN_POINT('',(6.131452072746,5.412672018055));
#659 = CARTESIAN_POINT('',(6.28318530718,5.412672018055));
#660 = ( GEOMETRIC_REPRESENTATION_CONTEXT(2) 
PARAMETRIC_REPRESENTATION_CONTEXT() REPRESENTATION_CONTEXT('2D SPACE',''
  ) );
#661 = FACE_BOUND('',#662,.T.);
#662 = EDGE_LOOP('',(#663));
#663 = ORIENTED_EDGE('',*,*,#664,.F.);
#664 = EDGE_CURVE('',#665,#665,#667,.T.);
#665 = VERTEX_POINT('',#666);
#666 = CARTESIAN_POINT('',(15.25,-49.71355448969,-286.35));
#667 = SURFACE_CURVE('',#668,(#720,#775),.PCURVE_S1.);
#668 = B_SPLINE_CURVE_WITH_KNOTS('',8,(#669,#670,#671,#672,#673,#674,
    #675,#676,#677,#678,#679,#680,#681,#682,#683,#684,#685,#686,#687,
    #688,#689,#690,#691,#692,#693,#694,#695,#696,#697,#698,#699,#700,
    #701,#702,#703,#704,#705,#706,#707,#708,#709,#710,#711,#712,#713,
    #714,#715,#716,#717,#718,#719),.UNSPECIFIED.,.T.,.F.,(9,7,7,7,7,7,7,
    9),(0.,0.131998910373,0.264477633622,0.380584533739,0.514643635723,
    0.658279279272,0.791764978989,1.),.UNSPECIFIED.);
#669 = CARTESIAN_POINT('',(15.25,-49.71355448969,-286.35));
#670 = CARTESIAN_POINT('',(15.25,-49.71355448969,-286.2321358971));
#671 = CARTESIAN_POINT('',(15.237299084127,-49.71745052671,
    -286.1142961064));
#672 = CARTESIAN_POINT('',(15.211905187818,-49.72524045386,
    -285.9980972447));
#673 = CARTESIAN_POINT('',(15.174081958677,-49.73682303333,
    -285.8851267255));
#674 = CARTESIAN_POINT('',(15.124318819208,-49.75200866659,
    -285.776903897));
#675 = CARTESIAN_POINT('',(15.063307053815,-49.77053128004,
    -285.6748496862));
#676 = CARTESIAN_POINT('',(14.991921920074,-49.79206136602,
    -285.5802647475));
#677 = CARTESIAN_POINT('',(14.830206265434,-49.84046680916,
    -285.4080550664));
#678 = CARTESIAN_POINT('',(14.737303973802,-49.86811042813,
    -285.3278263521));
#679 = CARTESIAN_POINT('',(14.633126517099,-49.89888197692,
    -285.2563655564));
#680 = CARTESIAN_POINT('',(14.518889114429,-49.9323215808,
    -285.1960618061));
#681 = CARTESIAN_POINT('',(14.396280415064,-49.96783651205,
    -285.1489193726));
#682 = CARTESIAN_POINT('',(14.267353614496,-50.00475221288,
    -285.1165220053));
#683 = CARTESIAN_POINT('',(14.134427867755,-50.04235637875,-285.1));
#684 = CARTESIAN_POINT('',(13.882184832164,-50.11287169433,-285.1));
#685 = CARTESIAN_POINT('',(13.764371267462,-50.14546536326,
    -285.1126910757));
#686 = CARTESIAN_POINT('',(13.648164512416,-50.17726910692,
    -285.1380706599));
#687 = CARTESIAN_POINT('',(13.53514870368,-50.20786729924,
    -285.1758950193));
#688 = CARTESIAN_POINT('',(13.426861363872,-50.23688225838,
    -285.2256867733));
#689 = CARTESIAN_POINT('',(13.324760942103,-50.26397850933,
    -285.2867439639));
#690 = CARTESIAN_POINT('',(13.230187439195,-50.28886574107,
    -285.3581506772));
#691 = CARTESIAN_POINT('',(13.045167554937,-50.33720398367,
    -285.5318959134));
#692 = CARTESIAN_POINT('',(12.960312969791,-50.35913451374,
    -285.6347814806));
#693 = CARTESIAN_POINT('',(12.889843146347,-50.37718923545,
    -285.7451384257));
#694 = CARTESIAN_POINT('',(12.833701970773,-50.39147986127,
    -285.8610590796));
#695 = CARTESIAN_POINT('',(12.791767971853,-50.4021083897,
    -285.9809045339));
#696 = CARTESIAN_POINT('',(12.763905208316,-50.4091552097,
    -286.1032202993));
#697 = CARTESIAN_POINT('',(12.75,-50.41267201805,-286.2266751972));
#698 = CARTESIAN_POINT('',(12.75,-50.41267201805,-286.4821345372));
#699 = CARTESIAN_POINT('',(12.765962732207,-50.40863483023,
    -286.6144742569));
#700 = CARTESIAN_POINT('',(12.797976554299,-50.40053817841,
    -286.7454368606));
#701 = CARTESIAN_POINT('',(12.846195512751,-50.38831280326,
    -286.8733495231));
#702 = CARTESIAN_POINT('',(12.910782476721,-50.37185669906,
    -286.9963690879));
#703 = CARTESIAN_POINT('',(12.991857157813,-50.35104490592,
    -287.1124037001));
#704 = CARTESIAN_POINT('',(13.089419636103,-50.32574824642,
    -287.2189976943));
#705 = CARTESIAN_POINT('',(13.308978740508,-50.26811156755,
    -287.4006327819));
#706 = CARTESIAN_POINT('',(13.43020252891,-50.23601722535,
    -287.4785633805));
#707 = CARTESIAN_POINT('',(13.564987828086,-50.1999520349,-287.542036173
    ));
#708 = CARTESIAN_POINT('',(13.710170353305,-50.16060362134,
    -287.5873904844));
#709 = CARTESIAN_POINT('',(13.861761526693,-50.11892346541,
    -287.6122571007));
#710 = CARTESIAN_POINT('',(14.015332417446,-50.07607455178,
    -287.6156097596));
#711 = CARTESIAN_POINT('',(14.16639897617,-50.03334607953,
    -287.5978208437));
#712 = CARTESIAN_POINT('',(14.536222345933,-49.92747929611,
    -287.5028663413));
#713 = CARTESIAN_POINT('',(14.737441098728,-49.86862157795,
    -287.4001028179));
#714 = CARTESIAN_POINT('',(14.908383739012,-49.81763936804,
    -287.2633938156));
#715 = CARTESIAN_POINT('',(15.0460951422,-49.77596846479,-287.1015783899
    ));
#716 = CARTESIAN_POINT('',(15.149017086495,-49.74453155512,
    -286.9225488272));
#717 = CARTESIAN_POINT('',(15.216802736327,-49.72373803477,
    -286.7333823628));
#718 = CARTESIAN_POINT('',(15.25,-49.71355448969,-286.5405503729));
#719 = CARTESIAN_POINT('',(15.25,-49.71355448969,-286.35));
#720 = PCURVE('',#33,#721);
#721 = DEFINITIONAL_REPRESENTATION('',(#722),#774);
#722 = B_SPLINE_CURVE_WITH_KNOTS('',8,(#723,#724,#725,#726,#727,#728,
    #729,#730,#731,#732,#733,#734,#735,#736,#737,#738,#739,#740,#741,
    #742,#743,#744,#745,#746,#747,#748,#749,#750,#751,#752,#753,#754,
    #755,#756,#757,#758,#759,#760,#761,#762,#763,#764,#765,#766,#767,
    #768,#769,#770,#771,#772,#773),.UNSPECIFIED.,.F.,.F.,(9,7,7,7,7,7,7,
    9),(0.,0.131998910373,0.264477633622,0.380584533739,0.514643635723,
    0.658279279272,0.791764978989,1.),.UNSPECIFIED.);
#723 = CARTESIAN_POINT('',(5.01003362364,14.15));
#724 = CARTESIAN_POINT('',(5.01003362364,14.267864102846));
#725 = CARTESIAN_POINT('',(5.009778142122,14.385703893552));
#726 = CARTESIAN_POINT('',(5.009267336734,14.501902755225));
#727 = CARTESIAN_POINT('',(5.00850662621,14.614873274446));
#728 = CARTESIAN_POINT('',(5.007506077794,14.723096102921));
#729 = CARTESIAN_POINT('',(5.006279898681,14.825150313775));
#730 = CARTESIAN_POINT('',(5.004846031471,14.919735252477));
#731 = CARTESIAN_POINT('',(5.001599786492,15.091944933556));
#732 = CARTESIAN_POINT('',(4.999735792101,15.172173647837));
#733 = CARTESIAN_POINT('',(4.997646817956,15.243634443518));
#734 = CARTESIAN_POINT('',(4.995357773995,15.303938193809));
#735 = CARTESIAN_POINT('',(4.992903011516,15.351080627362));
#736 = CARTESIAN_POINT('',(4.990324037662,15.383477994615));
#737 = CARTESIAN_POINT('',(4.987667465472,15.4));
#738 = CARTESIAN_POINT('',(4.982630657216,15.4));
#739 = CARTESIAN_POINT('',(4.980279914863,15.387308924266));
#740 = CARTESIAN_POINT('',(4.977963001975,15.361929340028));
#741 = CARTESIAN_POINT('',(4.975711389478,15.324104980625));
#742 = CARTESIAN_POINT('',(4.973555495348,15.274313226675));
#743 = CARTESIAN_POINT('',(4.971524065306,15.21325603606));
#744 = CARTESIAN_POINT('',(4.969643428579,15.141849322722));
#745 = CARTESIAN_POINT('',(4.965965927052,14.968104086584));
#746 = CARTESIAN_POINT('',(4.964280495717,14.865218519364));
#747 = CARTESIAN_POINT('',(4.962881539708,14.75486157422));
#748 = CARTESIAN_POINT('',(4.961767474569,14.638940920305));
#749 = CARTESIAN_POINT('',(4.960935551955,14.519095466005));
#750 = CARTESIAN_POINT('',(4.960382858441,14.396779700696));
#751 = CARTESIAN_POINT('',(4.960107030769,14.273324802756));
#752 = CARTESIAN_POINT('',(4.960107030769,14.017865462715));
#753 = CARTESIAN_POINT('',(4.960423672101,13.885525743097));
#754 = CARTESIAN_POINT('',(4.961058707046,13.754563139372));
#755 = CARTESIAN_POINT('',(4.962015334363,13.626650476837));
#756 = CARTESIAN_POINT('',(4.963297071306,13.503630912063));
#757 = CARTESIAN_POINT('',(4.964906743116,13.387596299829));
#758 = CARTESIAN_POINT('',(4.966844978129,13.281002305625));
#759 = CARTESIAN_POINT('',(4.97121032831,13.099367218067));
#760 = CARTESIAN_POINT('',(4.973621868493,13.021436619494));
#761 = CARTESIAN_POINT('',(4.976305064257,12.95796382695));
#762 = CARTESIAN_POINT('',(4.979197729302,12.912609515566));
#763 = CARTESIAN_POINT('',(4.982221088046,12.88774289921));
#764 = CARTESIAN_POINT('',(4.985287144711,12.884390240308));
#765 = CARTESIAN_POINT('',(4.988306227501,12.902179156219));
#766 = CARTESIAN_POINT('',(4.995703879771,12.997133658618));
#767 = CARTESIAN_POINT('',(4.999735547965,13.099897182065));
#768 = CARTESIAN_POINT('',(5.003165925356,13.236606184377));
#769 = CARTESIAN_POINT('',(5.00593279273,13.39842161006));
#770 = CARTESIAN_POINT('',(5.008002329099,13.577451172754));
#771 = CARTESIAN_POINT('',(5.009365852592,13.766617637199));
#772 = CARTESIAN_POINT('',(5.01003362364,13.959449627032));
#773 = CARTESIAN_POINT('',(5.01003362364,14.15));
#774 = ( GEOMETRIC_REPRESENTATION_CONTEXT(2) 
PARAMETRIC_REPRESENTATION_CONTEXT() REPRESENTATION_CONTEXT('2D SPACE',''
  ) );
#775 = PCURVE('',#776,#781);
#776 = CYLINDRICAL_SURFACE('',#777,1.25);
#777 = AXIS2_PLACEMENT_3D('',#778,#779,#780);
#778 = CARTESIAN_POINT('',(14.,-45.,-286.35));
#779 = DIRECTION('',(0.,-1.,2.22044604925E-16));
#780 = DIRECTION('',(1.,0.,0.));
#781 = DEFINITIONAL_REPRESENTATION('',(#782),#834);
#782 = B_SPLINE_CURVE_WITH_KNOTS('',8,(#783,#784,#785,#786,#787,#788,
    #789,#790,#791,#792,#793,#794,#795,#796,#797,#798,#799,#800,#801,
    #802,#803,#804,#805,#806,#807,#808,#809,#810,#811,#812,#813,#814,
    #815,#816,#817,#818,#819,#820,#821,#822,#823,#824,#825,#826,#827,
    #828,#829,#830,#831,#832,#833),.UNSPECIFIED.,.F.,.F.,(9,7,7,7,7,7,7,
    9),(0.,0.131998910373,0.264477633622,0.380584533739,0.514643635723,
    0.658279279272,0.791764978989,1.),.UNSPECIFIED.);
#783 = CARTESIAN_POINT('',(0.,4.713554489696));
#784 = CARTESIAN_POINT('',(9.42912822765E-02,4.713554489696));
#785 = CARTESIAN_POINT('',(0.188562781821,4.717450526715));
#786 = CARTESIAN_POINT('',(0.28280014273,4.725240453868));
#787 = CARTESIAN_POINT('',(0.377006319364,4.736823033336));
#788 = CARTESIAN_POINT('',(0.471199037133,4.752008666596));
#789 = CARTESIAN_POINT('',(0.565406121253,4.770531280045));
#790 = CARTESIAN_POINT('',(0.659658693487,4.792061366026));
#791 = CARTESIAN_POINT('',(0.848648644057,4.840466809168));
#792 = CARTESIAN_POINT('',(0.94631218789,4.868110428139));
#793 = CARTESIAN_POINT('',(1.046332132765,4.898881976923));
#794 = CARTESIAN_POINT('',(1.148282001038,4.932321580801));
#795 = CARTESIAN_POINT('',(1.251875609832,4.967836512055));
#796 = CARTESIAN_POINT('',(1.356914110762,5.004752212883));
#797 = CARTESIAN_POINT('',(1.463254032591,5.042356378757));
#798 = CARTESIAN_POINT('',(1.665048461064,5.112871694333));
#799 = CARTESIAN_POINT('',(1.759299117602,5.145465363269));
#800 = CARTESIAN_POINT('',(1.853540956778,5.177269106923));
#801 = CARTESIAN_POINT('',(1.947780463965,5.207867299245));
#802 = CARTESIAN_POINT('',(2.042026547706,5.236882258383));
#803 = CARTESIAN_POINT('',(2.136282291843,5.26397850933));
#804 = CARTESIAN_POINT('',(2.230539861605,5.288865741078));
#805 = CARTESIAN_POINT('',(2.433588253317,5.337203983671));
#806 = CARTESIAN_POINT('',(2.539417487288,5.359134513745));
#807 = CARTESIAN_POINT('',(2.642911618647,5.37718923545));
#808 = CARTESIAN_POINT('',(2.744573764618,5.391479861279));
#809 = CARTESIAN_POINT('',(2.84485248144,5.402108389704));
#810 = CARTESIAN_POINT('',(2.944169062068,5.409155209706));
#811 = CARTESIAN_POINT('',(3.042932811385,5.412672018055));
#812 = CARTESIAN_POINT('',(3.247300283418,5.412672018055));
#813 = CARTESIAN_POINT('',(3.353171748195,5.408634830231));
#814 = CARTESIAN_POINT('',(3.459742850956,5.400538178419));
#815 = CARTESIAN_POINT('',(3.567494874531,5.388312803262));
#816 = CARTESIAN_POINT('',(3.676929913944,5.371856699067));
#817 = CARTESIAN_POINT('',(3.788587901703,5.351044905924));
#818 = CARTESIAN_POINT('',(3.903083195344,5.325748246426));
#819 = CARTESIAN_POINT('',(4.131044603109,5.268111567552));
#820 = CARTESIAN_POINT('',(4.245508407751,5.236017225358));
#821 = CARTESIAN_POINT('',(4.362974740549,5.199952034907));
#822 = CARTESIAN_POINT('',(4.482369737521,5.160603621347));
#823 = CARTESIAN_POINT('',(4.602882195176,5.118923465412));
#824 = CARTESIAN_POINT('',(4.723801771132,5.076074551781));
#825 = CARTESIAN_POINT('',(4.844397049876,5.033346079535));
#826 = CARTESIAN_POINT('',(5.149852180302,4.92747929611));
#827 = CARTESIAN_POINT('',(5.326216303262,4.868621577953));
#828 = CARTESIAN_POINT('',(5.495689653734,4.817639368042));
#829 = CARTESIAN_POINT('',(5.659776368539,4.775968464794));
#830 = CARTESIAN_POINT('',(5.819753478143,4.744531555126));
#831 = CARTESIAN_POINT('',(5.976478241775,4.72373803477));
#832 = CARTESIAN_POINT('',(6.130745008805,4.713554489696));
#833 = CARTESIAN_POINT('',(6.28318530718,4.713554489696));
#834 = ( GEOMETRIC_REPRESENTATION_CONTEXT(2) 
PARAMETRIC_REPRESENTATION_CONTEXT() REPRESENTATION_CONTEXT('2D SPACE',''
  ) );
#835 = FACE_BOUND('',#836,.T.);
#836 = EDGE_LOOP('',(#837,#868,#894,#923));
#837 = ORIENTED_EDGE('',*,*,#838,.F.);
#838 = EDGE_CURVE('',#839,#841,#843,.T.);
#839 = VERTEX_POINT('',#840);
#840 = CARTESIAN_POINT('',(-33.86117843889,39.464168491553,-283.4));
#841 = VERTEX_POINT('',#842);
#842 = CARTESIAN_POINT('',(-37.00599935585,36.531575543284,-283.4));
#843 = SURFACE_CURVE('',#844,(#849,#856),.PCURVE_S1.);
#844 = CIRCLE('',#845,52.);
#845 = AXIS2_PLACEMENT_3D('',#846,#847,#848);
#846 = CARTESIAN_POINT('',(0.,0.,-283.4));
#847 = DIRECTION('',(0.,0.,1.));
#848 = DIRECTION('',(1.,0.,-0.));
#849 = PCURVE('',#33,#850);
#850 = DEFINITIONAL_REPRESENTATION('',(#851),#855);
#851 = LINE('',#852,#853);
#852 = CARTESIAN_POINT('',(0.,17.1));
#853 = VECTOR('',#854,1.);
#854 = DIRECTION('',(1.,0.));
#855 = ( GEOMETRIC_REPRESENTATION_CONTEXT(2) 
PARAMETRIC_REPRESENTATION_CONTEXT() REPRESENTATION_CONTEXT('2D SPACE',''
  ) );
#856 = PCURVE('',#857,#862);
#857 = PLANE('',#858);
#858 = AXIS2_PLACEMENT_3D('',#859,#860,#861);
#859 = CARTESIAN_POINT('',(-7.770967074375,11.485842186317,-283.4));
#860 = DIRECTION('',(0.,0.,1.));
#861 = DIRECTION('',(-0.681998360062,0.731353701619,0.));
#862 = DEFINITIONAL_REPRESENTATION('',(#863),#867);
#863 = CIRCLE('',#864,52.);
#864 = AXIS2_PLACEMENT_2D('',#865,#866);
#865 = CARTESIAN_POINT('',(-13.7,2.15));
#866 = DIRECTION('',(-0.681998360062,-0.731353701619));
#867 = ( GEOMETRIC_REPRESENTATION_CONTEXT(2) 
PARAMETRIC_REPRESENTATION_CONTEXT() REPRESENTATION_CONTEXT('2D SPACE',''
  ) );
#868 = ORIENTED_EDGE('',*,*,#869,.T.);
#869 = EDGE_CURVE('',#839,#870,#872,.T.);
#870 = VERTEX_POINT('',#871);
#871 = CARTESIAN_POINT('',(-33.86117843889,39.464168491553,-282.));
#872 = SURFACE_CURVE('',#873,(#877,#883),.PCURVE_S1.);
#873 = LINE('',#874,#875);
#874 = CARTESIAN_POINT('',(-33.86117843889,39.464168491553,-300.5));
#875 = VECTOR('',#876,1.);
#876 = DIRECTION('',(0.,0.,1.));
#877 = PCURVE('',#33,#878);
#878 = DEFINITIONAL_REPRESENTATION('',(#879),#882);
#879 = B_SPLINE_CURVE_WITH_KNOTS('',1,(#880,#881),.UNSPECIFIED.,.F.,.F.,
  (2,2),(16.96,18.64),.PIECEWISE_BEZIER_KNOTS.);
#880 = CARTESIAN_POINT('',(2.279929961996,16.96));
#881 = CARTESIAN_POINT('',(2.279929961996,18.64));
#882 = ( GEOMETRIC_REPRESENTATION_CONTEXT(2) 
PARAMETRIC_REPRESENTATION_CONTEXT() REPRESENTATION_CONTEXT('2D SPACE',''
  ) );
#883 = PCURVE('',#884,#889);
#884 = PLANE('',#885);
#885 = AXIS2_PLACEMENT_3D('',#886,#887,#888);
#886 = CARTESIAN_POINT('',(-7.770967074375,11.485842186317,-283.4));
#887 = DIRECTION('',(-0.731353701619,-0.681998360062,0.));
#888 = DIRECTION('',(0.,0.,1.));
#889 = DEFINITIONAL_REPRESENTATION('',(#890),#893);
#890 = B_SPLINE_CURVE_WITH_KNOTS('',1,(#891,#892),.UNSPECIFIED.,.F.,.F.,
  (2,2),(16.96,18.64),.PIECEWISE_BEZIER_KNOTS.);
#891 = CARTESIAN_POINT('',(-0.14,38.255533872726));
#892 = CARTESIAN_POINT('',(1.54,38.255533872726));
#893 = ( GEOMETRIC_REPRESENTATION_CONTEXT(2) 
PARAMETRIC_REPRESENTATION_CONTEXT() REPRESENTATION_CONTEXT('2D SPACE',''
  ) );
#894 = ORIENTED_EDGE('',*,*,#895,.T.);
#895 = EDGE_CURVE('',#870,#896,#898,.T.);
#896 = VERTEX_POINT('',#897);
#897 = CARTESIAN_POINT('',(-37.00599935585,36.531575543284,-282.));
#898 = SURFACE_CURVE('',#899,(#904,#911),.PCURVE_S1.);
#899 = CIRCLE('',#900,52.);
#900 = AXIS2_PLACEMENT_3D('',#901,#902,#903);
#901 = CARTESIAN_POINT('',(0.,0.,-282.));
#902 = DIRECTION('',(0.,0.,1.));
#903 = DIRECTION('',(1.,0.,-0.));
#904 = PCURVE('',#33,#905);
#905 = DEFINITIONAL_REPRESENTATION('',(#906),#910);
#906 = LINE('',#907,#908);
#907 = CARTESIAN_POINT('',(0.,18.5));
#908 = VECTOR('',#909,1.);
#909 = DIRECTION('',(1.,0.));
#910 = ( GEOMETRIC_REPRESENTATION_CONTEXT(2) 
PARAMETRIC_REPRESENTATION_CONTEXT() REPRESENTATION_CONTEXT('2D SPACE',''
  ) );
#911 = PCURVE('',#912,#917);
#912 = PLANE('',#913);
#913 = AXIS2_PLACEMENT_3D('',#914,#915,#916);
#914 = CARTESIAN_POINT('',(-7.770967074375,11.485842186317,-282.));
#915 = DIRECTION('',(0.,0.,1.));
#916 = DIRECTION('',(-0.681998360062,0.731353701619,0.));
#917 = DEFINITIONAL_REPRESENTATION('',(#918),#922);
#918 = CIRCLE('',#919,52.);
#919 = AXIS2_PLACEMENT_2D('',#920,#921);
#920 = CARTESIAN_POINT('',(-13.7,2.15));
#921 = DIRECTION('',(-0.681998360062,-0.731353701619));
#922 = ( GEOMETRIC_REPRESENTATION_CONTEXT(2) 
PARAMETRIC_REPRESENTATION_CONTEXT() REPRESENTATION_CONTEXT('2D SPACE',''
  ) );
#923 = ORIENTED_EDGE('',*,*,#924,.F.);
#924 = EDGE_CURVE('',#841,#896,#925,.T.);
#925 = SURFACE_CURVE('',#926,(#930,#936),.PCURVE_S1.);
#926 = LINE('',#927,#928);
#927 = CARTESIAN_POINT('',(-37.00599935585,36.531575543284,-300.5));
#928 = VECTOR('',#929,1.);
#929 = DIRECTION('',(0.,0.,1.));
#930 = PCURVE('',#33,#931);
#931 = DEFINITIONAL_REPRESENTATION('',(#932),#935);
#932 = B_SPLINE_CURVE_WITH_KNOTS('',1,(#933,#934),.UNSPECIFIED.,.F.,.F.,
  (2,2),(16.96,18.64),.PIECEWISE_BEZIER_KNOTS.);
#933 = CARTESIAN_POINT('',(2.362645848309,16.96));
#934 = CARTESIAN_POINT('',(2.362645848309,18.64));
#935 = ( GEOMETRIC_REPRESENTATION_CONTEXT(2) 
PARAMETRIC_REPRESENTATION_CONTEXT() REPRESENTATION_CONTEXT('2D SPACE',''
  ) );
#936 = PCURVE('',#937,#942);
#937 = PLANE('',#938);
#938 = AXIS2_PLACEMENT_3D('',#939,#940,#941);
#939 = CARTESIAN_POINT('',(-10.91578799133,8.553249238048,-283.4));
#940 = DIRECTION('',(-0.731353701619,-0.681998360062,0.));
#941 = DIRECTION('',(0.,0.,1.));
#942 = DEFINITIONAL_REPRESENTATION('',(#943),#946);
#943 = B_SPLINE_CURVE_WITH_KNOTS('',1,(#944,#945),.UNSPECIFIED.,.F.,.F.,
  (2,2),(16.96,18.64),.PIECEWISE_BEZIER_KNOTS.);
#944 = CARTESIAN_POINT('',(-0.14,38.255533872726));
#945 = CARTESIAN_POINT('',(1.54,38.255533872726));
#946 = ( GEOMETRIC_REPRESENTATION_CONTEXT(2) 
PARAMETRIC_REPRESENTATION_CONTEXT() REPRESENTATION_CONTEXT('2D SPACE',''
  ) );
#947 = ADVANCED_FACE('',(#948),#45,.T.);
#948 = FACE_BOUND('',#949,.T.);
#949 = EDGE_LOOP('',(#950,#981,#1005,#1024,#1025,#1026));
#950 = ORIENTED_EDGE('',*,*,#951,.T.);
#951 = EDGE_CURVE('',#952,#954,#956,.T.);
#952 = VERTEX_POINT('',#953);
#953 = CARTESIAN_POINT('',(-57.78624403783,-4.974937185533,-292.5));
#954 = VERTEX_POINT('',#955);
#955 = CARTESIAN_POINT('',(58.,-1.420590287011E-14,-292.5));
#956 = SURFACE_CURVE('',#957,(#962,#969),.PCURVE_S1.);
#957 = CIRCLE('',#958,58.);
#958 = AXIS2_PLACEMENT_3D('',#959,#960,#961);
#959 = CARTESIAN_POINT('',(0.,0.,-292.5));
#960 = DIRECTION('',(0.,0.,1.));
#961 = DIRECTION('',(1.,0.,-0.));
#962 = PCURVE('',#45,#963);
#963 = DEFINITIONAL_REPRESENTATION('',(#964),#968);
#964 = CIRCLE('',#965,58.);
#965 = AXIS2_PLACEMENT_2D('',#966,#967);
#966 = CARTESIAN_POINT('',(0.,0.));
#967 = DIRECTION('',(1.,0.));
#968 = ( GEOMETRIC_REPRESENTATION_CONTEXT(2) 
PARAMETRIC_REPRESENTATION_CONTEXT() REPRESENTATION_CONTEXT('2D SPACE',''
  ) );
#969 = PCURVE('',#970,#975);
#970 = CYLINDRICAL_SURFACE('',#971,58.);
#971 = AXIS2_PLACEMENT_3D('',#972,#973,#974);
#972 = CARTESIAN_POINT('',(0.,0.,-307.5));
#973 = DIRECTION('',(0.,0.,1.));
#974 = DIRECTION('',(1.,0.,-0.));
#975 = DEFINITIONAL_REPRESENTATION('',(#976),#980);
#976 = LINE('',#977,#978);
#977 = CARTESIAN_POINT('',(0.,15.));
#978 = VECTOR('',#979,1.);
#979 = DIRECTION('',(1.,0.));
#980 = ( GEOMETRIC_REPRESENTATION_CONTEXT(2) 
PARAMETRIC_REPRESENTATION_CONTEXT() REPRESENTATION_CONTEXT('2D SPACE',''
  ) );
#981 = ORIENTED_EDGE('',*,*,#982,.T.);
#982 = EDGE_CURVE('',#954,#983,#985,.T.);
#983 = VERTEX_POINT('',#984);
#984 = CARTESIAN_POINT('',(-57.78624403783,4.974937185533,-292.5));
#985 = SURFACE_CURVE('',#986,(#991,#998),.PCURVE_S1.);
#986 = CIRCLE('',#987,58.);
#987 = AXIS2_PLACEMENT_3D('',#988,#989,#990);
#988 = CARTESIAN_POINT('',(0.,0.,-292.5));
#989 = DIRECTION('',(0.,0.,1.));
#990 = DIRECTION('',(1.,0.,-0.));
#991 = PCURVE('',#45,#992);
#992 = DEFINITIONAL_REPRESENTATION('',(#993),#997);
#993 = CIRCLE('',#994,58.);
#994 = AXIS2_PLACEMENT_2D('',#995,#996);
#995 = CARTESIAN_POINT('',(0.,0.));
#996 = DIRECTION('',(1.,0.));
#997 = ( GEOMETRIC_REPRESENTATION_CONTEXT(2) 
PARAMETRIC_REPRESENTATION_CONTEXT() REPRESENTATION_CONTEXT('2D SPACE',''
  ) );
#998 = PCURVE('',#970,#999);
#999 = DEFINITIONAL_REPRESENTATION('',(#1000),#1004);
#1000 = LINE('',#1001,#1002);
#1001 = CARTESIAN_POINT('',(0.,15.));
#1002 = VECTOR('',#1003,1.);
#1003 = DIRECTION('',(1.,0.));
#1004 = ( GEOMETRIC_REPRESENTATION_CONTEXT(2) 
PARAMETRIC_REPRESENTATION_CONTEXT() REPRESENTATION_CONTEXT('2D SPACE',''
  ) );
#1005 = ORIENTED_EDGE('',*,*,#1006,.T.);
#1006 = EDGE_CURVE('',#983,#109,#1007,.T.);
#1007 = SURFACE_CURVE('',#1008,(#1012,#1018),.PCURVE_S1.);
#1008 = LINE('',#1009,#1010);
#1009 = CARTESIAN_POINT('',(-63.,4.974937185533,-292.5));
#1010 = VECTOR('',#1011,1.);
#1011 = DIRECTION('',(1.,0.,2.22044604925E-16));
#1012 = PCURVE('',#45,#1013);
#1013 = DEFINITIONAL_REPRESENTATION('',(#1014),#1017);
#1014 = B_SPLINE_CURVE_WITH_KNOTS('',1,(#1015,#1016),.UNSPECIFIED.,.F.,
  .F.,(2,2),(-2.399999999625E-06,14.0000024),.PIECEWISE_BEZIER_KNOTS.);
#1015 = CARTESIAN_POINT('',(-63.0000024,4.974937185533));
#1016 = CARTESIAN_POINT('',(-48.9999976,4.974937185533));
#1017 = ( GEOMETRIC_REPRESENTATION_CONTEXT(2) 
PARAMETRIC_REPRESENTATION_CONTEXT() REPRESENTATION_CONTEXT('2D SPACE',''
  ) );
#1018 = PCURVE('',#264,#1019);
#1019 = DEFINITIONAL_REPRESENTATION('',(#1020),#1023);
#1020 = B_SPLINE_CURVE_WITH_KNOTS('',1,(#1021,#1022),.UNSPECIFIED.,.F.,
  .F.,(2,2),(-2.399999999625E-06,14.0000024),.PIECEWISE_BEZIER_KNOTS.);
#1021 = CARTESIAN_POINT('',(1.670963747956,-2.399999999514E-06));
#1022 = CARTESIAN_POINT('',(1.670963747956,14.0000024));
#1023 = ( GEOMETRIC_REPRESENTATION_CONTEXT(2) 
PARAMETRIC_REPRESENTATION_CONTEXT() REPRESENTATION_CONTEXT('2D SPACE',''
  ) );
#1024 = ORIENTED_EDGE('',*,*,#108,.F.);
#1025 = ORIENTED_EDGE('',*,*,#21,.F.);
#1026 = ORIENTED_EDGE('',*,*,#1027,.F.);
#1027 = EDGE_CURVE('',#952,#22,#1028,.T.);
#1028 = SURFACE_CURVE('',#1029,(#1033,#1039),.PCURVE_S1.);
#1029 = LINE('',#1030,#1031);
#1030 = CARTESIAN_POINT('',(-63.,-4.974937185533,-292.5));
#1031 = VECTOR('',#1032,1.);
#1032 = DIRECTION('',(1.,0.,2.22044604925E-16));
#1033 = PCURVE('',#45,#1034);
#1034 = DEFINITIONAL_REPRESENTATION('',(#1035),#1038);
#1035 = B_SPLINE_CURVE_WITH_KNOTS('',1,(#1036,#1037),.UNSPECIFIED.,.F.,
  .F.,(2,2),(-2.399999999625E-06,14.0000024),.PIECEWISE_BEZIER_KNOTS.);
#1036 = CARTESIAN_POINT('',(-63.0000024,-4.974937185533));
#1037 = CARTESIAN_POINT('',(-48.9999976,-4.974937185533));
#1038 = ( GEOMETRIC_REPRESENTATION_CONTEXT(2) 
PARAMETRIC_REPRESENTATION_CONTEXT() REPRESENTATION_CONTEXT('2D SPACE',''
  ) );
#1039 = PCURVE('',#264,#1040);
#1040 = DEFINITIONAL_REPRESENTATION('',(#1041),#1044);
#1041 = B_SPLINE_CURVE_WITH_KNOTS('',1,(#1042,#1043),.UNSPECIFIED.,.F.,
  .F.,(2,2),(-2.399999999625E-06,14.0000024),.PIECEWISE_BEZIER_KNOTS.);
#1042 = CARTESIAN_POINT('',(4.612221559223,-2.399999999514E-06));
#1043 = CARTESIAN_POINT('',(4.612221559223,14.0000024));
#1044 = ( GEOMETRIC_REPRESENTATION_CONTEXT(2) 
PARAMETRIC_REPRESENTATION_CONTEXT() REPRESENTATION_CONTEXT('2D SPACE',''
  ) );
#1045 = ADVANCED_FACE('',(#1046),#264,.T.);
#1046 = FACE_BOUND('',#1047,.T.);
#1047 = EDGE_LOOP('',(#1048,#1140,#1163,#1190,#1191,#1281,#1282,#1283));
#1048 = ORIENTED_EDGE('',*,*,#1049,.F.);
#1049 = EDGE_CURVE('',#1050,#983,#1052,.T.);
#1050 = VERTEX_POINT('',#1051);
#1051 = CARTESIAN_POINT('',(-58.,-1.224646799147E-15,-298.));
#1052 = SURFACE_CURVE('',#1053,(#1080,#1110),.PCURVE_S1.);
#1053 = B_SPLINE_CURVE_WITH_KNOTS('',7,(#1054,#1055,#1056,#1057,#1058,
    #1059,#1060,#1061,#1062,#1063,#1064,#1065,#1066,#1067,#1068,#1069,
    #1070,#1071,#1072,#1073,#1074,#1075,#1076,#1077,#1078,#1079),
  .UNSPECIFIED.,.F.,.F.,(8,6,6,6,8),(0.,0.180051863593,0.45404590445,
    0.931912492417,1.),.UNSPECIFIED.);
#1054 = CARTESIAN_POINT('',(-58.,2.939152317954E-15,-298.));
#1055 = CARTESIAN_POINT('',(-58.,0.263583808333,-298.));
#1056 = CARTESIAN_POINT('',(-57.99860251292,0.526673087393,
    -297.9837887616));
#1057 = CARTESIAN_POINT('',(-57.99581683156,0.787282775987,
    -297.9514761689));
#1058 = CARTESIAN_POINT('',(-57.99171563143,1.043456540883,
    -297.9035719331));
#1059 = CARTESIAN_POINT('',(-57.98643171364,1.293321672641,
    -297.8409765394));
#1060 = CARTESIAN_POINT('',(-57.98014589704,1.535142770872,
    -297.7649731058));
#1061 = CARTESIAN_POINT('',(-57.96229231277,2.120772576396,
    -297.5436820427));
#1062 = CARTESIAN_POINT('',(-57.94968272161,2.451869231336,
    -297.3829717342));
#1063 = CARTESIAN_POINT('',(-57.93584069818,2.759566120379,
    -297.1993178919));
#1064 = CARTESIAN_POINT('',(-57.92134581243,3.04328362587,
    -296.9965336705));
#1065 = CARTESIAN_POINT('',(-57.90670893107,3.30286225747,
    -296.7780790636));
#1066 = CARTESIAN_POINT('',(-57.89235144847,3.538475717239,
    -296.5471164482));
#1067 = CARTESIAN_POINT('',(-57.85464004619,4.120438464167,
    -295.8870092862));
#1068 = CARTESIAN_POINT('',(-57.83240652083,4.420808380131,
    -295.4359276575));
#1069 = CARTESIAN_POINT('',(-57.81351620982,4.65569868848,
    -294.9645919801));
#1070 = CARTESIAN_POINT('',(-57.79888409553,4.828948113152,
    -294.4802770057));
#1071 = CARTESIAN_POINT('',(-57.7889803916,4.943376090754,
    -293.9881374658));
#1072 = CARTESIAN_POINT('',(-57.78403885567,5.000485353029,
    -293.4919220079));
#1073 = CARTESIAN_POINT('',(-57.78408707482,4.999928092915,
    -292.9243016987));
#1074 = CARTESIAN_POINT('',(-57.78419426373,4.998689322657,
    -292.8535127684));
#1075 = CARTESIAN_POINT('',(-57.78440262483,4.996281260046,
    -292.7827363928));
#1076 = CARTESIAN_POINT('',(-57.78471205012,4.992703349773,
    -292.7119845715));
#1077 = CARTESIAN_POINT('',(-57.78512232675,4.987954500823,
    -292.6412693823));
#1078 = CARTESIAN_POINT('',(-57.78563313708,4.98203308648,
    -292.5706029806));
#1079 = CARTESIAN_POINT('',(-57.78624405859,4.974936944323,-292.4999976)
  );
#1080 = PCURVE('',#264,#1081);
#1081 = DEFINITIONAL_REPRESENTATION('',(#1082),#1109);
#1082 = B_SPLINE_CURVE_WITH_KNOTS('',7,(#1083,#1084,#1085,#1086,#1087,
    #1088,#1089,#1090,#1091,#1092,#1093,#1094,#1095,#1096,#1097,#1098,
    #1099,#1100,#1101,#1102,#1103,#1104,#1105,#1106,#1107,#1108),
  .UNSPECIFIED.,.F.,.F.,(8,6,6,6,8),(0.,0.180051863593,0.45404590445,
    0.931912492417,1.),.UNSPECIFIED.);
#1083 = CARTESIAN_POINT('',(0.,5.));
#1084 = CARTESIAN_POINT('',(5.271676166652E-02,5.));
#1085 = CARTESIAN_POINT('',(0.105334614002,5.001397487071));
#1086 = CARTESIAN_POINT('',(0.157695856127,5.004183168433));
#1087 = CARTESIAN_POINT('',(0.209644393629,5.008284368562));
#1088 = CARTESIAN_POINT('',(0.261016482387,5.013568286356));
#1089 = CARTESIAN_POINT('',(0.311631558622,5.019854102955));
#1090 = CARTESIAN_POINT('',(0.436840504582,5.037707687222));
#1091 = CARTESIAN_POINT('',(0.510146519234,5.050317278388));
#1092 = CARTESIAN_POINT('',(0.581400598658,5.064159301814));
#1093 = CARTESIAN_POINT('',(0.65074245541,5.078654187565));
#1094 = CARTESIAN_POINT('',(0.718278482934,5.093291068921));
#1095 = CARTESIAN_POINT('',(0.78409094925,5.107648551523));
#1096 = CARTESIAN_POINT('',(0.960093461059,5.145359953807));
#1097 = CARTESIAN_POINT('',(1.067493602526,5.16759347917));
#1098 = CARTESIAN_POINT('',(1.171556491319,5.18648379018));
#1099 = CARTESIAN_POINT('',(1.273171576346,5.201115904468));
#1100 = CARTESIAN_POINT('',(1.373180202631,5.211019608397));
#1101 = CARTESIAN_POINT('',(1.472411877483,5.215961144328));
#1102 = CARTESIAN_POINT('',(1.585935994017,5.215912925179));
#1103 = CARTESIAN_POINT('',(1.600094024208,5.215805736267));
#1104 = CARTESIAN_POINT('',(1.614254397987,5.215597375167));
#1105 = CARTESIAN_POINT('',(1.628419355214,5.21528794988));
#1106 = CARTESIAN_POINT('',(1.642591142697,5.214877673241));
#1107 = CARTESIAN_POINT('',(1.656772014185,5.214366862916));
#1108 = CARTESIAN_POINT('',(1.670964230375,5.213755941401));
#1109 = ( GEOMETRIC_REPRESENTATION_CONTEXT(2) 
PARAMETRIC_REPRESENTATION_CONTEXT() REPRESENTATION_CONTEXT('2D SPACE',''
  ) );
#1110 = PCURVE('',#970,#1111);
#1111 = DEFINITIONAL_REPRESENTATION('',(#1112),#1139);
#1112 = B_SPLINE_CURVE_WITH_KNOTS('',7,(#1113,#1114,#1115,#1116,#1117,
    #1118,#1119,#1120,#1121,#1122,#1123,#1124,#1125,#1126,#1127,#1128,
    #1129,#1130,#1131,#1132,#1133,#1134,#1135,#1136,#1137,#1138),
  .UNSPECIFIED.,.F.,.F.,(8,6,6,6,8),(0.,0.180051863593,0.45404590445,
    0.931912492417,1.),.UNSPECIFIED.);
#1113 = CARTESIAN_POINT('',(3.14159265359,9.5));
#1114 = CARTESIAN_POINT('',(3.13704810517,9.5));
#1115 = CARTESIAN_POINT('',(3.132512083019,9.516211238336));
#1116 = CARTESIAN_POINT('',(3.128018659587,9.548523831094));
#1117 = CARTESIAN_POINT('',(3.123601412643,9.596428066894));
#1118 = CARTESIAN_POINT('',(3.119292512963,9.659023460553));
#1119 = CARTESIAN_POINT('',(3.115121817295,9.735026894198));
#1120 = CARTESIAN_POINT('',(3.105020060646,9.956317957263));
#1121 = CARTESIAN_POINT('',(3.09930752416,10.117028265781));
#1122 = CARTESIAN_POINT('',(3.093997225159,10.300682108028));
#1123 = CARTESIAN_POINT('',(3.089099302188,10.503466329407));
#1124 = CARTESIAN_POINT('',(3.08461677504,10.721920936374));
#1125 = CARTESIAN_POINT('',(3.080546969333,10.952883551798));
#1126 = CARTESIAN_POINT('',(3.070492084447,11.612990713749));
#1127 = CARTESIAN_POINT('',(3.065299343197,12.064072342494));
#1128 = CARTESIAN_POINT('',(3.061236500195,12.53540801983));
#1129 = CARTESIAN_POINT('',(3.058238817051,13.019722994221));
#1130 = CARTESIAN_POINT('',(3.056258544045,13.511862534182));
#1131 = CARTESIAN_POINT('',(3.055270222662,14.00807799208));
#1132 = CARTESIAN_POINT('',(3.055279866497,14.575698301209));
#1133 = CARTESIAN_POINT('',(3.055301304412,14.646487231576));
#1134 = CARTESIAN_POINT('',(3.055342977864,14.717263607181));
#1135 = CARTESIAN_POINT('',(3.055404896228,14.788015428401));
#1136 = CARTESIAN_POINT('',(3.055487077932,14.858730617646));
#1137 = CARTESIAN_POINT('',(3.055589550449,14.929397019356));
#1138 = CARTESIAN_POINT('',(3.0557123503,15.0000024));
#1139 = ( GEOMETRIC_REPRESENTATION_CONTEXT(2) 
PARAMETRIC_REPRESENTATION_CONTEXT() REPRESENTATION_CONTEXT('2D SPACE',''
  ) );
#1140 = ORIENTED_EDGE('',*,*,#1141,.F.);
#1141 = EDGE_CURVE('',#1142,#1050,#1144,.T.);
#1142 = VERTEX_POINT('',#1143);
#1143 = CARTESIAN_POINT('',(-63.,-1.224646799147E-15,-298.));
#1144 = SEAM_CURVE('',#1145,(#1149,#1156),.PCURVE_S1.);
#1145 = LINE('',#1146,#1147);
#1146 = CARTESIAN_POINT('',(-63.,-1.224646799147E-15,-298.));
#1147 = VECTOR('',#1148,1.);
#1148 = DIRECTION('',(1.,0.,2.22044604925E-16));
#1149 = PCURVE('',#264,#1150);
#1150 = DEFINITIONAL_REPRESENTATION('',(#1151),#1155);
#1151 = LINE('',#1152,#1153);
#1152 = CARTESIAN_POINT('',(6.28318530718,-0.));
#1153 = VECTOR('',#1154,1.);
#1154 = DIRECTION('',(0.,1.));
#1155 = ( GEOMETRIC_REPRESENTATION_CONTEXT(2) 
PARAMETRIC_REPRESENTATION_CONTEXT() REPRESENTATION_CONTEXT('2D SPACE',''
  ) );
#1156 = PCURVE('',#264,#1157);
#1157 = DEFINITIONAL_REPRESENTATION('',(#1158),#1162);
#1158 = LINE('',#1159,#1160);
#1159 = CARTESIAN_POINT('',(0.,-0.));
#1160 = VECTOR('',#1161,1.);
#1161 = DIRECTION('',(0.,1.));
#1162 = ( GEOMETRIC_REPRESENTATION_CONTEXT(2) 
PARAMETRIC_REPRESENTATION_CONTEXT() REPRESENTATION_CONTEXT('2D SPACE',''
  ) );
#1163 = ORIENTED_EDGE('',*,*,#1164,.T.);
#1164 = EDGE_CURVE('',#1142,#1142,#1165,.T.);
#1165 = SURFACE_CURVE('',#1166,(#1171,#1178),.PCURVE_S1.);
#1166 = CIRCLE('',#1167,5.);
#1167 = AXIS2_PLACEMENT_3D('',#1168,#1169,#1170);
#1168 = CARTESIAN_POINT('',(-63.,0.,-293.));
#1169 = DIRECTION('',(1.,-0.,2.22044604925E-16));
#1170 = DIRECTION('',(2.22044604925E-16,0.,-1.));
#1171 = PCURVE('',#264,#1172);
#1172 = DEFINITIONAL_REPRESENTATION('',(#1173),#1177);
#1173 = LINE('',#1174,#1175);
#1174 = CARTESIAN_POINT('',(0.,0.));
#1175 = VECTOR('',#1176,1.);
#1176 = DIRECTION('',(1.,0.));
#1177 = ( GEOMETRIC_REPRESENTATION_CONTEXT(2) 
PARAMETRIC_REPRESENTATION_CONTEXT() REPRESENTATION_CONTEXT('2D SPACE',''
  ) );
#1178 = PCURVE('',#1179,#1184);
#1179 = PLANE('',#1180);
#1180 = AXIS2_PLACEMENT_3D('',#1181,#1182,#1183);
#1181 = CARTESIAN_POINT('',(-63.,0.,-293.));
#1182 = DIRECTION('',(1.,0.,2.22044604925E-16));
#1183 = DIRECTION('',(2.22044604925E-16,0.,-1.));
#1184 = DEFINITIONAL_REPRESENTATION('',(#1185),#1189);
#1185 = CIRCLE('',#1186,5.);
#1186 = AXIS2_PLACEMENT_2D('',#1187,#1188);
#1187 = CARTESIAN_POINT('',(0.,0.));
#1188 = DIRECTION('',(1.,0.));
#1189 = ( GEOMETRIC_REPRESENTATION_CONTEXT(2) 
PARAMETRIC_REPRESENTATION_CONTEXT() REPRESENTATION_CONTEXT('2D SPACE',''
  ) );
#1190 = ORIENTED_EDGE('',*,*,#1141,.T.);
#1191 = ORIENTED_EDGE('',*,*,#1192,.F.);
#1192 = EDGE_CURVE('',#952,#1050,#1193,.T.);
#1193 = SURFACE_CURVE('',#1194,(#1221,#1251),.PCURVE_S1.);
#1194 = B_SPLINE_CURVE_WITH_KNOTS('',7,(#1195,#1196,#1197,#1198,#1199,
    #1200,#1201,#1202,#1203,#1204,#1205,#1206,#1207,#1208,#1209,#1210,
    #1211,#1212,#1213,#1214,#1215,#1216,#1217,#1218,#1219,#1220),
  .UNSPECIFIED.,.F.,.F.,(8,6,6,6,8),(0.,6.813102773568E-02,
    0.546303058324,0.702431286294,1.),.UNSPECIFIED.);
#1195 = CARTESIAN_POINT('',(-57.78624405859,-4.974936944323,-292.4999976
    ));
#1196 = CARTESIAN_POINT('',(-57.78563313708,-4.98203308648,
    -292.5706029806));
#1197 = CARTESIAN_POINT('',(-57.78512232675,-4.987954500823,
    -292.6412693823));
#1198 = CARTESIAN_POINT('',(-57.78471205012,-4.992703349773,
    -292.7119845715));
#1199 = CARTESIAN_POINT('',(-57.78440262483,-4.996281260046,
    -292.7827363928));
#1200 = CARTESIAN_POINT('',(-57.78419426373,-4.998689322657,
    -292.8535127684));
#1201 = CARTESIAN_POINT('',(-57.78408707482,-4.999928092915,
    -292.9243016987));
#1202 = CARTESIAN_POINT('',(-57.78403885567,-5.000485353029,
    -293.4919220079));
#1203 = CARTESIAN_POINT('',(-57.7889803916,-4.943376090754,
    -293.9881374658));
#1204 = CARTESIAN_POINT('',(-57.79888409553,-4.828948113152,
    -294.4802770057));
#1205 = CARTESIAN_POINT('',(-57.81351620982,-4.65569868848,
    -294.9645919801));
#1206 = CARTESIAN_POINT('',(-57.83240652083,-4.420808380132,
    -295.4359276575));
#1207 = CARTESIAN_POINT('',(-57.85464004619,-4.120438464167,
    -295.8870092862));
#1208 = CARTESIAN_POINT('',(-57.88643459915,-3.629784596696,
    -296.4435468544));
#1209 = CARTESIAN_POINT('',(-57.89444859519,-3.501555737347,
    -296.5772264923));
#1210 = CARTESIAN_POINT('',(-57.90259262729,-3.36575560847,
    -296.707158229));
#1211 = CARTESIAN_POINT('',(-57.91079996591,-3.222282603477,
    -296.8328603177));
#1212 = CARTESIAN_POINT('',(-57.91899502374,-3.071052885035,
    -296.9538041151));
#1213 = CARTESIAN_POINT('',(-57.92709325703,-2.912006599275,
    -297.0694089189));
#1214 = CARTESIAN_POINT('',(-57.95007276075,-2.427029461987,
    -297.3879793537));
#1215 = CARTESIAN_POINT('',(-57.96463141742,-2.076675012021,
    -297.5776857783));
#1216 = CARTESIAN_POINT('',(-57.97777966648,-1.697300124657,
    -297.7397428576));
#1217 = CARTESIAN_POINT('',(-57.98856229505,-1.293639959855,
    -297.8673204217));
#1218 = CARTESIAN_POINT('',(-57.99614035829,-0.87163265499,
    -297.955228648));
#1219 = CARTESIAN_POINT('',(-58.,-0.438038541452,-298.));
#1220 = CARTESIAN_POINT('',(-58.,2.6645352591E-15,-298.));
#1221 = PCURVE('',#264,#1222);
#1222 = DEFINITIONAL_REPRESENTATION('',(#1223),#1250);
#1223 = B_SPLINE_CURVE_WITH_KNOTS('',7,(#1224,#1225,#1226,#1227,#1228,
    #1229,#1230,#1231,#1232,#1233,#1234,#1235,#1236,#1237,#1238,#1239,
    #1240,#1241,#1242,#1243,#1244,#1245,#1246,#1247,#1248,#1249),
  .UNSPECIFIED.,.F.,.F.,(8,6,6,6,8),(0.,6.813102773568E-02,
    0.546303058324,0.702431286294,1.),.UNSPECIFIED.);
#1224 = CARTESIAN_POINT('',(4.612221076805,5.213755941401));
#1225 = CARTESIAN_POINT('',(4.626413292995,5.214366862916));
#1226 = CARTESIAN_POINT('',(4.640594164483,5.214877673241));
#1227 = CARTESIAN_POINT('',(4.654765951965,5.21528794988));
#1228 = CARTESIAN_POINT('',(4.668930909193,5.215597375167));
#1229 = CARTESIAN_POINT('',(4.683091282972,5.215805736267));
#1230 = CARTESIAN_POINT('',(4.697249313162,5.215912925179));
#1231 = CARTESIAN_POINT('',(4.810773429697,5.215961144328));
#1232 = CARTESIAN_POINT('',(4.910005104548,5.211019608397));
#1233 = CARTESIAN_POINT('',(5.010013730834,5.201115904468));
#1234 = CARTESIAN_POINT('',(5.111628815861,5.18648379018));
#1235 = CARTESIAN_POINT('',(5.215691704654,5.16759347917));
#1236 = CARTESIAN_POINT('',(5.323091846121,5.145359953807));
#1237 = CARTESIAN_POINT('',(5.4714798891,5.113565400846));
#1238 = CARTESIAN_POINT('',(5.508494611053,5.105551404808));
#1239 = CARTESIAN_POINT('',(5.546028170955,5.097407372706));
#1240 = CARTESIAN_POINT('',(5.584110736097,5.089200034081));
#1241 = CARTESIAN_POINT('',(5.622774628428,5.081004976256));
#1242 = CARTESIAN_POINT('',(5.662055026309,5.072906742968));
#1243 = CARTESIAN_POINT('',(5.778105006173,5.049927239242));
#1244 = CARTESIAN_POINT('',(5.857501440423,5.035368582575));
#1245 = CARTESIAN_POINT('',(5.939432928089,5.022220333515));
#1246 = CARTESIAN_POINT('',(6.023358894283,5.011437704943));
#1247 = CARTESIAN_POINT('',(6.108858817509,5.003859641706));
#1248 = CARTESIAN_POINT('',(6.195577598889,5.));
#1249 = CARTESIAN_POINT('',(6.28318530718,5.));
#1250 = ( GEOMETRIC_REPRESENTATION_CONTEXT(2) 
PARAMETRIC_REPRESENTATION_CONTEXT() REPRESENTATION_CONTEXT('2D SPACE',''
  ) );
#1251 = PCURVE('',#970,#1252);
#1252 = DEFINITIONAL_REPRESENTATION('',(#1253),#1280);
#1253 = B_SPLINE_CURVE_WITH_KNOTS('',7,(#1254,#1255,#1256,#1257,#1258,
    #1259,#1260,#1261,#1262,#1263,#1264,#1265,#1266,#1267,#1268,#1269,
    #1270,#1271,#1272,#1273,#1274,#1275,#1276,#1277,#1278,#1279),
  .UNSPECIFIED.,.F.,.F.,(8,6,6,6,8),(0.,6.813102773568E-02,
    0.546303058324,0.702431286294,1.),.UNSPECIFIED.);
#1254 = CARTESIAN_POINT('',(3.227472956879,15.0000024));
#1255 = CARTESIAN_POINT('',(3.22759575673,14.929397019356));
#1256 = CARTESIAN_POINT('',(3.227698229247,14.858730617646));
#1257 = CARTESIAN_POINT('',(3.227780410951,14.788015428401));
#1258 = CARTESIAN_POINT('',(3.227842329316,14.717263607181));
#1259 = CARTESIAN_POINT('',(3.227884002767,14.646487231576));
#1260 = CARTESIAN_POINT('',(3.227905440683,14.575698301209));
#1261 = CARTESIAN_POINT('',(3.227915084517,14.00807799208));
#1262 = CARTESIAN_POINT('',(3.226926763135,13.511862534185));
#1263 = CARTESIAN_POINT('',(3.224946490129,13.019722994219));
#1264 = CARTESIAN_POINT('',(3.221948806985,12.535408019831));
#1265 = CARTESIAN_POINT('',(3.217885963983,12.064072342495));
#1266 = CARTESIAN_POINT('',(3.212693222732,11.612990713749));
#1267 = CARTESIAN_POINT('',(3.204215930702,11.056453145552));
#1268 = CARTESIAN_POINT('',(3.202000780653,10.922773507605));
#1269 = CARTESIAN_POINT('',(3.199655204752,10.79284177095));
#1270 = CARTESIAN_POINT('',(3.197177506369,10.667139682209));
#1271 = CARTESIAN_POINT('',(3.194566293125,10.546195884895));
#1272 = CARTESIAN_POINT('',(3.191820580443,10.430591081097));
#1273 = CARTESIAN_POINT('',(3.18344952446,10.112020646227));
#1274 = CARTESIAN_POINT('',(3.177403820079,9.922314221629));
#1275 = CARTESIAN_POINT('',(3.170859202644,9.760257142309));
#1276 = CARTESIAN_POINT('',(3.163897492968,9.632679578252));
#1277 = CARTESIAN_POINT('',(3.156620803143,9.544771351916));
#1278 = CARTESIAN_POINT('',(3.149145042236,9.5));
#1279 = CARTESIAN_POINT('',(3.14159265359,9.5));
#1280 = ( GEOMETRIC_REPRESENTATION_CONTEXT(2) 
PARAMETRIC_REPRESENTATION_CONTEXT() REPRESENTATION_CONTEXT('2D SPACE',''
  ) );
#1281 = ORIENTED_EDGE('',*,*,#1027,.T.);
#1282 = ORIENTED_EDGE('',*,*,#132,.F.);
#1283 = ORIENTED_EDGE('',*,*,#1006,.F.);
#1284 = ADVANCED_FACE('',(#1285,#1288,#1480,#1511,#1542,#1573),#95,.T.);
#1285 = FACE_BOUND('',#1286,.T.);
#1286 = EDGE_LOOP('',(#1287));
#1287 = ORIENTED_EDGE('',*,*,#80,.T.);
#1288 = FACE_BOUND('',#1289,.T.);
#1289 = EDGE_LOOP('',(#1290,#1320,#1346,#1372,#1401,#1427,#1456));
#1290 = ORIENTED_EDGE('',*,*,#1291,.T.);
#1291 = EDGE_CURVE('',#1292,#1294,#1296,.T.);
#1292 = VERTEX_POINT('',#1293);
#1293 = CARTESIAN_POINT('',(-40.09669187762,28.361726877341,-280.5));
#1294 = VERTEX_POINT('',#1295);
#1295 = CARTESIAN_POINT('',(-27.4687841869,38.957799563162,-280.5));
#1296 = SURFACE_CURVE('',#1297,(#1301,#1308),.PCURVE_S1.);
#1297 = LINE('',#1298,#1299);
#1298 = CARTESIAN_POINT('',(-40.09669187762,28.361726877341,-280.5));
#1299 = VECTOR('',#1300,1.);
#1300 = DIRECTION('',(0.766044443119,0.642787609687,0.));
#1301 = PCURVE('',#95,#1302);
#1302 = DEFINITIONAL_REPRESENTATION('',(#1303),#1307);
#1303 = LINE('',#1304,#1305);
#1304 = CARTESIAN_POINT('',(-40.09669187762,28.361726877341));
#1305 = VECTOR('',#1306,1.);
#1306 = DIRECTION('',(0.766044443119,0.642787609687));
#1307 = ( GEOMETRIC_REPRESENTATION_CONTEXT(2) 
PARAMETRIC_REPRESENTATION_CONTEXT() REPRESENTATION_CONTEXT('2D SPACE',''
  ) );
#1308 = PCURVE('',#1309,#1314);
#1309 = PLANE('',#1310);
#1310 = AXIS2_PLACEMENT_3D('',#1311,#1312,#1313);
#1311 = CARTESIAN_POINT('',(-33.78273803226,33.659763220251,
    -288.7422813742));
#1312 = DIRECTION('',(-0.642787609687,0.766044443119,0.));
#1313 = DIRECTION('',(0.54167522042,0.454519477672,0.707106781187));
#1314 = DEFINITIONAL_REPRESENTATION('',(#1315),#1319);
#1315 = LINE('',#1316,#1317);
#1316 = CARTESIAN_POINT('',(-2.318183408632E-15,-11.65634610434));
#1317 = VECTOR('',#1318,1.);
#1318 = DIRECTION('',(0.707106781187,0.707106781187));
#1319 = ( GEOMETRIC_REPRESENTATION_CONTEXT(2) 
PARAMETRIC_REPRESENTATION_CONTEXT() REPRESENTATION_CONTEXT('2D SPACE',''
  ) );
#1320 = ORIENTED_EDGE('',*,*,#1321,.T.);
#1321 = EDGE_CURVE('',#1294,#1322,#1324,.T.);
#1322 = VERTEX_POINT('',#1323);
#1323 = CARTESIAN_POINT('',(-9.792124920526,17.89157737739,-280.5));
#1324 = SURFACE_CURVE('',#1325,(#1329,#1335),.PCURVE_S1.);
#1325 = LINE('',#1326,#1327);
#1326 = CARTESIAN_POINT('',(-3.364248823661,10.231132946201,-280.5));
#1327 = VECTOR('',#1328,1.);
#1328 = DIRECTION('',(0.642787609687,-0.766044443119,0.));
#1329 = PCURVE('',#95,#1330);
#1330 = DEFINITIONAL_REPRESENTATION('',(#1331),#1334);
#1331 = B_SPLINE_CURVE_WITH_KNOTS('',1,(#1332,#1333),.UNSPECIFIED.,.F.,
  .F.,(2,2),(-37.5,-10.),.PIECEWISE_BEZIER_KNOTS.);
#1332 = CARTESIAN_POINT('',(-27.4687841869,38.957799563162));
#1333 = CARTESIAN_POINT('',(-9.792124920526,17.89157737739));
#1334 = ( GEOMETRIC_REPRESENTATION_CONTEXT(2) 
PARAMETRIC_REPRESENTATION_CONTEXT() REPRESENTATION_CONTEXT('2D SPACE',''
  ) );
#1335 = PCURVE('',#1336,#1341);
#1336 = PLANE('',#1337);
#1337 = AXIS2_PLACEMENT_3D('',#1338,#1339,#1340);
#1338 = CARTESIAN_POINT('',(-16.10607876588,12.59354103448,
    -288.7422813742));
#1339 = DIRECTION('',(-0.54167522042,-0.454519477672,0.707106781187));
#1340 = DIRECTION('',(0.54167522042,0.454519477672,0.707106781187));
#1341 = DEFINITIONAL_REPRESENTATION('',(#1342),#1345);
#1342 = B_SPLINE_CURVE_WITH_KNOTS('',1,(#1343,#1344),.UNSPECIFIED.,.F.,
  .F.,(2,2),(-37.5,-10.),.PIECEWISE_BEZIER_KNOTS.);
#1343 = CARTESIAN_POINT('',(11.656346104343,27.5));
#1344 = CARTESIAN_POINT('',(11.656346104343,0.));
#1345 = ( GEOMETRIC_REPRESENTATION_CONTEXT(2) 
PARAMETRIC_REPRESENTATION_CONTEXT() REPRESENTATION_CONTEXT('2D SPACE',''
  ) );
#1346 = ORIENTED_EDGE('',*,*,#1347,.T.);
#1347 = EDGE_CURVE('',#1322,#1348,#1350,.T.);
#1348 = VERTEX_POINT('',#1349);
#1349 = CARTESIAN_POINT('',(-12.85575219373,15.32088886238,-280.5));
#1350 = SURFACE_CURVE('',#1351,(#1355,#1361),.PCURVE_S1.);
#1351 = LINE('',#1352,#1353);
#1352 = CARTESIAN_POINT('',(-14.4809154798,13.95721494843,-280.5));
#1353 = VECTOR('',#1354,1.);
#1354 = DIRECTION('',(-0.766044443119,-0.642787609687,0.));
#1355 = PCURVE('',#95,#1356);
#1356 = DEFINITIONAL_REPRESENTATION('',(#1357),#1360);
#1357 = B_SPLINE_CURVE_WITH_KNOTS('',1,(#1358,#1359),.UNSPECIFIED.,.F.,
  .F.,(2,2),(-6.120781374239,10.363781374239),.PIECEWISE_BEZIER_KNOTS.);
#1358 = CARTESIAN_POINT('',(-9.792124920526,17.89157737739));
#1359 = CARTESIAN_POINT('',(-22.42003261124,7.295504691569));
#1360 = ( GEOMETRIC_REPRESENTATION_CONTEXT(2) 
PARAMETRIC_REPRESENTATION_CONTEXT() REPRESENTATION_CONTEXT('2D SPACE',''
  ) );
#1361 = PCURVE('',#1362,#1367);
#1362 = PLANE('',#1363);
#1363 = AXIS2_PLACEMENT_3D('',#1364,#1365,#1366);
#1364 = CARTESIAN_POINT('',(-16.10607876588,12.59354103448,
    -288.7422813742));
#1365 = DIRECTION('',(-0.642787609687,0.766044443119,0.));
#1366 = DIRECTION('',(0.54167522042,0.454519477672,0.707106781187));
#1367 = DEFINITIONAL_REPRESENTATION('',(#1368),#1371);
#1368 = B_SPLINE_CURVE_WITH_KNOTS('',1,(#1369,#1370),.UNSPECIFIED.,.F.,
  .F.,(2,2),(-6.120781374239,10.363781374239),.PIECEWISE_BEZIER_KNOTS.);
#1369 = CARTESIAN_POINT('',(11.656346104343,5.978746090118E-17));
#1370 = CARTESIAN_POINT('',(3.067684372286E-16,-11.65634610434));
#1371 = ( GEOMETRIC_REPRESENTATION_CONTEXT(2) 
PARAMETRIC_REPRESENTATION_CONTEXT() REPRESENTATION_CONTEXT('2D SPACE',''
  ) );
#1372 = ORIENTED_EDGE('',*,*,#1373,.T.);
#1373 = EDGE_CURVE('',#1348,#1374,#1376,.T.);
#1374 = VERTEX_POINT('',#1375);
#1375 = CARTESIAN_POINT('',(-6.840402866513,-18.79385241571,-280.5));
#1376 = SURFACE_CURVE('',#1377,(#1382,#1389),.PCURVE_S1.);
#1377 = CIRCLE('',#1378,20.);
#1378 = AXIS2_PLACEMENT_3D('',#1379,#1380,#1381);
#1379 = CARTESIAN_POINT('',(0.,0.,-280.5));
#1380 = DIRECTION('',(0.,0.,1.));
#1381 = DIRECTION('',(1.,0.,-0.));
#1382 = PCURVE('',#95,#1383);
#1383 = DEFINITIONAL_REPRESENTATION('',(#1384),#1388);
#1384 = CIRCLE('',#1385,20.);
#1385 = AXIS2_PLACEMENT_2D('',#1386,#1387);
#1386 = CARTESIAN_POINT('',(0.,0.));
#1387 = DIRECTION('',(1.,0.));
#1388 = ( GEOMETRIC_REPRESENTATION_CONTEXT(2) 
PARAMETRIC_REPRESENTATION_CONTEXT() REPRESENTATION_CONTEXT('2D SPACE',''
  ) );
#1389 = PCURVE('',#1390,#1395);
#1390 = CYLINDRICAL_SURFACE('',#1391,20.);
#1391 = AXIS2_PLACEMENT_3D('',#1392,#1393,#1394);
#1392 = CARTESIAN_POINT('',(0.,0.,-286.5));
#1393 = DIRECTION('',(0.,0.,1.));
#1394 = DIRECTION('',(1.,0.,-0.));
#1395 = DEFINITIONAL_REPRESENTATION('',(#1396),#1400);
#1396 = LINE('',#1397,#1398);
#1397 = CARTESIAN_POINT('',(0.,6.));
#1398 = VECTOR('',#1399,1.);
#1399 = DIRECTION('',(1.,0.));
#1400 = ( GEOMETRIC_REPRESENTATION_CONTEXT(2) 
PARAMETRIC_REPRESENTATION_CONTEXT() REPRESENTATION_CONTEXT('2D SPACE',''
  ) );
#1401 = ORIENTED_EDGE('',*,*,#1402,.T.);
#1402 = EDGE_CURVE('',#1374,#1403,#1405,.T.);
#1403 = VERTEX_POINT('',#1404);
#1404 = CARTESIAN_POINT('',(-16.24595680796,-44.63539948733,-280.5));
#1405 = SURFACE_CURVE('',#1406,(#1410,#1416),.PCURVE_S1.);
#1406 = LINE('',#1407,#1408);
#1407 = CARTESIAN_POINT('',(-16.24595680796,-44.63539948733,-280.5));
#1408 = VECTOR('',#1409,1.);
#1409 = DIRECTION('',(-0.342020143326,-0.939692620786,0.));
#1410 = PCURVE('',#95,#1411);
#1411 = DEFINITIONAL_REPRESENTATION('',(#1412),#1415);
#1412 = B_SPLINE_CURVE_WITH_KNOTS('',1,(#1413,#1414),.UNSPECIFIED.,.F.,
  .F.,(2,2),(-27.5,-0.),.PIECEWISE_BEZIER_KNOTS.);
#1413 = CARTESIAN_POINT('',(-6.840402866513,-18.79385241571));
#1414 = CARTESIAN_POINT('',(-16.24595680796,-44.63539948733));
#1415 = ( GEOMETRIC_REPRESENTATION_CONTEXT(2) 
PARAMETRIC_REPRESENTATION_CONTEXT() REPRESENTATION_CONTEXT('2D SPACE',''
  ) );
#1416 = PCURVE('',#1417,#1422);
#1417 = PLANE('',#1418);
#1418 = AXIS2_PLACEMENT_3D('',#1419,#1420,#1421);
#1419 = CARTESIAN_POINT('',(-32.49191361593,-89.27079897466,-287.5));
#1420 = DIRECTION('',(-0.939692620786,0.342020143326,0.));
#1421 = DIRECTION('',(0.342020143326,0.939692620786,0.));
#1422 = DEFINITIONAL_REPRESENTATION('',(#1423),#1426);
#1423 = B_SPLINE_CURVE_WITH_KNOTS('',1,(#1424,#1425),.UNSPECIFIED.,.F.,
  .F.,(2,2),(-27.5,-0.),.PIECEWISE_BEZIER_KNOTS.);
#1424 = CARTESIAN_POINT('',(75.,-7.));
#1425 = CARTESIAN_POINT('',(47.5,-7.));
#1426 = ( GEOMETRIC_REPRESENTATION_CONTEXT(2) 
PARAMETRIC_REPRESENTATION_CONTEXT() REPRESENTATION_CONTEXT('2D SPACE',''
  ) );
#1427 = ORIENTED_EDGE('',*,*,#1428,.F.);
#1428 = EDGE_CURVE('',#1429,#1403,#1431,.T.);
#1429 = VERTEX_POINT('',#1430);
#1430 = CARTESIAN_POINT('',(-39.02308824268,27.08225588838,-280.5));
#1431 = SURFACE_CURVE('',#1432,(#1437,#1444),.PCURVE_S1.);
#1432 = CIRCLE('',#1433,47.5);
#1433 = AXIS2_PLACEMENT_3D('',#1434,#1435,#1436);
#1434 = CARTESIAN_POINT('',(0.,0.,-280.5));
#1435 = DIRECTION('',(0.,0.,1.));
#1436 = DIRECTION('',(1.,0.,-0.));
#1437 = PCURVE('',#95,#1438);
#1438 = DEFINITIONAL_REPRESENTATION('',(#1439),#1443);
#1439 = CIRCLE('',#1440,47.5);
#1440 = AXIS2_PLACEMENT_2D('',#1441,#1442);
#1441 = CARTESIAN_POINT('',(0.,0.));
#1442 = DIRECTION('',(1.,0.));
#1443 = ( GEOMETRIC_REPRESENTATION_CONTEXT(2) 
PARAMETRIC_REPRESENTATION_CONTEXT() REPRESENTATION_CONTEXT('2D SPACE',''
  ) );
#1444 = PCURVE('',#1445,#1450);
#1445 = CYLINDRICAL_SURFACE('',#1446,47.5);
#1446 = AXIS2_PLACEMENT_3D('',#1447,#1448,#1449);
#1447 = CARTESIAN_POINT('',(0.,0.,-285.5));
#1448 = DIRECTION('',(0.,0.,1.));
#1449 = DIRECTION('',(1.,0.,-0.));
#1450 = DEFINITIONAL_REPRESENTATION('',(#1451),#1455);
#1451 = LINE('',#1452,#1453);
#1452 = CARTESIAN_POINT('',(0.,5.));
#1453 = VECTOR('',#1454,1.);
#1454 = DIRECTION('',(1.,0.));
#1455 = ( GEOMETRIC_REPRESENTATION_CONTEXT(2) 
PARAMETRIC_REPRESENTATION_CONTEXT() REPRESENTATION_CONTEXT('2D SPACE',''
  ) );
#1456 = ORIENTED_EDGE('',*,*,#1457,.T.);
#1457 = EDGE_CURVE('',#1429,#1292,#1458,.T.);
#1458 = SURFACE_CURVE('',#1459,(#1463,#1469),.PCURVE_S1.);
#1459 = LINE('',#1460,#1461);
#1460 = CARTESIAN_POINT('',(-15.99215651437,-0.364939739621,-280.5));
#1461 = VECTOR('',#1462,1.);
#1462 = DIRECTION('',(-0.642787609687,0.766044443119,0.));
#1463 = PCURVE('',#95,#1464);
#1464 = DEFINITIONAL_REPRESENTATION('',(#1465),#1468);
#1465 = B_SPLINE_CURVE_WITH_KNOTS('',1,(#1466,#1467),.UNSPECIFIED.,.F.,
  .F.,(2,2),(10.,37.5),.PIECEWISE_BEZIER_KNOTS.);
#1466 = CARTESIAN_POINT('',(-22.42003261124,7.295504691569));
#1467 = CARTESIAN_POINT('',(-40.09669187762,28.361726877341));
#1468 = ( GEOMETRIC_REPRESENTATION_CONTEXT(2) 
PARAMETRIC_REPRESENTATION_CONTEXT() REPRESENTATION_CONTEXT('2D SPACE',''
  ) );
#1469 = PCURVE('',#1470,#1475);
#1470 = PLANE('',#1471);
#1471 = AXIS2_PLACEMENT_3D('',#1472,#1473,#1474);
#1472 = CARTESIAN_POINT('',(-16.10607876588,12.59354103448,
    -288.7422813742));
#1473 = DIRECTION('',(0.54167522042,0.454519477672,0.707106781187));
#1474 = DIRECTION('',(-0.642787609687,0.766044443119,0.));
#1475 = DEFINITIONAL_REPRESENTATION('',(#1476),#1479);
#1476 = B_SPLINE_CURVE_WITH_KNOTS('',1,(#1477,#1478),.UNSPECIFIED.,.F.,
  .F.,(2,2),(10.,37.5),.PIECEWISE_BEZIER_KNOTS.);
#1477 = CARTESIAN_POINT('',(0.,11.656346104343));
#1478 = CARTESIAN_POINT('',(27.5,11.656346104343));
#1479 = ( GEOMETRIC_REPRESENTATION_CONTEXT(2) 
PARAMETRIC_REPRESENTATION_CONTEXT() REPRESENTATION_CONTEXT('2D SPACE',''
  ) );
#1480 = FACE_BOUND('',#1481,.T.);
#1481 = EDGE_LOOP('',(#1482));
#1482 = ORIENTED_EDGE('',*,*,#1483,.F.);
#1483 = EDGE_CURVE('',#1484,#1484,#1486,.T.);
#1484 = VERTEX_POINT('',#1485);
#1485 = CARTESIAN_POINT('',(-1.170929640043E-14,-51.3,-280.5));
#1486 = SURFACE_CURVE('',#1487,(#1492,#1499),.PCURVE_S1.);
#1487 = CIRCLE('',#1488,1.3);
#1488 = AXIS2_PLACEMENT_3D('',#1489,#1490,#1491);
#1489 = CARTESIAN_POINT('',(-1.110223024625E-14,-50.,-280.5));
#1490 = DIRECTION('',(0.,0.,1.));
#1491 = DIRECTION('',(-2.22044604925E-16,-1.,0.));
#1492 = PCURVE('',#95,#1493);
#1493 = DEFINITIONAL_REPRESENTATION('',(#1494),#1498);
#1494 = CIRCLE('',#1495,1.3);
#1495 = AXIS2_PLACEMENT_2D('',#1496,#1497);
#1496 = CARTESIAN_POINT('',(-1.110223024625E-14,-50.));
#1497 = DIRECTION('',(-2.22044604925E-16,-1.));
#1498 = ( GEOMETRIC_REPRESENTATION_CONTEXT(2) 
PARAMETRIC_REPRESENTATION_CONTEXT() REPRESENTATION_CONTEXT('2D SPACE',''
  ) );
#1499 = PCURVE('',#1500,#1505);
#1500 = CYLINDRICAL_SURFACE('',#1501,1.3);
#1501 = AXIS2_PLACEMENT_3D('',#1502,#1503,#1504);
#1502 = CARTESIAN_POINT('',(-1.110223024625E-14,-50.,-288.55));
#1503 = DIRECTION('',(0.,0.,1.));
#1504 = DIRECTION('',(-2.22044604925E-16,-1.,0.));
#1505 = DEFINITIONAL_REPRESENTATION('',(#1506),#1510);
#1506 = LINE('',#1507,#1508);
#1507 = CARTESIAN_POINT('',(0.,8.05));
#1508 = VECTOR('',#1509,1.);
#1509 = DIRECTION('',(1.,0.));
#1510 = ( GEOMETRIC_REPRESENTATION_CONTEXT(2) 
PARAMETRIC_REPRESENTATION_CONTEXT() REPRESENTATION_CONTEXT('2D SPACE',''
  ) );
#1511 = FACE_BOUND('',#1512,.T.);
#1512 = EDGE_LOOP('',(#1513));
#1513 = ORIENTED_EDGE('',*,*,#1514,.F.);
#1514 = EDGE_CURVE('',#1515,#1515,#1517,.T.);
#1515 = VERTEX_POINT('',#1516);
#1516 = CARTESIAN_POINT('',(12.,-2.939152317954E-15,-280.5));
#1517 = SURFACE_CURVE('',#1518,(#1523,#1530),.PCURVE_S1.);
#1518 = CIRCLE('',#1519,12.);
#1519 = AXIS2_PLACEMENT_3D('',#1520,#1521,#1522);
#1520 = CARTESIAN_POINT('',(0.,0.,-280.5));
#1521 = DIRECTION('',(0.,0.,1.));
#1522 = DIRECTION('',(1.,0.,-0.));
#1523 = PCURVE('',#95,#1524);
#1524 = DEFINITIONAL_REPRESENTATION('',(#1525),#1529);
#1525 = CIRCLE('',#1526,12.);
#1526 = AXIS2_PLACEMENT_2D('',#1527,#1528);
#1527 = CARTESIAN_POINT('',(0.,0.));
#1528 = DIRECTION('',(1.,0.));
#1529 = ( GEOMETRIC_REPRESENTATION_CONTEXT(2) 
PARAMETRIC_REPRESENTATION_CONTEXT() REPRESENTATION_CONTEXT('2D SPACE',''
  ) );
#1530 = PCURVE('',#1531,#1536);
#1531 = CYLINDRICAL_SURFACE('',#1532,12.);
#1532 = AXIS2_PLACEMENT_3D('',#1533,#1534,#1535);
#1533 = CARTESIAN_POINT('',(0.,0.,-285.5));
#1534 = DIRECTION('',(0.,0.,1.));
#1535 = DIRECTION('',(1.,0.,-0.));
#1536 = DEFINITIONAL_REPRESENTATION('',(#1537),#1541);
#1537 = LINE('',#1538,#1539);
#1538 = CARTESIAN_POINT('',(0.,5.));
#1539 = VECTOR('',#1540,1.);
#1540 = DIRECTION('',(1.,0.));
#1541 = ( GEOMETRIC_REPRESENTATION_CONTEXT(2) 
PARAMETRIC_REPRESENTATION_CONTEXT() REPRESENTATION_CONTEXT('2D SPACE',''
  ) );
#1542 = FACE_BOUND('',#1543,.T.);
#1543 = EDGE_LOOP('',(#1544));
#1544 = ORIENTED_EDGE('',*,*,#1545,.F.);
#1545 = EDGE_CURVE('',#1546,#1546,#1548,.T.);
#1546 = VERTEX_POINT('',#1547);
#1547 = CARTESIAN_POINT('',(44.427103214142,25.65,-280.5));
#1548 = SURFACE_CURVE('',#1549,(#1554,#1561),.PCURVE_S1.);
#1549 = CIRCLE('',#1550,1.3);
#1550 = AXIS2_PLACEMENT_3D('',#1551,#1552,#1553);
#1551 = CARTESIAN_POINT('',(43.301270189222,25.,-280.5));
#1552 = DIRECTION('',(0.,0.,1.));
#1553 = DIRECTION('',(0.866025403784,0.5,-0.));
#1554 = PCURVE('',#95,#1555);
#1555 = DEFINITIONAL_REPRESENTATION('',(#1556),#1560);
#1556 = CIRCLE('',#1557,1.3);
#1557 = AXIS2_PLACEMENT_2D('',#1558,#1559);
#1558 = CARTESIAN_POINT('',(43.301270189222,25.));
#1559 = DIRECTION('',(0.866025403784,0.5));
#1560 = ( GEOMETRIC_REPRESENTATION_CONTEXT(2) 
PARAMETRIC_REPRESENTATION_CONTEXT() REPRESENTATION_CONTEXT('2D SPACE',''
  ) );
#1561 = PCURVE('',#1562,#1567);
#1562 = CYLINDRICAL_SURFACE('',#1563,1.3);
#1563 = AXIS2_PLACEMENT_3D('',#1564,#1565,#1566);
#1564 = CARTESIAN_POINT('',(43.301270189222,25.,-288.55));
#1565 = DIRECTION('',(0.,0.,1.));
#1566 = DIRECTION('',(0.866025403784,0.5,0.));
#1567 = DEFINITIONAL_REPRESENTATION('',(#1568),#1572);
#1568 = LINE('',#1569,#1570);
#1569 = CARTESIAN_POINT('',(7.437084071669E-18,8.05));
#1570 = VECTOR('',#1571,1.);
#1571 = DIRECTION('',(1.,0.));
#1572 = ( GEOMETRIC_REPRESENTATION_CONTEXT(2) 
PARAMETRIC_REPRESENTATION_CONTEXT() REPRESENTATION_CONTEXT('2D SPACE',''
  ) );
#1573 = FACE_BOUND('',#1574,.T.);
#1574 = EDGE_LOOP('',(#1575));
#1575 = ORIENTED_EDGE('',*,*,#1576,.F.);
#1576 = EDGE_CURVE('',#1577,#1577,#1579,.T.);
#1577 = VERTEX_POINT('',#1578);
#1578 = CARTESIAN_POINT('',(1.170929640043E-14,51.3,-280.5));
#1579 = SURFACE_CURVE('',#1580,(#1585,#1592),.PCURVE_S1.);
#1580 = CIRCLE('',#1581,1.3);
#1581 = AXIS2_PLACEMENT_3D('',#1582,#1583,#1584);
#1582 = CARTESIAN_POINT('',(1.110223024625E-14,50.,-280.5));
#1583 = DIRECTION('',(0.,0.,1.));
#1584 = DIRECTION('',(2.22044604925E-16,1.,-0.));
#1585 = PCURVE('',#95,#1586);
#1586 = DEFINITIONAL_REPRESENTATION('',(#1587),#1591);
#1587 = CIRCLE('',#1588,1.3);
#1588 = AXIS2_PLACEMENT_2D('',#1589,#1590);
#1589 = CARTESIAN_POINT('',(1.110223024625E-14,50.));
#1590 = DIRECTION('',(2.22044604925E-16,1.));
#1591 = ( GEOMETRIC_REPRESENTATION_CONTEXT(2) 
PARAMETRIC_REPRESENTATION_CONTEXT() REPRESENTATION_CONTEXT('2D SPACE',''
  ) );
#1592 = PCURVE('',#1593,#1598);
#1593 = CYLINDRICAL_SURFACE('',#1594,1.3);
#1594 = AXIS2_PLACEMENT_3D('',#1595,#1596,#1597);
#1595 = CARTESIAN_POINT('',(1.110223024625E-14,50.,-288.55));
#1596 = DIRECTION('',(0.,0.,1.));
#1597 = DIRECTION('',(2.22044604925E-16,1.,0.));
#1598 = DEFINITIONAL_REPRESENTATION('',(#1599),#1603);
#1599 = LINE('',#1600,#1601);
#1600 = CARTESIAN_POINT('',(0.,8.05));
#1601 = VECTOR('',#1602,1.);
#1602 = DIRECTION('',(1.,0.));
#1603 = ( GEOMETRIC_REPRESENTATION_CONTEXT(2) 
PARAMETRIC_REPRESENTATION_CONTEXT() REPRESENTATION_CONTEXT('2D SPACE',''
  ) );
#1604 = ADVANCED_FACE('',(#1605),#449,.F.);
#1605 = FACE_BOUND('',#1606,.F.);
#1606 = EDGE_LOOP('',(#1607,#1608,#1631,#1658));
#1607 = ORIENTED_EDGE('',*,*,#337,.F.);
#1608 = ORIENTED_EDGE('',*,*,#1609,.F.);
#1609 = EDGE_CURVE('',#1610,#338,#1612,.T.);
#1610 = VERTEX_POINT('',#1611);
#1611 = CARTESIAN_POINT('',(-32.53132177498,34.885571567234,-286.55));
#1612 = SEAM_CURVE('',#1613,(#1617,#1624),.PCURVE_S1.);
#1613 = LINE('',#1614,#1615);
#1614 = CARTESIAN_POINT('',(-32.53132177498,34.885571567234,-286.55));
#1615 = VECTOR('',#1616,1.);
#1616 = DIRECTION('',(-0.681998360062,0.731353701619,2.22044604925E-16)
  );
#1617 = PCURVE('',#449,#1618);
#1618 = DEFINITIONAL_REPRESENTATION('',(#1619),#1623);
#1619 = LINE('',#1620,#1621);
#1620 = CARTESIAN_POINT('',(6.28318530718,-0.));
#1621 = VECTOR('',#1622,1.);
#1622 = DIRECTION('',(0.,1.));
#1623 = ( GEOMETRIC_REPRESENTATION_CONTEXT(2) 
PARAMETRIC_REPRESENTATION_CONTEXT() REPRESENTATION_CONTEXT('2D SPACE',''
  ) );
#1624 = PCURVE('',#449,#1625);
#1625 = DEFINITIONAL_REPRESENTATION('',(#1626),#1630);
#1626 = LINE('',#1627,#1628);
#1627 = CARTESIAN_POINT('',(0.,-0.));
#1628 = VECTOR('',#1629,1.);
#1629 = DIRECTION('',(0.,1.));
#1630 = ( GEOMETRIC_REPRESENTATION_CONTEXT(2) 
PARAMETRIC_REPRESENTATION_CONTEXT() REPRESENTATION_CONTEXT('2D SPACE',''
  ) );
#1631 = ORIENTED_EDGE('',*,*,#1632,.T.);
#1632 = EDGE_CURVE('',#1610,#1610,#1633,.T.);
#1633 = SURFACE_CURVE('',#1634,(#1639,#1646),.PCURVE_S1.);
#1634 = CIRCLE('',#1635,1.25);
#1635 = AXIS2_PLACEMENT_3D('',#1636,#1637,#1638);
#1636 = CARTESIAN_POINT('',(-32.53132177498,34.885571567234,-285.3));
#1637 = DIRECTION('',(-0.681998360062,0.731353701619,2.22044604925E-16)
  );
#1638 = DIRECTION('',(-1.514340564196E-16,1.623931437365E-16,-1.));
#1639 = PCURVE('',#449,#1640);
#1640 = DEFINITIONAL_REPRESENTATION('',(#1641),#1645);
#1641 = LINE('',#1642,#1643);
#1642 = CARTESIAN_POINT('',(0.,0.));
#1643 = VECTOR('',#1644,1.);
#1644 = DIRECTION('',(1.,0.));
#1645 = ( GEOMETRIC_REPRESENTATION_CONTEXT(2) 
PARAMETRIC_REPRESENTATION_CONTEXT() REPRESENTATION_CONTEXT('2D SPACE',''
  ) );
#1646 = PCURVE('',#1647,#1652);
#1647 = PLANE('',#1648);
#1648 = AXIS2_PLACEMENT_3D('',#1649,#1650,#1651);
#1649 = CARTESIAN_POINT('',(-32.53132177498,34.885571567234,-285.3));
#1650 = DIRECTION('',(-0.681998360062,0.731353701619,2.22044604925E-16)
  );
#1651 = DIRECTION('',(-1.514340564196E-16,1.623931437365E-16,-1.));
#1652 = DEFINITIONAL_REPRESENTATION('',(#1653),#1657);
#1653 = CIRCLE('',#1654,1.25);
#1654 = AXIS2_PLACEMENT_2D('',#1655,#1656);
#1655 = CARTESIAN_POINT('',(0.,0.));
#1656 = DIRECTION('',(1.,0.));
#1657 = ( GEOMETRIC_REPRESENTATION_CONTEXT(2) 
PARAMETRIC_REPRESENTATION_CONTEXT() REPRESENTATION_CONTEXT('2D SPACE',''
  ) );
#1658 = ORIENTED_EDGE('',*,*,#1609,.T.);
#1659 = ADVANCED_FACE('',(#1660),#609,.F.);
#1660 = FACE_BOUND('',#1661,.F.);
#1661 = EDGE_LOOP('',(#1662,#1663,#1686,#1747,#1776,#1830));
#1662 = ORIENTED_EDGE('',*,*,#511,.F.);
#1663 = ORIENTED_EDGE('',*,*,#1664,.F.);
#1664 = EDGE_CURVE('',#1665,#512,#1667,.T.);
#1665 = VERTEX_POINT('',#1666);
#1666 = CARTESIAN_POINT('',(-12.75,-45.23756735281,-286.35));
#1667 = SEAM_CURVE('',#1668,(#1672,#1679),.PCURVE_S1.);
#1668 = LINE('',#1669,#1670);
#1669 = CARTESIAN_POINT('',(-12.75,-45.,-286.35));
#1670 = VECTOR('',#1671,1.);
#1671 = DIRECTION('',(0.,-1.,2.22044604925E-16));
#1672 = PCURVE('',#609,#1673);
#1673 = DEFINITIONAL_REPRESENTATION('',(#1674),#1678);
#1674 = LINE('',#1675,#1676);
#1675 = CARTESIAN_POINT('',(6.28318530718,-0.));
#1676 = VECTOR('',#1677,1.);
#1677 = DIRECTION('',(0.,1.));
#1678 = ( GEOMETRIC_REPRESENTATION_CONTEXT(2) 
PARAMETRIC_REPRESENTATION_CONTEXT() REPRESENTATION_CONTEXT('2D SPACE',''
  ) );
#1679 = PCURVE('',#609,#1680);
#1680 = DEFINITIONAL_REPRESENTATION('',(#1681),#1685);
#1681 = LINE('',#1682,#1683);
#1682 = CARTESIAN_POINT('',(0.,-0.));
#1683 = VECTOR('',#1684,1.);
#1684 = DIRECTION('',(0.,1.));
#1685 = ( GEOMETRIC_REPRESENTATION_CONTEXT(2) 
PARAMETRIC_REPRESENTATION_CONTEXT() REPRESENTATION_CONTEXT('2D SPACE',''
  ) );
#1686 = ORIENTED_EDGE('',*,*,#1687,.T.);
#1687 = EDGE_CURVE('',#1665,#1688,#1690,.T.);
#1688 = VERTEX_POINT('',#1689);
#1689 = CARTESIAN_POINT('',(-13.56465996625,-45.,-285.1782581107));
#1690 = SURFACE_CURVE('',#1691,(#1706,#1724),.PCURVE_S1.);
#1691 = B_SPLINE_CURVE_WITH_KNOTS('',7,(#1692,#1693,#1694,#1695,#1696,
    #1697,#1698,#1699,#1700,#1701,#1702,#1703,#1704,#1705),
  .UNSPECIFIED.,.F.,.F.,(8,6,8),(0.,0.668069776485,1.),.UNSPECIFIED.);
#1692 = CARTESIAN_POINT('',(-12.75,-45.23756735281,-286.35));
#1693 = CARTESIAN_POINT('',(-12.75,-45.23756735281,-286.2139932145));
#1694 = CARTESIAN_POINT('',(-12.76726448939,-45.23270143038,
    -286.0778263817));
#1695 = CARTESIAN_POINT('',(-12.80186779704,-45.22294867695,
    -285.9433676087));
#1696 = CARTESIAN_POINT('',(-12.85395852267,-45.20822226054,
    -285.8125807206));
#1697 = CARTESIAN_POINT('',(-12.92368436796,-45.18839020517,
    -285.6876506063));
#1698 = CARTESIAN_POINT('',(-13.01112058541,-45.16328925471,
    -285.5711124616));
#1699 = CARTESIAN_POINT('',(-13.16828371686,-45.117615797,
    -285.4139493301));
#1700 = CARTESIAN_POINT('',(-13.22479720582,-45.10111599673,
    -285.3646203796));
#1701 = CARTESIAN_POINT('',(-13.28549339488,-45.08330145348,
    -285.318665646));
#1702 = CARTESIAN_POINT('',(-13.35014451106,-45.06421372456,
    -285.2765916731));
#1703 = CARTESIAN_POINT('',(-13.41846217182,-45.0439121677,
    -285.2388745778));
#1704 = CARTESIAN_POINT('',(-13.49010095299,-45.02247484053,
    -285.205959053));
#1705 = CARTESIAN_POINT('',(-13.56466195671,-44.9999994,-285.1782573712)
  );
#1706 = PCURVE('',#609,#1707);
#1707 = DEFINITIONAL_REPRESENTATION('',(#1708),#1723);
#1708 = B_SPLINE_CURVE_WITH_KNOTS('',7,(#1709,#1710,#1711,#1712,#1713,
    #1714,#1715,#1716,#1717,#1718,#1719,#1720,#1721,#1722),
  .UNSPECIFIED.,.F.,.F.,(8,6,8),(0.,0.668069776485,1.),.UNSPECIFIED.);
#1709 = CARTESIAN_POINT('',(0.,0.23756735281));
#1710 = CARTESIAN_POINT('',(0.108805428389,0.23756735281));
#1711 = CARTESIAN_POINT('',(0.217738738856,0.232701430389));
#1712 = CARTESIAN_POINT('',(0.327410398484,0.222948676953));
#1713 = CARTESIAN_POINT('',(0.438372376325,0.208222260549));
#1714 = CARTESIAN_POINT('',(0.551223356362,0.188390205175));
#1715 = CARTESIAN_POINT('',(0.666608819671,0.163289254719));
#1716 = CARTESIAN_POINT('',(0.844418605276,0.117615797002));
#1717 = CARTESIAN_POINT('',(0.904291889734,0.101115996732));
#1718 = CARTESIAN_POINT('',(0.964959034892,8.330145348918E-02));
#1719 = CARTESIAN_POINT('',(1.02638286151,6.421372456523E-02));
#1720 = CARTESIAN_POINT('',(1.088544243358,4.391216770553E-02));
#1721 = CARTESIAN_POINT('',(1.151438357602,2.247484053756E-02));
#1722 = CARTESIAN_POINT('',(1.21507093518,-6.E-07));
#1723 = ( GEOMETRIC_REPRESENTATION_CONTEXT(2) 
PARAMETRIC_REPRESENTATION_CONTEXT() REPRESENTATION_CONTEXT('2D SPACE',''
  ) );
#1724 = PCURVE('',#1725,#1730);
#1725 = CYLINDRICAL_SURFACE('',#1726,47.);
#1726 = AXIS2_PLACEMENT_3D('',#1727,#1728,#1729);
#1727 = CARTESIAN_POINT('',(0.,0.,-300.5));
#1728 = DIRECTION('',(0.,0.,1.));
#1729 = DIRECTION('',(1.,0.,-0.));
#1730 = DEFINITIONAL_REPRESENTATION('',(#1731),#1746);
#1731 = B_SPLINE_CURVE_WITH_KNOTS('',7,(#1732,#1733,#1734,#1735,#1736,
    #1737,#1738,#1739,#1740,#1741,#1742,#1743,#1744,#1745),
  .UNSPECIFIED.,.F.,.F.,(8,6,8),(0.,0.668069776485,1.),.UNSPECIFIED.);
#1732 = CARTESIAN_POINT('',(4.437669865074,14.15));
#1733 = CARTESIAN_POINT('',(4.437669865074,14.286006785487));
#1734 = CARTESIAN_POINT('',(4.437288224501,14.42217361824));
#1735 = CARTESIAN_POINT('',(4.436523300556,14.556632391244));
#1736 = CARTESIAN_POINT('',(4.43537154877,14.687419279399));
#1737 = CARTESIAN_POINT('',(4.433829182971,14.812349393622));
#1738 = CARTESIAN_POINT('',(4.431893707096,14.928887538381));
#1739 = CARTESIAN_POINT('',(4.428411467697,15.086050669835));
#1740 = CARTESIAN_POINT('',(4.427158853813,15.135379620358));
#1741 = CARTESIAN_POINT('',(4.425812973094,15.181334353983));
#1742 = CARTESIAN_POINT('',(4.424378721349,15.223408326868));
#1743 = CARTESIAN_POINT('',(4.422862336058,15.261125422193));
#1744 = CARTESIAN_POINT('',(4.42127132878,15.294040946955));
#1745 = CARTESIAN_POINT('',(4.419614417564,15.321742628767));
#1746 = ( GEOMETRIC_REPRESENTATION_CONTEXT(2) 
PARAMETRIC_REPRESENTATION_CONTEXT() REPRESENTATION_CONTEXT('2D SPACE',''
  ) );
#1747 = ORIENTED_EDGE('',*,*,#1748,.T.);
#1748 = EDGE_CURVE('',#1688,#1749,#1751,.T.);
#1749 = VERTEX_POINT('',#1750);
#1750 = CARTESIAN_POINT('',(-13.56465996625,-45.,-287.5217418892));
#1751 = SURFACE_CURVE('',#1752,(#1757,#1764),.PCURVE_S1.);
#1752 = CIRCLE('',#1753,1.25);
#1753 = AXIS2_PLACEMENT_3D('',#1754,#1755,#1756);
#1754 = CARTESIAN_POINT('',(-14.,-45.,-286.35));
#1755 = DIRECTION('',(0.,-1.,2.22044604925E-16));
#1756 = DIRECTION('',(1.,0.,0.));
#1757 = PCURVE('',#609,#1758);
#1758 = DEFINITIONAL_REPRESENTATION('',(#1759),#1763);
#1759 = LINE('',#1760,#1761);
#1760 = CARTESIAN_POINT('',(0.,0.));
#1761 = VECTOR('',#1762,1.);
#1762 = DIRECTION('',(1.,0.));
#1763 = ( GEOMETRIC_REPRESENTATION_CONTEXT(2) 
PARAMETRIC_REPRESENTATION_CONTEXT() REPRESENTATION_CONTEXT('2D SPACE',''
  ) );
#1764 = PCURVE('',#1765,#1770);
#1765 = PLANE('',#1766);
#1766 = AXIS2_PLACEMENT_3D('',#1767,#1768,#1769);
#1767 = CARTESIAN_POINT('',(-14.,-45.,-286.35));
#1768 = DIRECTION('',(0.,-1.,2.22044604925E-16));
#1769 = DIRECTION('',(1.,0.,0.));
#1770 = DEFINITIONAL_REPRESENTATION('',(#1771),#1775);
#1771 = CIRCLE('',#1772,1.25);
#1772 = AXIS2_PLACEMENT_2D('',#1773,#1774);
#1773 = CARTESIAN_POINT('',(0.,0.));
#1774 = DIRECTION('',(1.,0.));
#1775 = ( GEOMETRIC_REPRESENTATION_CONTEXT(2) 
PARAMETRIC_REPRESENTATION_CONTEXT() REPRESENTATION_CONTEXT('2D SPACE',''
  ) );
#1776 = ORIENTED_EDGE('',*,*,#1777,.T.);
#1777 = EDGE_CURVE('',#1749,#1665,#1778,.T.);
#1778 = SURFACE_CURVE('',#1779,(#1794,#1812),.PCURVE_S1.);
#1779 = B_SPLINE_CURVE_WITH_KNOTS('',7,(#1780,#1781,#1782,#1783,#1784,
    #1785,#1786,#1787,#1788,#1789,#1790,#1791,#1792,#1793),
  .UNSPECIFIED.,.F.,.F.,(8,6,8),(0.,0.331930223515,1.),.UNSPECIFIED.);
#1780 = CARTESIAN_POINT('',(-13.56466195671,-44.9999994,-287.5217426287)
  );
#1781 = CARTESIAN_POINT('',(-13.49010095299,-45.02247484053,
    -287.4940409469));
#1782 = CARTESIAN_POINT('',(-13.41846217182,-45.0439121677,
    -287.4611254221));
#1783 = CARTESIAN_POINT('',(-13.35014451106,-45.06421372456,
    -287.4234083268));
#1784 = CARTESIAN_POINT('',(-13.28549339488,-45.08330145348,
    -287.3813343539));
#1785 = CARTESIAN_POINT('',(-13.22479720582,-45.10111599673,
    -287.3353796203));
#1786 = CARTESIAN_POINT('',(-13.16828371686,-45.117615797,
    -287.2860506698));
#1787 = CARTESIAN_POINT('',(-13.01112058541,-45.16328925471,
    -287.1288875383));
#1788 = CARTESIAN_POINT('',(-12.92368436796,-45.18839020517,
    -287.0123493936));
#1789 = CARTESIAN_POINT('',(-12.85395852267,-45.20822226054,
    -286.8874192793));
#1790 = CARTESIAN_POINT('',(-12.80186779704,-45.22294867695,
    -286.7566323912));
#1791 = CARTESIAN_POINT('',(-12.76726448939,-45.23270143038,
    -286.6221736182));
#1792 = CARTESIAN_POINT('',(-12.75,-45.23756735281,-286.4860067854));
#1793 = CARTESIAN_POINT('',(-12.75,-45.23756735281,-286.35));
#1794 = PCURVE('',#609,#1795);
#1795 = DEFINITIONAL_REPRESENTATION('',(#1796),#1811);
#1796 = B_SPLINE_CURVE_WITH_KNOTS('',7,(#1797,#1798,#1799,#1800,#1801,
    #1802,#1803,#1804,#1805,#1806,#1807,#1808,#1809,#1810),
  .UNSPECIFIED.,.F.,.F.,(8,6,8),(0.,0.331930223515,1.),.UNSPECIFIED.);
#1797 = CARTESIAN_POINT('',(5.068114371999,-6.E-07));
#1798 = CARTESIAN_POINT('',(5.131746949577,2.247484053759E-02));
#1799 = CARTESIAN_POINT('',(5.194641063822,4.391216770552E-02));
#1800 = CARTESIAN_POINT('',(5.25680244567,6.421372456519E-02));
#1801 = CARTESIAN_POINT('',(5.318226272288,8.330145348916E-02));
#1802 = CARTESIAN_POINT('',(5.378893417446,0.101115996732));
#1803 = CARTESIAN_POINT('',(5.438766701903,0.117615797002));
#1804 = CARTESIAN_POINT('',(5.616576487508,0.163289254719));
#1805 = CARTESIAN_POINT('',(5.731961950818,0.188390205175));
#1806 = CARTESIAN_POINT('',(5.844812930854,0.208222260549));
#1807 = CARTESIAN_POINT('',(5.955774908696,0.222948676953));
#1808 = CARTESIAN_POINT('',(6.065446568323,0.232701430389));
#1809 = CARTESIAN_POINT('',(6.17437987879,0.23756735281));
#1810 = CARTESIAN_POINT('',(6.28318530718,0.23756735281));
#1811 = ( GEOMETRIC_REPRESENTATION_CONTEXT(2) 
PARAMETRIC_REPRESENTATION_CONTEXT() REPRESENTATION_CONTEXT('2D SPACE',''
  ) );
#1812 = PCURVE('',#1725,#1813);
#1813 = DEFINITIONAL_REPRESENTATION('',(#1814),#1829);
#1814 = B_SPLINE_CURVE_WITH_KNOTS('',7,(#1815,#1816,#1817,#1818,#1819,
    #1820,#1821,#1822,#1823,#1824,#1825,#1826,#1827,#1828),
  .UNSPECIFIED.,.F.,.F.,(8,6,8),(0.,0.331930223515,1.),.UNSPECIFIED.);
#1815 = CARTESIAN_POINT('',(4.419614417564,12.978257371233));
#1816 = CARTESIAN_POINT('',(4.42127132878,13.005959053045));
#1817 = CARTESIAN_POINT('',(4.422862336058,13.038874577807));
#1818 = CARTESIAN_POINT('',(4.424378721349,13.076591673132));
#1819 = CARTESIAN_POINT('',(4.425812973094,13.118665646017));
#1820 = CARTESIAN_POINT('',(4.427158853813,13.164620379642));
#1821 = CARTESIAN_POINT('',(4.428411467697,13.213949330165));
#1822 = CARTESIAN_POINT('',(4.431893707096,13.371112461619));
#1823 = CARTESIAN_POINT('',(4.433829182971,13.487650606378));
#1824 = CARTESIAN_POINT('',(4.43537154877,13.612580720601));
#1825 = CARTESIAN_POINT('',(4.436523300556,13.743367608756));
#1826 = CARTESIAN_POINT('',(4.437288224501,13.87782638176));
#1827 = CARTESIAN_POINT('',(4.437669865074,14.013993214513));
#1828 = CARTESIAN_POINT('',(4.437669865074,14.15));
#1829 = ( GEOMETRIC_REPRESENTATION_CONTEXT(2) 
PARAMETRIC_REPRESENTATION_CONTEXT() REPRESENTATION_CONTEXT('2D SPACE',''
  ) );
#1830 = ORIENTED_EDGE('',*,*,#1664,.T.);
#1831 = ADVANCED_FACE('',(#1832),#776,.F.);
#1832 = FACE_BOUND('',#1833,.F.);
#1833 = EDGE_LOOP('',(#1834,#1835,#1858,#1887,#1997,#2019));
#1834 = ORIENTED_EDGE('',*,*,#664,.F.);
#1835 = ORIENTED_EDGE('',*,*,#1836,.F.);
#1836 = EDGE_CURVE('',#1837,#665,#1839,.T.);
#1837 = VERTEX_POINT('',#1838);
#1838 = CARTESIAN_POINT('',(15.25,-45.,-286.35));
#1839 = SEAM_CURVE('',#1840,(#1844,#1851),.PCURVE_S1.);
#1840 = LINE('',#1841,#1842);
#1841 = CARTESIAN_POINT('',(15.25,-45.,-286.35));
#1842 = VECTOR('',#1843,1.);
#1843 = DIRECTION('',(0.,-1.,2.22044604925E-16));
#1844 = PCURVE('',#776,#1845);
#1845 = DEFINITIONAL_REPRESENTATION('',(#1846),#1850);
#1846 = LINE('',#1847,#1848);
#1847 = CARTESIAN_POINT('',(6.28318530718,-0.));
#1848 = VECTOR('',#1849,1.);
#1849 = DIRECTION('',(0.,1.));
#1850 = ( GEOMETRIC_REPRESENTATION_CONTEXT(2) 
PARAMETRIC_REPRESENTATION_CONTEXT() REPRESENTATION_CONTEXT('2D SPACE',''
  ) );
#1851 = PCURVE('',#776,#1852);
#1852 = DEFINITIONAL_REPRESENTATION('',(#1853),#1857);
#1853 = LINE('',#1854,#1855);
#1854 = CARTESIAN_POINT('',(0.,-0.));
#1855 = VECTOR('',#1856,1.);
#1856 = DIRECTION('',(0.,1.));
#1857 = ( GEOMETRIC_REPRESENTATION_CONTEXT(2) 
PARAMETRIC_REPRESENTATION_CONTEXT() REPRESENTATION_CONTEXT('2D SPACE',''
  ) );
#1858 = ORIENTED_EDGE('',*,*,#1859,.T.);
#1859 = EDGE_CURVE('',#1837,#1860,#1862,.T.);
#1860 = VERTEX_POINT('',#1861);
#1861 = CARTESIAN_POINT('',(13.564659966251,-45.,-285.1782581107));
#1862 = SURFACE_CURVE('',#1863,(#1868,#1875),.PCURVE_S1.);
#1863 = CIRCLE('',#1864,1.25);
#1864 = AXIS2_PLACEMENT_3D('',#1865,#1866,#1867);
#1865 = CARTESIAN_POINT('',(14.,-45.,-286.35));
#1866 = DIRECTION('',(0.,-1.,2.22044604925E-16));
#1867 = DIRECTION('',(1.,0.,0.));
#1868 = PCURVE('',#776,#1869);
#1869 = DEFINITIONAL_REPRESENTATION('',(#1870),#1874);
#1870 = LINE('',#1871,#1872);
#1871 = CARTESIAN_POINT('',(0.,0.));
#1872 = VECTOR('',#1873,1.);
#1873 = DIRECTION('',(1.,0.));
#1874 = ( GEOMETRIC_REPRESENTATION_CONTEXT(2) 
PARAMETRIC_REPRESENTATION_CONTEXT() REPRESENTATION_CONTEXT('2D SPACE',''
  ) );
#1875 = PCURVE('',#1876,#1881);
#1876 = PLANE('',#1877);
#1877 = AXIS2_PLACEMENT_3D('',#1878,#1879,#1880);
#1878 = CARTESIAN_POINT('',(14.,-45.,-286.35));
#1879 = DIRECTION('',(0.,-1.,2.22044604925E-16));
#1880 = DIRECTION('',(1.,0.,0.));
#1881 = DEFINITIONAL_REPRESENTATION('',(#1882),#1886);
#1882 = CIRCLE('',#1883,1.25);
#1883 = AXIS2_PLACEMENT_2D('',#1884,#1885);
#1884 = CARTESIAN_POINT('',(0.,0.));
#1885 = DIRECTION('',(1.,0.));
#1886 = ( GEOMETRIC_REPRESENTATION_CONTEXT(2) 
PARAMETRIC_REPRESENTATION_CONTEXT() REPRESENTATION_CONTEXT('2D SPACE',''
  ) );
#1887 = ORIENTED_EDGE('',*,*,#1888,.T.);
#1888 = EDGE_CURVE('',#1860,#1889,#1891,.T.);
#1889 = VERTEX_POINT('',#1890);
#1890 = CARTESIAN_POINT('',(13.564659966251,-45.,-287.5217418892));
#1891 = SURFACE_CURVE('',#1892,(#1925,#1961),.PCURVE_S1.);
#1892 = B_SPLINE_CURVE_WITH_KNOTS('',6,(#1893,#1894,#1895,#1896,#1897,
    #1898,#1899,#1900,#1901,#1902,#1903,#1904,#1905,#1906,#1907,#1908,
    #1909,#1910,#1911,#1912,#1913,#1914,#1915,#1916,#1917,#1918,#1919,
    #1920,#1921,#1922,#1923,#1924),.UNSPECIFIED.,.F.,.F.,(7,5,5,5,5,5,7)
  ,(0.,0.166083059161,0.262807391034,0.499994480308,0.670687871153,
    0.833930979078,1.),.UNSPECIFIED.);
#1893 = CARTESIAN_POINT('',(13.564661956717,-44.9999994,-285.1782573712)
  );
#1894 = CARTESIAN_POINT('',(13.477674119036,-45.02622074729,-285.210576)
  );
#1895 = CARTESIAN_POINT('',(13.394777392936,-45.05098873587,
    -285.2501940089));
#1896 = CARTESIAN_POINT('',(13.316669849663,-45.07413246608,
    -285.2963899212));
#1897 = CARTESIAN_POINT('',(13.243924788517,-45.09552677002,
    -285.3483666123));
#1898 = CARTESIAN_POINT('',(13.176978249094,-45.11508906349,
    -285.4052547979));
#1899 = CARTESIAN_POINT('',(13.080671549341,-45.14307692514,
    -285.5015614976));
#1900 = CARTESIAN_POINT('',(13.047253018327,-45.15275249889,
    -285.5383913658));
#1901 = CARTESIAN_POINT('',(13.01588350712,-45.16180422367,
    -285.5764678632));
#1902 = CARTESIAN_POINT('',(12.986579254747,-45.17023452845,
    -285.6156582124));
#1903 = CARTESIAN_POINT('',(12.959350162626,-45.17804696678,
    -285.6558351235));
#1904 = CARTESIAN_POINT('',(12.872526144496,-45.20290019413,
    -285.797519044));
#1905 = CARTESIAN_POINT('',(12.823372961522,-45.21686091018,
    -285.9033280422));
#1906 = CARTESIAN_POINT('',(12.786639227466,-45.22724072775,
    -286.0127329464));
#1907 = CARTESIAN_POINT('',(12.762209093432,-45.2341262832,
    -286.1244238888));
#1908 = CARTESIAN_POINT('',(12.75,-45.23756735281,-286.2372269736));
#1909 = CARTESIAN_POINT('',(12.75,-45.23756735281,-286.4311579176));
#1910 = CARTESIAN_POINT('',(12.756322662726,-45.23578534825,
    -286.5123165675));
#1911 = CARTESIAN_POINT('',(12.768970482614,-45.23222059345,
    -286.5930627887));
#1912 = CARTESIAN_POINT('',(12.787964584465,-45.22686006603,
    -286.6729642818));
#1913 = CARTESIAN_POINT('',(12.813341606658,-45.21967901653,
    -286.751560625));
#1914 = CARTESIAN_POINT('',(12.875571190305,-45.20199848058,
    -286.9017961299));
#1915 = CARTESIAN_POINT('',(12.911884213117,-45.19165473779,
    -286.9736121159));
#1916 = CARTESIAN_POINT('',(12.954116085436,-45.17958356555,
    -287.0432997242));
#1917 = CARTESIAN_POINT('',(13.002264083586,-45.16575983791,
    -287.1103130788));
#1918 = CARTESIAN_POINT('',(13.056290451311,-45.15016235949,
    -287.1740574042));
#1919 = CARTESIAN_POINT('',(13.176978249094,-45.11508906349,
    -287.294745202));
#1920 = CARTESIAN_POINT('',(13.243924788517,-45.09552677002,
    -287.3516333876));
#1921 = CARTESIAN_POINT('',(13.316669849663,-45.07413246608,
    -287.4036100787));
#1922 = CARTESIAN_POINT('',(13.394777392936,-45.05098873587,
    -287.449805991));
#1923 = CARTESIAN_POINT('',(13.477674119036,-45.02622074729,
    -287.4894239999));
#1924 = CARTESIAN_POINT('',(13.564661956717,-44.9999994,-287.5217426287)
  );
#1925 = PCURVE('',#776,#1926);
#1926 = DEFINITIONAL_REPRESENTATION('',(#1927),#1960);
#1927 = B_SPLINE_CURVE_WITH_KNOTS('',6,(#1928,#1929,#1930,#1931,#1932,
    #1933,#1934,#1935,#1936,#1937,#1938,#1939,#1940,#1941,#1942,#1943,
    #1944,#1945,#1946,#1947,#1948,#1949,#1950,#1951,#1952,#1953,#1954,
    #1955,#1956,#1957,#1958,#1959),.UNSPECIFIED.,.F.,.F.,(7,5,5,5,5,5,7)
  ,(0.,0.166083059161,0.262807391034,0.499994480308,0.670687871153,
    0.833930979078,1.),.UNSPECIFIED.);
#1928 = CARTESIAN_POINT('',(1.926521718409,-6.E-07));
#1929 = CARTESIAN_POINT('',(2.000759725584,2.622074729382E-02));
#1930 = CARTESIAN_POINT('',(2.073963884091,5.098873587018E-02));
#1931 = CARTESIAN_POINT('',(2.146144223072,7.413246608648E-02));
#1932 = CARTESIAN_POINT('',(2.217286146199,9.552677002612E-02));
#1933 = CARTESIAN_POINT('',(2.287337308,0.115089063497));
#1934 = CARTESIAN_POINT('',(2.396295900751,0.143076925144));
#1935 = CARTESIAN_POINT('',(2.436034682383,0.152752498898));
#1936 = CARTESIAN_POINT('',(2.47543504487,0.161804223677));
#1937 = CARTESIAN_POINT('',(2.514518946257,0.170234528451));
#1938 = CARTESIAN_POINT('',(2.553306092849,0.178046966781));
#1939 = CARTESIAN_POINT('',(2.686242753721,0.202900194139));
#1940 = CARTESIAN_POINT('',(2.778962552098,0.216860910188));
#1941 = CARTESIAN_POINT('',(2.870458081706,0.227240727757));
#1942 = CARTESIAN_POINT('',(2.961131537379,0.234126283201));
#1943 = CARTESIAN_POINT('',(3.051374232498,0.23756735281));
#1944 = CARTESIAN_POINT('',(3.206518987733,0.23756735281));
#1945 = CARTESIAN_POINT('',(3.271445789677,0.235785348255));
#1946 = CARTESIAN_POINT('',(3.336535628924,0.232220593453));
#1947 = CARTESIAN_POINT('',(3.401935035554,0.226860066036));
#1948 = CARTESIAN_POINT('',(3.467795043741,0.219679016536));
#1949 = CARTESIAN_POINT('',(3.597886034641,0.201998480584));
#1950 = CARTESIAN_POINT('',(3.662082350128,0.191654737797));
#1951 = CARTESIAN_POINT('',(3.72698143475,0.179583565559));
#1952 = CARTESIAN_POINT('',(3.792683943709,0.165759837914));
#1953 = CARTESIAN_POINT('',(3.859305342829,0.150162359493));
#1954 = CARTESIAN_POINT('',(3.995847999179,0.115089063497));
#1955 = CARTESIAN_POINT('',(4.065899160981,9.552677002612E-02));
#1956 = CARTESIAN_POINT('',(4.137041084107,7.413246608648E-02));
#1957 = CARTESIAN_POINT('',(4.209221423089,5.09887358702E-02));
#1958 = CARTESIAN_POINT('',(4.282425581596,2.622074729384E-02));
#1959 = CARTESIAN_POINT('',(4.35666358877,-6.E-07));
#1960 = ( GEOMETRIC_REPRESENTATION_CONTEXT(2) 
PARAMETRIC_REPRESENTATION_CONTEXT() REPRESENTATION_CONTEXT('2D SPACE',''
  ) );
#1961 = PCURVE('',#1725,#1962);
#1962 = DEFINITIONAL_REPRESENTATION('',(#1963),#1996);
#1963 = B_SPLINE_CURVE_WITH_KNOTS('',6,(#1964,#1965,#1966,#1967,#1968,
    #1969,#1970,#1971,#1972,#1973,#1974,#1975,#1976,#1977,#1978,#1979,
    #1980,#1981,#1982,#1983,#1984,#1985,#1986,#1987,#1988,#1989,#1990,
    #1991,#1992,#1993,#1994,#1995),.UNSPECIFIED.,.F.,.F.,(7,5,5,5,5,5,7)
  ,(0.,0.166083059161,0.262807391034,0.499994480308,0.670687871153,
    0.833930979078,1.),.UNSPECIFIED.);
#1964 = CARTESIAN_POINT('',(5.005163543206,15.321742628767));
#1965 = CARTESIAN_POINT('',(5.00323048012,15.289423999987));
#1966 = CARTESIAN_POINT('',(5.001389682548,15.249805991075));
#1967 = CARTESIAN_POINT('',(4.999656407075,15.203610078713));
#1968 = CARTESIAN_POINT('',(4.998043095144,15.151633387677));
#1969 = CARTESIAN_POINT('',(4.996559136489,15.09474520206));
#1970 = CARTESIAN_POINT('',(4.994425283714,14.998438502307));
#1971 = CARTESIAN_POINT('',(4.993685049624,14.961608634124));
#1972 = CARTESIAN_POINT('',(4.992990383051,14.923532136755));
#1973 = CARTESIAN_POINT('',(4.99234160092,14.884341787564));
#1974 = CARTESIAN_POINT('',(4.991738884335,14.844164876459));
#1975 = CARTESIAN_POINT('',(4.989817371775,14.702480955991));
#1976 = CARTESIAN_POINT('',(4.988730196867,14.596671957737));
#1977 = CARTESIAN_POINT('',(4.987918025059,14.487267053535));
#1978 = CARTESIAN_POINT('',(4.987377984029,14.375576111198));
#1979 = CARTESIAN_POINT('',(4.987108095695,14.262773026364));
#1980 = CARTESIAN_POINT('',(4.987108095695,14.068842082321));
#1981 = CARTESIAN_POINT('',(4.987247861374,13.987683432434));
#1982 = CARTESIAN_POINT('',(4.987527448236,13.906937211264));
#1983 = CARTESIAN_POINT('',(4.987947363827,13.827035718178));
#1984 = CARTESIAN_POINT('',(4.988508501523,13.748439374919));
#1985 = CARTESIAN_POINT('',(4.989884938166,13.598203870098));
#1986 = CARTESIAN_POINT('',(4.990688288985,13.526387884055));
#1987 = CARTESIAN_POINT('',(4.991622823784,13.456700275791));
#1988 = CARTESIAN_POINT('',(4.992688634386,13.389686921124));
#1989 = CARTESIAN_POINT('',(4.993885075464,13.325942595723));
#1990 = CARTESIAN_POINT('',(4.996559136489,13.20525479794));
#1991 = CARTESIAN_POINT('',(4.998043095144,13.148366612323));
#1992 = CARTESIAN_POINT('',(4.999656407075,13.096389921287));
#1993 = CARTESIAN_POINT('',(5.001389682548,13.050194008925));
#1994 = CARTESIAN_POINT('',(5.00323048012,13.010576000013));
#1995 = CARTESIAN_POINT('',(5.005163543206,12.978257371233));
#1996 = ( GEOMETRIC_REPRESENTATION_CONTEXT(2) 
PARAMETRIC_REPRESENTATION_CONTEXT() REPRESENTATION_CONTEXT('2D SPACE',''
  ) );
#1997 = ORIENTED_EDGE('',*,*,#1998,.T.);
#1998 = EDGE_CURVE('',#1889,#1837,#1999,.T.);
#1999 = SURFACE_CURVE('',#2000,(#2005,#2012),.PCURVE_S1.);
#2000 = CIRCLE('',#2001,1.25);
#2001 = AXIS2_PLACEMENT_3D('',#2002,#2003,#2004);
#2002 = CARTESIAN_POINT('',(14.,-45.,-286.35));
#2003 = DIRECTION('',(0.,-1.,2.22044604925E-16));
#2004 = DIRECTION('',(1.,0.,0.));
#2005 = PCURVE('',#776,#2006);
#2006 = DEFINITIONAL_REPRESENTATION('',(#2007),#2011);
#2007 = LINE('',#2008,#2009);
#2008 = CARTESIAN_POINT('',(0.,0.));
#2009 = VECTOR('',#2010,1.);
#2010 = DIRECTION('',(1.,0.));
#2011 = ( GEOMETRIC_REPRESENTATION_CONTEXT(2) 
PARAMETRIC_REPRESENTATION_CONTEXT() REPRESENTATION_CONTEXT('2D SPACE',''
  ) );
#2012 = PCURVE('',#1876,#2013);
#2013 = DEFINITIONAL_REPRESENTATION('',(#2014),#2018);
#2014 = CIRCLE('',#2015,1.25);
#2015 = AXIS2_PLACEMENT_2D('',#2016,#2017);
#2016 = CARTESIAN_POINT('',(0.,0.));
#2017 = DIRECTION('',(1.,0.));
#2018 = ( GEOMETRIC_REPRESENTATION_CONTEXT(2) 
PARAMETRIC_REPRESENTATION_CONTEXT() REPRESENTATION_CONTEXT('2D SPACE',''
  ) );
#2019 = ORIENTED_EDGE('',*,*,#1836,.T.);
#2020 = ADVANCED_FACE('',(#2021),#857,.T.);
#2021 = FACE_BOUND('',#2022,.T.);
#2022 = EDGE_LOOP('',(#2023,#2046,#2067,#2088));
#2023 = ORIENTED_EDGE('',*,*,#2024,.F.);
#2024 = EDGE_CURVE('',#2025,#841,#2027,.T.);
#2025 = VERTEX_POINT('',#2026);
#2026 = CARTESIAN_POINT('',(-34.08863494513,33.403085233487,-283.4));
#2027 = SURFACE_CURVE('',#2028,(#2032,#2039),.PCURVE_S1.);
#2028 = LINE('',#2029,#2030);
#2029 = CARTESIAN_POINT('',(-10.91578799133,8.553249238048,-283.4));
#2030 = VECTOR('',#2031,1.);
#2031 = DIRECTION('',(-0.681998360062,0.731353701619,0.));
#2032 = PCURVE('',#857,#2033);
#2033 = DEFINITIONAL_REPRESENTATION('',(#2034),#2038);
#2034 = LINE('',#2035,#2036);
#2035 = CARTESIAN_POINT('',(0.,4.3));
#2036 = VECTOR('',#2037,1.);
#2037 = DIRECTION('',(1.,0.));
#2038 = ( GEOMETRIC_REPRESENTATION_CONTEXT(2) 
PARAMETRIC_REPRESENTATION_CONTEXT() REPRESENTATION_CONTEXT('2D SPACE',''
  ) );
#2039 = PCURVE('',#937,#2040);
#2040 = DEFINITIONAL_REPRESENTATION('',(#2041),#2045);
#2041 = LINE('',#2042,#2043);
#2042 = CARTESIAN_POINT('',(0.,0.));
#2043 = VECTOR('',#2044,1.);
#2044 = DIRECTION('',(0.,1.));
#2045 = ( GEOMETRIC_REPRESENTATION_CONTEXT(2) 
PARAMETRIC_REPRESENTATION_CONTEXT() REPRESENTATION_CONTEXT('2D SPACE',''
  ) );
#2046 = ORIENTED_EDGE('',*,*,#2047,.T.);
#2047 = EDGE_CURVE('',#2025,#2048,#2050,.T.);
#2048 = VERTEX_POINT('',#2049);
#2049 = CARTESIAN_POINT('',(-30.7901233442,36.170865101255,-283.4));
#2050 = SURFACE_CURVE('',#2051,(#2055,#2061),.PCURVE_S1.);
#2051 = LINE('',#2052,#2053);
#2052 = CARTESIAN_POINT('',(-31.60983347383,35.483046633813,-283.4));
#2053 = VECTOR('',#2054,1.);
#2054 = DIRECTION('',(0.766044443119,0.642787609687,-0.));
#2055 = PCURVE('',#857,#2056);
#2056 = DEFINITIONAL_REPRESENTATION('',(#2057),#2060);
#2057 = B_SPLINE_CURVE_WITH_KNOTS('',1,(#2058,#2059),.UNSPECIFIED.,.F.,
  .F.,(2,2),(-3.235845509437,1.070055578354),.PIECEWISE_BEZIER_KNOTS.);
#2058 = CARTESIAN_POINT('',(33.97786316036,4.3));
#2059 = CARTESIAN_POINT('',(33.752509709443,-3.743443631549E-16));
#2060 = ( GEOMETRIC_REPRESENTATION_CONTEXT(2) 
PARAMETRIC_REPRESENTATION_CONTEXT() REPRESENTATION_CONTEXT('2D SPACE',''
  ) );
#2061 = PCURVE('',#1309,#2062);
#2062 = DEFINITIONAL_REPRESENTATION('',(#2063),#2066);
#2063 = B_SPLINE_CURVE_WITH_KNOTS('',1,(#2064,#2065),.UNSPECIFIED.,.F.,
  .F.,(2,2),(-3.235845509437,1.070055578354),.PIECEWISE_BEZIER_KNOTS.);
#2064 = CARTESIAN_POINT('',(3.495201464554,-4.059925308907));
#2065 = CARTESIAN_POINT('',(6.53993332285,-1.015193450612));
#2066 = ( GEOMETRIC_REPRESENTATION_CONTEXT(2) 
PARAMETRIC_REPRESENTATION_CONTEXT() REPRESENTATION_CONTEXT('2D SPACE',''
  ) );
#2067 = ORIENTED_EDGE('',*,*,#2068,.T.);
#2068 = EDGE_CURVE('',#2048,#839,#2069,.T.);
#2069 = SURFACE_CURVE('',#2070,(#2074,#2081),.PCURVE_S1.);
#2070 = LINE('',#2071,#2072);
#2071 = CARTESIAN_POINT('',(-7.770967074375,11.485842186317,-283.4));
#2072 = VECTOR('',#2073,1.);
#2073 = DIRECTION('',(-0.681998360062,0.731353701619,0.));
#2074 = PCURVE('',#857,#2075);
#2075 = DEFINITIONAL_REPRESENTATION('',(#2076),#2080);
#2076 = LINE('',#2077,#2078);
#2077 = CARTESIAN_POINT('',(0.,0.));
#2078 = VECTOR('',#2079,1.);
#2079 = DIRECTION('',(1.,0.));
#2080 = ( GEOMETRIC_REPRESENTATION_CONTEXT(2) 
PARAMETRIC_REPRESENTATION_CONTEXT() REPRESENTATION_CONTEXT('2D SPACE',''
  ) );
#2081 = PCURVE('',#884,#2082);
#2082 = DEFINITIONAL_REPRESENTATION('',(#2083),#2087);
#2083 = LINE('',#2084,#2085);
#2084 = CARTESIAN_POINT('',(0.,0.));
#2085 = VECTOR('',#2086,1.);
#2086 = DIRECTION('',(0.,1.));
#2087 = ( GEOMETRIC_REPRESENTATION_CONTEXT(2) 
PARAMETRIC_REPRESENTATION_CONTEXT() REPRESENTATION_CONTEXT('2D SPACE',''
  ) );
#2088 = ORIENTED_EDGE('',*,*,#838,.T.);
#2089 = ADVANCED_FACE('',(#2090),#884,.T.);
#2090 = FACE_BOUND('',#2091,.T.);
#2091 = EDGE_LOOP('',(#2092,#2093,#2114,#2135));
#2092 = ORIENTED_EDGE('',*,*,#2068,.F.);
#2093 = ORIENTED_EDGE('',*,*,#2094,.T.);
#2094 = EDGE_CURVE('',#2048,#2095,#2097,.T.);
#2095 = VERTEX_POINT('',#2096);
#2096 = CARTESIAN_POINT('',(-30.7901233442,36.170865101255,-282.));
#2097 = SURFACE_CURVE('',#2098,(#2102,#2108),.PCURVE_S1.);
#2098 = LINE('',#2099,#2100);
#2099 = CARTESIAN_POINT('',(-30.7901233442,36.170865101255,
    -286.0711406871));
#2100 = VECTOR('',#2101,1.);
#2101 = DIRECTION('',(0.,0.,1.));
#2102 = PCURVE('',#884,#2103);
#2103 = DEFINITIONAL_REPRESENTATION('',(#2104),#2107);
#2104 = B_SPLINE_CURVE_WITH_KNOTS('',1,(#2105,#2106),.UNSPECIFIED.,.F.,
  .F.,(2,2),(2.671140687119,4.071140687119),.PIECEWISE_BEZIER_KNOTS.);
#2105 = CARTESIAN_POINT('',(0.,33.752509709443));
#2106 = CARTESIAN_POINT('',(1.4,33.752509709443));
#2107 = ( GEOMETRIC_REPRESENTATION_CONTEXT(2) 
PARAMETRIC_REPRESENTATION_CONTEXT() REPRESENTATION_CONTEXT('2D SPACE',''
  ) );
#2108 = PCURVE('',#1309,#2109);
#2109 = DEFINITIONAL_REPRESENTATION('',(#2110),#2113);
#2110 = B_SPLINE_CURVE_WITH_KNOTS('',1,(#2111,#2112),.UNSPECIFIED.,.F.,
  .F.,(2,2),(2.671140687119,4.071140687119),.PIECEWISE_BEZIER_KNOTS.);
#2111 = CARTESIAN_POINT('',(6.53993332285,-1.015193450612));
#2112 = CARTESIAN_POINT('',(7.529882816511,-2.005142944273));
#2113 = ( GEOMETRIC_REPRESENTATION_CONTEXT(2) 
PARAMETRIC_REPRESENTATION_CONTEXT() REPRESENTATION_CONTEXT('2D SPACE',''
  ) );
#2114 = ORIENTED_EDGE('',*,*,#2115,.T.);
#2115 = EDGE_CURVE('',#2095,#870,#2116,.T.);
#2116 = SURFACE_CURVE('',#2117,(#2121,#2128),.PCURVE_S1.);
#2117 = LINE('',#2118,#2119);
#2118 = CARTESIAN_POINT('',(-7.770967074375,11.485842186317,-282.));
#2119 = VECTOR('',#2120,1.);
#2120 = DIRECTION('',(-0.681998360062,0.731353701619,0.));
#2121 = PCURVE('',#884,#2122);
#2122 = DEFINITIONAL_REPRESENTATION('',(#2123),#2127);
#2123 = LINE('',#2124,#2125);
#2124 = CARTESIAN_POINT('',(1.4,0.));
#2125 = VECTOR('',#2126,1.);
#2126 = DIRECTION('',(0.,1.));
#2127 = ( GEOMETRIC_REPRESENTATION_CONTEXT(2) 
PARAMETRIC_REPRESENTATION_CONTEXT() REPRESENTATION_CONTEXT('2D SPACE',''
  ) );
#2128 = PCURVE('',#912,#2129);
#2129 = DEFINITIONAL_REPRESENTATION('',(#2130),#2134);
#2130 = LINE('',#2131,#2132);
#2131 = CARTESIAN_POINT('',(0.,0.));
#2132 = VECTOR('',#2133,1.);
#2133 = DIRECTION('',(1.,0.));
#2134 = ( GEOMETRIC_REPRESENTATION_CONTEXT(2) 
PARAMETRIC_REPRESENTATION_CONTEXT() REPRESENTATION_CONTEXT('2D SPACE',''
  ) );
#2135 = ORIENTED_EDGE('',*,*,#869,.F.);
#2136 = ADVANCED_FACE('',(#2137),#937,.F.);
#2137 = FACE_BOUND('',#2138,.F.);
#2138 = EDGE_LOOP('',(#2139,#2140,#2161,#2182));
#2139 = ORIENTED_EDGE('',*,*,#2024,.F.);
#2140 = ORIENTED_EDGE('',*,*,#2141,.T.);
#2141 = EDGE_CURVE('',#2025,#2142,#2144,.T.);
#2142 = VERTEX_POINT('',#2143);
#2143 = CARTESIAN_POINT('',(-34.08863494513,33.403085233487,-282.));
#2144 = SURFACE_CURVE('',#2145,(#2149,#2155),.PCURVE_S1.);
#2145 = LINE('',#2146,#2147);
#2146 = CARTESIAN_POINT('',(-34.08863494513,33.403085233487,
    -286.0711406871));
#2147 = VECTOR('',#2148,1.);
#2148 = DIRECTION('',(0.,0.,1.));
#2149 = PCURVE('',#937,#2150);
#2150 = DEFINITIONAL_REPRESENTATION('',(#2151),#2154);
#2151 = B_SPLINE_CURVE_WITH_KNOTS('',1,(#2152,#2153),.UNSPECIFIED.,.F.,
  .F.,(2,2),(2.671140687119,4.071140687119),.PIECEWISE_BEZIER_KNOTS.);
#2152 = CARTESIAN_POINT('',(0.,33.97786316036));
#2153 = CARTESIAN_POINT('',(1.4,33.97786316036));
#2154 = ( GEOMETRIC_REPRESENTATION_CONTEXT(2) 
PARAMETRIC_REPRESENTATION_CONTEXT() REPRESENTATION_CONTEXT('2D SPACE',''
  ) );
#2155 = PCURVE('',#1309,#2156);
#2156 = DEFINITIONAL_REPRESENTATION('',(#2157),#2160);
#2157 = B_SPLINE_CURVE_WITH_KNOTS('',1,(#2158,#2159),.UNSPECIFIED.,.F.,
  .F.,(2,2),(2.671140687119,4.071140687119),.PIECEWISE_BEZIER_KNOTS.);
#2158 = CARTESIAN_POINT('',(3.495201464554,-4.059925308907));
#2159 = CARTESIAN_POINT('',(4.485150958215,-5.049874802569));
#2160 = ( GEOMETRIC_REPRESENTATION_CONTEXT(2) 
PARAMETRIC_REPRESENTATION_CONTEXT() REPRESENTATION_CONTEXT('2D SPACE',''
  ) );
#2161 = ORIENTED_EDGE('',*,*,#2162,.T.);
#2162 = EDGE_CURVE('',#2142,#896,#2163,.T.);
#2163 = SURFACE_CURVE('',#2164,(#2168,#2175),.PCURVE_S1.);
#2164 = LINE('',#2165,#2166);
#2165 = CARTESIAN_POINT('',(-10.91578799133,8.553249238048,-282.));
#2166 = VECTOR('',#2167,1.);
#2167 = DIRECTION('',(-0.681998360062,0.731353701619,0.));
#2168 = PCURVE('',#937,#2169);
#2169 = DEFINITIONAL_REPRESENTATION('',(#2170),#2174);
#2170 = LINE('',#2171,#2172);
#2171 = CARTESIAN_POINT('',(1.4,0.));
#2172 = VECTOR('',#2173,1.);
#2173 = DIRECTION('',(0.,1.));
#2174 = ( GEOMETRIC_REPRESENTATION_CONTEXT(2) 
PARAMETRIC_REPRESENTATION_CONTEXT() REPRESENTATION_CONTEXT('2D SPACE',''
  ) );
#2175 = PCURVE('',#912,#2176);
#2176 = DEFINITIONAL_REPRESENTATION('',(#2177),#2181);
#2177 = LINE('',#2178,#2179);
#2178 = CARTESIAN_POINT('',(0.,4.3));
#2179 = VECTOR('',#2180,1.);
#2180 = DIRECTION('',(1.,0.));
#2181 = ( GEOMETRIC_REPRESENTATION_CONTEXT(2) 
PARAMETRIC_REPRESENTATION_CONTEXT() REPRESENTATION_CONTEXT('2D SPACE',''
  ) );
#2182 = ORIENTED_EDGE('',*,*,#924,.F.);
#2183 = ADVANCED_FACE('',(#2184),#912,.F.);
#2184 = FACE_BOUND('',#2185,.F.);
#2185 = EDGE_LOOP('',(#2186,#2187,#2206,#2207));
#2186 = ORIENTED_EDGE('',*,*,#2162,.F.);
#2187 = ORIENTED_EDGE('',*,*,#2188,.T.);
#2188 = EDGE_CURVE('',#2142,#2095,#2189,.T.);
#2189 = SURFACE_CURVE('',#2190,(#2194,#2200),.PCURVE_S1.);
#2190 = LINE('',#2191,#2192);
#2191 = CARTESIAN_POINT('',(-31.60983347383,35.483046633813,-282.));
#2192 = VECTOR('',#2193,1.);
#2193 = DIRECTION('',(0.766044443119,0.642787609687,-0.));
#2194 = PCURVE('',#912,#2195);
#2195 = DEFINITIONAL_REPRESENTATION('',(#2196),#2199);
#2196 = B_SPLINE_CURVE_WITH_KNOTS('',1,(#2197,#2198),.UNSPECIFIED.,.F.,
  .F.,(2,2),(-3.235845509437,1.070055578354),.PIECEWISE_BEZIER_KNOTS.);
#2197 = CARTESIAN_POINT('',(33.97786316036,4.3));
#2198 = CARTESIAN_POINT('',(33.752509709443,-3.743443631549E-16));
#2199 = ( GEOMETRIC_REPRESENTATION_CONTEXT(2) 
PARAMETRIC_REPRESENTATION_CONTEXT() REPRESENTATION_CONTEXT('2D SPACE',''
  ) );
#2200 = PCURVE('',#1309,#2201);
#2201 = DEFINITIONAL_REPRESENTATION('',(#2202),#2205);
#2202 = B_SPLINE_CURVE_WITH_KNOTS('',1,(#2203,#2204),.UNSPECIFIED.,.F.,
  .F.,(2,2),(-3.235845509437,1.070055578354),.PIECEWISE_BEZIER_KNOTS.);
#2203 = CARTESIAN_POINT('',(4.485150958215,-5.049874802569));
#2204 = CARTESIAN_POINT('',(7.529882816511,-2.005142944273));
#2205 = ( GEOMETRIC_REPRESENTATION_CONTEXT(2) 
PARAMETRIC_REPRESENTATION_CONTEXT() REPRESENTATION_CONTEXT('2D SPACE',''
  ) );
#2206 = ORIENTED_EDGE('',*,*,#2115,.T.);
#2207 = ORIENTED_EDGE('',*,*,#895,.T.);
#2208 = ADVANCED_FACE('',(#2209),#970,.T.);
#2209 = FACE_BOUND('',#2210,.T.);
#2210 = EDGE_LOOP('',(#2211,#2234,#2235,#2236,#2237,#2238,#2239));
#2211 = ORIENTED_EDGE('',*,*,#2212,.T.);
#2212 = EDGE_CURVE('',#2213,#954,#2215,.T.);
#2213 = VERTEX_POINT('',#2214);
#2214 = CARTESIAN_POINT('',(58.,-1.420590287011E-14,-307.5));
#2215 = SEAM_CURVE('',#2216,(#2220,#2227),.PCURVE_S1.);
#2216 = LINE('',#2217,#2218);
#2217 = CARTESIAN_POINT('',(58.,-1.420590287011E-14,-307.5));
#2218 = VECTOR('',#2219,1.);
#2219 = DIRECTION('',(0.,0.,1.));
#2220 = PCURVE('',#970,#2221);
#2221 = DEFINITIONAL_REPRESENTATION('',(#2222),#2226);
#2222 = LINE('',#2223,#2224);
#2223 = CARTESIAN_POINT('',(6.28318530718,-0.));
#2224 = VECTOR('',#2225,1.);
#2225 = DIRECTION('',(0.,1.));
#2226 = ( GEOMETRIC_REPRESENTATION_CONTEXT(2) 
PARAMETRIC_REPRESENTATION_CONTEXT() REPRESENTATION_CONTEXT('2D SPACE',''
  ) );
#2227 = PCURVE('',#970,#2228);
#2228 = DEFINITIONAL_REPRESENTATION('',(#2229),#2233);
#2229 = LINE('',#2230,#2231);
#2230 = CARTESIAN_POINT('',(0.,-0.));
#2231 = VECTOR('',#2232,1.);
#2232 = DIRECTION('',(0.,1.));
#2233 = ( GEOMETRIC_REPRESENTATION_CONTEXT(2) 
PARAMETRIC_REPRESENTATION_CONTEXT() REPRESENTATION_CONTEXT('2D SPACE',''
  ) );
#2234 = ORIENTED_EDGE('',*,*,#951,.F.);
#2235 = ORIENTED_EDGE('',*,*,#1192,.T.);
#2236 = ORIENTED_EDGE('',*,*,#1049,.T.);
#2237 = ORIENTED_EDGE('',*,*,#982,.F.);
#2238 = ORIENTED_EDGE('',*,*,#2212,.F.);
#2239 = ORIENTED_EDGE('',*,*,#2240,.T.);
#2240 = EDGE_CURVE('',#2213,#2213,#2241,.T.);
#2241 = SURFACE_CURVE('',#2242,(#2247,#2254),.PCURVE_S1.);
#2242 = CIRCLE('',#2243,58.);
#2243 = AXIS2_PLACEMENT_3D('',#2244,#2245,#2246);
#2244 = CARTESIAN_POINT('',(0.,0.,-307.5));
#2245 = DIRECTION('',(0.,0.,1.));
#2246 = DIRECTION('',(1.,0.,-0.));
#2247 = PCURVE('',#970,#2248);
#2248 = DEFINITIONAL_REPRESENTATION('',(#2249),#2253);
#2249 = LINE('',#2250,#2251);
#2250 = CARTESIAN_POINT('',(0.,0.));
#2251 = VECTOR('',#2252,1.);
#2252 = DIRECTION('',(1.,0.));
#2253 = ( GEOMETRIC_REPRESENTATION_CONTEXT(2) 
PARAMETRIC_REPRESENTATION_CONTEXT() REPRESENTATION_CONTEXT('2D SPACE',''
  ) );
#2254 = PCURVE('',#2255,#2260);
#2255 = PLANE('',#2256);
#2256 = AXIS2_PLACEMENT_3D('',#2257,#2258,#2259);
#2257 = CARTESIAN_POINT('',(0.,0.,-307.5));
#2258 = DIRECTION('',(0.,0.,1.));
#2259 = DIRECTION('',(1.,0.,-0.));
#2260 = DEFINITIONAL_REPRESENTATION('',(#2261),#2265);
#2261 = CIRCLE('',#2262,58.);
#2262 = AXIS2_PLACEMENT_2D('',#2263,#2264);
#2263 = CARTESIAN_POINT('',(0.,0.));
#2264 = DIRECTION('',(1.,0.));
#2265 = ( GEOMETRIC_REPRESENTATION_CONTEXT(2) 
PARAMETRIC_REPRESENTATION_CONTEXT() REPRESENTATION_CONTEXT('2D SPACE',''
  ) );
#2266 = ADVANCED_FACE('',(#2267,#2270),#1179,.F.);
#2267 = FACE_BOUND('',#2268,.F.);
#2268 = EDGE_LOOP('',(#2269));
#2269 = ORIENTED_EDGE('',*,*,#1164,.T.);
#2270 = FACE_BOUND('',#2271,.F.);
#2271 = EDGE_LOOP('',(#2272));
#2272 = ORIENTED_EDGE('',*,*,#2273,.F.);
#2273 = EDGE_CURVE('',#2274,#2274,#2276,.T.);
#2274 = VERTEX_POINT('',#2275);
#2275 = CARTESIAN_POINT('',(-63.,-6.368163355566E-16,-295.6));
#2276 = SURFACE_CURVE('',#2277,(#2282,#2289),.PCURVE_S1.);
#2277 = CIRCLE('',#2278,2.6);
#2278 = AXIS2_PLACEMENT_3D('',#2279,#2280,#2281);
#2279 = CARTESIAN_POINT('',(-63.,0.,-293.));
#2280 = DIRECTION('',(1.,0.,2.22044604925E-16));
#2281 = DIRECTION('',(2.22044604925E-16,0.,-1.));
#2282 = PCURVE('',#1179,#2283);
#2283 = DEFINITIONAL_REPRESENTATION('',(#2284),#2288);
#2284 = CIRCLE('',#2285,2.6);
#2285 = AXIS2_PLACEMENT_2D('',#2286,#2287);
#2286 = CARTESIAN_POINT('',(1.577721810442E-30,0.));
#2287 = DIRECTION('',(1.,0.));
#2288 = ( GEOMETRIC_REPRESENTATION_CONTEXT(2) 
PARAMETRIC_REPRESENTATION_CONTEXT() REPRESENTATION_CONTEXT('2D SPACE',''
  ) );
#2289 = PCURVE('',#2290,#2295);
#2290 = CYLINDRICAL_SURFACE('',#2291,2.6);
#2291 = AXIS2_PLACEMENT_3D('',#2292,#2293,#2294);
#2292 = CARTESIAN_POINT('',(-68.,0.,-293.));
#2293 = DIRECTION('',(1.,0.,2.22044604925E-16));
#2294 = DIRECTION('',(2.22044604925E-16,0.,-1.));
#2295 = DEFINITIONAL_REPRESENTATION('',(#2296),#2300);
#2296 = LINE('',#2297,#2298);
#2297 = CARTESIAN_POINT('',(0.,5.));
#2298 = VECTOR('',#2299,1.);
#2299 = DIRECTION('',(1.,0.));
#2300 = ( GEOMETRIC_REPRESENTATION_CONTEXT(2) 
PARAMETRIC_REPRESENTATION_CONTEXT() REPRESENTATION_CONTEXT('2D SPACE',''
  ) );
#2301 = ADVANCED_FACE('',(#2302,#2402),#1309,.F.);
#2302 = FACE_BOUND('',#2303,.F.);
#2303 = EDGE_LOOP('',(#2304,#2332,#2359,#2380,#2381));
#2304 = ORIENTED_EDGE('',*,*,#2305,.F.);
#2305 = EDGE_CURVE('',#2306,#2308,#2310,.T.);
#2306 = VERTEX_POINT('',#2307);
#2307 = CARTESIAN_POINT('',(-30.53296195938,36.386649124416,-284.5));
#2308 = VERTEX_POINT('',#2309);
#2309 = CARTESIAN_POINT('',(-30.53241146011,36.387111048151,
    -284.4992813742));
#2310 = SURFACE_CURVE('',#2311,(#2315,#2322),.PCURVE_S1.);
#2311 = LINE('',#2312,#2313);
#2312 = CARTESIAN_POINT('',(-33.78273803226,33.659763220251,
    -288.7422813742));
#2313 = VECTOR('',#2314,1.);
#2314 = DIRECTION('',(0.54167522042,0.454519477672,0.707106781187));
#2315 = PCURVE('',#1309,#2316);
#2316 = DEFINITIONAL_REPRESENTATION('',(#2317),#2321);
#2317 = LINE('',#2318,#2319);
#2318 = CARTESIAN_POINT('',(0.,0.));
#2319 = VECTOR('',#2320,1.);
#2320 = DIRECTION('',(1.,-6.835808657662E-17));
#2321 = ( GEOMETRIC_REPRESENTATION_CONTEXT(2) 
PARAMETRIC_REPRESENTATION_CONTEXT() REPRESENTATION_CONTEXT('2D SPACE',''
  ) );
#2322 = PCURVE('',#1445,#2323);
#2323 = DEFINITIONAL_REPRESENTATION('',(#2324),#2331);
#2324 = B_SPLINE_CURVE_WITH_KNOTS('',5,(#2325,#2326,#2327,#2328,#2329,
    #2330),.UNSPECIFIED.,.F.,.F.,(6,6),(5.999491854851,6.000508145149),
  .PIECEWISE_BEZIER_KNOTS.);
#2325 = CARTESIAN_POINT('',(2.268943156556,1.));
#2326 = CARTESIAN_POINT('',(2.268940130763,1.000143725152));
#2327 = CARTESIAN_POINT('',(2.268937104971,1.000287450305));
#2328 = CARTESIAN_POINT('',(2.268934079178,1.000431175457));
#2329 = CARTESIAN_POINT('',(2.268931053385,1.000574900609));
#2330 = CARTESIAN_POINT('',(2.268928027593,1.000718625761));
#2331 = ( GEOMETRIC_REPRESENTATION_CONTEXT(2) 
PARAMETRIC_REPRESENTATION_CONTEXT() REPRESENTATION_CONTEXT('2D SPACE',''
  ) );
#2332 = ORIENTED_EDGE('',*,*,#2333,.F.);
#2333 = EDGE_CURVE('',#2334,#2306,#2336,.T.);
#2334 = VERTEX_POINT('',#2335);
#2335 = CARTESIAN_POINT('',(-37.03251410514,30.932877316087,-284.5));
#2336 = SURFACE_CURVE('',#2337,(#2341,#2348),.PCURVE_S1.);
#2337 = LINE('',#2338,#2339);
#2338 = CARTESIAN_POINT('',(-113.0996721466,-32.89504694124,-284.5));
#2339 = VECTOR('',#2340,1.);
#2340 = DIRECTION('',(0.766044443119,0.642787609687,-0.));
#2341 = PCURVE('',#1309,#2342);
#2342 = DEFINITIONAL_REPRESENTATION('',(#2343),#2347);
#2343 = LINE('',#2344,#2345);
#2344 = CARTESIAN_POINT('',(-70.21472939316,-76.21422124801));
#2345 = VECTOR('',#2346,1.);
#2346 = DIRECTION('',(0.707106781187,0.707106781187));
#2347 = ( GEOMETRIC_REPRESENTATION_CONTEXT(2) 
PARAMETRIC_REPRESENTATION_CONTEXT() REPRESENTATION_CONTEXT('2D SPACE',''
  ) );
#2348 = PCURVE('',#2349,#2354);
#2349 = PLANE('',#2350);
#2350 = AXIS2_PLACEMENT_3D('',#2351,#2352,#2353);
#2351 = CARTESIAN_POINT('',(-150.,-150.,-284.5));
#2352 = DIRECTION('',(0.,0.,1.));
#2353 = DIRECTION('',(1.,0.,-0.));
#2354 = DEFINITIONAL_REPRESENTATION('',(#2355),#2358);
#2355 = B_SPLINE_CURVE_WITH_KNOTS('',1,(#2356,#2357),.UNSPECIFIED.,.F.,
  .F.,(2,2),(99.298622586175,107.78318533465),.PIECEWISE_BEZIER_KNOTS.);
#2356 = CARTESIAN_POINT('',(112.96748589485,180.93287731608));
#2357 = CARTESIAN_POINT('',(119.46703804061,186.38664912441));
#2358 = ( GEOMETRIC_REPRESENTATION_CONTEXT(2) 
PARAMETRIC_REPRESENTATION_CONTEXT() REPRESENTATION_CONTEXT('2D SPACE',''
  ) );
#2359 = ORIENTED_EDGE('',*,*,#2360,.T.);
#2360 = EDGE_CURVE('',#2334,#1292,#2361,.T.);
#2361 = SURFACE_CURVE('',#2362,(#2366,#2373),.PCURVE_S1.);
#2362 = LINE('',#2363,#2364);
#2363 = CARTESIAN_POINT('',(-33.78273803226,33.659763220251,
    -288.7422813742));
#2364 = VECTOR('',#2365,1.);
#2365 = DIRECTION('',(-0.54167522042,-0.454519477672,0.707106781187));
#2366 = PCURVE('',#1309,#2367);
#2367 = DEFINITIONAL_REPRESENTATION('',(#2368),#2372);
#2368 = LINE('',#2369,#2370);
#2369 = CARTESIAN_POINT('',(0.,0.));
#2370 = VECTOR('',#2371,1.);
#2371 = DIRECTION('',(6.835808657662E-17,-1.));
#2372 = ( GEOMETRIC_REPRESENTATION_CONTEXT(2) 
PARAMETRIC_REPRESENTATION_CONTEXT() REPRESENTATION_CONTEXT('2D SPACE',''
  ) );
#2373 = PCURVE('',#1470,#2374);
#2374 = DEFINITIONAL_REPRESENTATION('',(#2375),#2379);
#2375 = LINE('',#2376,#2377);
#2376 = CARTESIAN_POINT('',(27.5,0.));
#2377 = VECTOR('',#2378,1.);
#2378 = DIRECTION('',(0.,1.));
#2379 = ( GEOMETRIC_REPRESENTATION_CONTEXT(2) 
PARAMETRIC_REPRESENTATION_CONTEXT() REPRESENTATION_CONTEXT('2D SPACE',''
  ) );
#2380 = ORIENTED_EDGE('',*,*,#1291,.T.);
#2381 = ORIENTED_EDGE('',*,*,#2382,.F.);
#2382 = EDGE_CURVE('',#2308,#1294,#2383,.T.);
#2383 = SURFACE_CURVE('',#2384,(#2388,#2395),.PCURVE_S1.);
#2384 = LINE('',#2385,#2386);
#2385 = CARTESIAN_POINT('',(-33.78273803226,33.659763220251,
    -288.7422813742));
#2386 = VECTOR('',#2387,1.);
#2387 = DIRECTION('',(0.54167522042,0.454519477672,0.707106781187));
#2388 = PCURVE('',#1309,#2389);
#2389 = DEFINITIONAL_REPRESENTATION('',(#2390),#2394);
#2390 = LINE('',#2391,#2392);
#2391 = CARTESIAN_POINT('',(0.,0.));
#2392 = VECTOR('',#2393,1.);
#2393 = DIRECTION('',(1.,-6.835808657662E-17));
#2394 = ( GEOMETRIC_REPRESENTATION_CONTEXT(2) 
PARAMETRIC_REPRESENTATION_CONTEXT() REPRESENTATION_CONTEXT('2D SPACE',''
  ) );
#2395 = PCURVE('',#1336,#2396);
#2396 = DEFINITIONAL_REPRESENTATION('',(#2397),#2401);
#2397 = LINE('',#2398,#2399);
#2398 = CARTESIAN_POINT('',(0.,27.5));
#2399 = VECTOR('',#2400,1.);
#2400 = DIRECTION('',(1.,0.));
#2401 = ( GEOMETRIC_REPRESENTATION_CONTEXT(2) 
PARAMETRIC_REPRESENTATION_CONTEXT() REPRESENTATION_CONTEXT('2D SPACE',''
  ) );
#2402 = FACE_BOUND('',#2403,.F.);
#2403 = EDGE_LOOP('',(#2404,#2405,#2406,#2407));
#2404 = ORIENTED_EDGE('',*,*,#2047,.T.);
#2405 = ORIENTED_EDGE('',*,*,#2094,.T.);
#2406 = ORIENTED_EDGE('',*,*,#2188,.F.);
#2407 = ORIENTED_EDGE('',*,*,#2141,.F.);
#2408 = ADVANCED_FACE('',(#2409),#1470,.T.);
#2409 = FACE_BOUND('',#2410,.T.);
#2410 = EDGE_LOOP('',(#2411,#2438,#2457,#2458));
#2411 = ORIENTED_EDGE('',*,*,#2412,.F.);
#2412 = EDGE_CURVE('',#2413,#1429,#2415,.T.);
#2413 = VERTEX_POINT('',#2414);
#2414 = CARTESIAN_POINT('',(-36.5413989547,30.347589071174,-284.5));
#2415 = SURFACE_CURVE('',#2416,(#2421,#2428),.PCURVE_S1.);
#2416 = ELLIPSE('',#2417,67.175144212722,47.5);
#2417 = AXIS2_PLACEMENT_3D('',#2418,#2419,#2420);
#2418 = CARTESIAN_POINT('',(0.,0.,-292.9852813742));
#2419 = DIRECTION('',(0.54167522042,0.454519477672,0.707106781187));
#2420 = DIRECTION('',(-0.54167522042,-0.454519477672,0.707106781187));
#2421 = PCURVE('',#1470,#2422);
#2422 = DEFINITIONAL_REPRESENTATION('',(#2423),#2427);
#2423 = ELLIPSE('',#2424,67.175144212722,47.5);
#2424 = AXIS2_PLACEMENT_2D('',#2425,#2426);
#2425 = CARTESIAN_POINT('',(-20.,-6.000508145149));
#2426 = DIRECTION('',(1.055536967336E-16,1.));
#2427 = ( GEOMETRIC_REPRESENTATION_CONTEXT(2) 
PARAMETRIC_REPRESENTATION_CONTEXT() REPRESENTATION_CONTEXT('2D SPACE',''
  ) );
#2428 = PCURVE('',#1445,#2429);
#2429 = DEFINITIONAL_REPRESENTATION('',(#2430),#2437);
#2430 = B_SPLINE_CURVE_WITH_KNOTS('',5,(#2431,#2432,#2433,#2434,#2435,
    #2436),.UNSPECIFIED.,.F.,.F.,(6,6),(4.882919168949,4.978361837912),
  .PIECEWISE_BEZIER_KNOTS.);
#2431 = CARTESIAN_POINT('',(2.439458216157,0.5757));
#2432 = CARTESIAN_POINT('',(2.45854674995,1.469253530357));
#2433 = CARTESIAN_POINT('',(2.477635283742,2.35913556483));
#2434 = CARTESIAN_POINT('',(2.496723817535,3.244667797764));
#2435 = CARTESIAN_POINT('',(2.515812351327,4.125177504193));
#2436 = CARTESIAN_POINT('',(2.53490088512,5.0000006));
#2437 = ( GEOMETRIC_REPRESENTATION_CONTEXT(2) 
PARAMETRIC_REPRESENTATION_CONTEXT() REPRESENTATION_CONTEXT('2D SPACE',''
  ) );
#2438 = ORIENTED_EDGE('',*,*,#2439,.F.);
#2439 = EDGE_CURVE('',#2334,#2413,#2440,.T.);
#2440 = SURFACE_CURVE('',#2441,(#2445,#2451),.PCURVE_S1.);
#2441 = LINE('',#2442,#2443);
#2442 = CARTESIAN_POINT('',(-6.985881341434,-4.875305225427,-284.5));
#2443 = VECTOR('',#2444,1.);
#2444 = DIRECTION('',(0.642787609687,-0.766044443119,0.));
#2445 = PCURVE('',#1470,#2446);
#2446 = DEFINITIONAL_REPRESENTATION('',(#2447),#2450);
#2447 = B_SPLINE_CURVE_WITH_KNOTS('',1,(#2448,#2449),.UNSPECIFIED.,.F.,
  .F.,(2,2),(-46.74426250743,-19.24426250743),.PIECEWISE_BEZIER_KNOTS.);
#2448 = CARTESIAN_POINT('',(27.5,5.999491854851));
#2449 = CARTESIAN_POINT('',(0.,5.999491854851));
#2450 = ( GEOMETRIC_REPRESENTATION_CONTEXT(2) 
PARAMETRIC_REPRESENTATION_CONTEXT() REPRESENTATION_CONTEXT('2D SPACE',''
  ) );
#2451 = PCURVE('',#2349,#2452);
#2452 = DEFINITIONAL_REPRESENTATION('',(#2453),#2456);
#2453 = B_SPLINE_CURVE_WITH_KNOTS('',1,(#2454,#2455),.UNSPECIFIED.,.F.,
  .F.,(2,2),(-46.74426250743,-19.24426250743),.PIECEWISE_BEZIER_KNOTS.);
#2454 = CARTESIAN_POINT('',(112.96748589485,180.93287731608));
#2455 = CARTESIAN_POINT('',(130.64414516123,159.86665513031));
#2456 = ( GEOMETRIC_REPRESENTATION_CONTEXT(2) 
PARAMETRIC_REPRESENTATION_CONTEXT() REPRESENTATION_CONTEXT('2D SPACE',''
  ) );
#2457 = ORIENTED_EDGE('',*,*,#2360,.T.);
#2458 = ORIENTED_EDGE('',*,*,#1457,.F.);
#2459 = ADVANCED_FACE('',(#2460),#1336,.T.);
#2460 = FACE_BOUND('',#2461,.T.);
#2461 = EDGE_LOOP('',(#2462,#2463,#2489,#2517,#2543,#2569,#2590));
#2462 = ORIENTED_EDGE('',*,*,#2382,.F.);
#2463 = ORIENTED_EDGE('',*,*,#2464,.F.);
#2464 = EDGE_CURVE('',#2465,#2308,#2467,.T.);
#2465 = VERTEX_POINT('',#2466);
#2466 = CARTESIAN_POINT('',(-12.85575219373,15.32088886238,
    -284.4992813742));
#2467 = SURFACE_CURVE('',#2468,(#2472,#2478),.PCURVE_S1.);
#2468 = LINE('',#2469,#2470);
#2469 = CARTESIAN_POINT('',(-6.427876096865,7.66044443119,
    -284.4992813742));
#2470 = VECTOR('',#2471,1.);
#2471 = DIRECTION('',(-0.642787609687,0.766044443119,-1.335916016786E-16
    ));
#2472 = PCURVE('',#1336,#2473);
#2473 = DEFINITIONAL_REPRESENTATION('',(#2474),#2477);
#2474 = B_SPLINE_CURVE_WITH_KNOTS('',1,(#2475,#2476),.UNSPECIFIED.,.F.,
  .F.,(2,2),(10.,37.5),.PIECEWISE_BEZIER_KNOTS.);
#2475 = CARTESIAN_POINT('',(6.000508145149,0.));
#2476 = CARTESIAN_POINT('',(6.000508145149,27.5));
#2477 = ( GEOMETRIC_REPRESENTATION_CONTEXT(2) 
PARAMETRIC_REPRESENTATION_CONTEXT() REPRESENTATION_CONTEXT('2D SPACE',''
  ) );
#2478 = PCURVE('',#2479,#2484);
#2479 = PLANE('',#2480);
#2480 = AXIS2_PLACEMENT_3D('',#2481,#2482,#2483);
#2481 = CARTESIAN_POINT('',(0.,0.,-287.5));
#2482 = DIRECTION('',(-0.766044443119,-0.642787609687,0.));
#2483 = DIRECTION('',(-0.642787609687,0.766044443119,0.));
#2484 = DEFINITIONAL_REPRESENTATION('',(#2485),#2488);
#2485 = B_SPLINE_CURVE_WITH_KNOTS('',1,(#2486,#2487),.UNSPECIFIED.,.F.,
  .F.,(2,2),(10.,37.5),.PIECEWISE_BEZIER_KNOTS.);
#2486 = CARTESIAN_POINT('',(20.,-3.000718625761));
#2487 = CARTESIAN_POINT('',(47.5,-3.000718625761));
#2488 = ( GEOMETRIC_REPRESENTATION_CONTEXT(2) 
PARAMETRIC_REPRESENTATION_CONTEXT() REPRESENTATION_CONTEXT('2D SPACE',''
  ) );
#2489 = ORIENTED_EDGE('',*,*,#2490,.T.);
#2490 = EDGE_CURVE('',#2465,#2491,#2493,.T.);
#2491 = VERTEX_POINT('',#2492);
#2492 = CARTESIAN_POINT('',(-12.01365380557,16.027493309299,-283.4));
#2493 = SURFACE_CURVE('',#2494,(#2498,#2505),.PCURVE_S1.);
#2494 = LINE('',#2495,#2496);
#2495 = CARTESIAN_POINT('',(-16.10607876588,12.59354103448,
    -288.7422813742));
#2496 = VECTOR('',#2497,1.);
#2497 = DIRECTION('',(0.54167522042,0.454519477672,0.707106781187));
#2498 = PCURVE('',#1336,#2499);
#2499 = DEFINITIONAL_REPRESENTATION('',(#2500),#2504);
#2500 = LINE('',#2501,#2502);
#2501 = CARTESIAN_POINT('',(0.,0.));
#2502 = VECTOR('',#2503,1.);
#2503 = DIRECTION('',(1.,0.));
#2504 = ( GEOMETRIC_REPRESENTATION_CONTEXT(2) 
PARAMETRIC_REPRESENTATION_CONTEXT() REPRESENTATION_CONTEXT('2D SPACE',''
  ) );
#2505 = PCURVE('',#2506,#2511);
#2506 = PLANE('',#2507);
#2507 = AXIS2_PLACEMENT_3D('',#2508,#2509,#2510);
#2508 = CARTESIAN_POINT('',(-16.10607876588,12.59354103448,
    -288.7422813742));
#2509 = DIRECTION('',(-0.642787609687,0.766044443119,0.));
#2510 = DIRECTION('',(0.54167522042,0.454519477672,0.707106781187));
#2511 = DEFINITIONAL_REPRESENTATION('',(#2512),#2516);
#2512 = LINE('',#2513,#2514);
#2513 = CARTESIAN_POINT('',(0.,0.));
#2514 = VECTOR('',#2515,1.);
#2515 = DIRECTION('',(1.,0.));
#2516 = ( GEOMETRIC_REPRESENTATION_CONTEXT(2) 
PARAMETRIC_REPRESENTATION_CONTEXT() REPRESENTATION_CONTEXT('2D SPACE',''
  ) );
#2517 = ORIENTED_EDGE('',*,*,#2518,.T.);
#2518 = EDGE_CURVE('',#2491,#2519,#2521,.T.);
#2519 = VERTEX_POINT('',#2520);
#2520 = CARTESIAN_POINT('',(-12.08127856521,16.108085359557,-283.4));
#2521 = SURFACE_CURVE('',#2522,(#2526,#2532),.PCURVE_S1.);
#2522 = LINE('',#2523,#2524);
#2523 = CARTESIAN_POINT('',(-10.01900251824,13.650360471657,-283.4));
#2524 = VECTOR('',#2525,1.);
#2525 = DIRECTION('',(-0.642787609687,0.766044443119,0.));
#2526 = PCURVE('',#1336,#2527);
#2527 = DEFINITIONAL_REPRESENTATION('',(#2528),#2531);
#2528 = B_SPLINE_CURVE_WITH_KNOTS('',1,(#2529,#2530),.UNSPECIFIED.,.F.,
  .F.,(2,2),(3.10312653397,3.208331983839),.PIECEWISE_BEZIER_KNOTS.);
#2529 = CARTESIAN_POINT('',(7.555126773461,0.));
#2530 = CARTESIAN_POINT('',(7.555126773461,0.105205449869));
#2531 = ( GEOMETRIC_REPRESENTATION_CONTEXT(2) 
PARAMETRIC_REPRESENTATION_CONTEXT() REPRESENTATION_CONTEXT('2D SPACE',''
  ) );
#2532 = PCURVE('',#2533,#2538);
#2533 = PLANE('',#2534);
#2534 = AXIS2_PLACEMENT_3D('',#2535,#2536,#2537);
#2535 = CARTESIAN_POINT('',(-7.770967074375,11.485842186317,-283.4));
#2536 = DIRECTION('',(0.,0.,1.));
#2537 = DIRECTION('',(-0.681998360062,0.731353701619,0.));
#2538 = DEFINITIONAL_REPRESENTATION('',(#2539),#2542);
#2539 = B_SPLINE_CURVE_WITH_KNOTS('',1,(#2540,#2541),.UNSPECIFIED.,.F.,
  .F.,(2,2),(3.10312653397,3.208331983839),.PIECEWISE_BEZIER_KNOTS.);
#2540 = CARTESIAN_POINT('',(6.215058753191,5.506027820853E-03));
#2541 = CARTESIAN_POINT('',(6.320120022647,-2.531732337101E-17));
#2542 = ( GEOMETRIC_REPRESENTATION_CONTEXT(2) 
PARAMETRIC_REPRESENTATION_CONTEXT() REPRESENTATION_CONTEXT('2D SPACE',''
  ) );
#2543 = ORIENTED_EDGE('',*,*,#2544,.T.);
#2544 = EDGE_CURVE('',#2519,#2545,#2547,.T.);
#2545 = VERTEX_POINT('',#2546);
#2546 = CARTESIAN_POINT('',(-12.00943015518,16.031037372777,
    -283.394486416));
#2547 = SURFACE_CURVE('',#2548,(#2552,#2558),.PCURVE_S1.);
#2548 = LINE('',#2549,#2550);
#2549 = CARTESIAN_POINT('',(-10.08644321462,13.968886347926,
    -283.246918084));
#2550 = VECTOR('',#2551,1.);
#2551 = DIRECTION('',(0.681066259836,-0.730354146501,5.226442768871E-02)
  );
#2552 = PCURVE('',#1336,#2553);
#2553 = DEFINITIONAL_REPRESENTATION('',(#2554),#2557);
#2554 = B_SPLINE_CURVE_WITH_KNOTS('',1,(#2555,#2556),.UNSPECIFIED.,.F.,
  .F.,(2,2),(-2.928988658281,-2.823494649451),.PIECEWISE_BEZIER_KNOTS.);
#2555 = CARTESIAN_POINT('',(7.555126773461,0.105205449869));
#2556 = CARTESIAN_POINT('',(7.562924158726,4.067007367506E-16));
#2557 = ( GEOMETRIC_REPRESENTATION_CONTEXT(2) 
PARAMETRIC_REPRESENTATION_CONTEXT() REPRESENTATION_CONTEXT('2D SPACE',''
  ) );
#2558 = PCURVE('',#2559,#2564);
#2559 = PLANE('',#2560);
#2560 = AXIS2_PLACEMENT_3D('',#2561,#2562,#2563);
#2561 = CARTESIAN_POINT('',(-7.770967074375,11.485842186317,-283.4));
#2562 = DIRECTION('',(-0.731353701619,-0.681998360062,0.));
#2563 = DIRECTION('',(0.,0.,1.));
#2564 = DEFINITIONAL_REPRESENTATION('',(#2565),#2568);
#2565 = B_SPLINE_CURVE_WITH_KNOTS('',1,(#2566,#2567),.UNSPECIFIED.,.F.,
  .F.,(2,2),(-2.928988658281,-2.823494649451),.PIECEWISE_BEZIER_KNOTS.);
#2566 = CARTESIAN_POINT('',(-3.08031071517E-17,6.320120022647));
#2567 = CARTESIAN_POINT('',(5.513583996117E-03,6.2147701945));
#2568 = ( GEOMETRIC_REPRESENTATION_CONTEXT(2) 
PARAMETRIC_REPRESENTATION_CONTEXT() REPRESENTATION_CONTEXT('2D SPACE',''
  ) );
#2569 = ORIENTED_EDGE('',*,*,#2570,.T.);
#2570 = EDGE_CURVE('',#2545,#1322,#2571,.T.);
#2571 = SURFACE_CURVE('',#2572,(#2576,#2583),.PCURVE_S1.);
#2572 = LINE('',#2573,#2574);
#2573 = CARTESIAN_POINT('',(-16.10607876588,12.59354103448,
    -288.7422813742));
#2574 = VECTOR('',#2575,1.);
#2575 = DIRECTION('',(0.54167522042,0.454519477672,0.707106781187));
#2576 = PCURVE('',#1336,#2577);
#2577 = DEFINITIONAL_REPRESENTATION('',(#2578),#2582);
#2578 = LINE('',#2579,#2580);
#2579 = CARTESIAN_POINT('',(0.,0.));
#2580 = VECTOR('',#2581,1.);
#2581 = DIRECTION('',(1.,0.));
#2582 = ( GEOMETRIC_REPRESENTATION_CONTEXT(2) 
PARAMETRIC_REPRESENTATION_CONTEXT() REPRESENTATION_CONTEXT('2D SPACE',''
  ) );
#2583 = PCURVE('',#1362,#2584);
#2584 = DEFINITIONAL_REPRESENTATION('',(#2585),#2589);
#2585 = LINE('',#2586,#2587);
#2586 = CARTESIAN_POINT('',(0.,0.));
#2587 = VECTOR('',#2588,1.);
#2588 = DIRECTION('',(1.,0.));
#2589 = ( GEOMETRIC_REPRESENTATION_CONTEXT(2) 
PARAMETRIC_REPRESENTATION_CONTEXT() REPRESENTATION_CONTEXT('2D SPACE',''
  ) );
#2590 = ORIENTED_EDGE('',*,*,#1321,.F.);
#2591 = ADVANCED_FACE('',(#2592),#1445,.F.);
#2592 = FACE_BOUND('',#2593,.F.);
#2593 = EDGE_LOOP('',(#2594,#2595,#2596,#2618,#2619,#2640,#2669));
#2594 = ORIENTED_EDGE('',*,*,#1428,.F.);
#2595 = ORIENTED_EDGE('',*,*,#2412,.F.);
#2596 = ORIENTED_EDGE('',*,*,#2597,.F.);
#2597 = EDGE_CURVE('',#2306,#2413,#2598,.T.);
#2598 = SURFACE_CURVE('',#2599,(#2604,#2611),.PCURVE_S1.);
#2599 = CIRCLE('',#2600,47.5);
#2600 = AXIS2_PLACEMENT_3D('',#2601,#2602,#2603);
#2601 = CARTESIAN_POINT('',(0.,0.,-284.5));
#2602 = DIRECTION('',(0.,0.,1.));
#2603 = DIRECTION('',(1.,0.,-0.));
#2604 = PCURVE('',#1445,#2605);
#2605 = DEFINITIONAL_REPRESENTATION('',(#2606),#2610);
#2606 = LINE('',#2607,#2608);
#2607 = CARTESIAN_POINT('',(0.,1.));
#2608 = VECTOR('',#2609,1.);
#2609 = DIRECTION('',(1.,0.));
#2610 = ( GEOMETRIC_REPRESENTATION_CONTEXT(2) 
PARAMETRIC_REPRESENTATION_CONTEXT() REPRESENTATION_CONTEXT('2D SPACE',''
  ) );
#2611 = PCURVE('',#2349,#2612);
#2612 = DEFINITIONAL_REPRESENTATION('',(#2613),#2617);
#2613 = CIRCLE('',#2614,47.5);
#2614 = AXIS2_PLACEMENT_2D('',#2615,#2616);
#2615 = CARTESIAN_POINT('',(150.,150.));
#2616 = DIRECTION('',(1.,0.));
#2617 = ( GEOMETRIC_REPRESENTATION_CONTEXT(2) 
PARAMETRIC_REPRESENTATION_CONTEXT() REPRESENTATION_CONTEXT('2D SPACE',''
  ) );
#2618 = ORIENTED_EDGE('',*,*,#2305,.T.);
#2619 = ORIENTED_EDGE('',*,*,#2620,.F.);
#2620 = EDGE_CURVE('',#2621,#2308,#2623,.T.);
#2621 = VERTEX_POINT('',#2622);
#2622 = CARTESIAN_POINT('',(-30.53241146011,36.387111048151,-285.5));
#2623 = SURFACE_CURVE('',#2624,(#2628,#2634),.PCURVE_S1.);
#2624 = LINE('',#2625,#2626);
#2625 = CARTESIAN_POINT('',(-30.53241146011,36.387111048151,-285.5));
#2626 = VECTOR('',#2627,1.);
#2627 = DIRECTION('',(0.,0.,1.));
#2628 = PCURVE('',#1445,#2629);
#2629 = DEFINITIONAL_REPRESENTATION('',(#2630),#2633);
#2630 = B_SPLINE_CURVE_WITH_KNOTS('',1,(#2631,#2632),.UNSPECIFIED.,.F.,
  .F.,(2,2),(-5.999999999062E-07,6.0000006),.PIECEWISE_BEZIER_KNOTS.);
#2631 = CARTESIAN_POINT('',(2.268928027593,-5.999999999062E-07));
#2632 = CARTESIAN_POINT('',(2.268928027593,6.0000006));
#2633 = ( GEOMETRIC_REPRESENTATION_CONTEXT(2) 
PARAMETRIC_REPRESENTATION_CONTEXT() REPRESENTATION_CONTEXT('2D SPACE',''
  ) );
#2634 = PCURVE('',#2479,#2635);
#2635 = DEFINITIONAL_REPRESENTATION('',(#2636),#2639);
#2636 = B_SPLINE_CURVE_WITH_KNOTS('',1,(#2637,#2638),.UNSPECIFIED.,.F.,
  .F.,(2,2),(-5.999999999062E-07,6.0000006),.PIECEWISE_BEZIER_KNOTS.);
#2637 = CARTESIAN_POINT('',(47.5,-1.9999994));
#2638 = CARTESIAN_POINT('',(47.5,-8.0000006));
#2639 = ( GEOMETRIC_REPRESENTATION_CONTEXT(2) 
PARAMETRIC_REPRESENTATION_CONTEXT() REPRESENTATION_CONTEXT('2D SPACE',''
  ) );
#2640 = ORIENTED_EDGE('',*,*,#2641,.T.);
#2641 = EDGE_CURVE('',#2621,#2642,#2644,.T.);
#2642 = VERTEX_POINT('',#2643);
#2643 = CARTESIAN_POINT('',(-16.24595680796,-44.63539948733,-285.5));
#2644 = SURFACE_CURVE('',#2645,(#2650,#2657),.PCURVE_S1.);
#2645 = CIRCLE('',#2646,47.5);
#2646 = AXIS2_PLACEMENT_3D('',#2647,#2648,#2649);
#2647 = CARTESIAN_POINT('',(0.,0.,-285.5));
#2648 = DIRECTION('',(0.,0.,1.));
#2649 = DIRECTION('',(1.,0.,-0.));
#2650 = PCURVE('',#1445,#2651);
#2651 = DEFINITIONAL_REPRESENTATION('',(#2652),#2656);
#2652 = LINE('',#2653,#2654);
#2653 = CARTESIAN_POINT('',(0.,0.));
#2654 = VECTOR('',#2655,1.);
#2655 = DIRECTION('',(1.,0.));
#2656 = ( GEOMETRIC_REPRESENTATION_CONTEXT(2) 
PARAMETRIC_REPRESENTATION_CONTEXT() REPRESENTATION_CONTEXT('2D SPACE',''
  ) );
#2657 = PCURVE('',#2658,#2663);
#2658 = PLANE('',#2659);
#2659 = AXIS2_PLACEMENT_3D('',#2660,#2661,#2662);
#2660 = CARTESIAN_POINT('',(0.,0.,-285.5));
#2661 = DIRECTION('',(0.,0.,1.));
#2662 = DIRECTION('',(1.,0.,-0.));
#2663 = DEFINITIONAL_REPRESENTATION('',(#2664),#2668);
#2664 = CIRCLE('',#2665,47.5);
#2665 = AXIS2_PLACEMENT_2D('',#2666,#2667);
#2666 = CARTESIAN_POINT('',(0.,0.));
#2667 = DIRECTION('',(1.,0.));
#2668 = ( GEOMETRIC_REPRESENTATION_CONTEXT(2) 
PARAMETRIC_REPRESENTATION_CONTEXT() REPRESENTATION_CONTEXT('2D SPACE',''
  ) );
#2669 = ORIENTED_EDGE('',*,*,#2670,.T.);
#2670 = EDGE_CURVE('',#2642,#1403,#2671,.T.);
#2671 = SURFACE_CURVE('',#2672,(#2676,#2682),.PCURVE_S1.);
#2672 = LINE('',#2673,#2674);
#2673 = CARTESIAN_POINT('',(-16.24595680796,-44.63539948733,-285.5));
#2674 = VECTOR('',#2675,1.);
#2675 = DIRECTION('',(0.,0.,1.));
#2676 = PCURVE('',#1445,#2677);
#2677 = DEFINITIONAL_REPRESENTATION('',(#2678),#2681);
#2678 = B_SPLINE_CURVE_WITH_KNOTS('',1,(#2679,#2680),.UNSPECIFIED.,.F.,
  .F.,(2,2),(-5.999999999062E-07,6.0000006),.PIECEWISE_BEZIER_KNOTS.);
#2679 = CARTESIAN_POINT('',(4.363323129986,-5.999999999062E-07));
#2680 = CARTESIAN_POINT('',(4.363323129986,6.0000006));
#2681 = ( GEOMETRIC_REPRESENTATION_CONTEXT(2) 
PARAMETRIC_REPRESENTATION_CONTEXT() REPRESENTATION_CONTEXT('2D SPACE',''
  ) );
#2682 = PCURVE('',#1417,#2683);
#2683 = DEFINITIONAL_REPRESENTATION('',(#2684),#2687);
#2684 = B_SPLINE_CURVE_WITH_KNOTS('',1,(#2685,#2686),.UNSPECIFIED.,.F.,
  .F.,(2,2),(-5.999999999062E-07,6.0000006),.PIECEWISE_BEZIER_KNOTS.);
#2685 = CARTESIAN_POINT('',(47.5,-1.9999994));
#2686 = CARTESIAN_POINT('',(47.5,-8.0000006));
#2687 = ( GEOMETRIC_REPRESENTATION_CONTEXT(2) 
PARAMETRIC_REPRESENTATION_CONTEXT() REPRESENTATION_CONTEXT('2D SPACE',''
  ) );
#2688 = ADVANCED_FACE('',(#2689),#1362,.T.);
#2689 = FACE_BOUND('',#2690,.T.);
#2690 = EDGE_LOOP('',(#2691,#2692,#2713,#2739,#2759));
#2691 = ORIENTED_EDGE('',*,*,#2570,.F.);
#2692 = ORIENTED_EDGE('',*,*,#2693,.T.);
#2693 = EDGE_CURVE('',#2545,#2694,#2696,.T.);
#2694 = VERTEX_POINT('',#2695);
#2695 = CARTESIAN_POINT('',(-12.00943015518,16.031037372777,-282.));
#2696 = SURFACE_CURVE('',#2697,(#2701,#2707),.PCURVE_S1.);
#2697 = LINE('',#2698,#2699);
#2698 = CARTESIAN_POINT('',(-12.00943015518,16.031037372777,
    -286.0711406871));
#2699 = VECTOR('',#2700,1.);
#2700 = DIRECTION('',(0.,0.,1.));
#2701 = PCURVE('',#1362,#2702);
#2702 = DEFINITIONAL_REPRESENTATION('',(#2703),#2706);
#2703 = B_SPLINE_CURVE_WITH_KNOTS('',1,(#2704,#2705),.UNSPECIFIED.,.F.,
  .F.,(2,2),(2.676654271115,4.071140687119),.PIECEWISE_BEZIER_KNOTS.);
#2704 = CARTESIAN_POINT('',(7.562924158726,2.986341554081E-14));
#2705 = CARTESIAN_POINT('',(8.548974959755,-0.986050801029));
#2706 = ( GEOMETRIC_REPRESENTATION_CONTEXT(2) 
PARAMETRIC_REPRESENTATION_CONTEXT() REPRESENTATION_CONTEXT('2D SPACE',''
  ) );
#2707 = PCURVE('',#2559,#2708);
#2708 = DEFINITIONAL_REPRESENTATION('',(#2709),#2712);
#2709 = B_SPLINE_CURVE_WITH_KNOTS('',1,(#2710,#2711),.UNSPECIFIED.,.F.,
  .F.,(2,2),(2.676654271115,4.071140687119),.PIECEWISE_BEZIER_KNOTS.);
#2710 = CARTESIAN_POINT('',(5.513583996052E-03,6.2147701945));
#2711 = CARTESIAN_POINT('',(1.4,6.2147701945));
#2712 = ( GEOMETRIC_REPRESENTATION_CONTEXT(2) 
PARAMETRIC_REPRESENTATION_CONTEXT() REPRESENTATION_CONTEXT('2D SPACE',''
  ) );
#2713 = ORIENTED_EDGE('',*,*,#2714,.F.);
#2714 = EDGE_CURVE('',#2715,#2694,#2717,.T.);
#2715 = VERTEX_POINT('',#2716);
#2716 = CARTESIAN_POINT('',(-12.85575219373,15.32088886238,-282.));
#2717 = SURFACE_CURVE('',#2718,(#2722,#2728),.PCURVE_S1.);
#2718 = LINE('',#2719,#2720);
#2719 = CARTESIAN_POINT('',(-13.93317420745,14.416824448041,-282.));
#2720 = VECTOR('',#2721,1.);
#2721 = DIRECTION('',(0.766044443119,0.642787609687,-0.));
#2722 = PCURVE('',#1362,#2723);
#2723 = DEFINITIONAL_REPRESENTATION('',(#2724),#2727);
#2724 = B_SPLINE_CURVE_WITH_KNOTS('',1,(#2725,#2726),.UNSPECIFIED.,.F.,
  .F.,(2,2),(-9.3525449597E-02,2.511269508638),
  .PIECEWISE_BEZIER_KNOTS.);
#2725 = CARTESIAN_POINT('',(6.707106781187,-2.827918979597));
#2726 = CARTESIAN_POINT('',(8.548974959755,-0.986050801029));
#2727 = ( GEOMETRIC_REPRESENTATION_CONTEXT(2) 
PARAMETRIC_REPRESENTATION_CONTEXT() REPRESENTATION_CONTEXT('2D SPACE',''
  ) );
#2728 = PCURVE('',#2729,#2734);
#2729 = PLANE('',#2730);
#2730 = AXIS2_PLACEMENT_3D('',#2731,#2732,#2733);
#2731 = CARTESIAN_POINT('',(-7.770967074375,11.485842186317,-282.));
#2732 = DIRECTION('',(0.,0.,1.));
#2733 = DIRECTION('',(-0.681998360062,0.731353701619,0.));
#2734 = DEFINITIONAL_REPRESENTATION('',(#2735),#2738);
#2735 = B_SPLINE_CURVE_WITH_KNOTS('',1,(#2736,#2737),.UNSPECIFIED.,.F.,
  .F.,(2,2),(-9.3525449597E-02,2.511269508638),
  .PIECEWISE_BEZIER_KNOTS.);
#2736 = CARTESIAN_POINT('',(6.351094629456,2.601225177273));
#2737 = CARTESIAN_POINT('',(6.2147701945,-7.973282130112E-16));
#2738 = ( GEOMETRIC_REPRESENTATION_CONTEXT(2) 
PARAMETRIC_REPRESENTATION_CONTEXT() REPRESENTATION_CONTEXT('2D SPACE',''
  ) );
#2739 = ORIENTED_EDGE('',*,*,#2740,.T.);
#2740 = EDGE_CURVE('',#2715,#1348,#2741,.T.);
#2741 = SURFACE_CURVE('',#2742,(#2746,#2753),.PCURVE_S1.);
#2742 = LINE('',#2743,#2744);
#2743 = CARTESIAN_POINT('',(-12.85575219373,15.32088886238,-286.5));
#2744 = VECTOR('',#2745,1.);
#2745 = DIRECTION('',(0.,0.,1.));
#2746 = PCURVE('',#1362,#2747);
#2747 = DEFINITIONAL_REPRESENTATION('',(#2748),#2752);
#2748 = LINE('',#2749,#2750);
#2749 = CARTESIAN_POINT('',(4.585786437627,1.414721707522));
#2750 = VECTOR('',#2751,1.);
#2751 = DIRECTION('',(0.707106781187,-0.707106781187));
#2752 = ( GEOMETRIC_REPRESENTATION_CONTEXT(2) 
PARAMETRIC_REPRESENTATION_CONTEXT() REPRESENTATION_CONTEXT('2D SPACE',''
  ) );
#2753 = PCURVE('',#1390,#2754);
#2754 = DEFINITIONAL_REPRESENTATION('',(#2755),#2758);
#2755 = B_SPLINE_CURVE_WITH_KNOTS('',1,(#2756,#2757),.UNSPECIFIED.,.F.,
  .F.,(2,2),(0.9999994,7.0000006),.PIECEWISE_BEZIER_KNOTS.);
#2756 = CARTESIAN_POINT('',(2.268928027593,0.9999994));
#2757 = CARTESIAN_POINT('',(2.268928027593,7.0000006));
#2758 = ( GEOMETRIC_REPRESENTATION_CONTEXT(2) 
PARAMETRIC_REPRESENTATION_CONTEXT() REPRESENTATION_CONTEXT('2D SPACE',''
  ) );
#2759 = ORIENTED_EDGE('',*,*,#1347,.F.);
#2760 = ADVANCED_FACE('',(#2761),#1417,.T.);
#2761 = FACE_BOUND('',#2762,.T.);
#2762 = EDGE_LOOP('',(#2763,#2786,#2805,#2806,#2807,#2828));
#2763 = ORIENTED_EDGE('',*,*,#2764,.F.);
#2764 = EDGE_CURVE('',#2765,#2767,#2769,.T.);
#2765 = VERTEX_POINT('',#2766);
#2766 = CARTESIAN_POINT('',(-16.0749467363,-44.16555317693,-285.5));
#2767 = VERTEX_POINT('',#2768);
#2768 = CARTESIAN_POINT('',(-16.0749467363,-44.16555317693,-284.5));
#2769 = SURFACE_CURVE('',#2770,(#2774,#2780),.PCURVE_S1.);
#2770 = LINE('',#2771,#2772);
#2771 = CARTESIAN_POINT('',(-16.0749467363,-44.16555317693,-300.5));
#2772 = VECTOR('',#2773,1.);
#2773 = DIRECTION('',(0.,0.,1.));
#2774 = PCURVE('',#1417,#2775);
#2775 = DEFINITIONAL_REPRESENTATION('',(#2776),#2779);
#2776 = B_SPLINE_CURVE_WITH_KNOTS('',1,(#2777,#2778),.UNSPECIFIED.,.F.,
  .F.,(2,2),(14.4,16.0000006),.PIECEWISE_BEZIER_KNOTS.);
#2777 = CARTESIAN_POINT('',(48.,-1.4));
#2778 = CARTESIAN_POINT('',(48.,-3.0000006));
#2779 = ( GEOMETRIC_REPRESENTATION_CONTEXT(2) 
PARAMETRIC_REPRESENTATION_CONTEXT() REPRESENTATION_CONTEXT('2D SPACE',''
  ) );
#2780 = PCURVE('',#1725,#2781);
#2781 = DEFINITIONAL_REPRESENTATION('',(#2782),#2785);
#2782 = B_SPLINE_CURVE_WITH_KNOTS('',1,(#2783,#2784),.UNSPECIFIED.,.F.,
  .F.,(2,2),(14.4,16.0000006),.PIECEWISE_BEZIER_KNOTS.);
#2783 = CARTESIAN_POINT('',(4.363323129986,14.4));
#2784 = CARTESIAN_POINT('',(4.363323129986,16.0000006));
#2785 = ( GEOMETRIC_REPRESENTATION_CONTEXT(2) 
PARAMETRIC_REPRESENTATION_CONTEXT() REPRESENTATION_CONTEXT('2D SPACE',''
  ) );
#2786 = ORIENTED_EDGE('',*,*,#2787,.T.);
#2787 = EDGE_CURVE('',#2765,#2642,#2788,.T.);
#2788 = SURFACE_CURVE('',#2789,(#2793,#2799),.PCURVE_S1.);
#2789 = LINE('',#2790,#2791);
#2790 = CARTESIAN_POINT('',(-16.24595680796,-44.63539948733,-285.5));
#2791 = VECTOR('',#2792,1.);
#2792 = DIRECTION('',(-0.342020143326,-0.939692620786,0.));
#2793 = PCURVE('',#1417,#2794);
#2794 = DEFINITIONAL_REPRESENTATION('',(#2795),#2798);
#2795 = B_SPLINE_CURVE_WITH_KNOTS('',1,(#2796,#2797),.UNSPECIFIED.,.F.,
  .F.,(2,2),(-47.5,3.048444192606),.PIECEWISE_BEZIER_KNOTS.);
#2796 = CARTESIAN_POINT('',(95.,-2.));
#2797 = CARTESIAN_POINT('',(44.451555807394,-2.));
#2798 = ( GEOMETRIC_REPRESENTATION_CONTEXT(2) 
PARAMETRIC_REPRESENTATION_CONTEXT() REPRESENTATION_CONTEXT('2D SPACE',''
  ) );
#2799 = PCURVE('',#2658,#2800);
#2800 = DEFINITIONAL_REPRESENTATION('',(#2801),#2804);
#2801 = B_SPLINE_CURVE_WITH_KNOTS('',1,(#2802,#2803),.UNSPECIFIED.,.F.,
  .F.,(2,2),(-47.5,3.048444192606),.PIECEWISE_BEZIER_KNOTS.);
#2802 = CARTESIAN_POINT('',(1.249000902703E-15,-1.554312234475E-15));
#2803 = CARTESIAN_POINT('',(-17.28858612764,-47.5));
#2804 = ( GEOMETRIC_REPRESENTATION_CONTEXT(2) 
PARAMETRIC_REPRESENTATION_CONTEXT() REPRESENTATION_CONTEXT('2D SPACE',''
  ) );
#2805 = ORIENTED_EDGE('',*,*,#2670,.T.);
#2806 = ORIENTED_EDGE('',*,*,#1402,.F.);
#2807 = ORIENTED_EDGE('',*,*,#2808,.F.);
#2808 = EDGE_CURVE('',#2809,#1374,#2811,.T.);
#2809 = VERTEX_POINT('',#2810);
#2810 = CARTESIAN_POINT('',(-6.840402866513,-18.79385241571,-284.5));
#2811 = SURFACE_CURVE('',#2812,(#2816,#2822),.PCURVE_S1.);
#2812 = LINE('',#2813,#2814);
#2813 = CARTESIAN_POINT('',(-6.840402866513,-18.79385241571,-286.5));
#2814 = VECTOR('',#2815,1.);
#2815 = DIRECTION('',(0.,0.,1.));
#2816 = PCURVE('',#1417,#2817);
#2817 = DEFINITIONAL_REPRESENTATION('',(#2818),#2821);
#2818 = B_SPLINE_CURVE_WITH_KNOTS('',1,(#2819,#2820),.UNSPECIFIED.,.F.,
  .F.,(2,2),(0.9999994,7.0000006),.PIECEWISE_BEZIER_KNOTS.);
#2819 = CARTESIAN_POINT('',(75.,-1.9999994));
#2820 = CARTESIAN_POINT('',(75.,-8.0000006));
#2821 = ( GEOMETRIC_REPRESENTATION_CONTEXT(2) 
PARAMETRIC_REPRESENTATION_CONTEXT() REPRESENTATION_CONTEXT('2D SPACE',''
  ) );
#2822 = PCURVE('',#1390,#2823);
#2823 = DEFINITIONAL_REPRESENTATION('',(#2824),#2827);
#2824 = B_SPLINE_CURVE_WITH_KNOTS('',1,(#2825,#2826),.UNSPECIFIED.,.F.,
  .F.,(2,2),(0.9999994,7.0000006),.PIECEWISE_BEZIER_KNOTS.);
#2825 = CARTESIAN_POINT('',(4.363323129986,0.9999994));
#2826 = CARTESIAN_POINT('',(4.363323129986,7.0000006));
#2827 = ( GEOMETRIC_REPRESENTATION_CONTEXT(2) 
PARAMETRIC_REPRESENTATION_CONTEXT() REPRESENTATION_CONTEXT('2D SPACE',''
  ) );
#2828 = ORIENTED_EDGE('',*,*,#2829,.T.);
#2829 = EDGE_CURVE('',#2809,#2767,#2830,.T.);
#2830 = SURFACE_CURVE('',#2831,(#2835,#2841),.PCURVE_S1.);
#2831 = LINE('',#2832,#2833);
#2832 = CARTESIAN_POINT('',(-16.24595680796,-44.63539948733,-284.5));
#2833 = VECTOR('',#2834,1.);
#2834 = DIRECTION('',(-0.342020143326,-0.939692620786,0.));
#2835 = PCURVE('',#1417,#2836);
#2836 = DEFINITIONAL_REPRESENTATION('',(#2837),#2840);
#2837 = B_SPLINE_CURVE_WITH_KNOTS('',1,(#2838,#2839),.UNSPECIFIED.,.F.,
  .F.,(2,2),(-27.5,-0.),.PIECEWISE_BEZIER_KNOTS.);
#2838 = CARTESIAN_POINT('',(75.,-3.));
#2839 = CARTESIAN_POINT('',(47.5,-3.));
#2840 = ( GEOMETRIC_REPRESENTATION_CONTEXT(2) 
PARAMETRIC_REPRESENTATION_CONTEXT() REPRESENTATION_CONTEXT('2D SPACE',''
  ) );
#2841 = PCURVE('',#2842,#2847);
#2842 = PLANE('',#2843);
#2843 = AXIS2_PLACEMENT_3D('',#2844,#2845,#2846);
#2844 = CARTESIAN_POINT('',(0.,0.,-284.5));
#2845 = DIRECTION('',(0.,0.,1.));
#2846 = DIRECTION('',(1.,0.,-0.));
#2847 = DEFINITIONAL_REPRESENTATION('',(#2848),#2851);
#2848 = B_SPLINE_CURVE_WITH_KNOTS('',1,(#2849,#2850),.UNSPECIFIED.,.F.,
  .F.,(2,2),(-27.5,-0.),.PIECEWISE_BEZIER_KNOTS.);
#2849 = CARTESIAN_POINT('',(-6.840402866513,-18.79385241571));
#2850 = CARTESIAN_POINT('',(-16.24595680796,-44.63539948733));
#2851 = ( GEOMETRIC_REPRESENTATION_CONTEXT(2) 
PARAMETRIC_REPRESENTATION_CONTEXT() REPRESENTATION_CONTEXT('2D SPACE',''
  ) );
#2852 = ADVANCED_FACE('',(#2853),#1390,.T.);
#2853 = FACE_BOUND('',#2854,.T.);
#2854 = EDGE_LOOP('',(#2855,#2856,#2857,#2881,#2907,#2931,#2951,#2972,
    #2994));
#2855 = ORIENTED_EDGE('',*,*,#1373,.F.);
#2856 = ORIENTED_EDGE('',*,*,#2740,.F.);
#2857 = ORIENTED_EDGE('',*,*,#2858,.T.);
#2858 = EDGE_CURVE('',#2715,#2859,#2861,.T.);
#2859 = VERTEX_POINT('',#2860);
#2860 = CARTESIAN_POINT('',(-15.13333520206,13.076014899883,-282.));
#2861 = SURFACE_CURVE('',#2862,(#2867,#2874),.PCURVE_S1.);
#2862 = CIRCLE('',#2863,20.);
#2863 = AXIS2_PLACEMENT_3D('',#2864,#2865,#2866);
#2864 = CARTESIAN_POINT('',(0.,0.,-282.));
#2865 = DIRECTION('',(0.,0.,1.));
#2866 = DIRECTION('',(1.,0.,-0.));
#2867 = PCURVE('',#1390,#2868);
#2868 = DEFINITIONAL_REPRESENTATION('',(#2869),#2873);
#2869 = LINE('',#2870,#2871);
#2870 = CARTESIAN_POINT('',(0.,4.5));
#2871 = VECTOR('',#2872,1.);
#2872 = DIRECTION('',(1.,0.));
#2873 = ( GEOMETRIC_REPRESENTATION_CONTEXT(2) 
PARAMETRIC_REPRESENTATION_CONTEXT() REPRESENTATION_CONTEXT('2D SPACE',''
  ) );
#2874 = PCURVE('',#2729,#2875);
#2875 = DEFINITIONAL_REPRESENTATION('',(#2876),#2880);
#2876 = CIRCLE('',#2877,20.);
#2877 = AXIS2_PLACEMENT_2D('',#2878,#2879);
#2878 = CARTESIAN_POINT('',(-13.7,2.15));
#2879 = DIRECTION('',(-0.681998360062,-0.731353701619));
#2880 = ( GEOMETRIC_REPRESENTATION_CONTEXT(2) 
PARAMETRIC_REPRESENTATION_CONTEXT() REPRESENTATION_CONTEXT('2D SPACE',''
  ) );
#2881 = ORIENTED_EDGE('',*,*,#2882,.F.);
#2882 = EDGE_CURVE('',#2883,#2859,#2885,.T.);
#2883 = VERTEX_POINT('',#2884);
#2884 = CARTESIAN_POINT('',(-15.13333520206,13.076014899883,-283.4));
#2885 = SURFACE_CURVE('',#2886,(#2890,#2896),.PCURVE_S1.);
#2886 = LINE('',#2887,#2888);
#2887 = CARTESIAN_POINT('',(-15.13333520206,13.076014899883,-286.5));
#2888 = VECTOR('',#2889,1.);
#2889 = DIRECTION('',(0.,0.,1.));
#2890 = PCURVE('',#1390,#2891);
#2891 = DEFINITIONAL_REPRESENTATION('',(#2892),#2895);
#2892 = B_SPLINE_CURVE_WITH_KNOTS('',1,(#2893,#2894),.UNSPECIFIED.,.F.,
  .F.,(2,2),(2.96,4.64),.PIECEWISE_BEZIER_KNOTS.);
#2893 = CARTESIAN_POINT('',(2.428996038819,2.96));
#2894 = CARTESIAN_POINT('',(2.428996038819,4.64));
#2895 = ( GEOMETRIC_REPRESENTATION_CONTEXT(2) 
PARAMETRIC_REPRESENTATION_CONTEXT() REPRESENTATION_CONTEXT('2D SPACE',''
  ) );
#2896 = PCURVE('',#2897,#2902);
#2897 = PLANE('',#2898);
#2898 = AXIS2_PLACEMENT_3D('',#2899,#2900,#2901);
#2899 = CARTESIAN_POINT('',(-10.91578799133,8.553249238048,-283.4));
#2900 = DIRECTION('',(-0.731353701619,-0.681998360062,0.));
#2901 = DIRECTION('',(0.,0.,1.));
#2902 = DEFINITIONAL_REPRESENTATION('',(#2903),#2906);
#2903 = B_SPLINE_CURVE_WITH_KNOTS('',1,(#2904,#2905),.UNSPECIFIED.,.F.,
  .F.,(2,2),(2.96,4.64),.PIECEWISE_BEZIER_KNOTS.);
#2904 = CARTESIAN_POINT('',(-0.14,6.184101689541));
#2905 = CARTESIAN_POINT('',(1.54,6.184101689541));
#2906 = ( GEOMETRIC_REPRESENTATION_CONTEXT(2) 
PARAMETRIC_REPRESENTATION_CONTEXT() REPRESENTATION_CONTEXT('2D SPACE',''
  ) );
#2907 = ORIENTED_EDGE('',*,*,#2908,.F.);
#2908 = EDGE_CURVE('',#2909,#2883,#2911,.T.);
#2909 = VERTEX_POINT('',#2910);
#2910 = CARTESIAN_POINT('',(-12.85575219373,15.32088886238,-283.4));
#2911 = SURFACE_CURVE('',#2912,(#2917,#2924),.PCURVE_S1.);
#2912 = CIRCLE('',#2913,20.);
#2913 = AXIS2_PLACEMENT_3D('',#2914,#2915,#2916);
#2914 = CARTESIAN_POINT('',(0.,0.,-283.4));
#2915 = DIRECTION('',(0.,0.,1.));
#2916 = DIRECTION('',(1.,0.,-0.));
#2917 = PCURVE('',#1390,#2918);
#2918 = DEFINITIONAL_REPRESENTATION('',(#2919),#2923);
#2919 = LINE('',#2920,#2921);
#2920 = CARTESIAN_POINT('',(0.,3.1));
#2921 = VECTOR('',#2922,1.);
#2922 = DIRECTION('',(1.,0.));
#2923 = ( GEOMETRIC_REPRESENTATION_CONTEXT(2) 
PARAMETRIC_REPRESENTATION_CONTEXT() REPRESENTATION_CONTEXT('2D SPACE',''
  ) );
#2924 = PCURVE('',#2533,#2925);
#2925 = DEFINITIONAL_REPRESENTATION('',(#2926),#2930);
#2926 = CIRCLE('',#2927,20.);
#2927 = AXIS2_PLACEMENT_2D('',#2928,#2929);
#2928 = CARTESIAN_POINT('',(-13.7,2.15));
#2929 = DIRECTION('',(-0.681998360062,-0.731353701619));
#2930 = ( GEOMETRIC_REPRESENTATION_CONTEXT(2) 
PARAMETRIC_REPRESENTATION_CONTEXT() REPRESENTATION_CONTEXT('2D SPACE',''
  ) );
#2931 = ORIENTED_EDGE('',*,*,#2932,.F.);
#2932 = EDGE_CURVE('',#2465,#2909,#2933,.T.);
#2933 = SURFACE_CURVE('',#2934,(#2938,#2944),.PCURVE_S1.);
#2934 = LINE('',#2935,#2936);
#2935 = CARTESIAN_POINT('',(-12.85575219373,15.32088886238,-286.5));
#2936 = VECTOR('',#2937,1.);
#2937 = DIRECTION('',(0.,0.,1.));
#2938 = PCURVE('',#1390,#2939);
#2939 = DEFINITIONAL_REPRESENTATION('',(#2940),#2943);
#2940 = B_SPLINE_CURVE_WITH_KNOTS('',1,(#2941,#2942),.UNSPECIFIED.,.F.,
  .F.,(2,2),(0.9999994,7.0000006),.PIECEWISE_BEZIER_KNOTS.);
#2941 = CARTESIAN_POINT('',(2.268928027593,0.9999994));
#2942 = CARTESIAN_POINT('',(2.268928027593,7.0000006));
#2943 = ( GEOMETRIC_REPRESENTATION_CONTEXT(2) 
PARAMETRIC_REPRESENTATION_CONTEXT() REPRESENTATION_CONTEXT('2D SPACE',''
  ) );
#2944 = PCURVE('',#2506,#2945);
#2945 = DEFINITIONAL_REPRESENTATION('',(#2946),#2950);
#2946 = LINE('',#2947,#2948);
#2947 = CARTESIAN_POINT('',(4.585786437627,1.414721707522));
#2948 = VECTOR('',#2949,1.);
#2949 = DIRECTION('',(0.707106781187,-0.707106781187));
#2950 = ( GEOMETRIC_REPRESENTATION_CONTEXT(2) 
PARAMETRIC_REPRESENTATION_CONTEXT() REPRESENTATION_CONTEXT('2D SPACE',''
  ) );
#2951 = ORIENTED_EDGE('',*,*,#2952,.F.);
#2952 = EDGE_CURVE('',#2953,#2465,#2955,.T.);
#2953 = VERTEX_POINT('',#2954);
#2954 = CARTESIAN_POINT('',(-12.85575219373,15.32088886238,-284.5));
#2955 = SURFACE_CURVE('',#2956,(#2960,#2966),.PCURVE_S1.);
#2956 = LINE('',#2957,#2958);
#2957 = CARTESIAN_POINT('',(-12.85575219373,15.32088886238,-286.5));
#2958 = VECTOR('',#2959,1.);
#2959 = DIRECTION('',(0.,0.,1.));
#2960 = PCURVE('',#1390,#2961);
#2961 = DEFINITIONAL_REPRESENTATION('',(#2962),#2965);
#2962 = B_SPLINE_CURVE_WITH_KNOTS('',1,(#2963,#2964),.UNSPECIFIED.,.F.,
  .F.,(2,2),(0.9999994,7.0000006),.PIECEWISE_BEZIER_KNOTS.);
#2963 = CARTESIAN_POINT('',(2.268928027593,0.9999994));
#2964 = CARTESIAN_POINT('',(2.268928027593,7.0000006));
#2965 = ( GEOMETRIC_REPRESENTATION_CONTEXT(2) 
PARAMETRIC_REPRESENTATION_CONTEXT() REPRESENTATION_CONTEXT('2D SPACE',''
  ) );
#2966 = PCURVE('',#2479,#2967);
#2967 = DEFINITIONAL_REPRESENTATION('',(#2968),#2971);
#2968 = B_SPLINE_CURVE_WITH_KNOTS('',1,(#2969,#2970),.UNSPECIFIED.,.F.,
  .F.,(2,2),(0.9999994,7.0000006),.PIECEWISE_BEZIER_KNOTS.);
#2969 = CARTESIAN_POINT('',(20.,-1.9999994));
#2970 = CARTESIAN_POINT('',(20.,-8.0000006));
#2971 = ( GEOMETRIC_REPRESENTATION_CONTEXT(2) 
PARAMETRIC_REPRESENTATION_CONTEXT() REPRESENTATION_CONTEXT('2D SPACE',''
  ) );
#2972 = ORIENTED_EDGE('',*,*,#2973,.T.);
#2973 = EDGE_CURVE('',#2953,#2809,#2974,.T.);
#2974 = SURFACE_CURVE('',#2975,(#2980,#2987),.PCURVE_S1.);
#2975 = CIRCLE('',#2976,20.);
#2976 = AXIS2_PLACEMENT_3D('',#2977,#2978,#2979);
#2977 = CARTESIAN_POINT('',(0.,0.,-284.5));
#2978 = DIRECTION('',(0.,0.,1.));
#2979 = DIRECTION('',(-0.642787609687,0.766044443119,0.));
#2980 = PCURVE('',#1390,#2981);
#2981 = DEFINITIONAL_REPRESENTATION('',(#2982),#2986);
#2982 = LINE('',#2983,#2984);
#2983 = CARTESIAN_POINT('',(2.268928027593,2.));
#2984 = VECTOR('',#2985,1.);
#2985 = DIRECTION('',(1.,0.));
#2986 = ( GEOMETRIC_REPRESENTATION_CONTEXT(2) 
PARAMETRIC_REPRESENTATION_CONTEXT() REPRESENTATION_CONTEXT('2D SPACE',''
  ) );
#2987 = PCURVE('',#2842,#2988);
#2988 = DEFINITIONAL_REPRESENTATION('',(#2989),#2993);
#2989 = CIRCLE('',#2990,20.);
#2990 = AXIS2_PLACEMENT_2D('',#2991,#2992);
#2991 = CARTESIAN_POINT('',(0.,0.));
#2992 = DIRECTION('',(-0.642787609687,0.766044443119));
#2993 = ( GEOMETRIC_REPRESENTATION_CONTEXT(2) 
PARAMETRIC_REPRESENTATION_CONTEXT() REPRESENTATION_CONTEXT('2D SPACE',''
  ) );
#2994 = ORIENTED_EDGE('',*,*,#2808,.T.);
#2995 = ADVANCED_FACE('',(#2996),#1500,.F.);
#2996 = FACE_BOUND('',#2997,.F.);
#2997 = EDGE_LOOP('',(#2998,#2999,#3022,#3049));
#2998 = ORIENTED_EDGE('',*,*,#1483,.F.);
#2999 = ORIENTED_EDGE('',*,*,#3000,.F.);
#3000 = EDGE_CURVE('',#3001,#1484,#3003,.T.);
#3001 = VERTEX_POINT('',#3002);
#3002 = CARTESIAN_POINT('',(-1.170929640043E-14,-51.3,-288.55));
#3003 = SEAM_CURVE('',#3004,(#3008,#3015),.PCURVE_S1.);
#3004 = LINE('',#3005,#3006);
#3005 = CARTESIAN_POINT('',(-1.170929640043E-14,-51.3,-288.55));
#3006 = VECTOR('',#3007,1.);
#3007 = DIRECTION('',(0.,0.,1.));
#3008 = PCURVE('',#1500,#3009);
#3009 = DEFINITIONAL_REPRESENTATION('',(#3010),#3014);
#3010 = LINE('',#3011,#3012);
#3011 = CARTESIAN_POINT('',(6.28318530718,-0.));
#3012 = VECTOR('',#3013,1.);
#3013 = DIRECTION('',(0.,1.));
#3014 = ( GEOMETRIC_REPRESENTATION_CONTEXT(2) 
PARAMETRIC_REPRESENTATION_CONTEXT() REPRESENTATION_CONTEXT('2D SPACE',''
  ) );
#3015 = PCURVE('',#1500,#3016);
#3016 = DEFINITIONAL_REPRESENTATION('',(#3017),#3021);
#3017 = LINE('',#3018,#3019);
#3018 = CARTESIAN_POINT('',(0.,-0.));
#3019 = VECTOR('',#3020,1.);
#3020 = DIRECTION('',(0.,1.));
#3021 = ( GEOMETRIC_REPRESENTATION_CONTEXT(2) 
PARAMETRIC_REPRESENTATION_CONTEXT() REPRESENTATION_CONTEXT('2D SPACE',''
  ) );
#3022 = ORIENTED_EDGE('',*,*,#3023,.T.);
#3023 = EDGE_CURVE('',#3001,#3001,#3024,.T.);
#3024 = SURFACE_CURVE('',#3025,(#3030,#3037),.PCURVE_S1.);
#3025 = CIRCLE('',#3026,1.3);
#3026 = AXIS2_PLACEMENT_3D('',#3027,#3028,#3029);
#3027 = CARTESIAN_POINT('',(-1.110223024625E-14,-50.,-288.55));
#3028 = DIRECTION('',(0.,0.,1.));
#3029 = DIRECTION('',(-2.22044604925E-16,-1.,0.));
#3030 = PCURVE('',#1500,#3031);
#3031 = DEFINITIONAL_REPRESENTATION('',(#3032),#3036);
#3032 = LINE('',#3033,#3034);
#3033 = CARTESIAN_POINT('',(0.,0.));
#3034 = VECTOR('',#3035,1.);
#3035 = DIRECTION('',(1.,0.));
#3036 = ( GEOMETRIC_REPRESENTATION_CONTEXT(2) 
PARAMETRIC_REPRESENTATION_CONTEXT() REPRESENTATION_CONTEXT('2D SPACE',''
  ) );
#3037 = PCURVE('',#3038,#3043);
#3038 = PLANE('',#3039);
#3039 = AXIS2_PLACEMENT_3D('',#3040,#3041,#3042);
#3040 = CARTESIAN_POINT('',(-1.110223024625E-14,-50.,-288.55));
#3041 = DIRECTION('',(0.,0.,1.));
#3042 = DIRECTION('',(-2.22044604925E-16,-1.,0.));
#3043 = DEFINITIONAL_REPRESENTATION('',(#3044),#3048);
#3044 = CIRCLE('',#3045,1.3);
#3045 = AXIS2_PLACEMENT_2D('',#3046,#3047);
#3046 = CARTESIAN_POINT('',(0.,0.));
#3047 = DIRECTION('',(1.,0.));
#3048 = ( GEOMETRIC_REPRESENTATION_CONTEXT(2) 
PARAMETRIC_REPRESENTATION_CONTEXT() REPRESENTATION_CONTEXT('2D SPACE',''
  ) );
#3049 = ORIENTED_EDGE('',*,*,#3000,.T.);
#3050 = ADVANCED_FACE('',(#3051),#1531,.F.);
#3051 = FACE_BOUND('',#3052,.F.);
#3052 = EDGE_LOOP('',(#3053,#3054,#3077,#3099));
#3053 = ORIENTED_EDGE('',*,*,#1514,.F.);
#3054 = ORIENTED_EDGE('',*,*,#3055,.F.);
#3055 = EDGE_CURVE('',#3056,#1515,#3058,.T.);
#3056 = VERTEX_POINT('',#3057);
#3057 = CARTESIAN_POINT('',(12.,-2.939152317954E-15,-284.5));
#3058 = SEAM_CURVE('',#3059,(#3063,#3070),.PCURVE_S1.);
#3059 = LINE('',#3060,#3061);
#3060 = CARTESIAN_POINT('',(12.,-2.939152317954E-15,-285.5));
#3061 = VECTOR('',#3062,1.);
#3062 = DIRECTION('',(0.,0.,1.));
#3063 = PCURVE('',#1531,#3064);
#3064 = DEFINITIONAL_REPRESENTATION('',(#3065),#3069);
#3065 = LINE('',#3066,#3067);
#3066 = CARTESIAN_POINT('',(6.28318530718,-0.));
#3067 = VECTOR('',#3068,1.);
#3068 = DIRECTION('',(0.,1.));
#3069 = ( GEOMETRIC_REPRESENTATION_CONTEXT(2) 
PARAMETRIC_REPRESENTATION_CONTEXT() REPRESENTATION_CONTEXT('2D SPACE',''
  ) );
#3070 = PCURVE('',#1531,#3071);
#3071 = DEFINITIONAL_REPRESENTATION('',(#3072),#3076);
#3072 = LINE('',#3073,#3074);
#3073 = CARTESIAN_POINT('',(0.,-0.));
#3074 = VECTOR('',#3075,1.);
#3075 = DIRECTION('',(0.,1.));
#3076 = ( GEOMETRIC_REPRESENTATION_CONTEXT(2) 
PARAMETRIC_REPRESENTATION_CONTEXT() REPRESENTATION_CONTEXT('2D SPACE',''
  ) );
#3077 = ORIENTED_EDGE('',*,*,#3078,.T.);
#3078 = EDGE_CURVE('',#3056,#3056,#3079,.T.);
#3079 = SURFACE_CURVE('',#3080,(#3085,#3092),.PCURVE_S1.);
#3080 = CIRCLE('',#3081,12.);
#3081 = AXIS2_PLACEMENT_3D('',#3082,#3083,#3084);
#3082 = CARTESIAN_POINT('',(0.,0.,-284.5));
#3083 = DIRECTION('',(0.,0.,1.));
#3084 = DIRECTION('',(1.,0.,-0.));
#3085 = PCURVE('',#1531,#3086);
#3086 = DEFINITIONAL_REPRESENTATION('',(#3087),#3091);
#3087 = LINE('',#3088,#3089);
#3088 = CARTESIAN_POINT('',(0.,1.));
#3089 = VECTOR('',#3090,1.);
#3090 = DIRECTION('',(1.,0.));
#3091 = ( GEOMETRIC_REPRESENTATION_CONTEXT(2) 
PARAMETRIC_REPRESENTATION_CONTEXT() REPRESENTATION_CONTEXT('2D SPACE',''
  ) );
#3092 = PCURVE('',#2842,#3093);
#3093 = DEFINITIONAL_REPRESENTATION('',(#3094),#3098);
#3094 = CIRCLE('',#3095,12.);
#3095 = AXIS2_PLACEMENT_2D('',#3096,#3097);
#3096 = CARTESIAN_POINT('',(0.,0.));
#3097 = DIRECTION('',(1.,0.));
#3098 = ( GEOMETRIC_REPRESENTATION_CONTEXT(2) 
PARAMETRIC_REPRESENTATION_CONTEXT() REPRESENTATION_CONTEXT('2D SPACE',''
  ) );
#3099 = ORIENTED_EDGE('',*,*,#3055,.T.);
#3100 = ADVANCED_FACE('',(#3101),#1562,.F.);
#3101 = FACE_BOUND('',#3102,.F.);
#3102 = EDGE_LOOP('',(#3103,#3104,#3127,#3154));
#3103 = ORIENTED_EDGE('',*,*,#1545,.F.);
#3104 = ORIENTED_EDGE('',*,*,#3105,.F.);
#3105 = EDGE_CURVE('',#3106,#1546,#3108,.T.);
#3106 = VERTEX_POINT('',#3107);
#3107 = CARTESIAN_POINT('',(44.427103214142,25.65,-288.55));
#3108 = SEAM_CURVE('',#3109,(#3113,#3120),.PCURVE_S1.);
#3109 = LINE('',#3110,#3111);
#3110 = CARTESIAN_POINT('',(44.427103214142,25.65,-288.55));
#3111 = VECTOR('',#3112,1.);
#3112 = DIRECTION('',(0.,0.,1.));
#3113 = PCURVE('',#1562,#3114);
#3114 = DEFINITIONAL_REPRESENTATION('',(#3115),#3119);
#3115 = LINE('',#3116,#3117);
#3116 = CARTESIAN_POINT('',(6.28318530718,-0.));
#3117 = VECTOR('',#3118,1.);
#3118 = DIRECTION('',(0.,1.));
#3119 = ( GEOMETRIC_REPRESENTATION_CONTEXT(2) 
PARAMETRIC_REPRESENTATION_CONTEXT() REPRESENTATION_CONTEXT('2D SPACE',''
  ) );
#3120 = PCURVE('',#1562,#3121);
#3121 = DEFINITIONAL_REPRESENTATION('',(#3122),#3126);
#3122 = LINE('',#3123,#3124);
#3123 = CARTESIAN_POINT('',(0.,-0.));
#3124 = VECTOR('',#3125,1.);
#3125 = DIRECTION('',(0.,1.));
#3126 = ( GEOMETRIC_REPRESENTATION_CONTEXT(2) 
PARAMETRIC_REPRESENTATION_CONTEXT() REPRESENTATION_CONTEXT('2D SPACE',''
  ) );
#3127 = ORIENTED_EDGE('',*,*,#3128,.T.);
#3128 = EDGE_CURVE('',#3106,#3106,#3129,.T.);
#3129 = SURFACE_CURVE('',#3130,(#3135,#3142),.PCURVE_S1.);
#3130 = CIRCLE('',#3131,1.3);
#3131 = AXIS2_PLACEMENT_3D('',#3132,#3133,#3134);
#3132 = CARTESIAN_POINT('',(43.301270189222,25.,-288.55));
#3133 = DIRECTION('',(0.,-0.,1.));
#3134 = DIRECTION('',(0.866025403784,0.5,0.));
#3135 = PCURVE('',#1562,#3136);
#3136 = DEFINITIONAL_REPRESENTATION('',(#3137),#3141);
#3137 = LINE('',#3138,#3139);
#3138 = CARTESIAN_POINT('',(0.,0.));
#3139 = VECTOR('',#3140,1.);
#3140 = DIRECTION('',(1.,0.));
#3141 = ( GEOMETRIC_REPRESENTATION_CONTEXT(2) 
PARAMETRIC_REPRESENTATION_CONTEXT() REPRESENTATION_CONTEXT('2D SPACE',''
  ) );
#3142 = PCURVE('',#3143,#3148);
#3143 = PLANE('',#3144);
#3144 = AXIS2_PLACEMENT_3D('',#3145,#3146,#3147);
#3145 = CARTESIAN_POINT('',(43.301270189222,25.,-288.55));
#3146 = DIRECTION('',(0.,0.,1.));
#3147 = DIRECTION('',(0.866025403784,0.5,0.));
#3148 = DEFINITIONAL_REPRESENTATION('',(#3149),#3153);
#3149 = CIRCLE('',#3150,1.3);
#3150 = AXIS2_PLACEMENT_2D('',#3151,#3152);
#3151 = CARTESIAN_POINT('',(0.,0.));
#3152 = DIRECTION('',(1.,0.));
#3153 = ( GEOMETRIC_REPRESENTATION_CONTEXT(2) 
PARAMETRIC_REPRESENTATION_CONTEXT() REPRESENTATION_CONTEXT('2D SPACE',''
  ) );
#3154 = ORIENTED_EDGE('',*,*,#3105,.T.);
#3155 = ADVANCED_FACE('',(#3156),#1593,.F.);
#3156 = FACE_BOUND('',#3157,.F.);
#3157 = EDGE_LOOP('',(#3158,#3159,#3182,#3209));
#3158 = ORIENTED_EDGE('',*,*,#1576,.F.);
#3159 = ORIENTED_EDGE('',*,*,#3160,.F.);
#3160 = EDGE_CURVE('',#3161,#1577,#3163,.T.);
#3161 = VERTEX_POINT('',#3162);
#3162 = CARTESIAN_POINT('',(1.170929640043E-14,51.3,-288.55));
#3163 = SEAM_CURVE('',#3164,(#3168,#3175),.PCURVE_S1.);
#3164 = LINE('',#3165,#3166);
#3165 = CARTESIAN_POINT('',(1.170929640043E-14,51.3,-288.55));
#3166 = VECTOR('',#3167,1.);
#3167 = DIRECTION('',(0.,0.,1.));
#3168 = PCURVE('',#1593,#3169);
#3169 = DEFINITIONAL_REPRESENTATION('',(#3170),#3174);
#3170 = LINE('',#3171,#3172);
#3171 = CARTESIAN_POINT('',(6.28318530718,-0.));
#3172 = VECTOR('',#3173,1.);
#3173 = DIRECTION('',(0.,1.));
#3174 = ( GEOMETRIC_REPRESENTATION_CONTEXT(2) 
PARAMETRIC_REPRESENTATION_CONTEXT() REPRESENTATION_CONTEXT('2D SPACE',''
  ) );
#3175 = PCURVE('',#1593,#3176);
#3176 = DEFINITIONAL_REPRESENTATION('',(#3177),#3181);
#3177 = LINE('',#3178,#3179);
#3178 = CARTESIAN_POINT('',(0.,-0.));
#3179 = VECTOR('',#3180,1.);
#3180 = DIRECTION('',(0.,1.));
#3181 = ( GEOMETRIC_REPRESENTATION_CONTEXT(2) 
PARAMETRIC_REPRESENTATION_CONTEXT() REPRESENTATION_CONTEXT('2D SPACE',''
  ) );
#3182 = ORIENTED_EDGE('',*,*,#3183,.T.);
#3183 = EDGE_CURVE('',#3161,#3161,#3184,.T.);
#3184 = SURFACE_CURVE('',#3185,(#3190,#3197),.PCURVE_S1.);
#3185 = CIRCLE('',#3186,1.3);
#3186 = AXIS2_PLACEMENT_3D('',#3187,#3188,#3189);
#3187 = CARTESIAN_POINT('',(1.110223024625E-14,50.,-288.55));
#3188 = DIRECTION('',(0.,-0.,1.));
#3189 = DIRECTION('',(2.22044604925E-16,1.,0.));
#3190 = PCURVE('',#1593,#3191);
#3191 = DEFINITIONAL_REPRESENTATION('',(#3192),#3196);
#3192 = LINE('',#3193,#3194);
#3193 = CARTESIAN_POINT('',(0.,0.));
#3194 = VECTOR('',#3195,1.);
#3195 = DIRECTION('',(1.,0.));
#3196 = ( GEOMETRIC_REPRESENTATION_CONTEXT(2) 
PARAMETRIC_REPRESENTATION_CONTEXT() REPRESENTATION_CONTEXT('2D SPACE',''
  ) );
#3197 = PCURVE('',#3198,#3203);
#3198 = PLANE('',#3199);
#3199 = AXIS2_PLACEMENT_3D('',#3200,#3201,#3202);
#3200 = CARTESIAN_POINT('',(1.110223024625E-14,50.,-288.55));
#3201 = DIRECTION('',(0.,0.,1.));
#3202 = DIRECTION('',(2.22044604925E-16,1.,0.));
#3203 = DEFINITIONAL_REPRESENTATION('',(#3204),#3208);
#3204 = CIRCLE('',#3205,1.3);
#3205 = AXIS2_PLACEMENT_2D('',#3206,#3207);
#3206 = CARTESIAN_POINT('',(0.,0.));
#3207 = DIRECTION('',(1.,0.));
#3208 = ( GEOMETRIC_REPRESENTATION_CONTEXT(2) 
PARAMETRIC_REPRESENTATION_CONTEXT() REPRESENTATION_CONTEXT('2D SPACE',''
  ) );
#3209 = ORIENTED_EDGE('',*,*,#3160,.T.);
#3210 = ADVANCED_FACE('',(#3211),#1647,.T.);
#3211 = FACE_BOUND('',#3212,.F.);
#3212 = EDGE_LOOP('',(#3213));
#3213 = ORIENTED_EDGE('',*,*,#1632,.F.);
#3214 = ADVANCED_FACE('',(#3215,#3360,#3526,#3549),#1725,.F.);
#3215 = FACE_BOUND('',#3216,.F.);
#3216 = EDGE_LOOP('',(#3217,#3243,#3266,#3293,#3294,#3316,#3317,#3341));
#3217 = ORIENTED_EDGE('',*,*,#3218,.F.);
#3218 = EDGE_CURVE('',#3219,#3221,#3223,.T.);
#3219 = VERTEX_POINT('',#3220);
#3220 = CARTESIAN_POINT('',(47.,-1.151167991199E-14,-284.5));
#3221 = VERTEX_POINT('',#3222);
#3222 = CARTESIAN_POINT('',(-30.21101765526,36.004088826592,-284.5));
#3223 = SURFACE_CURVE('',#3224,(#3229,#3236),.PCURVE_S1.);
#3224 = CIRCLE('',#3225,47.);
#3225 = AXIS2_PLACEMENT_3D('',#3226,#3227,#3228);
#3226 = CARTESIAN_POINT('',(0.,0.,-284.5));
#3227 = DIRECTION('',(0.,0.,1.));
#3228 = DIRECTION('',(1.,0.,-0.));
#3229 = PCURVE('',#1725,#3230);
#3230 = DEFINITIONAL_REPRESENTATION('',(#3231),#3235);
#3231 = LINE('',#3232,#3233);
#3232 = CARTESIAN_POINT('',(0.,16.));
#3233 = VECTOR('',#3234,1.);
#3234 = DIRECTION('',(1.,0.));
#3235 = ( GEOMETRIC_REPRESENTATION_CONTEXT(2) 
PARAMETRIC_REPRESENTATION_CONTEXT() REPRESENTATION_CONTEXT('2D SPACE',''
  ) );
#3236 = PCURVE('',#2842,#3237);
#3237 = DEFINITIONAL_REPRESENTATION('',(#3238),#3242);
#3238 = CIRCLE('',#3239,47.);
#3239 = AXIS2_PLACEMENT_2D('',#3240,#3241);
#3240 = CARTESIAN_POINT('',(0.,0.));
#3241 = DIRECTION('',(1.,0.));
#3242 = ( GEOMETRIC_REPRESENTATION_CONTEXT(2) 
PARAMETRIC_REPRESENTATION_CONTEXT() REPRESENTATION_CONTEXT('2D SPACE',''
  ) );
#3243 = ORIENTED_EDGE('',*,*,#3244,.F.);
#3244 = EDGE_CURVE('',#3245,#3219,#3247,.T.);
#3245 = VERTEX_POINT('',#3246);
#3246 = CARTESIAN_POINT('',(47.,-1.151167991199E-14,-300.5));
#3247 = SEAM_CURVE('',#3248,(#3252,#3259),.PCURVE_S1.);
#3248 = LINE('',#3249,#3250);
#3249 = CARTESIAN_POINT('',(47.,-1.151167991199E-14,-300.5));
#3250 = VECTOR('',#3251,1.);
#3251 = DIRECTION('',(0.,0.,1.));
#3252 = PCURVE('',#1725,#3253);
#3253 = DEFINITIONAL_REPRESENTATION('',(#3254),#3258);
#3254 = LINE('',#3255,#3256);
#3255 = CARTESIAN_POINT('',(6.28318530718,-0.));
#3256 = VECTOR('',#3257,1.);
#3257 = DIRECTION('',(0.,1.));
#3258 = ( GEOMETRIC_REPRESENTATION_CONTEXT(2) 
PARAMETRIC_REPRESENTATION_CONTEXT() REPRESENTATION_CONTEXT('2D SPACE',''
  ) );
#3259 = PCURVE('',#1725,#3260);
#3260 = DEFINITIONAL_REPRESENTATION('',(#3261),#3265);
#3261 = LINE('',#3262,#3263);
#3262 = CARTESIAN_POINT('',(0.,-0.));
#3263 = VECTOR('',#3264,1.);
#3264 = DIRECTION('',(0.,1.));
#3265 = ( GEOMETRIC_REPRESENTATION_CONTEXT(2) 
PARAMETRIC_REPRESENTATION_CONTEXT() REPRESENTATION_CONTEXT('2D SPACE',''
  ) );
#3266 = ORIENTED_EDGE('',*,*,#3267,.T.);
#3267 = EDGE_CURVE('',#3245,#3245,#3268,.T.);
#3268 = SURFACE_CURVE('',#3269,(#3274,#3281),.PCURVE_S1.);
#3269 = CIRCLE('',#3270,47.);
#3270 = AXIS2_PLACEMENT_3D('',#3271,#3272,#3273);
#3271 = CARTESIAN_POINT('',(0.,0.,-300.5));
#3272 = DIRECTION('',(0.,0.,1.));
#3273 = DIRECTION('',(1.,0.,-0.));
#3274 = PCURVE('',#1725,#3275);
#3275 = DEFINITIONAL_REPRESENTATION('',(#3276),#3280);
#3276 = LINE('',#3277,#3278);
#3277 = CARTESIAN_POINT('',(0.,0.));
#3278 = VECTOR('',#3279,1.);
#3279 = DIRECTION('',(1.,0.));
#3280 = ( GEOMETRIC_REPRESENTATION_CONTEXT(2) 
PARAMETRIC_REPRESENTATION_CONTEXT() REPRESENTATION_CONTEXT('2D SPACE',''
  ) );
#3281 = PCURVE('',#3282,#3287);
#3282 = PLANE('',#3283);
#3283 = AXIS2_PLACEMENT_3D('',#3284,#3285,#3286);
#3284 = CARTESIAN_POINT('',(0.,0.,-300.5));
#3285 = DIRECTION('',(0.,0.,1.));
#3286 = DIRECTION('',(1.,0.,-0.));
#3287 = DEFINITIONAL_REPRESENTATION('',(#3288),#3292);
#3288 = CIRCLE('',#3289,47.);
#3289 = AXIS2_PLACEMENT_2D('',#3290,#3291);
#3290 = CARTESIAN_POINT('',(0.,0.));
#3291 = DIRECTION('',(1.,0.));
#3292 = ( GEOMETRIC_REPRESENTATION_CONTEXT(2) 
PARAMETRIC_REPRESENTATION_CONTEXT() REPRESENTATION_CONTEXT('2D SPACE',''
  ) );
#3293 = ORIENTED_EDGE('',*,*,#3244,.T.);
#3294 = ORIENTED_EDGE('',*,*,#3295,.F.);
#3295 = EDGE_CURVE('',#2767,#3219,#3296,.T.);
#3296 = SURFACE_CURVE('',#3297,(#3302,#3309),.PCURVE_S1.);
#3297 = CIRCLE('',#3298,47.);
#3298 = AXIS2_PLACEMENT_3D('',#3299,#3300,#3301);
#3299 = CARTESIAN_POINT('',(0.,0.,-284.5));
#3300 = DIRECTION('',(0.,0.,1.));
#3301 = DIRECTION('',(1.,0.,-0.));
#3302 = PCURVE('',#1725,#3303);
#3303 = DEFINITIONAL_REPRESENTATION('',(#3304),#3308);
#3304 = LINE('',#3305,#3306);
#3305 = CARTESIAN_POINT('',(0.,16.));
#3306 = VECTOR('',#3307,1.);
#3307 = DIRECTION('',(1.,0.));
#3308 = ( GEOMETRIC_REPRESENTATION_CONTEXT(2) 
PARAMETRIC_REPRESENTATION_CONTEXT() REPRESENTATION_CONTEXT('2D SPACE',''
  ) );
#3309 = PCURVE('',#2842,#3310);
#3310 = DEFINITIONAL_REPRESENTATION('',(#3311),#3315);
#3311 = CIRCLE('',#3312,47.);
#3312 = AXIS2_PLACEMENT_2D('',#3313,#3314);
#3313 = CARTESIAN_POINT('',(0.,0.));
#3314 = DIRECTION('',(1.,0.));
#3315 = ( GEOMETRIC_REPRESENTATION_CONTEXT(2) 
PARAMETRIC_REPRESENTATION_CONTEXT() REPRESENTATION_CONTEXT('2D SPACE',''
  ) );
#3316 = ORIENTED_EDGE('',*,*,#2764,.F.);
#3317 = ORIENTED_EDGE('',*,*,#3318,.F.);
#3318 = EDGE_CURVE('',#3319,#2765,#3321,.T.);
#3319 = VERTEX_POINT('',#3320);
#3320 = CARTESIAN_POINT('',(-30.21101765526,36.004088826592,-285.5));
#3321 = SURFACE_CURVE('',#3322,(#3327,#3334),.PCURVE_S1.);
#3322 = CIRCLE('',#3323,47.);
#3323 = AXIS2_PLACEMENT_3D('',#3324,#3325,#3326);
#3324 = CARTESIAN_POINT('',(0.,0.,-285.5));
#3325 = DIRECTION('',(0.,0.,1.));
#3326 = DIRECTION('',(1.,0.,-0.));
#3327 = PCURVE('',#1725,#3328);
#3328 = DEFINITIONAL_REPRESENTATION('',(#3329),#3333);
#3329 = LINE('',#3330,#3331);
#3330 = CARTESIAN_POINT('',(0.,15.));
#3331 = VECTOR('',#3332,1.);
#3332 = DIRECTION('',(1.,0.));
#3333 = ( GEOMETRIC_REPRESENTATION_CONTEXT(2) 
PARAMETRIC_REPRESENTATION_CONTEXT() REPRESENTATION_CONTEXT('2D SPACE',''
  ) );
#3334 = PCURVE('',#2658,#3335);
#3335 = DEFINITIONAL_REPRESENTATION('',(#3336),#3340);
#3336 = CIRCLE('',#3337,47.);
#3337 = AXIS2_PLACEMENT_2D('',#3338,#3339);
#3338 = CARTESIAN_POINT('',(0.,0.));
#3339 = DIRECTION('',(1.,0.));
#3340 = ( GEOMETRIC_REPRESENTATION_CONTEXT(2) 
PARAMETRIC_REPRESENTATION_CONTEXT() REPRESENTATION_CONTEXT('2D SPACE',''
  ) );
#3341 = ORIENTED_EDGE('',*,*,#3342,.T.);
#3342 = EDGE_CURVE('',#3319,#3221,#3343,.T.);
#3343 = SURFACE_CURVE('',#3344,(#3348,#3354),.PCURVE_S1.);
#3344 = LINE('',#3345,#3346);
#3345 = CARTESIAN_POINT('',(-30.21101765526,36.004088826592,-300.5));
#3346 = VECTOR('',#3347,1.);
#3347 = DIRECTION('',(0.,0.,1.));
#3348 = PCURVE('',#1725,#3349);
#3349 = DEFINITIONAL_REPRESENTATION('',(#3350),#3353);
#3350 = B_SPLINE_CURVE_WITH_KNOTS('',1,(#3351,#3352),.UNSPECIFIED.,.F.,
  .F.,(2,2),(14.4,16.0000006),.PIECEWISE_BEZIER_KNOTS.);
#3351 = CARTESIAN_POINT('',(2.268928027593,14.4));
#3352 = CARTESIAN_POINT('',(2.268928027593,16.0000006));
#3353 = ( GEOMETRIC_REPRESENTATION_CONTEXT(2) 
PARAMETRIC_REPRESENTATION_CONTEXT() REPRESENTATION_CONTEXT('2D SPACE',''
  ) );
#3354 = PCURVE('',#2479,#3355);
#3355 = DEFINITIONAL_REPRESENTATION('',(#3356),#3359);
#3356 = B_SPLINE_CURVE_WITH_KNOTS('',1,(#3357,#3358),.UNSPECIFIED.,.F.,
  .F.,(2,2),(14.4,16.0000006),.PIECEWISE_BEZIER_KNOTS.);
#3357 = CARTESIAN_POINT('',(47.,-1.4));
#3358 = CARTESIAN_POINT('',(47.,-3.0000006));
#3359 = ( GEOMETRIC_REPRESENTATION_CONTEXT(2) 
PARAMETRIC_REPRESENTATION_CONTEXT() REPRESENTATION_CONTEXT('2D SPACE',''
  ) );
#3360 = FACE_BOUND('',#3361,.F.);
#3361 = EDGE_LOOP('',(#3362));
#3362 = ORIENTED_EDGE('',*,*,#3363,.T.);
#3363 = EDGE_CURVE('',#3364,#3364,#3366,.T.);
#3364 = VERTEX_POINT('',#3365);
#3365 = CARTESIAN_POINT('',(-47.,-6.368163355566E-16,-295.6));
#3366 = SURFACE_CURVE('',#3367,(#3418,#3472),.PCURVE_S1.);
#3367 = B_SPLINE_CURVE_WITH_KNOTS('',7,(#3368,#3369,#3370,#3371,#3372,
    #3373,#3374,#3375,#3376,#3377,#3378,#3379,#3380,#3381,#3382,#3383,
    #3384,#3385,#3386,#3387,#3388,#3389,#3390,#3391,#3392,#3393,#3394,
    #3395,#3396,#3397,#3398,#3399,#3400,#3401,#3402,#3403,#3404,#3405,
    #3406,#3407,#3408,#3409,#3410,#3411,#3412,#3413,#3414,#3415,#3416,
    #3417),.UNSPECIFIED.,.T.,.F.,(8,6,6,6,6,6,6,6,8),(0.,0.126516989919,
    0.249999995477,0.373483001034,0.499999990953,0.626516980872,
    0.749999990066,0.873483002764,1.),.UNSPECIFIED.);
#3368 = CARTESIAN_POINT('',(-47.,2.6645352591E-15,-295.6));
#3369 = CARTESIAN_POINT('',(-47.,0.360400542211,-295.6));
#3370 = CARTESIAN_POINT('',(-46.99677581803,0.709612744625,
    -295.541717484));
#3371 = CARTESIAN_POINT('',(-46.99068778482,1.037017092395,
    -295.4316601618));
#3372 = CARTESIAN_POINT('',(-46.98264799199,1.334141398467,
    -295.2781335836));
#3373 = CARTESIAN_POINT('',(-46.97384139906,1.594830045134,
    -295.0911682021));
#3374 = CARTESIAN_POINT('',(-46.96526181484,1.81581498147,
    -294.8823354561));
#3375 = CARTESIAN_POINT('',(-46.95000704542,2.17445993158,
    -294.4519939124));
#3376 = CARTESIAN_POINT('',(-46.94307817651,2.318996467017,
    -294.2249024513));
#3377 = CARTESIAN_POINT('',(-46.9372046915,2.43251656842,-293.9881413587
    ));
#3378 = CARTESIAN_POINT('',(-46.93265515414,2.516520281745,
    -293.7450583052));
#3379 = CARTESIAN_POINT('',(-46.9295732022,2.572146251297,
    -293.4980859734));
#3380 = CARTESIAN_POINT('',(-46.9280300034,2.6,-293.2491490709));
#3381 = CARTESIAN_POINT('',(-46.9280300034,2.6,-292.750850929));
#3382 = CARTESIAN_POINT('',(-46.9295732022,2.572146251297,
    -292.5019140265));
#3383 = CARTESIAN_POINT('',(-46.93265515414,2.516520281745,
    -292.2549416947));
#3384 = CARTESIAN_POINT('',(-46.9372046915,2.432516568419,
    -292.0118586412));
#3385 = CARTESIAN_POINT('',(-46.94307817651,2.318996467017,
    -291.7750975486));
#3386 = CARTESIAN_POINT('',(-46.95000704542,2.17445993158,
    -291.5480060875));
#3387 = CARTESIAN_POINT('',(-46.96526181484,1.81581498147,
    -291.1176645438));
#3388 = CARTESIAN_POINT('',(-46.97384139906,1.594830045133,
    -290.9088317978));
#3389 = CARTESIAN_POINT('',(-46.98264799199,1.334141398468,
    -290.7218664163));
#3390 = CARTESIAN_POINT('',(-46.99068778482,1.037017092394,
    -290.5683398381));
#3391 = CARTESIAN_POINT('',(-46.99677581803,0.709612744625,
    -290.4582825159));
#3392 = CARTESIAN_POINT('',(-47.,0.360400542211,-290.4));
#3393 = CARTESIAN_POINT('',(-47.,-0.360400542211,-290.4));
#3394 = CARTESIAN_POINT('',(-46.99677581803,-0.709612744623,
    -290.4582825159));
#3395 = CARTESIAN_POINT('',(-46.99068778482,-1.037017092397,
    -290.5683398381));
#3396 = CARTESIAN_POINT('',(-46.98264799199,-1.334141398465,
    -290.7218664163));
#3397 = CARTESIAN_POINT('',(-46.97384139906,-1.594830045135,
    -290.9088317978));
#3398 = CARTESIAN_POINT('',(-46.96526181484,-1.81581498147,
    -291.1176645438));
#3399 = CARTESIAN_POINT('',(-46.9500070452,-2.174459936797,
    -291.5480060938));
#3400 = CARTESIAN_POINT('',(-46.9430781771,-2.318996453286,
    -291.7750975346));
#3401 = CARTESIAN_POINT('',(-46.93720469085,-2.432516583749,
    -292.0118586478));
#3402 = CARTESIAN_POINT('',(-46.93265515448,-2.516520273566,
    -292.2549417068));
#3403 = CARTESIAN_POINT('',(-46.92957320213,-2.57214625303,
    -292.5019140093));
#3404 = CARTESIAN_POINT('',(-46.9280300034,-2.6,-292.7508509361));
#3405 = CARTESIAN_POINT('',(-46.9280300034,-2.6,-293.2491490709));
#3406 = CARTESIAN_POINT('',(-46.9295732022,-2.572146251297,
    -293.4980859734));
#3407 = CARTESIAN_POINT('',(-46.93265515414,-2.516520281746,
    -293.7450583052));
#3408 = CARTESIAN_POINT('',(-46.9372046915,-2.432516568419,
    -293.9881413587));
#3409 = CARTESIAN_POINT('',(-46.94307817651,-2.318996467018,
    -294.2249024513));
#3410 = CARTESIAN_POINT('',(-46.95000704542,-2.17445993158,
    -294.4519939124));
#3411 = CARTESIAN_POINT('',(-46.96526181484,-1.81581498147,
    -294.8823354561));
#3412 = CARTESIAN_POINT('',(-46.97384139906,-1.594830045134,
    -295.0911682021));
#3413 = CARTESIAN_POINT('',(-46.98264799199,-1.334141398466,
    -295.2781335836));
#3414 = CARTESIAN_POINT('',(-46.99068778482,-1.037017092397,
    -295.4316601618));
#3415 = CARTESIAN_POINT('',(-46.99677581803,-0.709612744624,
    -295.541717484));
#3416 = CARTESIAN_POINT('',(-47.,-0.360400542211,-295.6));
#3417 = CARTESIAN_POINT('',(-47.,2.6645352591E-15,-295.6));
#3418 = PCURVE('',#1725,#3419);
#3419 = DEFINITIONAL_REPRESENTATION('',(#3420),#3471);
#3420 = B_SPLINE_CURVE_WITH_KNOTS('',7,(#3421,#3422,#3423,#3424,#3425,
    #3426,#3427,#3428,#3429,#3430,#3431,#3432,#3433,#3434,#3435,#3436,
    #3437,#3438,#3439,#3440,#3441,#3442,#3443,#3444,#3445,#3446,#3447,
    #3448,#3449,#3450,#3451,#3452,#3453,#3454,#3455,#3456,#3457,#3458,
    #3459,#3460,#3461,#3462,#3463,#3464,#3465,#3466,#3467,#3468,#3469,
    #3470),.UNSPECIFIED.,.T.,.F.,(8,6,6,6,6,6,6,6,8),(0.,0.126516989919,
    0.249999995477,0.373483001034,0.499999990953,0.626516980872,
    0.749999990066,0.873483002764,1.),.UNSPECIFIED.);
#3421 = CARTESIAN_POINT('',(3.14159265359,4.9));
#3422 = CARTESIAN_POINT('',(3.133924556947,4.9));
#3423 = CARTESIAN_POINT('',(3.126494509287,4.95828251595));
#3424 = CARTESIAN_POINT('',(3.119527727469,5.068339838125));
#3425 = CARTESIAN_POINT('',(3.113203915979,5.221866416335));
#3426 = CARTESIAN_POINT('',(3.107654299302,5.40883179789));
#3427 = CARTESIAN_POINT('',(3.102948982839,5.617664543881));
#3428 = CARTESIAN_POINT('',(3.095311339644,6.048006087565));
#3429 = CARTESIAN_POINT('',(3.092232607363,6.275097548694));
#3430 = CARTESIAN_POINT('',(3.089814069808,6.511858641202));
#3431 = CARTESIAN_POINT('',(3.088024139452,6.754941694707));
#3432 = CARTESIAN_POINT('',(3.086838792821,7.001914026562));
#3433 = CARTESIAN_POINT('',(3.086245251043,7.25085092905));
#3434 = CARTESIAN_POINT('',(3.086245251043,7.74914907095));
#3435 = CARTESIAN_POINT('',(3.086838792821,7.998085973437));
#3436 = CARTESIAN_POINT('',(3.088024139452,8.245058305293));
#3437 = CARTESIAN_POINT('',(3.089814069808,8.488141358798));
#3438 = CARTESIAN_POINT('',(3.092232607363,8.724902451306));
#3439 = CARTESIAN_POINT('',(3.095311339644,8.951993912435));
#3440 = CARTESIAN_POINT('',(3.102948982839,9.382335456119));
#3441 = CARTESIAN_POINT('',(3.107654299302,9.59116820211));
#3442 = CARTESIAN_POINT('',(3.113203915979,9.778133583664));
#3443 = CARTESIAN_POINT('',(3.119527727469,9.931660161875));
#3444 = CARTESIAN_POINT('',(3.126494509287,10.04171748405));
#3445 = CARTESIAN_POINT('',(3.133924556947,10.1));
#3446 = CARTESIAN_POINT('',(3.149260750233,10.1));
#3447 = CARTESIAN_POINT('',(3.156690797893,10.041717484051));
#3448 = CARTESIAN_POINT('',(3.163657579711,9.931660161874));
#3449 = CARTESIAN_POINT('',(3.169981391201,9.778133583666));
#3450 = CARTESIAN_POINT('',(3.175531007877,9.591168202109));
#3451 = CARTESIAN_POINT('',(3.18023632434,9.382335456119));
#3452 = CARTESIAN_POINT('',(3.187873967647,8.951993906176));
#3453 = CARTESIAN_POINT('',(3.190952699524,8.724902465387));
#3454 = CARTESIAN_POINT('',(3.193371237698,8.488141352174));
#3455 = CARTESIAN_POINT('',(3.195161167553,8.245058293117));
#3456 = CARTESIAN_POINT('',(3.196346514395,7.998085990614));
#3457 = CARTESIAN_POINT('',(3.196940056137,7.749149063879));
#3458 = CARTESIAN_POINT('',(3.196940056137,7.25085092905));
#3459 = CARTESIAN_POINT('',(3.196346514358,7.001914026562));
#3460 = CARTESIAN_POINT('',(3.195161167728,6.754941694709));
#3461 = CARTESIAN_POINT('',(3.193371237371,6.511858641201));
#3462 = CARTESIAN_POINT('',(3.190952699817,6.275097548695));
#3463 = CARTESIAN_POINT('',(3.187873967536,6.048006087564));
#3464 = CARTESIAN_POINT('',(3.18023632434,5.617664543881));
#3465 = CARTESIAN_POINT('',(3.175531007877,5.408831797891));
#3466 = CARTESIAN_POINT('',(3.169981391201,5.221866416335));
#3467 = CARTESIAN_POINT('',(3.163657579711,5.068339838126));
#3468 = CARTESIAN_POINT('',(3.156690797893,4.958282515949));
#3469 = CARTESIAN_POINT('',(3.149260750233,4.9));
#3470 = CARTESIAN_POINT('',(3.14159265359,4.9));
#3471 = ( GEOMETRIC_REPRESENTATION_CONTEXT(2) 
PARAMETRIC_REPRESENTATION_CONTEXT() REPRESENTATION_CONTEXT('2D SPACE',''
  ) );
#3472 = PCURVE('',#2290,#3473);
#3473 = DEFINITIONAL_REPRESENTATION('',(#3474),#3525);
#3474 = B_SPLINE_CURVE_WITH_KNOTS('',7,(#3475,#3476,#3477,#3478,#3479,
    #3480,#3481,#3482,#3483,#3484,#3485,#3486,#3487,#3488,#3489,#3490,
    #3491,#3492,#3493,#3494,#3495,#3496,#3497,#3498,#3499,#3500,#3501,
    #3502,#3503,#3504,#3505,#3506,#3507,#3508,#3509,#3510,#3511,#3512,
    #3513,#3514,#3515,#3516,#3517,#3518,#3519,#3520,#3521,#3522,#3523,
    #3524),.UNSPECIFIED.,.F.,.F.,(8,6,6,6,6,6,6,6,8),(0.,0.126516989919,
    0.249999995477,0.373483001034,0.499999990953,0.626516980872,
    0.749999990066,0.873483002764,1.),.UNSPECIFIED.);
#3475 = CARTESIAN_POINT('',(0.,21.));
#3476 = CARTESIAN_POINT('',(0.138615593158,21.));
#3477 = CARTESIAN_POINT('',(0.272927941606,21.003224181969));
#3478 = CARTESIAN_POINT('',(0.40320282118,21.00931221518));
#3479 = CARTESIAN_POINT('',(0.529318470254,21.017352008007));
#3480 = CARTESIAN_POINT('',(0.650867303573,21.026158600931));
#3481 = CARTESIAN_POINT('',(0.766983539402,21.034738185159));
#3482 = CARTESIAN_POINT('',(0.982443706254,21.049992954571));
#3483 = CARTESIAN_POINT('',(1.085130441226,21.056921823483));
#3484 = CARTESIAN_POINT('',(1.185004745545,21.062795308493));
#3485 = CARTESIAN_POINT('',(1.282797671721,21.067344845854));
#3486 = CARTESIAN_POINT('',(1.37922494166,21.070426797799));
#3487 = CARTESIAN_POINT('',(1.474969761045,21.0719699966));
#3488 = CARTESIAN_POINT('',(1.666622892545,21.0719699966));
#3489 = CARTESIAN_POINT('',(1.76236771193,21.070426797799));
#3490 = CARTESIAN_POINT('',(1.858794981869,21.067344845854));
#3491 = CARTESIAN_POINT('',(1.956587908045,21.062795308493));
#3492 = CARTESIAN_POINT('',(2.056462212364,21.056921823483));
#3493 = CARTESIAN_POINT('',(2.159148947336,21.049992954571));
#3494 = CARTESIAN_POINT('',(2.374609114188,21.034738185159));
#3495 = CARTESIAN_POINT('',(2.490725350017,21.026158600931));
#3496 = CARTESIAN_POINT('',(2.612274183335,21.017352008007));
#3497 = CARTESIAN_POINT('',(2.73838983241,21.00931221518));
#3498 = CARTESIAN_POINT('',(2.868664711984,21.003224181969));
#3499 = CARTESIAN_POINT('',(3.002977060432,21.));
#3500 = CARTESIAN_POINT('',(3.280208246748,21.));
#3501 = CARTESIAN_POINT('',(3.414520595195,21.003224181969));
#3502 = CARTESIAN_POINT('',(3.54479547477,21.00931221518));
#3503 = CARTESIAN_POINT('',(3.670911123844,21.017352008007));
#3504 = CARTESIAN_POINT('',(3.792459957163,21.026158600931));
#3505 = CARTESIAN_POINT('',(3.908576192991,21.034738185159));
#3506 = CARTESIAN_POINT('',(4.124036362977,21.049992954793));
#3507 = CARTESIAN_POINT('',(4.226723087541,21.056921822892));
#3508 = CARTESIAN_POINT('',(4.326597403793,21.062795309146));
#3509 = CARTESIAN_POINT('',(4.424390328768,21.06734484552));
#3510 = CARTESIAN_POINT('',(4.520817588958,21.070426797862));
#3511 = CARTESIAN_POINT('',(4.616562417354,21.0719699966));
#3512 = CARTESIAN_POINT('',(4.808215546135,21.0719699966));
#3513 = CARTESIAN_POINT('',(4.90396036552,21.070426797799));
#3514 = CARTESIAN_POINT('',(5.000387635458,21.067344845854));
#3515 = CARTESIAN_POINT('',(5.098180561636,21.062795308493));
#3516 = CARTESIAN_POINT('',(5.198054865954,21.056921823483));
#3517 = CARTESIAN_POINT('',(5.300741600926,21.049992954571));
#3518 = CARTESIAN_POINT('',(5.516201767778,21.034738185159));
#3519 = CARTESIAN_POINT('',(5.632318003607,21.026158600931));
#3520 = CARTESIAN_POINT('',(5.753866836926,21.017352008007));
#3521 = CARTESIAN_POINT('',(5.879982485999,21.00931221518));
#3522 = CARTESIAN_POINT('',(6.010257365574,21.003224181969));
#3523 = CARTESIAN_POINT('',(6.144569714021,21.));
#3524 = CARTESIAN_POINT('',(6.28318530718,21.));
#3525 = ( GEOMETRIC_REPRESENTATION_CONTEXT(2) 
PARAMETRIC_REPRESENTATION_CONTEXT() REPRESENTATION_CONTEXT('2D SPACE',''
  ) );
#3526 = FACE_BOUND('',#3527,.F.);
#3527 = EDGE_LOOP('',(#3528,#3529,#3548));
#3528 = ORIENTED_EDGE('',*,*,#1777,.F.);
#3529 = ORIENTED_EDGE('',*,*,#3530,.T.);
#3530 = EDGE_CURVE('',#1749,#1688,#3531,.T.);
#3531 = SURFACE_CURVE('',#3532,(#3536,#3542),.PCURVE_S1.);
#3532 = LINE('',#3533,#3534);
#3533 = CARTESIAN_POINT('',(-13.56465996625,-45.,-300.5));
#3534 = VECTOR('',#3535,1.);
#3535 = DIRECTION('',(0.,0.,1.));
#3536 = PCURVE('',#1725,#3537);
#3537 = DEFINITIONAL_REPRESENTATION('',(#3538),#3541);
#3538 = B_SPLINE_CURVE_WITH_KNOTS('',1,(#3539,#3540),.UNSPECIFIED.,.F.,
  .F.,(2,2),(12.65,15.65),.PIECEWISE_BEZIER_KNOTS.);
#3539 = CARTESIAN_POINT('',(4.419614461796,12.65));
#3540 = CARTESIAN_POINT('',(4.419614461796,15.65));
#3541 = ( GEOMETRIC_REPRESENTATION_CONTEXT(2) 
PARAMETRIC_REPRESENTATION_CONTEXT() REPRESENTATION_CONTEXT('2D SPACE',''
  ) );
#3542 = PCURVE('',#1765,#3543);
#3543 = DEFINITIONAL_REPRESENTATION('',(#3544),#3547);
#3544 = B_SPLINE_CURVE_WITH_KNOTS('',1,(#3545,#3546),.UNSPECIFIED.,.F.,
  .F.,(2,2),(12.65,15.65),.PIECEWISE_BEZIER_KNOTS.);
#3545 = CARTESIAN_POINT('',(0.435340033749,-1.5));
#3546 = CARTESIAN_POINT('',(0.435340033749,1.5));
#3547 = ( GEOMETRIC_REPRESENTATION_CONTEXT(2) 
PARAMETRIC_REPRESENTATION_CONTEXT() REPRESENTATION_CONTEXT('2D SPACE',''
  ) );
#3548 = ORIENTED_EDGE('',*,*,#1687,.F.);
#3549 = FACE_BOUND('',#3550,.F.);
#3550 = EDGE_LOOP('',(#3551,#3552));
#3551 = ORIENTED_EDGE('',*,*,#1888,.F.);
#3552 = ORIENTED_EDGE('',*,*,#3553,.F.);
#3553 = EDGE_CURVE('',#1889,#1860,#3554,.T.);
#3554 = SURFACE_CURVE('',#3555,(#3559,#3565),.PCURVE_S1.);
#3555 = LINE('',#3556,#3557);
#3556 = CARTESIAN_POINT('',(13.564659966251,-45.,-300.5));
#3557 = VECTOR('',#3558,1.);
#3558 = DIRECTION('',(0.,0.,1.));
#3559 = PCURVE('',#1725,#3560);
#3560 = DEFINITIONAL_REPRESENTATION('',(#3561),#3564);
#3561 = B_SPLINE_CURVE_WITH_KNOTS('',1,(#3562,#3563),.UNSPECIFIED.,.F.,
  .F.,(2,2),(12.65,15.65),.PIECEWISE_BEZIER_KNOTS.);
#3562 = CARTESIAN_POINT('',(5.005163498973,12.65));
#3563 = CARTESIAN_POINT('',(5.005163498973,15.65));
#3564 = ( GEOMETRIC_REPRESENTATION_CONTEXT(2) 
PARAMETRIC_REPRESENTATION_CONTEXT() REPRESENTATION_CONTEXT('2D SPACE',''
  ) );
#3565 = PCURVE('',#1876,#3566);
#3566 = DEFINITIONAL_REPRESENTATION('',(#3567),#3570);
#3567 = B_SPLINE_CURVE_WITH_KNOTS('',1,(#3568,#3569),.UNSPECIFIED.,.F.,
  .F.,(2,2),(12.65,15.65),.PIECEWISE_BEZIER_KNOTS.);
#3568 = CARTESIAN_POINT('',(-0.435340033749,-1.5));
#3569 = CARTESIAN_POINT('',(-0.435340033749,1.5));
#3570 = ( GEOMETRIC_REPRESENTATION_CONTEXT(2) 
PARAMETRIC_REPRESENTATION_CONTEXT() REPRESENTATION_CONTEXT('2D SPACE',''
  ) );
#3571 = ADVANCED_FACE('',(#3572),#1765,.T.);
#3572 = FACE_BOUND('',#3573,.T.);
#3573 = EDGE_LOOP('',(#3574,#3575));
#3574 = ORIENTED_EDGE('',*,*,#3530,.T.);
#3575 = ORIENTED_EDGE('',*,*,#1748,.T.);
#3576 = ADVANCED_FACE('',(#3577),#1876,.T.);
#3577 = FACE_BOUND('',#3578,.T.);
#3578 = EDGE_LOOP('',(#3579,#3580,#3581));
#3579 = ORIENTED_EDGE('',*,*,#1998,.T.);
#3580 = ORIENTED_EDGE('',*,*,#1859,.T.);
#3581 = ORIENTED_EDGE('',*,*,#3553,.F.);
#3582 = ADVANCED_FACE('',(#3583,#3586),#2255,.F.);
#3583 = FACE_BOUND('',#3584,.F.);
#3584 = EDGE_LOOP('',(#3585));
#3585 = ORIENTED_EDGE('',*,*,#2240,.T.);
#3586 = FACE_BOUND('',#3587,.F.);
#3587 = EDGE_LOOP('',(#3588,#3619,#3645,#3674,#3701,#3730,#3756,#3785,
    #3812,#3841,#3867,#3896));
#3588 = ORIENTED_EDGE('',*,*,#3589,.F.);
#3589 = EDGE_CURVE('',#3590,#3592,#3594,.T.);
#3590 = VERTEX_POINT('',#3591);
#3591 = CARTESIAN_POINT('',(15.311655115634,53.398087209374,-307.5));
#3592 = VERTEX_POINT('',#3593);
#3593 = CARTESIAN_POINT('',(3.401456484632E-15,55.55,-307.5));
#3594 = SURFACE_CURVE('',#3595,(#3600,#3607),.PCURVE_S1.);
#3595 = CIRCLE('',#3596,55.55);
#3596 = AXIS2_PLACEMENT_3D('',#3597,#3598,#3599);
#3597 = CARTESIAN_POINT('',(0.,0.,-307.5));
#3598 = DIRECTION('',(0.,0.,1.));
#3599 = DIRECTION('',(1.,0.,-0.));
#3600 = PCURVE('',#2255,#3601);
#3601 = DEFINITIONAL_REPRESENTATION('',(#3602),#3606);
#3602 = CIRCLE('',#3603,55.55);
#3603 = AXIS2_PLACEMENT_2D('',#3604,#3605);
#3604 = CARTESIAN_POINT('',(0.,0.));
#3605 = DIRECTION('',(1.,0.));
#3606 = ( GEOMETRIC_REPRESENTATION_CONTEXT(2) 
PARAMETRIC_REPRESENTATION_CONTEXT() REPRESENTATION_CONTEXT('2D SPACE',''
  ) );
#3607 = PCURVE('',#3608,#3613);
#3608 = CYLINDRICAL_SURFACE('',#3609,55.55);
#3609 = AXIS2_PLACEMENT_3D('',#3610,#3611,#3612);
#3610 = CARTESIAN_POINT('',(0.,0.,-308.5));
#3611 = DIRECTION('',(0.,0.,1.));
#3612 = DIRECTION('',(1.,0.,-0.));
#3613 = DEFINITIONAL_REPRESENTATION('',(#3614),#3618);
#3614 = LINE('',#3615,#3616);
#3615 = CARTESIAN_POINT('',(0.,1.));
#3616 = VECTOR('',#3617,1.);
#3617 = DIRECTION('',(1.,0.));
#3618 = ( GEOMETRIC_REPRESENTATION_CONTEXT(2) 
PARAMETRIC_REPRESENTATION_CONTEXT() REPRESENTATION_CONTEXT('2D SPACE',''
  ) );
#3619 = ORIENTED_EDGE('',*,*,#3620,.T.);
#3620 = EDGE_CURVE('',#3590,#3621,#3623,.T.);
#3621 = VERTEX_POINT('',#3622);
#3622 = CARTESIAN_POINT('',(14.415833709229,50.273986697574,-307.5));
#3623 = SURFACE_CURVE('',#3624,(#3628,#3634),.PCURVE_S1.);
#3624 = LINE('',#3625,#3626);
#3625 = CARTESIAN_POINT('',(0.,0.,-307.5));
#3626 = VECTOR('',#3627,1.);
#3627 = DIRECTION('',(-0.275637355817,-0.961261695938,0.));
#3628 = PCURVE('',#2255,#3629);
#3629 = DEFINITIONAL_REPRESENTATION('',(#3630),#3633);
#3630 = B_SPLINE_CURVE_WITH_KNOTS('',1,(#3631,#3632),.UNSPECIFIED.,.F.,
  .F.,(2,2),(-55.55,-52.05),.PIECEWISE_BEZIER_KNOTS.);
#3631 = CARTESIAN_POINT('',(15.311655115634,53.398087209374));
#3632 = CARTESIAN_POINT('',(14.346924370275,50.03367127359));
#3633 = ( GEOMETRIC_REPRESENTATION_CONTEXT(2) 
PARAMETRIC_REPRESENTATION_CONTEXT() REPRESENTATION_CONTEXT('2D SPACE',''
  ) );
#3634 = PCURVE('',#3635,#3640);
#3635 = PLANE('',#3636);
#3636 = AXIS2_PLACEMENT_3D('',#3637,#3638,#3639);
#3637 = CARTESIAN_POINT('',(0.,0.,-310.5));
#3638 = DIRECTION('',(-0.961261695938,0.275637355817,0.));
#3639 = DIRECTION('',(0.275637355817,0.961261695938,0.));
#3640 = DEFINITIONAL_REPRESENTATION('',(#3641),#3644);
#3641 = B_SPLINE_CURVE_WITH_KNOTS('',1,(#3642,#3643),.UNSPECIFIED.,.F.,
  .F.,(2,2),(-55.55,-52.05),.PIECEWISE_BEZIER_KNOTS.);
#3642 = CARTESIAN_POINT('',(55.55,-3.));
#3643 = CARTESIAN_POINT('',(52.05,-3.));
#3644 = ( GEOMETRIC_REPRESENTATION_CONTEXT(2) 
PARAMETRIC_REPRESENTATION_CONTEXT() REPRESENTATION_CONTEXT('2D SPACE',''
  ) );
#3645 = ORIENTED_EDGE('',*,*,#3646,.F.);
#3646 = EDGE_CURVE('',#3647,#3621,#3649,.T.);
#3647 = VERTEX_POINT('',#3648);
#3648 = CARTESIAN_POINT('',(45.293128617926,-26.15,-307.5));
#3649 = SURFACE_CURVE('',#3650,(#3655,#3662),.PCURVE_S1.);
#3650 = CIRCLE('',#3651,52.3);
#3651 = AXIS2_PLACEMENT_3D('',#3652,#3653,#3654);
#3652 = CARTESIAN_POINT('',(0.,0.,-307.5));
#3653 = DIRECTION('',(0.,-0.,1.));
#3654 = DIRECTION('',(6.123233995737E-17,1.,0.));
#3655 = PCURVE('',#2255,#3656);
#3656 = DEFINITIONAL_REPRESENTATION('',(#3657),#3661);
#3657 = CIRCLE('',#3658,52.3);
#3658 = AXIS2_PLACEMENT_2D('',#3659,#3660);
#3659 = CARTESIAN_POINT('',(0.,0.));
#3660 = DIRECTION('',(6.123233995737E-17,1.));
#3661 = ( GEOMETRIC_REPRESENTATION_CONTEXT(2) 
PARAMETRIC_REPRESENTATION_CONTEXT() REPRESENTATION_CONTEXT('2D SPACE',''
  ) );
#3662 = PCURVE('',#3663,#3668);
#3663 = CYLINDRICAL_SURFACE('',#3664,52.3);
#3664 = AXIS2_PLACEMENT_3D('',#3665,#3666,#3667);
#3665 = CARTESIAN_POINT('',(0.,0.,-308.5));
#3666 = DIRECTION('',(0.,0.,1.));
#3667 = DIRECTION('',(1.,0.,-0.));
#3668 = DEFINITIONAL_REPRESENTATION('',(#3669),#3673);
#3669 = LINE('',#3670,#3671);
#3670 = CARTESIAN_POINT('',(1.570796326795,1.));
#3671 = VECTOR('',#3672,1.);
#3672 = DIRECTION('',(1.,0.));
#3673 = ( GEOMETRIC_REPRESENTATION_CONTEXT(2) 
PARAMETRIC_REPRESENTATION_CONTEXT() REPRESENTATION_CONTEXT('2D SPACE',''
  ) );
#3674 = ORIENTED_EDGE('',*,*,#3675,.T.);
#3675 = EDGE_CURVE('',#3647,#3676,#3678,.T.);
#3676 = VERTEX_POINT('',#3677);
#3677 = CARTESIAN_POINT('',(48.107711180226,-27.775,-307.5));
#3678 = SURFACE_CURVE('',#3679,(#3683,#3689),.PCURVE_S1.);
#3679 = LINE('',#3680,#3681);
#3680 = CARTESIAN_POINT('',(48.107711180226,-27.775,-307.5));
#3681 = VECTOR('',#3682,1.);
#3682 = DIRECTION('',(0.866025403784,-0.5,0.));
#3683 = PCURVE('',#2255,#3684);
#3684 = DEFINITIONAL_REPRESENTATION('',(#3685),#3688);
#3685 = B_SPLINE_CURVE_WITH_KNOTS('',1,(#3686,#3687),.UNSPECIFIED.,.F.,
  .F.,(2,2),(-3.5,-0.),.PIECEWISE_BEZIER_KNOTS.);
#3686 = CARTESIAN_POINT('',(45.07662226698,-26.025));
#3687 = CARTESIAN_POINT('',(48.107711180226,-27.775));
#3688 = ( GEOMETRIC_REPRESENTATION_CONTEXT(2) 
PARAMETRIC_REPRESENTATION_CONTEXT() REPRESENTATION_CONTEXT('2D SPACE',''
  ) );
#3689 = PCURVE('',#3690,#3695);
#3690 = PLANE('',#3691);
#3691 = AXIS2_PLACEMENT_3D('',#3692,#3693,#3694);
#3692 = CARTESIAN_POINT('',(96.215422360451,-55.55,-310.5));
#3693 = DIRECTION('',(-0.5,-0.866025403784,0.));
#3694 = DIRECTION('',(-0.866025403784,0.5,0.));
#3695 = DEFINITIONAL_REPRESENTATION('',(#3696),#3700);
#3696 = LINE('',#3697,#3698);
#3697 = CARTESIAN_POINT('',(55.55,-3.));
#3698 = VECTOR('',#3699,1.);
#3699 = DIRECTION('',(-1.,-0.));
#3700 = ( GEOMETRIC_REPRESENTATION_CONTEXT(2) 
PARAMETRIC_REPRESENTATION_CONTEXT() REPRESENTATION_CONTEXT('2D SPACE',''
  ) );
#3701 = ORIENTED_EDGE('',*,*,#3702,.F.);
#3702 = EDGE_CURVE('',#3703,#3676,#3705,.T.);
#3703 = VERTEX_POINT('',#3704);
#3704 = CARTESIAN_POINT('',(38.588272478997,-39.95932590881,-307.5));
#3705 = SURFACE_CURVE('',#3706,(#3711,#3718),.PCURVE_S1.);
#3706 = CIRCLE('',#3707,55.55);
#3707 = AXIS2_PLACEMENT_3D('',#3708,#3709,#3710);
#3708 = CARTESIAN_POINT('',(0.,0.,-307.5));
#3709 = DIRECTION('',(0.,0.,1.));
#3710 = DIRECTION('',(1.,0.,-0.));
#3711 = PCURVE('',#2255,#3712);
#3712 = DEFINITIONAL_REPRESENTATION('',(#3713),#3717);
#3713 = CIRCLE('',#3714,55.55);
#3714 = AXIS2_PLACEMENT_2D('',#3715,#3716);
#3715 = CARTESIAN_POINT('',(0.,0.));
#3716 = DIRECTION('',(1.,0.));
#3717 = ( GEOMETRIC_REPRESENTATION_CONTEXT(2) 
PARAMETRIC_REPRESENTATION_CONTEXT() REPRESENTATION_CONTEXT('2D SPACE',''
  ) );
#3718 = PCURVE('',#3719,#3724);
#3719 = CYLINDRICAL_SURFACE('',#3720,55.55);
#3720 = AXIS2_PLACEMENT_3D('',#3721,#3722,#3723);
#3721 = CARTESIAN_POINT('',(0.,0.,-308.5));
#3722 = DIRECTION('',(0.,0.,1.));
#3723 = DIRECTION('',(1.,0.,-0.));
#3724 = DEFINITIONAL_REPRESENTATION('',(#3725),#3729);
#3725 = LINE('',#3726,#3727);
#3726 = CARTESIAN_POINT('',(0.,1.));
#3727 = VECTOR('',#3728,1.);
#3728 = DIRECTION('',(1.,0.));
#3729 = ( GEOMETRIC_REPRESENTATION_CONTEXT(2) 
PARAMETRIC_REPRESENTATION_CONTEXT() REPRESENTATION_CONTEXT('2D SPACE',''
  ) );
#3730 = ORIENTED_EDGE('',*,*,#3731,.T.);
#3731 = EDGE_CURVE('',#3703,#3732,#3734,.T.);
#3732 = VERTEX_POINT('',#3733);
#3733 = CARTESIAN_POINT('',(36.330632775006,-37.62147155771,-307.5));
#3734 = SURFACE_CURVE('',#3735,(#3739,#3745),.PCURVE_S1.);
#3735 = LINE('',#3736,#3737);
#3736 = CARTESIAN_POINT('',(0.,0.,-307.5));
#3737 = VECTOR('',#3738,1.);
#3738 = DIRECTION('',(-0.694658370459,0.719339800339,0.));
#3739 = PCURVE('',#2255,#3740);
#3740 = DEFINITIONAL_REPRESENTATION('',(#3741),#3744);
#3741 = B_SPLINE_CURVE_WITH_KNOTS('',1,(#3742,#3743),.UNSPECIFIED.,.F.,
  .F.,(2,2),(-55.55,-52.05),.PIECEWISE_BEZIER_KNOTS.);
#3742 = CARTESIAN_POINT('',(38.588272478997,-39.95932590881));
#3743 = CARTESIAN_POINT('',(36.156968182391,-37.44163660762));
#3744 = ( GEOMETRIC_REPRESENTATION_CONTEXT(2) 
PARAMETRIC_REPRESENTATION_CONTEXT() REPRESENTATION_CONTEXT('2D SPACE',''
  ) );
#3745 = PCURVE('',#3746,#3751);
#3746 = PLANE('',#3747);
#3747 = AXIS2_PLACEMENT_3D('',#3748,#3749,#3750);
#3748 = CARTESIAN_POINT('',(0.,0.,-310.5));
#3749 = DIRECTION('',(0.719339800339,0.694658370459,-0.));
#3750 = DIRECTION('',(0.694658370459,-0.719339800339,0.));
#3751 = DEFINITIONAL_REPRESENTATION('',(#3752),#3755);
#3752 = B_SPLINE_CURVE_WITH_KNOTS('',1,(#3753,#3754),.UNSPECIFIED.,.F.,
  .F.,(2,2),(-55.55,-52.05),.PIECEWISE_BEZIER_KNOTS.);
#3753 = CARTESIAN_POINT('',(55.55,-3.));
#3754 = CARTESIAN_POINT('',(52.05,-3.));
#3755 = ( GEOMETRIC_REPRESENTATION_CONTEXT(2) 
PARAMETRIC_REPRESENTATION_CONTEXT() REPRESENTATION_CONTEXT('2D SPACE',''
  ) );
#3756 = ORIENTED_EDGE('',*,*,#3757,.F.);
#3757 = EDGE_CURVE('',#3758,#3732,#3760,.T.);
#3758 = VERTEX_POINT('',#3759);
#3759 = CARTESIAN_POINT('',(-45.29312861792,-26.15,-307.5));
#3760 = SURFACE_CURVE('',#3761,(#3766,#3773),.PCURVE_S1.);
#3761 = CIRCLE('',#3762,52.3);
#3762 = AXIS2_PLACEMENT_3D('',#3763,#3764,#3765);
#3763 = CARTESIAN_POINT('',(0.,0.,-307.5));
#3764 = DIRECTION('',(0.,-0.,1.));
#3765 = DIRECTION('',(6.123233995737E-17,1.,0.));
#3766 = PCURVE('',#2255,#3767);
#3767 = DEFINITIONAL_REPRESENTATION('',(#3768),#3772);
#3768 = CIRCLE('',#3769,52.3);
#3769 = AXIS2_PLACEMENT_2D('',#3770,#3771);
#3770 = CARTESIAN_POINT('',(0.,0.));
#3771 = DIRECTION('',(6.123233995737E-17,1.));
#3772 = ( GEOMETRIC_REPRESENTATION_CONTEXT(2) 
PARAMETRIC_REPRESENTATION_CONTEXT() REPRESENTATION_CONTEXT('2D SPACE',''
  ) );
#3773 = PCURVE('',#3774,#3779);
#3774 = CYLINDRICAL_SURFACE('',#3775,52.3);
#3775 = AXIS2_PLACEMENT_3D('',#3776,#3777,#3778);
#3776 = CARTESIAN_POINT('',(0.,0.,-308.5));
#3777 = DIRECTION('',(0.,0.,1.));
#3778 = DIRECTION('',(1.,0.,-0.));
#3779 = DEFINITIONAL_REPRESENTATION('',(#3780),#3784);
#3780 = LINE('',#3781,#3782);
#3781 = CARTESIAN_POINT('',(1.570796326795,1.));
#3782 = VECTOR('',#3783,1.);
#3783 = DIRECTION('',(1.,0.));
#3784 = ( GEOMETRIC_REPRESENTATION_CONTEXT(2) 
PARAMETRIC_REPRESENTATION_CONTEXT() REPRESENTATION_CONTEXT('2D SPACE',''
  ) );
#3785 = ORIENTED_EDGE('',*,*,#3786,.T.);
#3786 = EDGE_CURVE('',#3758,#3787,#3789,.T.);
#3787 = VERTEX_POINT('',#3788);
#3788 = CARTESIAN_POINT('',(-48.10771118022,-27.775,-307.5));
#3789 = SURFACE_CURVE('',#3790,(#3794,#3800),.PCURVE_S1.);
#3790 = LINE('',#3791,#3792);
#3791 = CARTESIAN_POINT('',(-48.10771118022,-27.775,-307.5));
#3792 = VECTOR('',#3793,1.);
#3793 = DIRECTION('',(-0.866025403784,-0.5,0.));
#3794 = PCURVE('',#2255,#3795);
#3795 = DEFINITIONAL_REPRESENTATION('',(#3796),#3799);
#3796 = B_SPLINE_CURVE_WITH_KNOTS('',1,(#3797,#3798),.UNSPECIFIED.,.F.,
  .F.,(2,2),(-3.5,-0.),.PIECEWISE_BEZIER_KNOTS.);
#3797 = CARTESIAN_POINT('',(-45.07662226698,-26.025));
#3798 = CARTESIAN_POINT('',(-48.10771118022,-27.775));
#3799 = ( GEOMETRIC_REPRESENTATION_CONTEXT(2) 
PARAMETRIC_REPRESENTATION_CONTEXT() REPRESENTATION_CONTEXT('2D SPACE',''
  ) );
#3800 = PCURVE('',#3801,#3806);
#3801 = PLANE('',#3802);
#3802 = AXIS2_PLACEMENT_3D('',#3803,#3804,#3805);
#3803 = CARTESIAN_POINT('',(-96.21542236045,-55.55,-310.5));
#3804 = DIRECTION('',(-0.5,0.866025403784,0.));
#3805 = DIRECTION('',(0.866025403784,0.5,0.));
#3806 = DEFINITIONAL_REPRESENTATION('',(#3807),#3811);
#3807 = LINE('',#3808,#3809);
#3808 = CARTESIAN_POINT('',(55.55,-3.));
#3809 = VECTOR('',#3810,1.);
#3810 = DIRECTION('',(-1.,-0.));
#3811 = ( GEOMETRIC_REPRESENTATION_CONTEXT(2) 
PARAMETRIC_REPRESENTATION_CONTEXT() REPRESENTATION_CONTEXT('2D SPACE',''
  ) );
#3812 = ORIENTED_EDGE('',*,*,#3813,.F.);
#3813 = EDGE_CURVE('',#3814,#3787,#3816,.T.);
#3814 = VERTEX_POINT('',#3815);
#3815 = CARTESIAN_POINT('',(-53.89992759463,-13.43876130056,-307.5));
#3816 = SURFACE_CURVE('',#3817,(#3822,#3829),.PCURVE_S1.);
#3817 = CIRCLE('',#3818,55.55);
#3818 = AXIS2_PLACEMENT_3D('',#3819,#3820,#3821);
#3819 = CARTESIAN_POINT('',(0.,0.,-307.5));
#3820 = DIRECTION('',(0.,0.,1.));
#3821 = DIRECTION('',(1.,0.,-0.));
#3822 = PCURVE('',#2255,#3823);
#3823 = DEFINITIONAL_REPRESENTATION('',(#3824),#3828);
#3824 = CIRCLE('',#3825,55.55);
#3825 = AXIS2_PLACEMENT_2D('',#3826,#3827);
#3826 = CARTESIAN_POINT('',(0.,0.));
#3827 = DIRECTION('',(1.,0.));
#3828 = ( GEOMETRIC_REPRESENTATION_CONTEXT(2) 
PARAMETRIC_REPRESENTATION_CONTEXT() REPRESENTATION_CONTEXT('2D SPACE',''
  ) );
#3829 = PCURVE('',#3830,#3835);
#3830 = CYLINDRICAL_SURFACE('',#3831,55.55);
#3831 = AXIS2_PLACEMENT_3D('',#3832,#3833,#3834);
#3832 = CARTESIAN_POINT('',(0.,0.,-308.5));
#3833 = DIRECTION('',(0.,0.,1.));
#3834 = DIRECTION('',(1.,0.,-0.));
#3835 = DEFINITIONAL_REPRESENTATION('',(#3836),#3840);
#3836 = LINE('',#3837,#3838);
#3837 = CARTESIAN_POINT('',(0.,1.));
#3838 = VECTOR('',#3839,1.);
#3839 = DIRECTION('',(1.,0.));
#3840 = ( GEOMETRIC_REPRESENTATION_CONTEXT(2) 
PARAMETRIC_REPRESENTATION_CONTEXT() REPRESENTATION_CONTEXT('2D SPACE',''
  ) );
#3841 = ORIENTED_EDGE('',*,*,#3842,.T.);
#3842 = EDGE_CURVE('',#3814,#3843,#3845,.T.);
#3843 = VERTEX_POINT('',#3844);
#3844 = CARTESIAN_POINT('',(-50.74646648423,-12.65251513986,-307.5));
#3845 = SURFACE_CURVE('',#3846,(#3850,#3856),.PCURVE_S1.);
#3846 = LINE('',#3847,#3848);
#3847 = CARTESIAN_POINT('',(0.,0.,-307.5));
#3848 = VECTOR('',#3849,1.);
#3849 = DIRECTION('',(0.970295726276,0.2419218956,-0.));
#3850 = PCURVE('',#2255,#3851);
#3851 = DEFINITIONAL_REPRESENTATION('',(#3852),#3855);
#3852 = B_SPLINE_CURVE_WITH_KNOTS('',1,(#3853,#3854),.UNSPECIFIED.,.F.,
  .F.,(2,2),(-55.55,-52.05),.PIECEWISE_BEZIER_KNOTS.);
#3853 = CARTESIAN_POINT('',(-53.89992759463,-13.43876130056));
#3854 = CARTESIAN_POINT('',(-50.50389255266,-12.59203466596));
#3855 = ( GEOMETRIC_REPRESENTATION_CONTEXT(2) 
PARAMETRIC_REPRESENTATION_CONTEXT() REPRESENTATION_CONTEXT('2D SPACE',''
  ) );
#3856 = PCURVE('',#3857,#3862);
#3857 = PLANE('',#3858);
#3858 = AXIS2_PLACEMENT_3D('',#3859,#3860,#3861);
#3859 = CARTESIAN_POINT('',(0.,0.,-310.5));
#3860 = DIRECTION('',(0.2419218956,-0.970295726276,0.));
#3861 = DIRECTION('',(-0.970295726276,-0.2419218956,0.));
#3862 = DEFINITIONAL_REPRESENTATION('',(#3863),#3866);
#3863 = B_SPLINE_CURVE_WITH_KNOTS('',1,(#3864,#3865),.UNSPECIFIED.,.F.,
  .F.,(2,2),(-55.55,-52.05),.PIECEWISE_BEZIER_KNOTS.);
#3864 = CARTESIAN_POINT('',(55.55,-3.));
#3865 = CARTESIAN_POINT('',(52.05,-3.));
#3866 = ( GEOMETRIC_REPRESENTATION_CONTEXT(2) 
PARAMETRIC_REPRESENTATION_CONTEXT() REPRESENTATION_CONTEXT('2D SPACE',''
  ) );
#3867 = ORIENTED_EDGE('',*,*,#3868,.F.);
#3868 = EDGE_CURVE('',#3869,#3843,#3871,.T.);
#3869 = VERTEX_POINT('',#3870);
#3870 = CARTESIAN_POINT('',(3.20245137977E-15,52.3,-307.5));
#3871 = SURFACE_CURVE('',#3872,(#3877,#3884),.PCURVE_S1.);
#3872 = CIRCLE('',#3873,52.3);
#3873 = AXIS2_PLACEMENT_3D('',#3874,#3875,#3876);
#3874 = CARTESIAN_POINT('',(0.,0.,-307.5));
#3875 = DIRECTION('',(0.,-0.,1.));
#3876 = DIRECTION('',(6.123233995737E-17,1.,0.));
#3877 = PCURVE('',#2255,#3878);
#3878 = DEFINITIONAL_REPRESENTATION('',(#3879),#3883);
#3879 = CIRCLE('',#3880,52.3);
#3880 = AXIS2_PLACEMENT_2D('',#3881,#3882);
#3881 = CARTESIAN_POINT('',(0.,0.));
#3882 = DIRECTION('',(6.123233995737E-17,1.));
#3883 = ( GEOMETRIC_REPRESENTATION_CONTEXT(2) 
PARAMETRIC_REPRESENTATION_CONTEXT() REPRESENTATION_CONTEXT('2D SPACE',''
  ) );
#3884 = PCURVE('',#3885,#3890);
#3885 = CYLINDRICAL_SURFACE('',#3886,52.3);
#3886 = AXIS2_PLACEMENT_3D('',#3887,#3888,#3889);
#3887 = CARTESIAN_POINT('',(0.,0.,-308.5));
#3888 = DIRECTION('',(0.,0.,1.));
#3889 = DIRECTION('',(1.,0.,-0.));
#3890 = DEFINITIONAL_REPRESENTATION('',(#3891),#3895);
#3891 = LINE('',#3892,#3893);
#3892 = CARTESIAN_POINT('',(1.570796326795,1.));
#3893 = VECTOR('',#3894,1.);
#3894 = DIRECTION('',(1.,0.));
#3895 = ( GEOMETRIC_REPRESENTATION_CONTEXT(2) 
PARAMETRIC_REPRESENTATION_CONTEXT() REPRESENTATION_CONTEXT('2D SPACE',''
  ) );
#3896 = ORIENTED_EDGE('',*,*,#3897,.T.);
#3897 = EDGE_CURVE('',#3869,#3592,#3898,.T.);
#3898 = SURFACE_CURVE('',#3899,(#3903,#3909),.PCURVE_S1.);
#3899 = LINE('',#3900,#3901);
#3900 = CARTESIAN_POINT('',(3.401456484632E-15,55.55,-307.5));
#3901 = VECTOR('',#3902,1.);
#3902 = DIRECTION('',(6.123233995737E-17,1.,-0.));
#3903 = PCURVE('',#2255,#3904);
#3904 = DEFINITIONAL_REPRESENTATION('',(#3905),#3908);
#3905 = B_SPLINE_CURVE_WITH_KNOTS('',1,(#3906,#3907),.UNSPECIFIED.,.F.,
  .F.,(2,2),(-3.5,0.),.PIECEWISE_BEZIER_KNOTS.);
#3906 = CARTESIAN_POINT('',(3.187143294781E-15,52.05));
#3907 = CARTESIAN_POINT('',(3.401456484632E-15,55.55));
#3908 = ( GEOMETRIC_REPRESENTATION_CONTEXT(2) 
PARAMETRIC_REPRESENTATION_CONTEXT() REPRESENTATION_CONTEXT('2D SPACE',''
  ) );
#3909 = PCURVE('',#3910,#3915);
#3910 = PLANE('',#3911);
#3911 = AXIS2_PLACEMENT_3D('',#3912,#3913,#3914);
#3912 = CARTESIAN_POINT('',(6.802912969264E-15,111.1,-310.5));
#3913 = DIRECTION('',(1.,-6.123233995737E-17,0.));
#3914 = DIRECTION('',(-6.123233995737E-17,-1.,0.));
#3915 = DEFINITIONAL_REPRESENTATION('',(#3916),#3920);
#3916 = LINE('',#3917,#3918);
#3917 = CARTESIAN_POINT('',(55.55,-3.));
#3918 = VECTOR('',#3919,1.);
#3919 = DIRECTION('',(-1.,0.));
#3920 = ( GEOMETRIC_REPRESENTATION_CONTEXT(2) 
PARAMETRIC_REPRESENTATION_CONTEXT() REPRESENTATION_CONTEXT('2D SPACE',''
  ) );
#3921 = ADVANCED_FACE('',(#3922),#2290,.F.);
#3922 = FACE_BOUND('',#3923,.F.);
#3923 = EDGE_LOOP('',(#3924,#3925,#3946,#3947));
#3924 = ORIENTED_EDGE('',*,*,#3363,.F.);
#3925 = ORIENTED_EDGE('',*,*,#3926,.F.);
#3926 = EDGE_CURVE('',#2274,#3364,#3927,.T.);
#3927 = SEAM_CURVE('',#3928,(#3932,#3939),.PCURVE_S1.);
#3928 = LINE('',#3929,#3930);
#3929 = CARTESIAN_POINT('',(-68.,-6.368163355566E-16,-295.6));
#3930 = VECTOR('',#3931,1.);
#3931 = DIRECTION('',(1.,0.,2.22044604925E-16));
#3932 = PCURVE('',#2290,#3933);
#3933 = DEFINITIONAL_REPRESENTATION('',(#3934),#3938);
#3934 = LINE('',#3935,#3936);
#3935 = CARTESIAN_POINT('',(6.28318530718,-0.));
#3936 = VECTOR('',#3937,1.);
#3937 = DIRECTION('',(0.,1.));
#3938 = ( GEOMETRIC_REPRESENTATION_CONTEXT(2) 
PARAMETRIC_REPRESENTATION_CONTEXT() REPRESENTATION_CONTEXT('2D SPACE',''
  ) );
#3939 = PCURVE('',#2290,#3940);
#3940 = DEFINITIONAL_REPRESENTATION('',(#3941),#3945);
#3941 = LINE('',#3942,#3943);
#3942 = CARTESIAN_POINT('',(0.,-0.));
#3943 = VECTOR('',#3944,1.);
#3944 = DIRECTION('',(0.,1.));
#3945 = ( GEOMETRIC_REPRESENTATION_CONTEXT(2) 
PARAMETRIC_REPRESENTATION_CONTEXT() REPRESENTATION_CONTEXT('2D SPACE',''
  ) );
#3946 = ORIENTED_EDGE('',*,*,#2273,.T.);
#3947 = ORIENTED_EDGE('',*,*,#3926,.T.);
#3948 = ADVANCED_FACE('',(#3949),#2349,.T.);
#3949 = FACE_BOUND('',#3950,.T.);
#3950 = EDGE_LOOP('',(#3951,#3952,#3953));
#3951 = ORIENTED_EDGE('',*,*,#2333,.F.);
#3952 = ORIENTED_EDGE('',*,*,#2439,.T.);
#3953 = ORIENTED_EDGE('',*,*,#2597,.F.);
#3954 = ADVANCED_FACE('',(#3955),#2559,.T.);
#3955 = FACE_BOUND('',#3956,.T.);
#3956 = EDGE_LOOP('',(#3957,#3980,#4008,#4029,#4030));
#3957 = ORIENTED_EDGE('',*,*,#3958,.F.);
#3958 = EDGE_CURVE('',#3959,#2519,#3961,.T.);
#3959 = VERTEX_POINT('',#3960);
#3960 = CARTESIAN_POINT('',(-7.770967074375,11.485842186317,-283.4));
#3961 = SURFACE_CURVE('',#3962,(#3966,#3973),.PCURVE_S1.);
#3962 = LINE('',#3963,#3964);
#3963 = CARTESIAN_POINT('',(-7.770967074375,11.485842186317,-283.4));
#3964 = VECTOR('',#3965,1.);
#3965 = DIRECTION('',(-0.681998360062,0.731353701619,0.));
#3966 = PCURVE('',#2559,#3967);
#3967 = DEFINITIONAL_REPRESENTATION('',(#3968),#3972);
#3968 = LINE('',#3969,#3970);
#3969 = CARTESIAN_POINT('',(0.,0.));
#3970 = VECTOR('',#3971,1.);
#3971 = DIRECTION('',(0.,1.));
#3972 = ( GEOMETRIC_REPRESENTATION_CONTEXT(2) 
PARAMETRIC_REPRESENTATION_CONTEXT() REPRESENTATION_CONTEXT('2D SPACE',''
  ) );
#3973 = PCURVE('',#2533,#3974);
#3974 = DEFINITIONAL_REPRESENTATION('',(#3975),#3979);
#3975 = LINE('',#3976,#3977);
#3976 = CARTESIAN_POINT('',(0.,0.));
#3977 = VECTOR('',#3978,1.);
#3978 = DIRECTION('',(1.,0.));
#3979 = ( GEOMETRIC_REPRESENTATION_CONTEXT(2) 
PARAMETRIC_REPRESENTATION_CONTEXT() REPRESENTATION_CONTEXT('2D SPACE',''
  ) );
#3980 = ORIENTED_EDGE('',*,*,#3981,.T.);
#3981 = EDGE_CURVE('',#3959,#3982,#3984,.T.);
#3982 = VERTEX_POINT('',#3983);
#3983 = CARTESIAN_POINT('',(-7.770967074375,11.485842186317,-282.));
#3984 = SURFACE_CURVE('',#3985,(#3989,#3996),.PCURVE_S1.);
#3985 = LINE('',#3986,#3987);
#3986 = CARTESIAN_POINT('',(-7.770967074375,11.485842186317,-283.4));
#3987 = VECTOR('',#3988,1.);
#3988 = DIRECTION('',(0.,0.,1.));
#3989 = PCURVE('',#2559,#3990);
#3990 = DEFINITIONAL_REPRESENTATION('',(#3991),#3995);
#3991 = LINE('',#3992,#3993);
#3992 = CARTESIAN_POINT('',(0.,0.));
#3993 = VECTOR('',#3994,1.);
#3994 = DIRECTION('',(1.,0.));
#3995 = ( GEOMETRIC_REPRESENTATION_CONTEXT(2) 
PARAMETRIC_REPRESENTATION_CONTEXT() REPRESENTATION_CONTEXT('2D SPACE',''
  ) );
#3996 = PCURVE('',#3997,#4002);
#3997 = PLANE('',#3998);
#3998 = AXIS2_PLACEMENT_3D('',#3999,#4000,#4001);
#3999 = CARTESIAN_POINT('',(-7.770967074375,11.485842186317,-283.4));
#4000 = DIRECTION('',(-0.681998360062,0.731353701619,0.));
#4001 = DIRECTION('',(0.,0.,1.));
#4002 = DEFINITIONAL_REPRESENTATION('',(#4003),#4007);
#4003 = LINE('',#4004,#4005);
#4004 = CARTESIAN_POINT('',(0.,0.));
#4005 = VECTOR('',#4006,1.);
#4006 = DIRECTION('',(1.,0.));
#4007 = ( GEOMETRIC_REPRESENTATION_CONTEXT(2) 
PARAMETRIC_REPRESENTATION_CONTEXT() REPRESENTATION_CONTEXT('2D SPACE',''
  ) );
#4008 = ORIENTED_EDGE('',*,*,#4009,.T.);
#4009 = EDGE_CURVE('',#3982,#2694,#4010,.T.);
#4010 = SURFACE_CURVE('',#4011,(#4015,#4022),.PCURVE_S1.);
#4011 = LINE('',#4012,#4013);
#4012 = CARTESIAN_POINT('',(-7.770967074375,11.485842186317,-282.));
#4013 = VECTOR('',#4014,1.);
#4014 = DIRECTION('',(-0.681998360062,0.731353701619,0.));
#4015 = PCURVE('',#2559,#4016);
#4016 = DEFINITIONAL_REPRESENTATION('',(#4017),#4021);
#4017 = LINE('',#4018,#4019);
#4018 = CARTESIAN_POINT('',(1.4,0.));
#4019 = VECTOR('',#4020,1.);
#4020 = DIRECTION('',(0.,1.));
#4021 = ( GEOMETRIC_REPRESENTATION_CONTEXT(2) 
PARAMETRIC_REPRESENTATION_CONTEXT() REPRESENTATION_CONTEXT('2D SPACE',''
  ) );
#4022 = PCURVE('',#2729,#4023);
#4023 = DEFINITIONAL_REPRESENTATION('',(#4024),#4028);
#4024 = LINE('',#4025,#4026);
#4025 = CARTESIAN_POINT('',(0.,0.));
#4026 = VECTOR('',#4027,1.);
#4027 = DIRECTION('',(1.,0.));
#4028 = ( GEOMETRIC_REPRESENTATION_CONTEXT(2) 
PARAMETRIC_REPRESENTATION_CONTEXT() REPRESENTATION_CONTEXT('2D SPACE',''
  ) );
#4029 = ORIENTED_EDGE('',*,*,#2693,.F.);
#4030 = ORIENTED_EDGE('',*,*,#2544,.F.);
#4031 = ADVANCED_FACE('',(#4032),#2533,.T.);
#4032 = FACE_BOUND('',#4033,.T.);
#4033 = EDGE_LOOP('',(#4034,#4057,#4078,#4079,#4080,#4099));
#4034 = ORIENTED_EDGE('',*,*,#4035,.F.);
#4035 = EDGE_CURVE('',#4036,#2883,#4038,.T.);
#4036 = VERTEX_POINT('',#4037);
#4037 = CARTESIAN_POINT('',(-10.91578799133,8.553249238048,-283.4));
#4038 = SURFACE_CURVE('',#4039,(#4043,#4050),.PCURVE_S1.);
#4039 = LINE('',#4040,#4041);
#4040 = CARTESIAN_POINT('',(-10.91578799133,8.553249238048,-283.4));
#4041 = VECTOR('',#4042,1.);
#4042 = DIRECTION('',(-0.681998360062,0.731353701619,0.));
#4043 = PCURVE('',#2533,#4044);
#4044 = DEFINITIONAL_REPRESENTATION('',(#4045),#4049);
#4045 = LINE('',#4046,#4047);
#4046 = CARTESIAN_POINT('',(0.,4.3));
#4047 = VECTOR('',#4048,1.);
#4048 = DIRECTION('',(1.,0.));
#4049 = ( GEOMETRIC_REPRESENTATION_CONTEXT(2) 
PARAMETRIC_REPRESENTATION_CONTEXT() REPRESENTATION_CONTEXT('2D SPACE',''
  ) );
#4050 = PCURVE('',#2897,#4051);
#4051 = DEFINITIONAL_REPRESENTATION('',(#4052),#4056);
#4052 = LINE('',#4053,#4054);
#4053 = CARTESIAN_POINT('',(0.,0.));
#4054 = VECTOR('',#4055,1.);
#4055 = DIRECTION('',(0.,1.));
#4056 = ( GEOMETRIC_REPRESENTATION_CONTEXT(2) 
PARAMETRIC_REPRESENTATION_CONTEXT() REPRESENTATION_CONTEXT('2D SPACE',''
  ) );
#4057 = ORIENTED_EDGE('',*,*,#4058,.F.);
#4058 = EDGE_CURVE('',#3959,#4036,#4059,.T.);
#4059 = SURFACE_CURVE('',#4060,(#4064,#4071),.PCURVE_S1.);
#4060 = LINE('',#4061,#4062);
#4061 = CARTESIAN_POINT('',(-7.770967074375,11.485842186317,-283.4));
#4062 = VECTOR('',#4063,1.);
#4063 = DIRECTION('',(-0.731353701619,-0.681998360062,0.));
#4064 = PCURVE('',#2533,#4065);
#4065 = DEFINITIONAL_REPRESENTATION('',(#4066),#4070);
#4066 = LINE('',#4067,#4068);
#4067 = CARTESIAN_POINT('',(0.,0.));
#4068 = VECTOR('',#4069,1.);
#4069 = DIRECTION('',(0.,1.));
#4070 = ( GEOMETRIC_REPRESENTATION_CONTEXT(2) 
PARAMETRIC_REPRESENTATION_CONTEXT() REPRESENTATION_CONTEXT('2D SPACE',''
  ) );
#4071 = PCURVE('',#3997,#4072);
#4072 = DEFINITIONAL_REPRESENTATION('',(#4073),#4077);
#4073 = LINE('',#4074,#4075);
#4074 = CARTESIAN_POINT('',(0.,0.));
#4075 = VECTOR('',#4076,1.);
#4076 = DIRECTION('',(0.,-1.));
#4077 = ( GEOMETRIC_REPRESENTATION_CONTEXT(2) 
PARAMETRIC_REPRESENTATION_CONTEXT() REPRESENTATION_CONTEXT('2D SPACE',''
  ) );
#4078 = ORIENTED_EDGE('',*,*,#3958,.T.);
#4079 = ORIENTED_EDGE('',*,*,#2518,.F.);
#4080 = ORIENTED_EDGE('',*,*,#4081,.F.);
#4081 = EDGE_CURVE('',#2909,#2491,#4082,.T.);
#4082 = SURFACE_CURVE('',#4083,(#4087,#4093),.PCURVE_S1.);
#4083 = LINE('',#4084,#4085);
#4084 = CARTESIAN_POINT('',(-13.93317420745,14.416824448041,-283.4));
#4085 = VECTOR('',#4086,1.);
#4086 = DIRECTION('',(0.766044443119,0.642787609687,-0.));
#4087 = PCURVE('',#2533,#4088);
#4088 = DEFINITIONAL_REPRESENTATION('',(#4089),#4092);
#4089 = B_SPLINE_CURVE_WITH_KNOTS('',1,(#4090,#4091),.UNSPECIFIED.,.F.,
  .F.,(2,2),(0.307193176164,2.505755924642),.PIECEWISE_BEZIER_KNOTS.);
#4090 = CARTESIAN_POINT('',(6.330122636992,2.201055722461));
#4091 = CARTESIAN_POINT('',(6.215058753191,5.506027820806E-03));
#4092 = ( GEOMETRIC_REPRESENTATION_CONTEXT(2) 
PARAMETRIC_REPRESENTATION_CONTEXT() REPRESENTATION_CONTEXT('2D SPACE',''
  ) );
#4093 = PCURVE('',#2506,#4094);
#4094 = DEFINITIONAL_REPRESENTATION('',(#4095),#4098);
#4095 = B_SPLINE_CURVE_WITH_KNOTS('',1,(#4096,#4097),.UNSPECIFIED.,.F.,
  .F.,(2,2),(0.307193176164,2.505755924642),.PIECEWISE_BEZIER_KNOTS.);
#4096 = CARTESIAN_POINT('',(6.000508145149,-1.554618628312));
#4097 = CARTESIAN_POINT('',(7.555126773461,3.037659865842E-14));
#4098 = ( GEOMETRIC_REPRESENTATION_CONTEXT(2) 
PARAMETRIC_REPRESENTATION_CONTEXT() REPRESENTATION_CONTEXT('2D SPACE',''
  ) );
#4099 = ORIENTED_EDGE('',*,*,#2908,.T.);
#4100 = ADVANCED_FACE('',(#4101),#2506,.T.);
#4101 = FACE_BOUND('',#4102,.T.);
#4102 = EDGE_LOOP('',(#4103,#4104,#4105));
#4103 = ORIENTED_EDGE('',*,*,#2490,.F.);
#4104 = ORIENTED_EDGE('',*,*,#2932,.T.);
#4105 = ORIENTED_EDGE('',*,*,#4081,.T.);
#4106 = ADVANCED_FACE('',(#4107),#2479,.T.);
#4107 = FACE_BOUND('',#4108,.T.);
#4108 = EDGE_LOOP('',(#4109,#4110,#4129,#4130,#4149,#4150));
#4109 = ORIENTED_EDGE('',*,*,#2620,.F.);
#4110 = ORIENTED_EDGE('',*,*,#4111,.T.);
#4111 = EDGE_CURVE('',#2621,#3319,#4112,.T.);
#4112 = SURFACE_CURVE('',#4113,(#4117,#4123),.PCURVE_S1.);
#4113 = LINE('',#4114,#4115);
#4114 = CARTESIAN_POINT('',(0.,0.,-285.5));
#4115 = VECTOR('',#4116,1.);
#4116 = DIRECTION('',(0.642787609687,-0.766044443119,0.));
#4117 = PCURVE('',#2479,#4118);
#4118 = DEFINITIONAL_REPRESENTATION('',(#4119),#4122);
#4119 = B_SPLINE_CURVE_WITH_KNOTS('',1,(#4120,#4121),.UNSPECIFIED.,.F.,
  .F.,(2,2),(-62.00684624328,-0.),.PIECEWISE_BEZIER_KNOTS.);
#4120 = CARTESIAN_POINT('',(62.006846243283,-2.));
#4121 = CARTESIAN_POINT('',(0.,-2.));
#4122 = ( GEOMETRIC_REPRESENTATION_CONTEXT(2) 
PARAMETRIC_REPRESENTATION_CONTEXT() REPRESENTATION_CONTEXT('2D SPACE',''
  ) );
#4123 = PCURVE('',#2658,#4124);
#4124 = DEFINITIONAL_REPRESENTATION('',(#4125),#4128);
#4125 = B_SPLINE_CURVE_WITH_KNOTS('',1,(#4126,#4127),.UNSPECIFIED.,.F.,
  .F.,(2,2),(-62.00684624328,-0.),.PIECEWISE_BEZIER_KNOTS.);
#4126 = CARTESIAN_POINT('',(-39.85723248092,47.5));
#4127 = CARTESIAN_POINT('',(0.,0.));
#4128 = ( GEOMETRIC_REPRESENTATION_CONTEXT(2) 
PARAMETRIC_REPRESENTATION_CONTEXT() REPRESENTATION_CONTEXT('2D SPACE',''
  ) );
#4129 = ORIENTED_EDGE('',*,*,#3342,.T.);
#4130 = ORIENTED_EDGE('',*,*,#4131,.T.);
#4131 = EDGE_CURVE('',#3221,#2953,#4132,.T.);
#4132 = SURFACE_CURVE('',#4133,(#4137,#4143),.PCURVE_S1.);
#4133 = LINE('',#4134,#4135);
#4134 = CARTESIAN_POINT('',(0.,0.,-284.5));
#4135 = VECTOR('',#4136,1.);
#4136 = DIRECTION('',(0.642787609687,-0.766044443119,0.));
#4137 = PCURVE('',#2479,#4138);
#4138 = DEFINITIONAL_REPRESENTATION('',(#4139),#4142);
#4139 = B_SPLINE_CURVE_WITH_KNOTS('',1,(#4140,#4141),.UNSPECIFIED.,.F.,
  .F.,(2,2),(-47.5,-20.),.PIECEWISE_BEZIER_KNOTS.);
#4140 = CARTESIAN_POINT('',(47.5,-3.));
#4141 = CARTESIAN_POINT('',(20.,-3.));
#4142 = ( GEOMETRIC_REPRESENTATION_CONTEXT(2) 
PARAMETRIC_REPRESENTATION_CONTEXT() REPRESENTATION_CONTEXT('2D SPACE',''
  ) );
#4143 = PCURVE('',#2842,#4144);
#4144 = DEFINITIONAL_REPRESENTATION('',(#4145),#4148);
#4145 = B_SPLINE_CURVE_WITH_KNOTS('',1,(#4146,#4147),.UNSPECIFIED.,.F.,
  .F.,(2,2),(-47.5,-20.),.PIECEWISE_BEZIER_KNOTS.);
#4146 = CARTESIAN_POINT('',(-30.53241146011,36.387111048151));
#4147 = CARTESIAN_POINT('',(-12.85575219373,15.32088886238));
#4148 = ( GEOMETRIC_REPRESENTATION_CONTEXT(2) 
PARAMETRIC_REPRESENTATION_CONTEXT() REPRESENTATION_CONTEXT('2D SPACE',''
  ) );
#4149 = ORIENTED_EDGE('',*,*,#2952,.T.);
#4150 = ORIENTED_EDGE('',*,*,#2464,.T.);
#4151 = ADVANCED_FACE('',(#4152),#2658,.T.);
#4152 = FACE_BOUND('',#4153,.T.);
#4153 = EDGE_LOOP('',(#4154,#4155,#4156,#4157));
#4154 = ORIENTED_EDGE('',*,*,#4111,.F.);
#4155 = ORIENTED_EDGE('',*,*,#2641,.T.);
#4156 = ORIENTED_EDGE('',*,*,#2787,.F.);
#4157 = ORIENTED_EDGE('',*,*,#3318,.F.);
#4158 = ADVANCED_FACE('',(#4159),#2729,.F.);
#4159 = FACE_BOUND('',#4160,.F.);
#4160 = EDGE_LOOP('',(#4161,#4184,#4205,#4206,#4207));
#4161 = ORIENTED_EDGE('',*,*,#4162,.F.);
#4162 = EDGE_CURVE('',#4163,#2859,#4165,.T.);
#4163 = VERTEX_POINT('',#4164);
#4164 = CARTESIAN_POINT('',(-10.91578799133,8.553249238048,-282.));
#4165 = SURFACE_CURVE('',#4166,(#4170,#4177),.PCURVE_S1.);
#4166 = LINE('',#4167,#4168);
#4167 = CARTESIAN_POINT('',(-10.91578799133,8.553249238048,-282.));
#4168 = VECTOR('',#4169,1.);
#4169 = DIRECTION('',(-0.681998360062,0.731353701619,0.));
#4170 = PCURVE('',#2729,#4171);
#4171 = DEFINITIONAL_REPRESENTATION('',(#4172),#4176);
#4172 = LINE('',#4173,#4174);
#4173 = CARTESIAN_POINT('',(0.,4.3));
#4174 = VECTOR('',#4175,1.);
#4175 = DIRECTION('',(1.,0.));
#4176 = ( GEOMETRIC_REPRESENTATION_CONTEXT(2) 
PARAMETRIC_REPRESENTATION_CONTEXT() REPRESENTATION_CONTEXT('2D SPACE',''
  ) );
#4177 = PCURVE('',#2897,#4178);
#4178 = DEFINITIONAL_REPRESENTATION('',(#4179),#4183);
#4179 = LINE('',#4180,#4181);
#4180 = CARTESIAN_POINT('',(1.4,0.));
#4181 = VECTOR('',#4182,1.);
#4182 = DIRECTION('',(0.,1.));
#4183 = ( GEOMETRIC_REPRESENTATION_CONTEXT(2) 
PARAMETRIC_REPRESENTATION_CONTEXT() REPRESENTATION_CONTEXT('2D SPACE',''
  ) );
#4184 = ORIENTED_EDGE('',*,*,#4185,.F.);
#4185 = EDGE_CURVE('',#3982,#4163,#4186,.T.);
#4186 = SURFACE_CURVE('',#4187,(#4191,#4198),.PCURVE_S1.);
#4187 = LINE('',#4188,#4189);
#4188 = CARTESIAN_POINT('',(-7.770967074375,11.485842186317,-282.));
#4189 = VECTOR('',#4190,1.);
#4190 = DIRECTION('',(-0.731353701619,-0.681998360062,0.));
#4191 = PCURVE('',#2729,#4192);
#4192 = DEFINITIONAL_REPRESENTATION('',(#4193),#4197);
#4193 = LINE('',#4194,#4195);
#4194 = CARTESIAN_POINT('',(0.,0.));
#4195 = VECTOR('',#4196,1.);
#4196 = DIRECTION('',(0.,1.));
#4197 = ( GEOMETRIC_REPRESENTATION_CONTEXT(2) 
PARAMETRIC_REPRESENTATION_CONTEXT() REPRESENTATION_CONTEXT('2D SPACE',''
  ) );
#4198 = PCURVE('',#3997,#4199);
#4199 = DEFINITIONAL_REPRESENTATION('',(#4200),#4204);
#4200 = LINE('',#4201,#4202);
#4201 = CARTESIAN_POINT('',(1.4,0.));
#4202 = VECTOR('',#4203,1.);
#4203 = DIRECTION('',(0.,-1.));
#4204 = ( GEOMETRIC_REPRESENTATION_CONTEXT(2) 
PARAMETRIC_REPRESENTATION_CONTEXT() REPRESENTATION_CONTEXT('2D SPACE',''
  ) );
#4205 = ORIENTED_EDGE('',*,*,#4009,.T.);
#4206 = ORIENTED_EDGE('',*,*,#2714,.F.);
#4207 = ORIENTED_EDGE('',*,*,#2858,.T.);
#4208 = ADVANCED_FACE('',(#4209,#4216),#2842,.F.);
#4209 = FACE_BOUND('',#4210,.F.);
#4210 = EDGE_LOOP('',(#4211,#4212,#4213,#4214,#4215));
#4211 = ORIENTED_EDGE('',*,*,#3295,.T.);
#4212 = ORIENTED_EDGE('',*,*,#3218,.T.);
#4213 = ORIENTED_EDGE('',*,*,#4131,.T.);
#4214 = ORIENTED_EDGE('',*,*,#2973,.T.);
#4215 = ORIENTED_EDGE('',*,*,#2829,.T.);
#4216 = FACE_BOUND('',#4217,.F.);
#4217 = EDGE_LOOP('',(#4218));
#4218 = ORIENTED_EDGE('',*,*,#3078,.F.);
#4219 = ADVANCED_FACE('',(#4220),#2897,.F.);
#4220 = FACE_BOUND('',#4221,.F.);
#4221 = EDGE_LOOP('',(#4222,#4223,#4244,#4245));
#4222 = ORIENTED_EDGE('',*,*,#4035,.F.);
#4223 = ORIENTED_EDGE('',*,*,#4224,.T.);
#4224 = EDGE_CURVE('',#4036,#4163,#4225,.T.);
#4225 = SURFACE_CURVE('',#4226,(#4230,#4237),.PCURVE_S1.);
#4226 = LINE('',#4227,#4228);
#4227 = CARTESIAN_POINT('',(-10.91578799133,8.553249238048,-283.4));
#4228 = VECTOR('',#4229,1.);
#4229 = DIRECTION('',(0.,0.,1.));
#4230 = PCURVE('',#2897,#4231);
#4231 = DEFINITIONAL_REPRESENTATION('',(#4232),#4236);
#4232 = LINE('',#4233,#4234);
#4233 = CARTESIAN_POINT('',(0.,0.));
#4234 = VECTOR('',#4235,1.);
#4235 = DIRECTION('',(1.,0.));
#4236 = ( GEOMETRIC_REPRESENTATION_CONTEXT(2) 
PARAMETRIC_REPRESENTATION_CONTEXT() REPRESENTATION_CONTEXT('2D SPACE',''
  ) );
#4237 = PCURVE('',#3997,#4238);
#4238 = DEFINITIONAL_REPRESENTATION('',(#4239),#4243);
#4239 = LINE('',#4240,#4241);
#4240 = CARTESIAN_POINT('',(0.,-4.3));
#4241 = VECTOR('',#4242,1.);
#4242 = DIRECTION('',(1.,0.));
#4243 = ( GEOMETRIC_REPRESENTATION_CONTEXT(2) 
PARAMETRIC_REPRESENTATION_CONTEXT() REPRESENTATION_CONTEXT('2D SPACE',''
  ) );
#4244 = ORIENTED_EDGE('',*,*,#4162,.T.);
#4245 = ORIENTED_EDGE('',*,*,#2882,.F.);
#4246 = ADVANCED_FACE('',(#4247),#3038,.T.);
#4247 = FACE_BOUND('',#4248,.F.);
#4248 = EDGE_LOOP('',(#4249));
#4249 = ORIENTED_EDGE('',*,*,#3023,.F.);
#4250 = ADVANCED_FACE('',(#4251),#3143,.T.);
#4251 = FACE_BOUND('',#4252,.F.);
#4252 = EDGE_LOOP('',(#4253));
#4253 = ORIENTED_EDGE('',*,*,#3128,.F.);
#4254 = ADVANCED_FACE('',(#4255),#3198,.T.);
#4255 = FACE_BOUND('',#4256,.F.);
#4256 = EDGE_LOOP('',(#4257));
#4257 = ORIENTED_EDGE('',*,*,#3183,.F.);
#4258 = ADVANCED_FACE('',(#4259,#4290),#3282,.F.);
#4259 = FACE_BOUND('',#4260,.F.);
#4260 = EDGE_LOOP('',(#4261));
#4261 = ORIENTED_EDGE('',*,*,#4262,.T.);
#4262 = EDGE_CURVE('',#4263,#4263,#4265,.T.);
#4263 = VERTEX_POINT('',#4264);
#4264 = CARTESIAN_POINT('',(52.,-1.273632671113E-14,-300.5));
#4265 = SURFACE_CURVE('',#4266,(#4271,#4278),.PCURVE_S1.);
#4266 = CIRCLE('',#4267,52.);
#4267 = AXIS2_PLACEMENT_3D('',#4268,#4269,#4270);
#4268 = CARTESIAN_POINT('',(0.,0.,-300.5));
#4269 = DIRECTION('',(0.,0.,1.));
#4270 = DIRECTION('',(1.,0.,-0.));
#4271 = PCURVE('',#3282,#4272);
#4272 = DEFINITIONAL_REPRESENTATION('',(#4273),#4277);
#4273 = CIRCLE('',#4274,52.);
#4274 = AXIS2_PLACEMENT_2D('',#4275,#4276);
#4275 = CARTESIAN_POINT('',(0.,0.));
#4276 = DIRECTION('',(1.,0.));
#4277 = ( GEOMETRIC_REPRESENTATION_CONTEXT(2) 
PARAMETRIC_REPRESENTATION_CONTEXT() REPRESENTATION_CONTEXT('2D SPACE',''
  ) );
#4278 = PCURVE('',#4279,#4284);
#4279 = CYLINDRICAL_SURFACE('',#4280,52.);
#4280 = AXIS2_PLACEMENT_3D('',#4281,#4282,#4283);
#4281 = CARTESIAN_POINT('',(0.,0.,-300.5));
#4282 = DIRECTION('',(0.,0.,1.));
#4283 = DIRECTION('',(1.,0.,-0.));
#4284 = DEFINITIONAL_REPRESENTATION('',(#4285),#4289);
#4285 = LINE('',#4286,#4287);
#4286 = CARTESIAN_POINT('',(0.,0.));
#4287 = VECTOR('',#4288,1.);
#4288 = DIRECTION('',(1.,0.));
#4289 = ( GEOMETRIC_REPRESENTATION_CONTEXT(2) 
PARAMETRIC_REPRESENTATION_CONTEXT() REPRESENTATION_CONTEXT('2D SPACE',''
  ) );
#4290 = FACE_BOUND('',#4291,.F.);
#4291 = EDGE_LOOP('',(#4292));
#4292 = ORIENTED_EDGE('',*,*,#3267,.F.);
#4293 = ADVANCED_FACE('',(#4294),#3608,.F.);
#4294 = FACE_BOUND('',#4295,.F.);
#4295 = EDGE_LOOP('',(#4296,#4319,#4348,#4374,#4403,#4429,#4458,#4477));
#4296 = ORIENTED_EDGE('',*,*,#4297,.F.);
#4297 = EDGE_CURVE('',#4298,#3592,#4300,.T.);
#4298 = VERTEX_POINT('',#4299);
#4299 = CARTESIAN_POINT('',(3.401456484632E-15,55.55,-299.5));
#4300 = SURFACE_CURVE('',#4301,(#4305,#4312),.PCURVE_S1.);
#4301 = LINE('',#4302,#4303);
#4302 = CARTESIAN_POINT('',(3.401456484632E-15,55.55,-299.5));
#4303 = VECTOR('',#4304,1.);
#4304 = DIRECTION('',(0.,0.,-1.));
#4305 = PCURVE('',#3608,#4306);
#4306 = DEFINITIONAL_REPRESENTATION('',(#4307),#4311);
#4307 = LINE('',#4308,#4309);
#4308 = CARTESIAN_POINT('',(1.570796326795,9.));
#4309 = VECTOR('',#4310,1.);
#4310 = DIRECTION('',(-0.,-1.));
#4311 = ( GEOMETRIC_REPRESENTATION_CONTEXT(2) 
PARAMETRIC_REPRESENTATION_CONTEXT() REPRESENTATION_CONTEXT('2D SPACE',''
  ) );
#4312 = PCURVE('',#3910,#4313);
#4313 = DEFINITIONAL_REPRESENTATION('',(#4314),#4318);
#4314 = LINE('',#4315,#4316);
#4315 = CARTESIAN_POINT('',(55.55,-11.));
#4316 = VECTOR('',#4317,1.);
#4317 = DIRECTION('',(-0.,1.));
#4318 = ( GEOMETRIC_REPRESENTATION_CONTEXT(2) 
PARAMETRIC_REPRESENTATION_CONTEXT() REPRESENTATION_CONTEXT('2D SPACE',''
  ) );
#4319 = ORIENTED_EDGE('',*,*,#4320,.F.);
#4320 = EDGE_CURVE('',#4321,#4298,#4323,.T.);
#4321 = VERTEX_POINT('',#4322);
#4322 = CARTESIAN_POINT('',(15.311655115634,53.398087209374,-299.5));
#4323 = SURFACE_CURVE('',#4324,(#4329,#4336),.PCURVE_S1.);
#4324 = CIRCLE('',#4325,55.55);
#4325 = AXIS2_PLACEMENT_3D('',#4326,#4327,#4328);
#4326 = CARTESIAN_POINT('',(0.,0.,-299.5));
#4327 = DIRECTION('',(0.,0.,1.));
#4328 = DIRECTION('',(1.,0.,-0.));
#4329 = PCURVE('',#3608,#4330);
#4330 = DEFINITIONAL_REPRESENTATION('',(#4331),#4335);
#4331 = LINE('',#4332,#4333);
#4332 = CARTESIAN_POINT('',(0.,9.));
#4333 = VECTOR('',#4334,1.);
#4334 = DIRECTION('',(1.,0.));
#4335 = ( GEOMETRIC_REPRESENTATION_CONTEXT(2) 
PARAMETRIC_REPRESENTATION_CONTEXT() REPRESENTATION_CONTEXT('2D SPACE',''
  ) );
#4336 = PCURVE('',#4337,#4342);
#4337 = PLANE('',#4338);
#4338 = AXIS2_PLACEMENT_3D('',#4339,#4340,#4341);
#4339 = CARTESIAN_POINT('',(0.,0.,-299.5));
#4340 = DIRECTION('',(0.,0.,1.));
#4341 = DIRECTION('',(1.,0.,-0.));
#4342 = DEFINITIONAL_REPRESENTATION('',(#4343),#4347);
#4343 = CIRCLE('',#4344,55.55);
#4344 = AXIS2_PLACEMENT_2D('',#4345,#4346);
#4345 = CARTESIAN_POINT('',(0.,0.));
#4346 = DIRECTION('',(1.,0.));
#4347 = ( GEOMETRIC_REPRESENTATION_CONTEXT(2) 
PARAMETRIC_REPRESENTATION_CONTEXT() REPRESENTATION_CONTEXT('2D SPACE',''
  ) );
#4348 = ORIENTED_EDGE('',*,*,#4349,.F.);
#4349 = EDGE_CURVE('',#4350,#4321,#4352,.T.);
#4350 = VERTEX_POINT('',#4351);
#4351 = CARTESIAN_POINT('',(15.311655115634,53.398087209374,-300.2));
#4352 = SURFACE_CURVE('',#4353,(#4357,#4363),.PCURVE_S1.);
#4353 = LINE('',#4354,#4355);
#4354 = CARTESIAN_POINT('',(15.311655115634,53.398087209374,-308.5));
#4355 = VECTOR('',#4356,1.);
#4356 = DIRECTION('',(0.,0.,1.));
#4357 = PCURVE('',#3608,#4358);
#4358 = DEFINITIONAL_REPRESENTATION('',(#4359),#4362);
#4359 = B_SPLINE_CURVE_WITH_KNOTS('',1,(#4360,#4361),.UNSPECIFIED.,.F.,
  .F.,(2,2),(-5.999999999062E-07,9.0000006),.PIECEWISE_BEZIER_KNOTS.);
#4360 = CARTESIAN_POINT('',(1.291543646476,-5.999999999062E-07));
#4361 = CARTESIAN_POINT('',(1.291543646476,9.0000006));
#4362 = ( GEOMETRIC_REPRESENTATION_CONTEXT(2) 
PARAMETRIC_REPRESENTATION_CONTEXT() REPRESENTATION_CONTEXT('2D SPACE',''
  ) );
#4363 = PCURVE('',#4364,#4369);
#4364 = PLANE('',#4365);
#4365 = AXIS2_PLACEMENT_3D('',#4366,#4367,#4368);
#4366 = CARTESIAN_POINT('',(0.,0.,-310.5));
#4367 = DIRECTION('',(-0.961261695938,0.275637355817,0.));
#4368 = DIRECTION('',(0.275637355817,0.961261695938,0.));
#4369 = DEFINITIONAL_REPRESENTATION('',(#4370),#4373);
#4370 = B_SPLINE_CURVE_WITH_KNOTS('',1,(#4371,#4372),.UNSPECIFIED.,.F.,
  .F.,(2,2),(-5.999999999062E-07,9.0000006),.PIECEWISE_BEZIER_KNOTS.);
#4371 = CARTESIAN_POINT('',(55.55,-1.9999994));
#4372 = CARTESIAN_POINT('',(55.55,-11.0000006));
#4373 = ( GEOMETRIC_REPRESENTATION_CONTEXT(2) 
PARAMETRIC_REPRESENTATION_CONTEXT() REPRESENTATION_CONTEXT('2D SPACE',''
  ) );
#4374 = ORIENTED_EDGE('',*,*,#4375,.F.);
#4375 = EDGE_CURVE('',#4376,#4350,#4378,.T.);
#4376 = VERTEX_POINT('',#4377);
#4377 = CARTESIAN_POINT('',(32.651470764847,44.940894037528,-300.2));
#4378 = SURFACE_CURVE('',#4379,(#4384,#4391),.PCURVE_S1.);
#4379 = CIRCLE('',#4380,55.55);
#4380 = AXIS2_PLACEMENT_3D('',#4381,#4382,#4383);
#4381 = CARTESIAN_POINT('',(0.,0.,-300.2));
#4382 = DIRECTION('',(0.,0.,1.));
#4383 = DIRECTION('',(1.,0.,-0.));
#4384 = PCURVE('',#3608,#4385);
#4385 = DEFINITIONAL_REPRESENTATION('',(#4386),#4390);
#4386 = LINE('',#4387,#4388);
#4387 = CARTESIAN_POINT('',(0.,8.3));
#4388 = VECTOR('',#4389,1.);
#4389 = DIRECTION('',(1.,0.));
#4390 = ( GEOMETRIC_REPRESENTATION_CONTEXT(2) 
PARAMETRIC_REPRESENTATION_CONTEXT() REPRESENTATION_CONTEXT('2D SPACE',''
  ) );
#4391 = PCURVE('',#4392,#4397);
#4392 = PLANE('',#4393);
#4393 = AXIS2_PLACEMENT_3D('',#4394,#4395,#4396);
#4394 = CARTESIAN_POINT('',(0.,0.,-300.2));
#4395 = DIRECTION('',(0.,0.,1.));
#4396 = DIRECTION('',(1.,0.,-0.));
#4397 = DEFINITIONAL_REPRESENTATION('',(#4398),#4402);
#4398 = CIRCLE('',#4399,55.55);
#4399 = AXIS2_PLACEMENT_2D('',#4400,#4401);
#4400 = CARTESIAN_POINT('',(0.,0.));
#4401 = DIRECTION('',(1.,0.));
#4402 = ( GEOMETRIC_REPRESENTATION_CONTEXT(2) 
PARAMETRIC_REPRESENTATION_CONTEXT() REPRESENTATION_CONTEXT('2D SPACE',''
  ) );
#4403 = ORIENTED_EDGE('',*,*,#4404,.F.);
#4404 = EDGE_CURVE('',#4405,#4376,#4407,.T.);
#4405 = VERTEX_POINT('',#4406);
#4406 = CARTESIAN_POINT('',(32.651470764847,44.940894037528,-304.7));
#4407 = SURFACE_CURVE('',#4408,(#4412,#4418),.PCURVE_S1.);
#4408 = LINE('',#4409,#4410);
#4409 = CARTESIAN_POINT('',(32.651470764847,44.940894037528,-304.7));
#4410 = VECTOR('',#4411,1.);
#4411 = DIRECTION('',(0.,0.,1.));
#4412 = PCURVE('',#3608,#4413);
#4413 = DEFINITIONAL_REPRESENTATION('',(#4414),#4417);
#4414 = B_SPLINE_CURVE_WITH_KNOTS('',1,(#4415,#4416),.UNSPECIFIED.,.F.,
  .F.,(2,2),(-5.999999999062E-07,4.5000006),.PIECEWISE_BEZIER_KNOTS.);
#4415 = CARTESIAN_POINT('',(0.942477796077,3.7999994));
#4416 = CARTESIAN_POINT('',(0.942477796077,8.3000006));
#4417 = ( GEOMETRIC_REPRESENTATION_CONTEXT(2) 
PARAMETRIC_REPRESENTATION_CONTEXT() REPRESENTATION_CONTEXT('2D SPACE',''
  ) );
#4418 = PCURVE('',#4419,#4424);
#4419 = PLANE('',#4420);
#4420 = AXIS2_PLACEMENT_3D('',#4421,#4422,#4423);
#4421 = CARTESIAN_POINT('',(0.,0.,-306.7));
#4422 = DIRECTION('',(-0.809016994375,0.587785252292,0.));
#4423 = DIRECTION('',(0.587785252292,0.809016994375,0.));
#4424 = DEFINITIONAL_REPRESENTATION('',(#4425),#4428);
#4425 = B_SPLINE_CURVE_WITH_KNOTS('',1,(#4426,#4427),.UNSPECIFIED.,.F.,
  .F.,(2,2),(-5.999999999062E-07,4.5000006),.PIECEWISE_BEZIER_KNOTS.);
#4426 = CARTESIAN_POINT('',(55.55,-1.9999994));
#4427 = CARTESIAN_POINT('',(55.55,-6.5000006));
#4428 = ( GEOMETRIC_REPRESENTATION_CONTEXT(2) 
PARAMETRIC_REPRESENTATION_CONTEXT() REPRESENTATION_CONTEXT('2D SPACE',''
  ) );
#4429 = ORIENTED_EDGE('',*,*,#4430,.T.);
#4430 = EDGE_CURVE('',#4405,#4431,#4433,.T.);
#4431 = VERTEX_POINT('',#4432);
#4432 = CARTESIAN_POINT('',(15.311655115634,53.398087209374,-304.7));
#4433 = SURFACE_CURVE('',#4434,(#4439,#4446),.PCURVE_S1.);
#4434 = CIRCLE('',#4435,55.55);
#4435 = AXIS2_PLACEMENT_3D('',#4436,#4437,#4438);
#4436 = CARTESIAN_POINT('',(0.,0.,-304.7));
#4437 = DIRECTION('',(0.,0.,1.));
#4438 = DIRECTION('',(1.,0.,-0.));
#4439 = PCURVE('',#3608,#4440);
#4440 = DEFINITIONAL_REPRESENTATION('',(#4441),#4445);
#4441 = LINE('',#4442,#4443);
#4442 = CARTESIAN_POINT('',(0.,3.8));
#4443 = VECTOR('',#4444,1.);
#4444 = DIRECTION('',(1.,0.));
#4445 = ( GEOMETRIC_REPRESENTATION_CONTEXT(2) 
PARAMETRIC_REPRESENTATION_CONTEXT() REPRESENTATION_CONTEXT('2D SPACE',''
  ) );
#4446 = PCURVE('',#4447,#4452);
#4447 = PLANE('',#4448);
#4448 = AXIS2_PLACEMENT_3D('',#4449,#4450,#4451);
#4449 = CARTESIAN_POINT('',(0.,0.,-304.7));
#4450 = DIRECTION('',(0.,0.,1.));
#4451 = DIRECTION('',(1.,0.,-0.));
#4452 = DEFINITIONAL_REPRESENTATION('',(#4453),#4457);
#4453 = CIRCLE('',#4454,55.55);
#4454 = AXIS2_PLACEMENT_2D('',#4455,#4456);
#4455 = CARTESIAN_POINT('',(0.,0.));
#4456 = DIRECTION('',(1.,0.));
#4457 = ( GEOMETRIC_REPRESENTATION_CONTEXT(2) 
PARAMETRIC_REPRESENTATION_CONTEXT() REPRESENTATION_CONTEXT('2D SPACE',''
  ) );
#4458 = ORIENTED_EDGE('',*,*,#4459,.F.);
#4459 = EDGE_CURVE('',#3590,#4431,#4460,.T.);
#4460 = SURFACE_CURVE('',#4461,(#4465,#4471),.PCURVE_S1.);
#4461 = LINE('',#4462,#4463);
#4462 = CARTESIAN_POINT('',(15.311655115634,53.398087209374,-308.5));
#4463 = VECTOR('',#4464,1.);
#4464 = DIRECTION('',(0.,0.,1.));
#4465 = PCURVE('',#3608,#4466);
#4466 = DEFINITIONAL_REPRESENTATION('',(#4467),#4470);
#4467 = B_SPLINE_CURVE_WITH_KNOTS('',1,(#4468,#4469),.UNSPECIFIED.,.F.,
  .F.,(2,2),(-5.999999999062E-07,9.0000006),.PIECEWISE_BEZIER_KNOTS.);
#4468 = CARTESIAN_POINT('',(1.291543646476,-5.999999999062E-07));
#4469 = CARTESIAN_POINT('',(1.291543646476,9.0000006));
#4470 = ( GEOMETRIC_REPRESENTATION_CONTEXT(2) 
PARAMETRIC_REPRESENTATION_CONTEXT() REPRESENTATION_CONTEXT('2D SPACE',''
  ) );
#4471 = PCURVE('',#3635,#4472);
#4472 = DEFINITIONAL_REPRESENTATION('',(#4473),#4476);
#4473 = B_SPLINE_CURVE_WITH_KNOTS('',1,(#4474,#4475),.UNSPECIFIED.,.F.,
  .F.,(2,2),(-5.999999999062E-07,9.0000006),.PIECEWISE_BEZIER_KNOTS.);
#4474 = CARTESIAN_POINT('',(55.55,-1.9999994));
#4475 = CARTESIAN_POINT('',(55.55,-11.0000006));
#4476 = ( GEOMETRIC_REPRESENTATION_CONTEXT(2) 
PARAMETRIC_REPRESENTATION_CONTEXT() REPRESENTATION_CONTEXT('2D SPACE',''
  ) );
#4477 = ORIENTED_EDGE('',*,*,#3589,.T.);
#4478 = ADVANCED_FACE('',(#4479),#3910,.T.);
#4479 = FACE_BOUND('',#4480,.T.);
#4480 = EDGE_LOOP('',(#4481,#4482,#4483,#4505,#4533,#4560));
#4481 = ORIENTED_EDGE('',*,*,#3897,.T.);
#4482 = ORIENTED_EDGE('',*,*,#4297,.F.);
#4483 = ORIENTED_EDGE('',*,*,#4484,.F.);
#4484 = EDGE_CURVE('',#4485,#4298,#4487,.T.);
#4485 = VERTEX_POINT('',#4486);
#4486 = CARTESIAN_POINT('',(3.187143294781E-15,52.05,-299.5));
#4487 = SURFACE_CURVE('',#4488,(#4492,#4499),.PCURVE_S1.);
#4488 = LINE('',#4489,#4490);
#4489 = CARTESIAN_POINT('',(3.401456484632E-15,55.55,-299.5));
#4490 = VECTOR('',#4491,1.);
#4491 = DIRECTION('',(6.123233995737E-17,1.,-0.));
#4492 = PCURVE('',#3910,#4493);
#4493 = DEFINITIONAL_REPRESENTATION('',(#4494),#4498);
#4494 = LINE('',#4495,#4496);
#4495 = CARTESIAN_POINT('',(55.55,-11.));
#4496 = VECTOR('',#4497,1.);
#4497 = DIRECTION('',(-1.,0.));
#4498 = ( GEOMETRIC_REPRESENTATION_CONTEXT(2) 
PARAMETRIC_REPRESENTATION_CONTEXT() REPRESENTATION_CONTEXT('2D SPACE',''
  ) );
#4499 = PCURVE('',#4337,#4500);
#4500 = DEFINITIONAL_REPRESENTATION('',(#4501),#4504);
#4501 = B_SPLINE_CURVE_WITH_KNOTS('',1,(#4502,#4503),.UNSPECIFIED.,.F.,
  .F.,(2,2),(-55.55,0.),.PIECEWISE_BEZIER_KNOTS.);
#4502 = CARTESIAN_POINT('',(-1.224063596389E-31,0.));
#4503 = CARTESIAN_POINT('',(3.401456484632E-15,55.55));
#4504 = ( GEOMETRIC_REPRESENTATION_CONTEXT(2) 
PARAMETRIC_REPRESENTATION_CONTEXT() REPRESENTATION_CONTEXT('2D SPACE',''
  ) );
#4505 = ORIENTED_EDGE('',*,*,#4506,.T.);
#4506 = EDGE_CURVE('',#4485,#4507,#4509,.T.);
#4507 = VERTEX_POINT('',#4508);
#4508 = CARTESIAN_POINT('',(3.187143294781E-15,52.05,-300.3));
#4509 = SURFACE_CURVE('',#4510,(#4514,#4521),.PCURVE_S1.);
#4510 = LINE('',#4511,#4512);
#4511 = CARTESIAN_POINT('',(3.187143294781E-15,52.05,-299.5));
#4512 = VECTOR('',#4513,1.);
#4513 = DIRECTION('',(0.,0.,-1.));
#4514 = PCURVE('',#3910,#4515);
#4515 = DEFINITIONAL_REPRESENTATION('',(#4516),#4520);
#4516 = LINE('',#4517,#4518);
#4517 = CARTESIAN_POINT('',(59.05,-11.));
#4518 = VECTOR('',#4519,1.);
#4519 = DIRECTION('',(-0.,1.));
#4520 = ( GEOMETRIC_REPRESENTATION_CONTEXT(2) 
PARAMETRIC_REPRESENTATION_CONTEXT() REPRESENTATION_CONTEXT('2D SPACE',''
  ) );
#4521 = PCURVE('',#4522,#4527);
#4522 = CYLINDRICAL_SURFACE('',#4523,52.05);
#4523 = AXIS2_PLACEMENT_3D('',#4524,#4525,#4526);
#4524 = CARTESIAN_POINT('',(0.,0.,-305.7));
#4525 = DIRECTION('',(0.,0.,1.));
#4526 = DIRECTION('',(1.,0.,-0.));
#4527 = DEFINITIONAL_REPRESENTATION('',(#4528),#4532);
#4528 = LINE('',#4529,#4530);
#4529 = CARTESIAN_POINT('',(1.570796326795,6.2));
#4530 = VECTOR('',#4531,1.);
#4531 = DIRECTION('',(-0.,-1.));
#4532 = ( GEOMETRIC_REPRESENTATION_CONTEXT(2) 
PARAMETRIC_REPRESENTATION_CONTEXT() REPRESENTATION_CONTEXT('2D SPACE',''
  ) );
#4533 = ORIENTED_EDGE('',*,*,#4534,.T.);
#4534 = EDGE_CURVE('',#4507,#4535,#4537,.T.);
#4535 = VERTEX_POINT('',#4536);
#4536 = CARTESIAN_POINT('',(3.20245137977E-15,52.3,-300.3));
#4537 = SURFACE_CURVE('',#4538,(#4542,#4549),.PCURVE_S1.);
#4538 = LINE('',#4539,#4540);
#4539 = CARTESIAN_POINT('',(3.401456484632E-15,55.55,-300.3));
#4540 = VECTOR('',#4541,1.);
#4541 = DIRECTION('',(6.123233995737E-17,1.,-0.));
#4542 = PCURVE('',#3910,#4543);
#4543 = DEFINITIONAL_REPRESENTATION('',(#4544),#4548);
#4544 = LINE('',#4545,#4546);
#4545 = CARTESIAN_POINT('',(55.55,-10.2));
#4546 = VECTOR('',#4547,1.);
#4547 = DIRECTION('',(-1.,0.));
#4548 = ( GEOMETRIC_REPRESENTATION_CONTEXT(2) 
PARAMETRIC_REPRESENTATION_CONTEXT() REPRESENTATION_CONTEXT('2D SPACE',''
  ) );
#4549 = PCURVE('',#4550,#4555);
#4550 = PLANE('',#4551);
#4551 = AXIS2_PLACEMENT_3D('',#4552,#4553,#4554);
#4552 = CARTESIAN_POINT('',(0.,0.,-300.3));
#4553 = DIRECTION('',(0.,0.,1.));
#4554 = DIRECTION('',(1.,0.,-0.));
#4555 = DEFINITIONAL_REPRESENTATION('',(#4556),#4559);
#4556 = B_SPLINE_CURVE_WITH_KNOTS('',1,(#4557,#4558),.UNSPECIFIED.,.F.,
  .F.,(2,2),(-3.5,-3.25),.PIECEWISE_BEZIER_KNOTS.);
#4557 = CARTESIAN_POINT('',(3.187143294781E-15,52.05));
#4558 = CARTESIAN_POINT('',(3.20245137977E-15,52.3));
#4559 = ( GEOMETRIC_REPRESENTATION_CONTEXT(2) 
PARAMETRIC_REPRESENTATION_CONTEXT() REPRESENTATION_CONTEXT('2D SPACE',''
  ) );
#4560 = ORIENTED_EDGE('',*,*,#4561,.F.);
#4561 = EDGE_CURVE('',#3869,#4535,#4562,.T.);
#4562 = SURFACE_CURVE('',#4563,(#4567,#4574),.PCURVE_S1.);
#4563 = LINE('',#4564,#4565);
#4564 = CARTESIAN_POINT('',(3.20245137977E-15,52.3,-307.5));
#4565 = VECTOR('',#4566,1.);
#4566 = DIRECTION('',(0.,0.,1.));
#4567 = PCURVE('',#3910,#4568);
#4568 = DEFINITIONAL_REPRESENTATION('',(#4569),#4573);
#4569 = LINE('',#4570,#4571);
#4570 = CARTESIAN_POINT('',(58.8,-3.));
#4571 = VECTOR('',#4572,1.);
#4572 = DIRECTION('',(0.,-1.));
#4573 = ( GEOMETRIC_REPRESENTATION_CONTEXT(2) 
PARAMETRIC_REPRESENTATION_CONTEXT() REPRESENTATION_CONTEXT('2D SPACE',''
  ) );
#4574 = PCURVE('',#3885,#4575);
#4575 = DEFINITIONAL_REPRESENTATION('',(#4576),#4580);
#4576 = LINE('',#4577,#4578);
#4577 = CARTESIAN_POINT('',(1.570796326795,1.));
#4578 = VECTOR('',#4579,1.);
#4579 = DIRECTION('',(0.,1.));
#4580 = ( GEOMETRIC_REPRESENTATION_CONTEXT(2) 
PARAMETRIC_REPRESENTATION_CONTEXT() REPRESENTATION_CONTEXT('2D SPACE',''
  ) );
#4581 = ADVANCED_FACE('',(#4582),#3885,.F.);
#4582 = FACE_BOUND('',#4583,.F.);
#4583 = EDGE_LOOP('',(#4584,#4608,#4609,#4610,#4631,#4660));
#4584 = ORIENTED_EDGE('',*,*,#4585,.F.);
#4585 = EDGE_CURVE('',#4535,#4586,#4588,.T.);
#4586 = VERTEX_POINT('',#4587);
#4587 = CARTESIAN_POINT('',(-52.01349512776,5.466838628898,-300.3));
#4588 = SURFACE_CURVE('',#4589,(#4594,#4601),.PCURVE_S1.);
#4589 = CIRCLE('',#4590,52.3);
#4590 = AXIS2_PLACEMENT_3D('',#4591,#4592,#4593);
#4591 = CARTESIAN_POINT('',(0.,0.,-300.3));
#4592 = DIRECTION('',(0.,-0.,1.));
#4593 = DIRECTION('',(6.123233995737E-17,1.,0.));
#4594 = PCURVE('',#3885,#4595);
#4595 = DEFINITIONAL_REPRESENTATION('',(#4596),#4600);
#4596 = LINE('',#4597,#4598);
#4597 = CARTESIAN_POINT('',(1.570796326795,8.2));
#4598 = VECTOR('',#4599,1.);
#4599 = DIRECTION('',(1.,0.));
#4600 = ( GEOMETRIC_REPRESENTATION_CONTEXT(2) 
PARAMETRIC_REPRESENTATION_CONTEXT() REPRESENTATION_CONTEXT('2D SPACE',''
  ) );
#4601 = PCURVE('',#4550,#4602);
#4602 = DEFINITIONAL_REPRESENTATION('',(#4603),#4607);
#4603 = CIRCLE('',#4604,52.3);
#4604 = AXIS2_PLACEMENT_2D('',#4605,#4606);
#4605 = CARTESIAN_POINT('',(0.,0.));
#4606 = DIRECTION('',(6.123233995737E-17,1.));
#4607 = ( GEOMETRIC_REPRESENTATION_CONTEXT(2) 
PARAMETRIC_REPRESENTATION_CONTEXT() REPRESENTATION_CONTEXT('2D SPACE',''
  ) );
#4608 = ORIENTED_EDGE('',*,*,#4561,.F.);
#4609 = ORIENTED_EDGE('',*,*,#3868,.T.);
#4610 = ORIENTED_EDGE('',*,*,#4611,.T.);
#4611 = EDGE_CURVE('',#3843,#4612,#4614,.T.);
#4612 = VERTEX_POINT('',#4613);
#4613 = CARTESIAN_POINT('',(-50.74646648423,-12.65251513986,-304.7));
#4614 = SURFACE_CURVE('',#4615,(#4619,#4625),.PCURVE_S1.);
#4615 = LINE('',#4616,#4617);
#4616 = CARTESIAN_POINT('',(-50.74646648423,-12.65251513986,-308.5));
#4617 = VECTOR('',#4618,1.);
#4618 = DIRECTION('',(0.,0.,1.));
#4619 = PCURVE('',#3885,#4620);
#4620 = DEFINITIONAL_REPRESENTATION('',(#4621),#4624);
#4621 = B_SPLINE_CURVE_WITH_KNOTS('',1,(#4622,#4623),.UNSPECIFIED.,.F.,
  .F.,(2,2),(0.9999994,8.2000006),.PIECEWISE_BEZIER_KNOTS.);
#4622 = CARTESIAN_POINT('',(3.385938748869,0.9999994));
#4623 = CARTESIAN_POINT('',(3.385938748869,8.2000006));
#4624 = ( GEOMETRIC_REPRESENTATION_CONTEXT(2) 
PARAMETRIC_REPRESENTATION_CONTEXT() REPRESENTATION_CONTEXT('2D SPACE',''
  ) );
#4625 = PCURVE('',#3857,#4626);
#4626 = DEFINITIONAL_REPRESENTATION('',(#4627),#4630);
#4627 = B_SPLINE_CURVE_WITH_KNOTS('',1,(#4628,#4629),.UNSPECIFIED.,.F.,
  .F.,(2,2),(0.9999994,8.2000006),.PIECEWISE_BEZIER_KNOTS.);
#4628 = CARTESIAN_POINT('',(52.3,-2.9999994));
#4629 = CARTESIAN_POINT('',(52.3,-10.2000006));
#4630 = ( GEOMETRIC_REPRESENTATION_CONTEXT(2) 
PARAMETRIC_REPRESENTATION_CONTEXT() REPRESENTATION_CONTEXT('2D SPACE',''
  ) );
#4631 = ORIENTED_EDGE('',*,*,#4632,.F.);
#4632 = EDGE_CURVE('',#4633,#4612,#4635,.T.);
#4633 = VERTEX_POINT('',#4634);
#4634 = CARTESIAN_POINT('',(-52.01349512776,5.466838628898,-304.7));
#4635 = SURFACE_CURVE('',#4636,(#4641,#4648),.PCURVE_S1.);
#4636 = CIRCLE('',#4637,52.3);
#4637 = AXIS2_PLACEMENT_3D('',#4638,#4639,#4640);
#4638 = CARTESIAN_POINT('',(0.,0.,-304.7));
#4639 = DIRECTION('',(0.,0.,1.));
#4640 = DIRECTION('',(1.,0.,-0.));
#4641 = PCURVE('',#3885,#4642);
#4642 = DEFINITIONAL_REPRESENTATION('',(#4643),#4647);
#4643 = LINE('',#4644,#4645);
#4644 = CARTESIAN_POINT('',(0.,3.8));
#4645 = VECTOR('',#4646,1.);
#4646 = DIRECTION('',(1.,0.));
#4647 = ( GEOMETRIC_REPRESENTATION_CONTEXT(2) 
PARAMETRIC_REPRESENTATION_CONTEXT() REPRESENTATION_CONTEXT('2D SPACE',''
  ) );
#4648 = PCURVE('',#4649,#4654);
#4649 = PLANE('',#4650);
#4650 = AXIS2_PLACEMENT_3D('',#4651,#4652,#4653);
#4651 = CARTESIAN_POINT('',(0.,0.,-304.7));
#4652 = DIRECTION('',(0.,0.,1.));
#4653 = DIRECTION('',(1.,0.,-0.));
#4654 = DEFINITIONAL_REPRESENTATION('',(#4655),#4659);
#4655 = CIRCLE('',#4656,52.3);
#4656 = AXIS2_PLACEMENT_2D('',#4657,#4658);
#4657 = CARTESIAN_POINT('',(0.,0.));
#4658 = DIRECTION('',(1.,0.));
#4659 = ( GEOMETRIC_REPRESENTATION_CONTEXT(2) 
PARAMETRIC_REPRESENTATION_CONTEXT() REPRESENTATION_CONTEXT('2D SPACE',''
  ) );
#4660 = ORIENTED_EDGE('',*,*,#4661,.T.);
#4661 = EDGE_CURVE('',#4633,#4586,#4662,.T.);
#4662 = SURFACE_CURVE('',#4663,(#4667,#4673),.PCURVE_S1.);
#4663 = LINE('',#4664,#4665);
#4664 = CARTESIAN_POINT('',(-52.01349512776,5.466838628898,-308.5));
#4665 = VECTOR('',#4666,1.);
#4666 = DIRECTION('',(0.,0.,1.));
#4667 = PCURVE('',#3885,#4668);
#4668 = DEFINITIONAL_REPRESENTATION('',(#4669),#4672);
#4669 = B_SPLINE_CURVE_WITH_KNOTS('',1,(#4670,#4671),.UNSPECIFIED.,.F.,
  .F.,(2,2),(3.35,8.2000006),.PIECEWISE_BEZIER_KNOTS.);
#4670 = CARTESIAN_POINT('',(3.03687289847,3.35));
#4671 = CARTESIAN_POINT('',(3.03687289847,8.2000006));
#4672 = ( GEOMETRIC_REPRESENTATION_CONTEXT(2) 
PARAMETRIC_REPRESENTATION_CONTEXT() REPRESENTATION_CONTEXT('2D SPACE',''
  ) );
#4673 = PCURVE('',#4674,#4679);
#4674 = PLANE('',#4675);
#4675 = AXIS2_PLACEMENT_3D('',#4676,#4677,#4678);
#4676 = CARTESIAN_POINT('',(0.,0.,-306.7));
#4677 = DIRECTION('',(-0.104528463268,-0.994521895368,0.));
#4678 = DIRECTION('',(-0.994521895368,0.104528463268,0.));
#4679 = DEFINITIONAL_REPRESENTATION('',(#4680),#4683);
#4680 = B_SPLINE_CURVE_WITH_KNOTS('',1,(#4681,#4682),.UNSPECIFIED.,.F.,
  .F.,(2,2),(3.35,8.2000006),.PIECEWISE_BEZIER_KNOTS.);
#4681 = CARTESIAN_POINT('',(52.3,-1.55));
#4682 = CARTESIAN_POINT('',(52.3,-6.4000006));
#4683 = ( GEOMETRIC_REPRESENTATION_CONTEXT(2) 
PARAMETRIC_REPRESENTATION_CONTEXT() REPRESENTATION_CONTEXT('2D SPACE',''
  ) );
#4684 = ADVANCED_FACE('',(#4685),#3857,.T.);
#4685 = FACE_BOUND('',#4686,.T.);
#4686 = EDGE_LOOP('',(#4687,#4708,#4727,#4728));
#4687 = ORIENTED_EDGE('',*,*,#4688,.F.);
#4688 = EDGE_CURVE('',#4689,#4612,#4691,.T.);
#4689 = VERTEX_POINT('',#4690);
#4690 = CARTESIAN_POINT('',(-53.89992759463,-13.43876130056,-304.7));
#4691 = SURFACE_CURVE('',#4692,(#4696,#4702),.PCURVE_S1.);
#4692 = LINE('',#4693,#4694);
#4693 = CARTESIAN_POINT('',(0.,0.,-304.7));
#4694 = VECTOR('',#4695,1.);
#4695 = DIRECTION('',(0.970295726276,0.2419218956,-0.));
#4696 = PCURVE('',#3857,#4697);
#4697 = DEFINITIONAL_REPRESENTATION('',(#4698),#4701);
#4698 = B_SPLINE_CURVE_WITH_KNOTS('',1,(#4699,#4700),.UNSPECIFIED.,.F.,
  .F.,(2,2),(-55.55,-52.05),.PIECEWISE_BEZIER_KNOTS.);
#4699 = CARTESIAN_POINT('',(55.55,-5.8));
#4700 = CARTESIAN_POINT('',(52.05,-5.8));
#4701 = ( GEOMETRIC_REPRESENTATION_CONTEXT(2) 
PARAMETRIC_REPRESENTATION_CONTEXT() REPRESENTATION_CONTEXT('2D SPACE',''
  ) );
#4702 = PCURVE('',#4649,#4703);
#4703 = DEFINITIONAL_REPRESENTATION('',(#4704),#4707);
#4704 = B_SPLINE_CURVE_WITH_KNOTS('',1,(#4705,#4706),.UNSPECIFIED.,.F.,
  .F.,(2,2),(-55.55,-52.05),.PIECEWISE_BEZIER_KNOTS.);
#4705 = CARTESIAN_POINT('',(-53.89992759463,-13.43876130056));
#4706 = CARTESIAN_POINT('',(-50.50389255266,-12.59203466596));
#4707 = ( GEOMETRIC_REPRESENTATION_CONTEXT(2) 
PARAMETRIC_REPRESENTATION_CONTEXT() REPRESENTATION_CONTEXT('2D SPACE',''
  ) );
#4708 = ORIENTED_EDGE('',*,*,#4709,.F.);
#4709 = EDGE_CURVE('',#3814,#4689,#4710,.T.);
#4710 = SURFACE_CURVE('',#4711,(#4715,#4721),.PCURVE_S1.);
#4711 = LINE('',#4712,#4713);
#4712 = CARTESIAN_POINT('',(-53.89992759463,-13.43876130056,-308.5));
#4713 = VECTOR('',#4714,1.);
#4714 = DIRECTION('',(0.,0.,1.));
#4715 = PCURVE('',#3857,#4716);
#4716 = DEFINITIONAL_REPRESENTATION('',(#4717),#4720);
#4717 = B_SPLINE_CURVE_WITH_KNOTS('',1,(#4718,#4719),.UNSPECIFIED.,.F.,
  .F.,(2,2),(-5.999999999062E-07,9.0000006),.PIECEWISE_BEZIER_KNOTS.);
#4718 = CARTESIAN_POINT('',(55.55,-1.9999994));
#4719 = CARTESIAN_POINT('',(55.55,-11.0000006));
#4720 = ( GEOMETRIC_REPRESENTATION_CONTEXT(2) 
PARAMETRIC_REPRESENTATION_CONTEXT() REPRESENTATION_CONTEXT('2D SPACE',''
  ) );
#4721 = PCURVE('',#3830,#4722);
#4722 = DEFINITIONAL_REPRESENTATION('',(#4723),#4726);
#4723 = B_SPLINE_CURVE_WITH_KNOTS('',1,(#4724,#4725),.UNSPECIFIED.,.F.,
  .F.,(2,2),(-5.999999999062E-07,9.0000006),.PIECEWISE_BEZIER_KNOTS.);
#4724 = CARTESIAN_POINT('',(3.385938748869,-5.999999999062E-07));
#4725 = CARTESIAN_POINT('',(3.385938748869,9.0000006));
#4726 = ( GEOMETRIC_REPRESENTATION_CONTEXT(2) 
PARAMETRIC_REPRESENTATION_CONTEXT() REPRESENTATION_CONTEXT('2D SPACE',''
  ) );
#4727 = ORIENTED_EDGE('',*,*,#3842,.T.);
#4728 = ORIENTED_EDGE('',*,*,#4611,.T.);
#4729 = ADVANCED_FACE('',(#4730),#3830,.F.);
#4730 = FACE_BOUND('',#4731,.F.);
#4731 = EDGE_LOOP('',(#4732,#4755,#4784,#4810,#4839,#4860,#4882,#4883));
#4732 = ORIENTED_EDGE('',*,*,#4733,.F.);
#4733 = EDGE_CURVE('',#4734,#3787,#4736,.T.);
#4734 = VERTEX_POINT('',#4735);
#4735 = CARTESIAN_POINT('',(-48.10771118022,-27.775,-299.5));
#4736 = SURFACE_CURVE('',#4737,(#4741,#4748),.PCURVE_S1.);
#4737 = LINE('',#4738,#4739);
#4738 = CARTESIAN_POINT('',(-48.10771118022,-27.775,-299.5));
#4739 = VECTOR('',#4740,1.);
#4740 = DIRECTION('',(0.,-1.33226762955E-15,-1.));
#4741 = PCURVE('',#3830,#4742);
#4742 = DEFINITIONAL_REPRESENTATION('',(#4743),#4747);
#4743 = LINE('',#4744,#4745);
#4744 = CARTESIAN_POINT('',(3.665191429188,9.));
#4745 = VECTOR('',#4746,1.);
#4746 = DIRECTION('',(-0.,-1.));
#4747 = ( GEOMETRIC_REPRESENTATION_CONTEXT(2) 
PARAMETRIC_REPRESENTATION_CONTEXT() REPRESENTATION_CONTEXT('2D SPACE',''
  ) );
#4748 = PCURVE('',#3801,#4749);
#4749 = DEFINITIONAL_REPRESENTATION('',(#4750),#4754);
#4750 = LINE('',#4751,#4752);
#4751 = CARTESIAN_POINT('',(55.55,-11.));
#4752 = VECTOR('',#4753,1.);
#4753 = DIRECTION('',(-6.661338147751E-16,1.));
#4754 = ( GEOMETRIC_REPRESENTATION_CONTEXT(2) 
PARAMETRIC_REPRESENTATION_CONTEXT() REPRESENTATION_CONTEXT('2D SPACE',''
  ) );
#4755 = ORIENTED_EDGE('',*,*,#4756,.F.);
#4756 = EDGE_CURVE('',#4757,#4734,#4759,.T.);
#4757 = VERTEX_POINT('',#4758);
#4758 = CARTESIAN_POINT('',(-53.89992759463,-13.43876130056,-299.5));
#4759 = SURFACE_CURVE('',#4760,(#4765,#4772),.PCURVE_S1.);
#4760 = CIRCLE('',#4761,55.55);
#4761 = AXIS2_PLACEMENT_3D('',#4762,#4763,#4764);
#4762 = CARTESIAN_POINT('',(0.,0.,-299.5));
#4763 = DIRECTION('',(0.,0.,1.));
#4764 = DIRECTION('',(1.,0.,-0.));
#4765 = PCURVE('',#3830,#4766);
#4766 = DEFINITIONAL_REPRESENTATION('',(#4767),#4771);
#4767 = LINE('',#4768,#4769);
#4768 = CARTESIAN_POINT('',(0.,9.));
#4769 = VECTOR('',#4770,1.);
#4770 = DIRECTION('',(1.,0.));
#4771 = ( GEOMETRIC_REPRESENTATION_CONTEXT(2) 
PARAMETRIC_REPRESENTATION_CONTEXT() REPRESENTATION_CONTEXT('2D SPACE',''
  ) );
#4772 = PCURVE('',#4773,#4778);
#4773 = PLANE('',#4774);
#4774 = AXIS2_PLACEMENT_3D('',#4775,#4776,#4777);
#4775 = CARTESIAN_POINT('',(0.,0.,-299.5));
#4776 = DIRECTION('',(0.,0.,1.));
#4777 = DIRECTION('',(1.,0.,-0.));
#4778 = DEFINITIONAL_REPRESENTATION('',(#4779),#4783);
#4779 = CIRCLE('',#4780,55.55);
#4780 = AXIS2_PLACEMENT_2D('',#4781,#4782);
#4781 = CARTESIAN_POINT('',(0.,0.));
#4782 = DIRECTION('',(1.,0.));
#4783 = ( GEOMETRIC_REPRESENTATION_CONTEXT(2) 
PARAMETRIC_REPRESENTATION_CONTEXT() REPRESENTATION_CONTEXT('2D SPACE',''
  ) );
#4784 = ORIENTED_EDGE('',*,*,#4785,.F.);
#4785 = EDGE_CURVE('',#4786,#4757,#4788,.T.);
#4786 = VERTEX_POINT('',#4787);
#4787 = CARTESIAN_POINT('',(-53.89992759463,-13.43876130056,-300.2));
#4788 = SURFACE_CURVE('',#4789,(#4793,#4799),.PCURVE_S1.);
#4789 = LINE('',#4790,#4791);
#4790 = CARTESIAN_POINT('',(-53.89992759463,-13.43876130056,-308.5));
#4791 = VECTOR('',#4792,1.);
#4792 = DIRECTION('',(0.,0.,1.));
#4793 = PCURVE('',#3830,#4794);
#4794 = DEFINITIONAL_REPRESENTATION('',(#4795),#4798);
#4795 = B_SPLINE_CURVE_WITH_KNOTS('',1,(#4796,#4797),.UNSPECIFIED.,.F.,
  .F.,(2,2),(-5.999999999062E-07,9.0000006),.PIECEWISE_BEZIER_KNOTS.);
#4796 = CARTESIAN_POINT('',(3.385938748869,-5.999999999062E-07));
#4797 = CARTESIAN_POINT('',(3.385938748869,9.0000006));
#4798 = ( GEOMETRIC_REPRESENTATION_CONTEXT(2) 
PARAMETRIC_REPRESENTATION_CONTEXT() REPRESENTATION_CONTEXT('2D SPACE',''
  ) );
#4799 = PCURVE('',#4800,#4805);
#4800 = PLANE('',#4801);
#4801 = AXIS2_PLACEMENT_3D('',#4802,#4803,#4804);
#4802 = CARTESIAN_POINT('',(0.,0.,-310.5));
#4803 = DIRECTION('',(0.2419218956,-0.970295726276,0.));
#4804 = DIRECTION('',(-0.970295726276,-0.2419218956,0.));
#4805 = DEFINITIONAL_REPRESENTATION('',(#4806),#4809);
#4806 = B_SPLINE_CURVE_WITH_KNOTS('',1,(#4807,#4808),.UNSPECIFIED.,.F.,
  .F.,(2,2),(-5.999999999062E-07,9.0000006),.PIECEWISE_BEZIER_KNOTS.);
#4807 = CARTESIAN_POINT('',(55.55,-1.9999994));
#4808 = CARTESIAN_POINT('',(55.55,-11.0000006));
#4809 = ( GEOMETRIC_REPRESENTATION_CONTEXT(2) 
PARAMETRIC_REPRESENTATION_CONTEXT() REPRESENTATION_CONTEXT('2D SPACE',''
  ) );
#4810 = ORIENTED_EDGE('',*,*,#4811,.F.);
#4811 = EDGE_CURVE('',#4812,#4786,#4814,.T.);
#4812 = VERTEX_POINT('',#4813);
#4813 = CARTESIAN_POINT('',(-55.2456912877,5.806556134518,-300.2));
#4814 = SURFACE_CURVE('',#4815,(#4820,#4827),.PCURVE_S1.);
#4815 = CIRCLE('',#4816,55.55);
#4816 = AXIS2_PLACEMENT_3D('',#4817,#4818,#4819);
#4817 = CARTESIAN_POINT('',(0.,0.,-300.2));
#4818 = DIRECTION('',(0.,0.,1.));
#4819 = DIRECTION('',(1.,0.,-0.));
#4820 = PCURVE('',#3830,#4821);
#4821 = DEFINITIONAL_REPRESENTATION('',(#4822),#4826);
#4822 = LINE('',#4823,#4824);
#4823 = CARTESIAN_POINT('',(0.,8.3));
#4824 = VECTOR('',#4825,1.);
#4825 = DIRECTION('',(1.,0.));
#4826 = ( GEOMETRIC_REPRESENTATION_CONTEXT(2) 
PARAMETRIC_REPRESENTATION_CONTEXT() REPRESENTATION_CONTEXT('2D SPACE',''
  ) );
#4827 = PCURVE('',#4828,#4833);
#4828 = PLANE('',#4829);
#4829 = AXIS2_PLACEMENT_3D('',#4830,#4831,#4832);
#4830 = CARTESIAN_POINT('',(0.,0.,-300.2));
#4831 = DIRECTION('',(0.,0.,1.));
#4832 = DIRECTION('',(1.,0.,-0.));
#4833 = DEFINITIONAL_REPRESENTATION('',(#4834),#4838);
#4834 = CIRCLE('',#4835,55.55);
#4835 = AXIS2_PLACEMENT_2D('',#4836,#4837);
#4836 = CARTESIAN_POINT('',(0.,0.));
#4837 = DIRECTION('',(1.,0.));
#4838 = ( GEOMETRIC_REPRESENTATION_CONTEXT(2) 
PARAMETRIC_REPRESENTATION_CONTEXT() REPRESENTATION_CONTEXT('2D SPACE',''
  ) );
#4839 = ORIENTED_EDGE('',*,*,#4840,.F.);
#4840 = EDGE_CURVE('',#4841,#4812,#4843,.T.);
#4841 = VERTEX_POINT('',#4842);
#4842 = CARTESIAN_POINT('',(-55.2456912877,5.806556134518,-304.7));
#4843 = SURFACE_CURVE('',#4844,(#4848,#4854),.PCURVE_S1.);
#4844 = LINE('',#4845,#4846);
#4845 = CARTESIAN_POINT('',(-55.2456912877,5.806556134518,-304.7));
#4846 = VECTOR('',#4847,1.);
#4847 = DIRECTION('',(0.,0.,1.));
#4848 = PCURVE('',#3830,#4849);
#4849 = DEFINITIONAL_REPRESENTATION('',(#4850),#4853);
#4850 = B_SPLINE_CURVE_WITH_KNOTS('',1,(#4851,#4852),.UNSPECIFIED.,.F.,
  .F.,(2,2),(-5.999999999062E-07,4.5000006),.PIECEWISE_BEZIER_KNOTS.);
#4851 = CARTESIAN_POINT('',(3.03687289847,3.7999994));
#4852 = CARTESIAN_POINT('',(3.03687289847,8.3000006));
#4853 = ( GEOMETRIC_REPRESENTATION_CONTEXT(2) 
PARAMETRIC_REPRESENTATION_CONTEXT() REPRESENTATION_CONTEXT('2D SPACE',''
  ) );
#4854 = PCURVE('',#4674,#4855);
#4855 = DEFINITIONAL_REPRESENTATION('',(#4856),#4859);
#4856 = B_SPLINE_CURVE_WITH_KNOTS('',1,(#4857,#4858),.UNSPECIFIED.,.F.,
  .F.,(2,2),(-5.999999999062E-07,4.5000006),.PIECEWISE_BEZIER_KNOTS.);
#4857 = CARTESIAN_POINT('',(55.55,-1.9999994));
#4858 = CARTESIAN_POINT('',(55.55,-6.5000006));
#4859 = ( GEOMETRIC_REPRESENTATION_CONTEXT(2) 
PARAMETRIC_REPRESENTATION_CONTEXT() REPRESENTATION_CONTEXT('2D SPACE',''
  ) );
#4860 = ORIENTED_EDGE('',*,*,#4861,.T.);
#4861 = EDGE_CURVE('',#4841,#4689,#4862,.T.);
#4862 = SURFACE_CURVE('',#4863,(#4868,#4875),.PCURVE_S1.);
#4863 = CIRCLE('',#4864,55.55);
#4864 = AXIS2_PLACEMENT_3D('',#4865,#4866,#4867);
#4865 = CARTESIAN_POINT('',(0.,0.,-304.7));
#4866 = DIRECTION('',(0.,0.,1.));
#4867 = DIRECTION('',(1.,0.,-0.));
#4868 = PCURVE('',#3830,#4869);
#4869 = DEFINITIONAL_REPRESENTATION('',(#4870),#4874);
#4870 = LINE('',#4871,#4872);
#4871 = CARTESIAN_POINT('',(0.,3.8));
#4872 = VECTOR('',#4873,1.);
#4873 = DIRECTION('',(1.,0.));
#4874 = ( GEOMETRIC_REPRESENTATION_CONTEXT(2) 
PARAMETRIC_REPRESENTATION_CONTEXT() REPRESENTATION_CONTEXT('2D SPACE',''
  ) );
#4875 = PCURVE('',#4649,#4876);
#4876 = DEFINITIONAL_REPRESENTATION('',(#4877),#4881);
#4877 = CIRCLE('',#4878,55.55);
#4878 = AXIS2_PLACEMENT_2D('',#4879,#4880);
#4879 = CARTESIAN_POINT('',(0.,0.));
#4880 = DIRECTION('',(1.,0.));
#4881 = ( GEOMETRIC_REPRESENTATION_CONTEXT(2) 
PARAMETRIC_REPRESENTATION_CONTEXT() REPRESENTATION_CONTEXT('2D SPACE',''
  ) );
#4882 = ORIENTED_EDGE('',*,*,#4709,.F.);
#4883 = ORIENTED_EDGE('',*,*,#3813,.T.);
#4884 = ADVANCED_FACE('',(#4885),#3801,.T.);
#4885 = FACE_BOUND('',#4886,.T.);
#4886 = EDGE_LOOP('',(#4887,#4888,#4889,#4911,#4939,#4961));
#4887 = ORIENTED_EDGE('',*,*,#3786,.T.);
#4888 = ORIENTED_EDGE('',*,*,#4733,.F.);
#4889 = ORIENTED_EDGE('',*,*,#4890,.F.);
#4890 = EDGE_CURVE('',#4891,#4734,#4893,.T.);
#4891 = VERTEX_POINT('',#4892);
#4892 = CARTESIAN_POINT('',(-45.07662226698,-26.025,-299.5));
#4893 = SURFACE_CURVE('',#4894,(#4898,#4905),.PCURVE_S1.);
#4894 = LINE('',#4895,#4896);
#4895 = CARTESIAN_POINT('',(-48.10771118022,-27.775,-299.5));
#4896 = VECTOR('',#4897,1.);
#4897 = DIRECTION('',(-0.866025403784,-0.5,0.));
#4898 = PCURVE('',#3801,#4899);
#4899 = DEFINITIONAL_REPRESENTATION('',(#4900),#4904);
#4900 = LINE('',#4901,#4902);
#4901 = CARTESIAN_POINT('',(55.55,-11.));
#4902 = VECTOR('',#4903,1.);
#4903 = DIRECTION('',(-1.,-0.));
#4904 = ( GEOMETRIC_REPRESENTATION_CONTEXT(2) 
PARAMETRIC_REPRESENTATION_CONTEXT() REPRESENTATION_CONTEXT('2D SPACE',''
  ) );
#4905 = PCURVE('',#4773,#4906);
#4906 = DEFINITIONAL_REPRESENTATION('',(#4907),#4910);
#4907 = B_SPLINE_CURVE_WITH_KNOTS('',1,(#4908,#4909),.UNSPECIFIED.,.F.,
  .F.,(2,2),(-55.55,8.593614906967),.PIECEWISE_BEZIER_KNOTS.);
#4908 = CARTESIAN_POINT('',(-3.735303676886E-15,1.588729148239E-14));
#4909 = CARTESIAN_POINT('',(-55.55,-32.07180745348));
#4910 = ( GEOMETRIC_REPRESENTATION_CONTEXT(2) 
PARAMETRIC_REPRESENTATION_CONTEXT() REPRESENTATION_CONTEXT('2D SPACE',''
  ) );
#4911 = ORIENTED_EDGE('',*,*,#4912,.T.);
#4912 = EDGE_CURVE('',#4891,#4913,#4915,.T.);
#4913 = VERTEX_POINT('',#4914);
#4914 = CARTESIAN_POINT('',(-45.07662226698,-26.025,-300.3));
#4915 = SURFACE_CURVE('',#4916,(#4920,#4927),.PCURVE_S1.);
#4916 = LINE('',#4917,#4918);
#4917 = CARTESIAN_POINT('',(-45.07662226698,-26.025,-299.5));
#4918 = VECTOR('',#4919,1.);
#4919 = DIRECTION('',(8.881784197001E-15,-1.33226762955E-14,-1.));
#4920 = PCURVE('',#3801,#4921);
#4921 = DEFINITIONAL_REPRESENTATION('',(#4922),#4926);
#4922 = LINE('',#4923,#4924);
#4923 = CARTESIAN_POINT('',(59.05,-11.));
#4924 = VECTOR('',#4925,1.);
#4925 = DIRECTION('',(1.030512597783E-15,1.));
#4926 = ( GEOMETRIC_REPRESENTATION_CONTEXT(2) 
PARAMETRIC_REPRESENTATION_CONTEXT() REPRESENTATION_CONTEXT('2D SPACE',''
  ) );
#4927 = PCURVE('',#4928,#4933);
#4928 = CYLINDRICAL_SURFACE('',#4929,52.05);
#4929 = AXIS2_PLACEMENT_3D('',#4930,#4931,#4932);
#4930 = CARTESIAN_POINT('',(0.,0.,-305.7));
#4931 = DIRECTION('',(0.,0.,1.));
#4932 = DIRECTION('',(1.,0.,-0.));
#4933 = DEFINITIONAL_REPRESENTATION('',(#4934),#4938);
#4934 = LINE('',#4935,#4936);
#4935 = CARTESIAN_POINT('',(3.665191429188,6.2));
#4936 = VECTOR('',#4937,1.);
#4937 = DIRECTION('',(-0.,-1.));
#4938 = ( GEOMETRIC_REPRESENTATION_CONTEXT(2) 
PARAMETRIC_REPRESENTATION_CONTEXT() REPRESENTATION_CONTEXT('2D SPACE',''
  ) );
#4939 = ORIENTED_EDGE('',*,*,#4940,.T.);
#4940 = EDGE_CURVE('',#4913,#4941,#4943,.T.);
#4941 = VERTEX_POINT('',#4942);
#4942 = CARTESIAN_POINT('',(-45.29312861792,-26.15,-300.3));
#4943 = SURFACE_CURVE('',#4944,(#4948,#4955),.PCURVE_S1.);
#4944 = LINE('',#4945,#4946);
#4945 = CARTESIAN_POINT('',(-48.10771118022,-27.775,-300.3));
#4946 = VECTOR('',#4947,1.);
#4947 = DIRECTION('',(-0.866025403784,-0.5,0.));
#4948 = PCURVE('',#3801,#4949);
#4949 = DEFINITIONAL_REPRESENTATION('',(#4950),#4954);
#4950 = LINE('',#4951,#4952);
#4951 = CARTESIAN_POINT('',(55.55,-10.2));
#4952 = VECTOR('',#4953,1.);
#4953 = DIRECTION('',(-1.,-0.));
#4954 = ( GEOMETRIC_REPRESENTATION_CONTEXT(2) 
PARAMETRIC_REPRESENTATION_CONTEXT() REPRESENTATION_CONTEXT('2D SPACE',''
  ) );
#4955 = PCURVE('',#4550,#4956);
#4956 = DEFINITIONAL_REPRESENTATION('',(#4957),#4960);
#4957 = B_SPLINE_CURVE_WITH_KNOTS('',1,(#4958,#4959),.UNSPECIFIED.,.F.,
  .F.,(2,2),(-3.5,-0.),.PIECEWISE_BEZIER_KNOTS.);
#4958 = CARTESIAN_POINT('',(-45.07662226698,-26.025));
#4959 = CARTESIAN_POINT('',(-48.10771118022,-27.775));
#4960 = ( GEOMETRIC_REPRESENTATION_CONTEXT(2) 
PARAMETRIC_REPRESENTATION_CONTEXT() REPRESENTATION_CONTEXT('2D SPACE',''
  ) );
#4961 = ORIENTED_EDGE('',*,*,#4962,.T.);
#4962 = EDGE_CURVE('',#4941,#3758,#4963,.T.);
#4963 = SURFACE_CURVE('',#4964,(#4968,#4975),.PCURVE_S1.);
#4964 = LINE('',#4965,#4966);
#4965 = CARTESIAN_POINT('',(-45.29312861792,-26.15,-300.3));
#4966 = VECTOR('',#4967,1.);
#4967 = DIRECTION('',(0.,0.,-1.));
#4968 = PCURVE('',#3801,#4969);
#4969 = DEFINITIONAL_REPRESENTATION('',(#4970),#4974);
#4970 = LINE('',#4971,#4972);
#4971 = CARTESIAN_POINT('',(58.8,-10.2));
#4972 = VECTOR('',#4973,1.);
#4973 = DIRECTION('',(0.,1.));
#4974 = ( GEOMETRIC_REPRESENTATION_CONTEXT(2) 
PARAMETRIC_REPRESENTATION_CONTEXT() REPRESENTATION_CONTEXT('2D SPACE',''
  ) );
#4975 = PCURVE('',#3774,#4976);
#4976 = DEFINITIONAL_REPRESENTATION('',(#4977),#4981);
#4977 = LINE('',#4978,#4979);
#4978 = CARTESIAN_POINT('',(3.665191429188,8.2));
#4979 = VECTOR('',#4980,1.);
#4980 = DIRECTION('',(-0.,-1.));
#4981 = ( GEOMETRIC_REPRESENTATION_CONTEXT(2) 
PARAMETRIC_REPRESENTATION_CONTEXT() REPRESENTATION_CONTEXT('2D SPACE',''
  ) );
#4982 = ADVANCED_FACE('',(#4983),#3774,.F.);
#4983 = FACE_BOUND('',#4984,.F.);
#4984 = EDGE_LOOP('',(#4985,#5009,#5010,#5011,#5032,#5061));
#4985 = ORIENTED_EDGE('',*,*,#4986,.F.);
#4986 = EDGE_CURVE('',#4941,#4987,#4989,.T.);
#4987 = VERTEX_POINT('',#4988);
#4988 = CARTESIAN_POINT('',(21.272326432864,-47.7784274347,-300.3));
#4989 = SURFACE_CURVE('',#4990,(#4995,#5002),.PCURVE_S1.);
#4990 = CIRCLE('',#4991,52.3);
#4991 = AXIS2_PLACEMENT_3D('',#4992,#4993,#4994);
#4992 = CARTESIAN_POINT('',(0.,0.,-300.3));
#4993 = DIRECTION('',(0.,-0.,1.));
#4994 = DIRECTION('',(6.123233995737E-17,1.,0.));
#4995 = PCURVE('',#3774,#4996);
#4996 = DEFINITIONAL_REPRESENTATION('',(#4997),#5001);
#4997 = LINE('',#4998,#4999);
#4998 = CARTESIAN_POINT('',(1.570796326795,8.2));
#4999 = VECTOR('',#5000,1.);
#5000 = DIRECTION('',(1.,0.));
#5001 = ( GEOMETRIC_REPRESENTATION_CONTEXT(2) 
PARAMETRIC_REPRESENTATION_CONTEXT() REPRESENTATION_CONTEXT('2D SPACE',''
  ) );
#5002 = PCURVE('',#4550,#5003);
#5003 = DEFINITIONAL_REPRESENTATION('',(#5004),#5008);
#5004 = CIRCLE('',#5005,52.3);
#5005 = AXIS2_PLACEMENT_2D('',#5006,#5007);
#5006 = CARTESIAN_POINT('',(0.,0.));
#5007 = DIRECTION('',(6.123233995737E-17,1.));
#5008 = ( GEOMETRIC_REPRESENTATION_CONTEXT(2) 
PARAMETRIC_REPRESENTATION_CONTEXT() REPRESENTATION_CONTEXT('2D SPACE',''
  ) );
#5009 = ORIENTED_EDGE('',*,*,#4962,.T.);
#5010 = ORIENTED_EDGE('',*,*,#3757,.T.);
#5011 = ORIENTED_EDGE('',*,*,#5012,.T.);
#5012 = EDGE_CURVE('',#3732,#5013,#5015,.T.);
#5013 = VERTEX_POINT('',#5014);
#5014 = CARTESIAN_POINT('',(36.330632775006,-37.62147155771,-304.7));
#5015 = SURFACE_CURVE('',#5016,(#5020,#5026),.PCURVE_S1.);
#5016 = LINE('',#5017,#5018);
#5017 = CARTESIAN_POINT('',(36.330632775006,-37.62147155771,-308.5));
#5018 = VECTOR('',#5019,1.);
#5019 = DIRECTION('',(0.,0.,1.));
#5020 = PCURVE('',#3774,#5021);
#5021 = DEFINITIONAL_REPRESENTATION('',(#5022),#5025);
#5022 = B_SPLINE_CURVE_WITH_KNOTS('',1,(#5023,#5024),.UNSPECIFIED.,.F.,
  .F.,(2,2),(0.9999994,8.2000006),.PIECEWISE_BEZIER_KNOTS.);
#5023 = CARTESIAN_POINT('',(5.480333851262,0.9999994));
#5024 = CARTESIAN_POINT('',(5.480333851262,8.2000006));
#5025 = ( GEOMETRIC_REPRESENTATION_CONTEXT(2) 
PARAMETRIC_REPRESENTATION_CONTEXT() REPRESENTATION_CONTEXT('2D SPACE',''
  ) );
#5026 = PCURVE('',#3746,#5027);
#5027 = DEFINITIONAL_REPRESENTATION('',(#5028),#5031);
#5028 = B_SPLINE_CURVE_WITH_KNOTS('',1,(#5029,#5030),.UNSPECIFIED.,.F.,
  .F.,(2,2),(0.9999994,8.2000006),.PIECEWISE_BEZIER_KNOTS.);
#5029 = CARTESIAN_POINT('',(52.3,-2.9999994));
#5030 = CARTESIAN_POINT('',(52.3,-10.2000006));
#5031 = ( GEOMETRIC_REPRESENTATION_CONTEXT(2) 
PARAMETRIC_REPRESENTATION_CONTEXT() REPRESENTATION_CONTEXT('2D SPACE',''
  ) );
#5032 = ORIENTED_EDGE('',*,*,#5033,.F.);
#5033 = EDGE_CURVE('',#5034,#5013,#5036,.T.);
#5034 = VERTEX_POINT('',#5035);
#5035 = CARTESIAN_POINT('',(21.272326432864,-47.7784274347,-304.7));
#5036 = SURFACE_CURVE('',#5037,(#5042,#5049),.PCURVE_S1.);
#5037 = CIRCLE('',#5038,52.3);
#5038 = AXIS2_PLACEMENT_3D('',#5039,#5040,#5041);
#5039 = CARTESIAN_POINT('',(0.,0.,-304.7));
#5040 = DIRECTION('',(0.,0.,1.));
#5041 = DIRECTION('',(1.,0.,-0.));
#5042 = PCURVE('',#3774,#5043);
#5043 = DEFINITIONAL_REPRESENTATION('',(#5044),#5048);
#5044 = LINE('',#5045,#5046);
#5045 = CARTESIAN_POINT('',(0.,3.8));
#5046 = VECTOR('',#5047,1.);
#5047 = DIRECTION('',(1.,0.));
#5048 = ( GEOMETRIC_REPRESENTATION_CONTEXT(2) 
PARAMETRIC_REPRESENTATION_CONTEXT() REPRESENTATION_CONTEXT('2D SPACE',''
  ) );
#5049 = PCURVE('',#5050,#5055);
#5050 = PLANE('',#5051);
#5051 = AXIS2_PLACEMENT_3D('',#5052,#5053,#5054);
#5052 = CARTESIAN_POINT('',(0.,0.,-304.7));
#5053 = DIRECTION('',(0.,0.,1.));
#5054 = DIRECTION('',(1.,0.,-0.));
#5055 = DEFINITIONAL_REPRESENTATION('',(#5056),#5060);
#5056 = CIRCLE('',#5057,52.3);
#5057 = AXIS2_PLACEMENT_2D('',#5058,#5059);
#5058 = CARTESIAN_POINT('',(0.,0.));
#5059 = DIRECTION('',(1.,0.));
#5060 = ( GEOMETRIC_REPRESENTATION_CONTEXT(2) 
PARAMETRIC_REPRESENTATION_CONTEXT() REPRESENTATION_CONTEXT('2D SPACE',''
  ) );
#5061 = ORIENTED_EDGE('',*,*,#5062,.T.);
#5062 = EDGE_CURVE('',#5034,#4987,#5063,.T.);
#5063 = SURFACE_CURVE('',#5064,(#5068,#5074),.PCURVE_S1.);
#5064 = LINE('',#5065,#5066);
#5065 = CARTESIAN_POINT('',(21.272326432864,-47.7784274347,-308.5));
#5066 = VECTOR('',#5067,1.);
#5067 = DIRECTION('',(0.,0.,1.));
#5068 = PCURVE('',#3774,#5069);
#5069 = DEFINITIONAL_REPRESENTATION('',(#5070),#5073);
#5070 = B_SPLINE_CURVE_WITH_KNOTS('',1,(#5071,#5072),.UNSPECIFIED.,.F.,
  .F.,(2,2),(3.35,8.2000006),.PIECEWISE_BEZIER_KNOTS.);
#5071 = CARTESIAN_POINT('',(5.131268000863,3.35));
#5072 = CARTESIAN_POINT('',(5.131268000863,8.2000006));
#5073 = ( GEOMETRIC_REPRESENTATION_CONTEXT(2) 
PARAMETRIC_REPRESENTATION_CONTEXT() REPRESENTATION_CONTEXT('2D SPACE',''
  ) );
#5074 = PCURVE('',#5075,#5080);
#5075 = PLANE('',#5076);
#5076 = AXIS2_PLACEMENT_3D('',#5077,#5078,#5079);
#5077 = CARTESIAN_POINT('',(0.,0.,-306.7));
#5078 = DIRECTION('',(0.913545457643,0.406736643076,-0.));
#5079 = DIRECTION('',(0.406736643076,-0.913545457643,0.));
#5080 = DEFINITIONAL_REPRESENTATION('',(#5081),#5084);
#5081 = B_SPLINE_CURVE_WITH_KNOTS('',1,(#5082,#5083),.UNSPECIFIED.,.F.,
  .F.,(2,2),(3.35,8.2000006),.PIECEWISE_BEZIER_KNOTS.);
#5082 = CARTESIAN_POINT('',(52.3,-1.55));
#5083 = CARTESIAN_POINT('',(52.3,-6.4000006));
#5084 = ( GEOMETRIC_REPRESENTATION_CONTEXT(2) 
PARAMETRIC_REPRESENTATION_CONTEXT() REPRESENTATION_CONTEXT('2D SPACE',''
  ) );
#5085 = ADVANCED_FACE('',(#5086),#3746,.T.);
#5086 = FACE_BOUND('',#5087,.T.);
#5087 = EDGE_LOOP('',(#5088,#5109,#5128,#5129));
#5088 = ORIENTED_EDGE('',*,*,#5089,.F.);
#5089 = EDGE_CURVE('',#5090,#5013,#5092,.T.);
#5090 = VERTEX_POINT('',#5091);
#5091 = CARTESIAN_POINT('',(38.588272478998,-39.95932590881,-304.7));
#5092 = SURFACE_CURVE('',#5093,(#5097,#5103),.PCURVE_S1.);
#5093 = LINE('',#5094,#5095);
#5094 = CARTESIAN_POINT('',(0.,0.,-304.7));
#5095 = VECTOR('',#5096,1.);
#5096 = DIRECTION('',(-0.694658370459,0.719339800339,0.));
#5097 = PCURVE('',#3746,#5098);
#5098 = DEFINITIONAL_REPRESENTATION('',(#5099),#5102);
#5099 = B_SPLINE_CURVE_WITH_KNOTS('',1,(#5100,#5101),.UNSPECIFIED.,.F.,
  .F.,(2,2),(-55.55,-52.05),.PIECEWISE_BEZIER_KNOTS.);
#5100 = CARTESIAN_POINT('',(55.55,-5.8));
#5101 = CARTESIAN_POINT('',(52.05,-5.8));
#5102 = ( GEOMETRIC_REPRESENTATION_CONTEXT(2) 
PARAMETRIC_REPRESENTATION_CONTEXT() REPRESENTATION_CONTEXT('2D SPACE',''
  ) );
#5103 = PCURVE('',#5050,#5104);
#5104 = DEFINITIONAL_REPRESENTATION('',(#5105),#5108);
#5105 = B_SPLINE_CURVE_WITH_KNOTS('',1,(#5106,#5107),.UNSPECIFIED.,.F.,
  .F.,(2,2),(-55.55,-52.05),.PIECEWISE_BEZIER_KNOTS.);
#5106 = CARTESIAN_POINT('',(38.588272478997,-39.95932590881));
#5107 = CARTESIAN_POINT('',(36.156968182391,-37.44163660762));
#5108 = ( GEOMETRIC_REPRESENTATION_CONTEXT(2) 
PARAMETRIC_REPRESENTATION_CONTEXT() REPRESENTATION_CONTEXT('2D SPACE',''
  ) );
#5109 = ORIENTED_EDGE('',*,*,#5110,.F.);
#5110 = EDGE_CURVE('',#3703,#5090,#5111,.T.);
#5111 = SURFACE_CURVE('',#5112,(#5116,#5122),.PCURVE_S1.);
#5112 = LINE('',#5113,#5114);
#5113 = CARTESIAN_POINT('',(38.588272478997,-39.95932590881,-308.5));
#5114 = VECTOR('',#5115,1.);
#5115 = DIRECTION('',(0.,0.,1.));
#5116 = PCURVE('',#3746,#5117);
#5117 = DEFINITIONAL_REPRESENTATION('',(#5118),#5121);
#5118 = B_SPLINE_CURVE_WITH_KNOTS('',1,(#5119,#5120),.UNSPECIFIED.,.F.,
  .F.,(2,2),(-5.999999999062E-07,9.0000006),.PIECEWISE_BEZIER_KNOTS.);
#5119 = CARTESIAN_POINT('',(55.55,-1.9999994));
#5120 = CARTESIAN_POINT('',(55.55,-11.0000006));
#5121 = ( GEOMETRIC_REPRESENTATION_CONTEXT(2) 
PARAMETRIC_REPRESENTATION_CONTEXT() REPRESENTATION_CONTEXT('2D SPACE',''
  ) );
#5122 = PCURVE('',#3719,#5123);
#5123 = DEFINITIONAL_REPRESENTATION('',(#5124),#5127);
#5124 = B_SPLINE_CURVE_WITH_KNOTS('',1,(#5125,#5126),.UNSPECIFIED.,.F.,
  .F.,(2,2),(-5.999999999062E-07,9.0000006),.PIECEWISE_BEZIER_KNOTS.);
#5125 = CARTESIAN_POINT('',(5.480333851262,-5.999999999062E-07));
#5126 = CARTESIAN_POINT('',(5.480333851262,9.0000006));
#5127 = ( GEOMETRIC_REPRESENTATION_CONTEXT(2) 
PARAMETRIC_REPRESENTATION_CONTEXT() REPRESENTATION_CONTEXT('2D SPACE',''
  ) );
#5128 = ORIENTED_EDGE('',*,*,#3731,.T.);
#5129 = ORIENTED_EDGE('',*,*,#5012,.T.);
#5130 = ADVANCED_FACE('',(#5131),#3719,.F.);
#5131 = FACE_BOUND('',#5132,.F.);
#5132 = EDGE_LOOP('',(#5133,#5156,#5185,#5211,#5240,#5261,#5283,#5284));
#5133 = ORIENTED_EDGE('',*,*,#5134,.F.);
#5134 = EDGE_CURVE('',#5135,#3676,#5137,.T.);
#5135 = VERTEX_POINT('',#5136);
#5136 = CARTESIAN_POINT('',(48.107711180226,-27.775,-299.5));
#5137 = SURFACE_CURVE('',#5138,(#5142,#5149),.PCURVE_S1.);
#5138 = LINE('',#5139,#5140);
#5139 = CARTESIAN_POINT('',(48.107711180226,-27.775,-299.5));
#5140 = VECTOR('',#5141,1.);
#5141 = DIRECTION('',(0.,0.,-1.));
#5142 = PCURVE('',#3719,#5143);
#5143 = DEFINITIONAL_REPRESENTATION('',(#5144),#5148);
#5144 = LINE('',#5145,#5146);
#5145 = CARTESIAN_POINT('',(5.759586531581,9.));
#5146 = VECTOR('',#5147,1.);
#5147 = DIRECTION('',(-0.,-1.));
#5148 = ( GEOMETRIC_REPRESENTATION_CONTEXT(2) 
PARAMETRIC_REPRESENTATION_CONTEXT() REPRESENTATION_CONTEXT('2D SPACE',''
  ) );
#5149 = PCURVE('',#3690,#5150);
#5150 = DEFINITIONAL_REPRESENTATION('',(#5151),#5155);
#5151 = LINE('',#5152,#5153);
#5152 = CARTESIAN_POINT('',(55.55,-11.));
#5153 = VECTOR('',#5154,1.);
#5154 = DIRECTION('',(0.,1.));
#5155 = ( GEOMETRIC_REPRESENTATION_CONTEXT(2) 
PARAMETRIC_REPRESENTATION_CONTEXT() REPRESENTATION_CONTEXT('2D SPACE',''
  ) );
#5156 = ORIENTED_EDGE('',*,*,#5157,.F.);
#5157 = EDGE_CURVE('',#5158,#5135,#5160,.T.);
#5158 = VERTEX_POINT('',#5159);
#5159 = CARTESIAN_POINT('',(38.588272478997,-39.95932590881,-299.5));
#5160 = SURFACE_CURVE('',#5161,(#5166,#5173),.PCURVE_S1.);
#5161 = CIRCLE('',#5162,55.55);
#5162 = AXIS2_PLACEMENT_3D('',#5163,#5164,#5165);
#5163 = CARTESIAN_POINT('',(0.,0.,-299.5));
#5164 = DIRECTION('',(0.,0.,1.));
#5165 = DIRECTION('',(1.,0.,-0.));
#5166 = PCURVE('',#3719,#5167);
#5167 = DEFINITIONAL_REPRESENTATION('',(#5168),#5172);
#5168 = LINE('',#5169,#5170);
#5169 = CARTESIAN_POINT('',(0.,9.));
#5170 = VECTOR('',#5171,1.);
#5171 = DIRECTION('',(1.,0.));
#5172 = ( GEOMETRIC_REPRESENTATION_CONTEXT(2) 
PARAMETRIC_REPRESENTATION_CONTEXT() REPRESENTATION_CONTEXT('2D SPACE',''
  ) );
#5173 = PCURVE('',#5174,#5179);
#5174 = PLANE('',#5175);
#5175 = AXIS2_PLACEMENT_3D('',#5176,#5177,#5178);
#5176 = CARTESIAN_POINT('',(0.,0.,-299.5));
#5177 = DIRECTION('',(0.,0.,1.));
#5178 = DIRECTION('',(1.,0.,-0.));
#5179 = DEFINITIONAL_REPRESENTATION('',(#5180),#5184);
#5180 = CIRCLE('',#5181,55.55);
#5181 = AXIS2_PLACEMENT_2D('',#5182,#5183);
#5182 = CARTESIAN_POINT('',(0.,0.));
#5183 = DIRECTION('',(1.,0.));
#5184 = ( GEOMETRIC_REPRESENTATION_CONTEXT(2) 
PARAMETRIC_REPRESENTATION_CONTEXT() REPRESENTATION_CONTEXT('2D SPACE',''
  ) );
#5185 = ORIENTED_EDGE('',*,*,#5186,.F.);
#5186 = EDGE_CURVE('',#5187,#5158,#5189,.T.);
#5187 = VERTEX_POINT('',#5188);
#5188 = CARTESIAN_POINT('',(38.588272478998,-39.95932590881,-300.2));
#5189 = SURFACE_CURVE('',#5190,(#5194,#5200),.PCURVE_S1.);
#5190 = LINE('',#5191,#5192);
#5191 = CARTESIAN_POINT('',(38.588272478997,-39.95932590881,-308.5));
#5192 = VECTOR('',#5193,1.);
#5193 = DIRECTION('',(0.,0.,1.));
#5194 = PCURVE('',#3719,#5195);
#5195 = DEFINITIONAL_REPRESENTATION('',(#5196),#5199);
#5196 = B_SPLINE_CURVE_WITH_KNOTS('',1,(#5197,#5198),.UNSPECIFIED.,.F.,
  .F.,(2,2),(-5.999999999062E-07,9.0000006),.PIECEWISE_BEZIER_KNOTS.);
#5197 = CARTESIAN_POINT('',(5.480333851262,-5.999999999062E-07));
#5198 = CARTESIAN_POINT('',(5.480333851262,9.0000006));
#5199 = ( GEOMETRIC_REPRESENTATION_CONTEXT(2) 
PARAMETRIC_REPRESENTATION_CONTEXT() REPRESENTATION_CONTEXT('2D SPACE',''
  ) );
#5200 = PCURVE('',#5201,#5206);
#5201 = PLANE('',#5202);
#5202 = AXIS2_PLACEMENT_3D('',#5203,#5204,#5205);
#5203 = CARTESIAN_POINT('',(0.,0.,-310.5));
#5204 = DIRECTION('',(0.719339800339,0.694658370459,-0.));
#5205 = DIRECTION('',(0.694658370459,-0.719339800339,0.));
#5206 = DEFINITIONAL_REPRESENTATION('',(#5207),#5210);
#5207 = B_SPLINE_CURVE_WITH_KNOTS('',1,(#5208,#5209),.UNSPECIFIED.,.F.,
  .F.,(2,2),(-5.999999999062E-07,9.0000006),.PIECEWISE_BEZIER_KNOTS.);
#5208 = CARTESIAN_POINT('',(55.55,-1.9999994));
#5209 = CARTESIAN_POINT('',(55.55,-11.0000006));
#5210 = ( GEOMETRIC_REPRESENTATION_CONTEXT(2) 
PARAMETRIC_REPRESENTATION_CONTEXT() REPRESENTATION_CONTEXT('2D SPACE',''
  ) );
#5211 = ORIENTED_EDGE('',*,*,#5212,.F.);
#5212 = EDGE_CURVE('',#5213,#5187,#5215,.T.);
#5213 = VERTEX_POINT('',#5214);
#5214 = CARTESIAN_POINT('',(22.594220522861,-50.74745017204,-300.2));
#5215 = SURFACE_CURVE('',#5216,(#5221,#5228),.PCURVE_S1.);
#5216 = CIRCLE('',#5217,55.55);
#5217 = AXIS2_PLACEMENT_3D('',#5218,#5219,#5220);
#5218 = CARTESIAN_POINT('',(0.,0.,-300.2));
#5219 = DIRECTION('',(0.,0.,1.));
#5220 = DIRECTION('',(1.,0.,-0.));
#5221 = PCURVE('',#3719,#5222);
#5222 = DEFINITIONAL_REPRESENTATION('',(#5223),#5227);
#5223 = LINE('',#5224,#5225);
#5224 = CARTESIAN_POINT('',(0.,8.3));
#5225 = VECTOR('',#5226,1.);
#5226 = DIRECTION('',(1.,0.));
#5227 = ( GEOMETRIC_REPRESENTATION_CONTEXT(2) 
PARAMETRIC_REPRESENTATION_CONTEXT() REPRESENTATION_CONTEXT('2D SPACE',''
  ) );
#5228 = PCURVE('',#5229,#5234);
#5229 = PLANE('',#5230);
#5230 = AXIS2_PLACEMENT_3D('',#5231,#5232,#5233);
#5231 = CARTESIAN_POINT('',(0.,0.,-300.2));
#5232 = DIRECTION('',(0.,0.,1.));
#5233 = DIRECTION('',(1.,0.,-0.));
#5234 = DEFINITIONAL_REPRESENTATION('',(#5235),#5239);
#5235 = CIRCLE('',#5236,55.55);
#5236 = AXIS2_PLACEMENT_2D('',#5237,#5238);
#5237 = CARTESIAN_POINT('',(0.,0.));
#5238 = DIRECTION('',(1.,0.));
#5239 = ( GEOMETRIC_REPRESENTATION_CONTEXT(2) 
PARAMETRIC_REPRESENTATION_CONTEXT() REPRESENTATION_CONTEXT('2D SPACE',''
  ) );
#5240 = ORIENTED_EDGE('',*,*,#5241,.F.);
#5241 = EDGE_CURVE('',#5242,#5213,#5244,.T.);
#5242 = VERTEX_POINT('',#5243);
#5243 = CARTESIAN_POINT('',(22.594220522861,-50.74745017204,-304.7));
#5244 = SURFACE_CURVE('',#5245,(#5249,#5255),.PCURVE_S1.);
#5245 = LINE('',#5246,#5247);
#5246 = CARTESIAN_POINT('',(22.594220522861,-50.74745017204,-304.7));
#5247 = VECTOR('',#5248,1.);
#5248 = DIRECTION('',(0.,0.,1.));
#5249 = PCURVE('',#3719,#5250);
#5250 = DEFINITIONAL_REPRESENTATION('',(#5251),#5254);
#5251 = B_SPLINE_CURVE_WITH_KNOTS('',1,(#5252,#5253),.UNSPECIFIED.,.F.,
  .F.,(2,2),(-5.999999999062E-07,4.5000006),.PIECEWISE_BEZIER_KNOTS.);
#5252 = CARTESIAN_POINT('',(5.131268000863,3.7999994));
#5253 = CARTESIAN_POINT('',(5.131268000863,8.3000006));
#5254 = ( GEOMETRIC_REPRESENTATION_CONTEXT(2) 
PARAMETRIC_REPRESENTATION_CONTEXT() REPRESENTATION_CONTEXT('2D SPACE',''
  ) );
#5255 = PCURVE('',#5075,#5256);
#5256 = DEFINITIONAL_REPRESENTATION('',(#5257),#5260);
#5257 = B_SPLINE_CURVE_WITH_KNOTS('',1,(#5258,#5259),.UNSPECIFIED.,.F.,
  .F.,(2,2),(-5.999999999062E-07,4.5000006),.PIECEWISE_BEZIER_KNOTS.);
#5258 = CARTESIAN_POINT('',(55.55,-1.9999994));
#5259 = CARTESIAN_POINT('',(55.55,-6.5000006));
#5260 = ( GEOMETRIC_REPRESENTATION_CONTEXT(2) 
PARAMETRIC_REPRESENTATION_CONTEXT() REPRESENTATION_CONTEXT('2D SPACE',''
  ) );
#5261 = ORIENTED_EDGE('',*,*,#5262,.T.);
#5262 = EDGE_CURVE('',#5242,#5090,#5263,.T.);
#5263 = SURFACE_CURVE('',#5264,(#5269,#5276),.PCURVE_S1.);
#5264 = CIRCLE('',#5265,55.55);
#5265 = AXIS2_PLACEMENT_3D('',#5266,#5267,#5268);
#5266 = CARTESIAN_POINT('',(0.,0.,-304.7));
#5267 = DIRECTION('',(0.,0.,1.));
#5268 = DIRECTION('',(1.,0.,-0.));
#5269 = PCURVE('',#3719,#5270);
#5270 = DEFINITIONAL_REPRESENTATION('',(#5271),#5275);
#5271 = LINE('',#5272,#5273);
#5272 = CARTESIAN_POINT('',(0.,3.8));
#5273 = VECTOR('',#5274,1.);
#5274 = DIRECTION('',(1.,0.));
#5275 = ( GEOMETRIC_REPRESENTATION_CONTEXT(2) 
PARAMETRIC_REPRESENTATION_CONTEXT() REPRESENTATION_CONTEXT('2D SPACE',''
  ) );
#5276 = PCURVE('',#5050,#5277);
#5277 = DEFINITIONAL_REPRESENTATION('',(#5278),#5282);
#5278 = CIRCLE('',#5279,55.55);
#5279 = AXIS2_PLACEMENT_2D('',#5280,#5281);
#5280 = CARTESIAN_POINT('',(0.,0.));
#5281 = DIRECTION('',(1.,0.));
#5282 = ( GEOMETRIC_REPRESENTATION_CONTEXT(2) 
PARAMETRIC_REPRESENTATION_CONTEXT() REPRESENTATION_CONTEXT('2D SPACE',''
  ) );
#5283 = ORIENTED_EDGE('',*,*,#5110,.F.);
#5284 = ORIENTED_EDGE('',*,*,#3702,.T.);
#5285 = ADVANCED_FACE('',(#5286),#3690,.T.);
#5286 = FACE_BOUND('',#5287,.T.);
#5287 = EDGE_LOOP('',(#5288,#5289,#5290,#5312,#5340,#5362));
#5288 = ORIENTED_EDGE('',*,*,#3675,.T.);
#5289 = ORIENTED_EDGE('',*,*,#5134,.F.);
#5290 = ORIENTED_EDGE('',*,*,#5291,.F.);
#5291 = EDGE_CURVE('',#5292,#5135,#5294,.T.);
#5292 = VERTEX_POINT('',#5293);
#5293 = CARTESIAN_POINT('',(45.07662226698,-26.025,-299.5));
#5294 = SURFACE_CURVE('',#5295,(#5299,#5306),.PCURVE_S1.);
#5295 = LINE('',#5296,#5297);
#5296 = CARTESIAN_POINT('',(48.107711180226,-27.775,-299.5));
#5297 = VECTOR('',#5298,1.);
#5298 = DIRECTION('',(0.866025403784,-0.5,0.));
#5299 = PCURVE('',#3690,#5300);
#5300 = DEFINITIONAL_REPRESENTATION('',(#5301),#5305);
#5301 = LINE('',#5302,#5303);
#5302 = CARTESIAN_POINT('',(55.55,-11.));
#5303 = VECTOR('',#5304,1.);
#5304 = DIRECTION('',(-1.,-0.));
#5305 = ( GEOMETRIC_REPRESENTATION_CONTEXT(2) 
PARAMETRIC_REPRESENTATION_CONTEXT() REPRESENTATION_CONTEXT('2D SPACE',''
  ) );
#5306 = PCURVE('',#5174,#5307);
#5307 = DEFINITIONAL_REPRESENTATION('',(#5308),#5311);
#5308 = B_SPLINE_CURVE_WITH_KNOTS('',1,(#5309,#5310),.UNSPECIFIED.,.F.,
  .F.,(2,2),(-55.55,8.593614906967),.PIECEWISE_BEZIER_KNOTS.);
#5309 = CARTESIAN_POINT('',(9.070800040957E-16,-1.998401444325E-16));
#5310 = CARTESIAN_POINT('',(55.55,-32.07180745348));
#5311 = ( GEOMETRIC_REPRESENTATION_CONTEXT(2) 
PARAMETRIC_REPRESENTATION_CONTEXT() REPRESENTATION_CONTEXT('2D SPACE',''
  ) );
#5312 = ORIENTED_EDGE('',*,*,#5313,.T.);
#5313 = EDGE_CURVE('',#5292,#5314,#5316,.T.);
#5314 = VERTEX_POINT('',#5315);
#5315 = CARTESIAN_POINT('',(45.07662226698,-26.025,-300.3));
#5316 = SURFACE_CURVE('',#5317,(#5321,#5328),.PCURVE_S1.);
#5317 = LINE('',#5318,#5319);
#5318 = CARTESIAN_POINT('',(45.07662226698,-26.025,-299.5));
#5319 = VECTOR('',#5320,1.);
#5320 = DIRECTION('',(0.,0.,-1.));
#5321 = PCURVE('',#3690,#5322);
#5322 = DEFINITIONAL_REPRESENTATION('',(#5323),#5327);
#5323 = LINE('',#5324,#5325);
#5324 = CARTESIAN_POINT('',(59.05,-11.));
#5325 = VECTOR('',#5326,1.);
#5326 = DIRECTION('',(0.,1.));
#5327 = ( GEOMETRIC_REPRESENTATION_CONTEXT(2) 
PARAMETRIC_REPRESENTATION_CONTEXT() REPRESENTATION_CONTEXT('2D SPACE',''
  ) );
#5328 = PCURVE('',#5329,#5334);
#5329 = CYLINDRICAL_SURFACE('',#5330,52.05);
#5330 = AXIS2_PLACEMENT_3D('',#5331,#5332,#5333);
#5331 = CARTESIAN_POINT('',(0.,0.,-305.7));
#5332 = DIRECTION('',(0.,0.,1.));
#5333 = DIRECTION('',(1.,0.,-0.));
#5334 = DEFINITIONAL_REPRESENTATION('',(#5335),#5339);
#5335 = LINE('',#5336,#5337);
#5336 = CARTESIAN_POINT('',(5.759586531581,6.2));
#5337 = VECTOR('',#5338,1.);
#5338 = DIRECTION('',(-0.,-1.));
#5339 = ( GEOMETRIC_REPRESENTATION_CONTEXT(2) 
PARAMETRIC_REPRESENTATION_CONTEXT() REPRESENTATION_CONTEXT('2D SPACE',''
  ) );
#5340 = ORIENTED_EDGE('',*,*,#5341,.T.);
#5341 = EDGE_CURVE('',#5314,#5342,#5344,.T.);
#5342 = VERTEX_POINT('',#5343);
#5343 = CARTESIAN_POINT('',(45.293128617926,-26.15,-300.3));
#5344 = SURFACE_CURVE('',#5345,(#5349,#5356),.PCURVE_S1.);
#5345 = LINE('',#5346,#5347);
#5346 = CARTESIAN_POINT('',(48.107711180226,-27.775,-300.3));
#5347 = VECTOR('',#5348,1.);
#5348 = DIRECTION('',(0.866025403784,-0.5,0.));
#5349 = PCURVE('',#3690,#5350);
#5350 = DEFINITIONAL_REPRESENTATION('',(#5351),#5355);
#5351 = LINE('',#5352,#5353);
#5352 = CARTESIAN_POINT('',(55.55,-10.2));
#5353 = VECTOR('',#5354,1.);
#5354 = DIRECTION('',(-1.,-0.));
#5355 = ( GEOMETRIC_REPRESENTATION_CONTEXT(2) 
PARAMETRIC_REPRESENTATION_CONTEXT() REPRESENTATION_CONTEXT('2D SPACE',''
  ) );
#5356 = PCURVE('',#4550,#5357);
#5357 = DEFINITIONAL_REPRESENTATION('',(#5358),#5361);
#5358 = B_SPLINE_CURVE_WITH_KNOTS('',1,(#5359,#5360),.UNSPECIFIED.,.F.,
  .F.,(2,2),(-3.5,-0.),.PIECEWISE_BEZIER_KNOTS.);
#5359 = CARTESIAN_POINT('',(45.07662226698,-26.025));
#5360 = CARTESIAN_POINT('',(48.107711180226,-27.775));
#5361 = ( GEOMETRIC_REPRESENTATION_CONTEXT(2) 
PARAMETRIC_REPRESENTATION_CONTEXT() REPRESENTATION_CONTEXT('2D SPACE',''
  ) );
#5362 = ORIENTED_EDGE('',*,*,#5363,.T.);
#5363 = EDGE_CURVE('',#5342,#3647,#5364,.T.);
#5364 = SURFACE_CURVE('',#5365,(#5369,#5376),.PCURVE_S1.);
#5365 = LINE('',#5366,#5367);
#5366 = CARTESIAN_POINT('',(45.293128617926,-26.15,-300.3));
#5367 = VECTOR('',#5368,1.);
#5368 = DIRECTION('',(0.,0.,-1.));
#5369 = PCURVE('',#3690,#5370);
#5370 = DEFINITIONAL_REPRESENTATION('',(#5371),#5375);
#5371 = LINE('',#5372,#5373);
#5372 = CARTESIAN_POINT('',(58.8,-10.2));
#5373 = VECTOR('',#5374,1.);
#5374 = DIRECTION('',(0.,1.));
#5375 = ( GEOMETRIC_REPRESENTATION_CONTEXT(2) 
PARAMETRIC_REPRESENTATION_CONTEXT() REPRESENTATION_CONTEXT('2D SPACE',''
  ) );
#5376 = PCURVE('',#3663,#5377);
#5377 = DEFINITIONAL_REPRESENTATION('',(#5378),#5382);
#5378 = LINE('',#5379,#5380);
#5379 = CARTESIAN_POINT('',(5.759586531581,8.2));
#5380 = VECTOR('',#5381,1.);
#5381 = DIRECTION('',(-0.,-1.));
#5382 = ( GEOMETRIC_REPRESENTATION_CONTEXT(2) 
PARAMETRIC_REPRESENTATION_CONTEXT() REPRESENTATION_CONTEXT('2D SPACE',''
  ) );
#5383 = ADVANCED_FACE('',(#5384),#3663,.F.);
#5384 = FACE_BOUND('',#5385,.F.);
#5385 = EDGE_LOOP('',(#5386,#5387,#5388,#5409,#5432,#5453));
#5386 = ORIENTED_EDGE('',*,*,#5363,.T.);
#5387 = ORIENTED_EDGE('',*,*,#3646,.T.);
#5388 = ORIENTED_EDGE('',*,*,#5389,.T.);
#5389 = EDGE_CURVE('',#3621,#5390,#5392,.T.);
#5390 = VERTEX_POINT('',#5391);
#5391 = CARTESIAN_POINT('',(14.415833709229,50.273986697574,-304.7));
#5392 = SURFACE_CURVE('',#5393,(#5397,#5403),.PCURVE_S1.);
#5393 = LINE('',#5394,#5395);
#5394 = CARTESIAN_POINT('',(14.415833709229,50.273986697574,-308.5));
#5395 = VECTOR('',#5396,1.);
#5396 = DIRECTION('',(0.,0.,1.));
#5397 = PCURVE('',#3663,#5398);
#5398 = DEFINITIONAL_REPRESENTATION('',(#5399),#5402);
#5399 = B_SPLINE_CURVE_WITH_KNOTS('',1,(#5400,#5401),.UNSPECIFIED.,.F.,
  .F.,(2,2),(1.,3.8),.PIECEWISE_BEZIER_KNOTS.);
#5400 = CARTESIAN_POINT('',(7.574728953655,1.));
#5401 = CARTESIAN_POINT('',(7.574728953655,3.8));
#5402 = ( GEOMETRIC_REPRESENTATION_CONTEXT(2) 
PARAMETRIC_REPRESENTATION_CONTEXT() REPRESENTATION_CONTEXT('2D SPACE',''
  ) );
#5403 = PCURVE('',#3635,#5404);
#5404 = DEFINITIONAL_REPRESENTATION('',(#5405),#5408);
#5405 = B_SPLINE_CURVE_WITH_KNOTS('',1,(#5406,#5407),.UNSPECIFIED.,.F.,
  .F.,(2,2),(0.9999994,8.2000006),.PIECEWISE_BEZIER_KNOTS.);
#5406 = CARTESIAN_POINT('',(52.3,-2.9999994));
#5407 = CARTESIAN_POINT('',(52.3,-10.2000006));
#5408 = ( GEOMETRIC_REPRESENTATION_CONTEXT(2) 
PARAMETRIC_REPRESENTATION_CONTEXT() REPRESENTATION_CONTEXT('2D SPACE',''
  ) );
#5409 = ORIENTED_EDGE('',*,*,#5410,.F.);
#5410 = EDGE_CURVE('',#5411,#5390,#5413,.T.);
#5411 = VERTEX_POINT('',#5412);
#5412 = CARTESIAN_POINT('',(30.741168694896,42.31158880581,-304.7));
#5413 = SURFACE_CURVE('',#5414,(#5419,#5425),.PCURVE_S1.);
#5414 = CIRCLE('',#5415,52.3);
#5415 = AXIS2_PLACEMENT_3D('',#5416,#5417,#5418);
#5416 = CARTESIAN_POINT('',(0.,0.,-304.7));
#5417 = DIRECTION('',(0.,0.,1.));
#5418 = DIRECTION('',(1.,0.,-0.));
#5419 = PCURVE('',#3663,#5420);
#5420 = DEFINITIONAL_REPRESENTATION('',(#5421),#5424);
#5421 = B_SPLINE_CURVE_WITH_KNOTS('',1,(#5422,#5423),.UNSPECIFIED.,.F.,
  .F.,(2,2),(0.942477796077,1.291543646476),.PIECEWISE_BEZIER_KNOTS.);
#5422 = CARTESIAN_POINT('',(7.225663103257,3.8));
#5423 = CARTESIAN_POINT('',(7.574728953655,3.8));
#5424 = ( GEOMETRIC_REPRESENTATION_CONTEXT(2) 
PARAMETRIC_REPRESENTATION_CONTEXT() REPRESENTATION_CONTEXT('2D SPACE',''
  ) );
#5425 = PCURVE('',#4447,#5426);
#5426 = DEFINITIONAL_REPRESENTATION('',(#5427),#5431);
#5427 = CIRCLE('',#5428,52.3);
#5428 = AXIS2_PLACEMENT_2D('',#5429,#5430);
#5429 = CARTESIAN_POINT('',(0.,0.));
#5430 = DIRECTION('',(1.,0.));
#5431 = ( GEOMETRIC_REPRESENTATION_CONTEXT(2) 
PARAMETRIC_REPRESENTATION_CONTEXT() REPRESENTATION_CONTEXT('2D SPACE',''
  ) );
#5432 = ORIENTED_EDGE('',*,*,#5433,.T.);
#5433 = EDGE_CURVE('',#5411,#5434,#5436,.T.);
#5434 = VERTEX_POINT('',#5435);
#5435 = CARTESIAN_POINT('',(30.741168694896,42.31158880581,-300.3));
#5436 = SURFACE_CURVE('',#5437,(#5441,#5447),.PCURVE_S1.);
#5437 = LINE('',#5438,#5439);
#5438 = CARTESIAN_POINT('',(30.741168694896,42.31158880581,-308.5));
#5439 = VECTOR('',#5440,1.);
#5440 = DIRECTION('',(0.,0.,1.));
#5441 = PCURVE('',#3663,#5442);
#5442 = DEFINITIONAL_REPRESENTATION('',(#5443),#5446);
#5443 = B_SPLINE_CURVE_WITH_KNOTS('',1,(#5444,#5445),.UNSPECIFIED.,.F.,
  .F.,(2,2),(3.8,8.2),.PIECEWISE_BEZIER_KNOTS.);
#5444 = CARTESIAN_POINT('',(7.225663103257,3.8));
#5445 = CARTESIAN_POINT('',(7.225663103257,8.2));
#5446 = ( GEOMETRIC_REPRESENTATION_CONTEXT(2) 
PARAMETRIC_REPRESENTATION_CONTEXT() REPRESENTATION_CONTEXT('2D SPACE',''
  ) );
#5447 = PCURVE('',#4419,#5448);
#5448 = DEFINITIONAL_REPRESENTATION('',(#5449),#5452);
#5449 = B_SPLINE_CURVE_WITH_KNOTS('',1,(#5450,#5451),.UNSPECIFIED.,.F.,
  .F.,(2,2),(3.35,8.2000006),.PIECEWISE_BEZIER_KNOTS.);
#5450 = CARTESIAN_POINT('',(52.3,-1.55));
#5451 = CARTESIAN_POINT('',(52.3,-6.4000006));
#5452 = ( GEOMETRIC_REPRESENTATION_CONTEXT(2) 
PARAMETRIC_REPRESENTATION_CONTEXT() REPRESENTATION_CONTEXT('2D SPACE',''
  ) );
#5453 = ORIENTED_EDGE('',*,*,#5454,.F.);
#5454 = EDGE_CURVE('',#5342,#5434,#5455,.T.);
#5455 = SURFACE_CURVE('',#5456,(#5461,#5468),.PCURVE_S1.);
#5456 = CIRCLE('',#5457,52.3);
#5457 = AXIS2_PLACEMENT_3D('',#5458,#5459,#5460);
#5458 = CARTESIAN_POINT('',(0.,0.,-300.3));
#5459 = DIRECTION('',(0.,-0.,1.));
#5460 = DIRECTION('',(6.123233995737E-17,1.,0.));
#5461 = PCURVE('',#3663,#5462);
#5462 = DEFINITIONAL_REPRESENTATION('',(#5463),#5467);
#5463 = LINE('',#5464,#5465);
#5464 = CARTESIAN_POINT('',(1.570796326795,8.2));
#5465 = VECTOR('',#5466,1.);
#5466 = DIRECTION('',(1.,0.));
#5467 = ( GEOMETRIC_REPRESENTATION_CONTEXT(2) 
PARAMETRIC_REPRESENTATION_CONTEXT() REPRESENTATION_CONTEXT('2D SPACE',''
  ) );
#5468 = PCURVE('',#4550,#5469);
#5469 = DEFINITIONAL_REPRESENTATION('',(#5470),#5474);
#5470 = CIRCLE('',#5471,52.3);
#5471 = AXIS2_PLACEMENT_2D('',#5472,#5473);
#5472 = CARTESIAN_POINT('',(0.,0.));
#5473 = DIRECTION('',(6.123233995737E-17,1.));
#5474 = ( GEOMETRIC_REPRESENTATION_CONTEXT(2) 
PARAMETRIC_REPRESENTATION_CONTEXT() REPRESENTATION_CONTEXT('2D SPACE',''
  ) );
#5475 = ADVANCED_FACE('',(#5476),#3635,.T.);
#5476 = FACE_BOUND('',#5477,.T.);
#5477 = EDGE_LOOP('',(#5478,#5497,#5498,#5499));
#5478 = ORIENTED_EDGE('',*,*,#5479,.F.);
#5479 = EDGE_CURVE('',#4431,#5390,#5480,.T.);
#5480 = SURFACE_CURVE('',#5481,(#5485,#5491),.PCURVE_S1.);
#5481 = LINE('',#5482,#5483);
#5482 = CARTESIAN_POINT('',(0.,0.,-304.7));
#5483 = VECTOR('',#5484,1.);
#5484 = DIRECTION('',(-0.275637355817,-0.961261695938,0.));
#5485 = PCURVE('',#3635,#5486);
#5486 = DEFINITIONAL_REPRESENTATION('',(#5487),#5490);
#5487 = B_SPLINE_CURVE_WITH_KNOTS('',1,(#5488,#5489),.UNSPECIFIED.,.F.,
  .F.,(2,2),(-55.55,-52.05),.PIECEWISE_BEZIER_KNOTS.);
#5488 = CARTESIAN_POINT('',(55.55,-5.8));
#5489 = CARTESIAN_POINT('',(52.05,-5.8));
#5490 = ( GEOMETRIC_REPRESENTATION_CONTEXT(2) 
PARAMETRIC_REPRESENTATION_CONTEXT() REPRESENTATION_CONTEXT('2D SPACE',''
  ) );
#5491 = PCURVE('',#4447,#5492);
#5492 = DEFINITIONAL_REPRESENTATION('',(#5493),#5496);
#5493 = B_SPLINE_CURVE_WITH_KNOTS('',1,(#5494,#5495),.UNSPECIFIED.,.F.,
  .F.,(2,2),(-55.55,-52.05),.PIECEWISE_BEZIER_KNOTS.);
#5494 = CARTESIAN_POINT('',(15.311655115634,53.398087209374));
#5495 = CARTESIAN_POINT('',(14.346924370275,50.03367127359));
#5496 = ( GEOMETRIC_REPRESENTATION_CONTEXT(2) 
PARAMETRIC_REPRESENTATION_CONTEXT() REPRESENTATION_CONTEXT('2D SPACE',''
  ) );
#5497 = ORIENTED_EDGE('',*,*,#4459,.F.);
#5498 = ORIENTED_EDGE('',*,*,#3620,.T.);
#5499 = ORIENTED_EDGE('',*,*,#5389,.T.);
#5500 = ADVANCED_FACE('',(#5501),#3997,.T.);
#5501 = FACE_BOUND('',#5502,.T.);
#5502 = EDGE_LOOP('',(#5503,#5504,#5505,#5506));
#5503 = ORIENTED_EDGE('',*,*,#3981,.F.);
#5504 = ORIENTED_EDGE('',*,*,#4058,.T.);
#5505 = ORIENTED_EDGE('',*,*,#4224,.T.);
#5506 = ORIENTED_EDGE('',*,*,#4185,.F.);
#5507 = ADVANCED_FACE('',(#5508),#4279,.T.);
#5508 = FACE_BOUND('',#5509,.T.);
#5509 = EDGE_LOOP('',(#5510,#5534,#5555,#5556));
#5510 = ORIENTED_EDGE('',*,*,#5511,.F.);
#5511 = EDGE_CURVE('',#5512,#5512,#5514,.T.);
#5512 = VERTEX_POINT('',#5513);
#5513 = CARTESIAN_POINT('',(52.,-1.273632671113E-14,-300.3));
#5514 = SURFACE_CURVE('',#5515,(#5520,#5527),.PCURVE_S1.);
#5515 = CIRCLE('',#5516,52.);
#5516 = AXIS2_PLACEMENT_3D('',#5517,#5518,#5519);
#5517 = CARTESIAN_POINT('',(0.,0.,-300.3));
#5518 = DIRECTION('',(0.,0.,1.));
#5519 = DIRECTION('',(1.,0.,-0.));
#5520 = PCURVE('',#4279,#5521);
#5521 = DEFINITIONAL_REPRESENTATION('',(#5522),#5526);
#5522 = LINE('',#5523,#5524);
#5523 = CARTESIAN_POINT('',(0.,0.2));
#5524 = VECTOR('',#5525,1.);
#5525 = DIRECTION('',(1.,0.));
#5526 = ( GEOMETRIC_REPRESENTATION_CONTEXT(2) 
PARAMETRIC_REPRESENTATION_CONTEXT() REPRESENTATION_CONTEXT('2D SPACE',''
  ) );
#5527 = PCURVE('',#4550,#5528);
#5528 = DEFINITIONAL_REPRESENTATION('',(#5529),#5533);
#5529 = CIRCLE('',#5530,52.);
#5530 = AXIS2_PLACEMENT_2D('',#5531,#5532);
#5531 = CARTESIAN_POINT('',(0.,0.));
#5532 = DIRECTION('',(1.,0.));
#5533 = ( GEOMETRIC_REPRESENTATION_CONTEXT(2) 
PARAMETRIC_REPRESENTATION_CONTEXT() REPRESENTATION_CONTEXT('2D SPACE',''
  ) );
#5534 = ORIENTED_EDGE('',*,*,#5535,.F.);
#5535 = EDGE_CURVE('',#4263,#5512,#5536,.T.);
#5536 = SEAM_CURVE('',#5537,(#5541,#5548),.PCURVE_S1.);
#5537 = LINE('',#5538,#5539);
#5538 = CARTESIAN_POINT('',(52.,-1.273632671113E-14,-300.5));
#5539 = VECTOR('',#5540,1.);
#5540 = DIRECTION('',(0.,0.,1.));
#5541 = PCURVE('',#4279,#5542);
#5542 = DEFINITIONAL_REPRESENTATION('',(#5543),#5547);
#5543 = LINE('',#5544,#5545);
#5544 = CARTESIAN_POINT('',(6.28318530718,-0.));
#5545 = VECTOR('',#5546,1.);
#5546 = DIRECTION('',(0.,1.));
#5547 = ( GEOMETRIC_REPRESENTATION_CONTEXT(2) 
PARAMETRIC_REPRESENTATION_CONTEXT() REPRESENTATION_CONTEXT('2D SPACE',''
  ) );
#5548 = PCURVE('',#4279,#5549);
#5549 = DEFINITIONAL_REPRESENTATION('',(#5550),#5554);
#5550 = LINE('',#5551,#5552);
#5551 = CARTESIAN_POINT('',(0.,-0.));
#5552 = VECTOR('',#5553,1.);
#5553 = DIRECTION('',(0.,1.));
#5554 = ( GEOMETRIC_REPRESENTATION_CONTEXT(2) 
PARAMETRIC_REPRESENTATION_CONTEXT() REPRESENTATION_CONTEXT('2D SPACE',''
  ) );
#5555 = ORIENTED_EDGE('',*,*,#4262,.T.);
#5556 = ORIENTED_EDGE('',*,*,#5535,.T.);
#5557 = ADVANCED_FACE('',(#5558),#4337,.F.);
#5558 = FACE_BOUND('',#5559,.F.);
#5559 = EDGE_LOOP('',(#5560,#5581,#5582,#5583));
#5560 = ORIENTED_EDGE('',*,*,#5561,.F.);
#5561 = EDGE_CURVE('',#4321,#5562,#5564,.T.);
#5562 = VERTEX_POINT('',#5563);
#5563 = CARTESIAN_POINT('',(14.346924370275,50.033671273589,-299.5));
#5564 = SURFACE_CURVE('',#5565,(#5569,#5575),.PCURVE_S1.);
#5565 = LINE('',#5566,#5567);
#5566 = CARTESIAN_POINT('',(0.,0.,-299.5));
#5567 = VECTOR('',#5568,1.);
#5568 = DIRECTION('',(-0.275637355817,-0.961261695938,0.));
#5569 = PCURVE('',#4337,#5570);
#5570 = DEFINITIONAL_REPRESENTATION('',(#5571),#5574);
#5571 = B_SPLINE_CURVE_WITH_KNOTS('',1,(#5572,#5573),.UNSPECIFIED.,.F.,
  .F.,(2,2),(-57.78863366211,-0.),.PIECEWISE_BEZIER_KNOTS.);
#5572 = CARTESIAN_POINT('',(15.928706178902,55.55));
#5573 = CARTESIAN_POINT('',(0.,0.));
#5574 = ( GEOMETRIC_REPRESENTATION_CONTEXT(2) 
PARAMETRIC_REPRESENTATION_CONTEXT() REPRESENTATION_CONTEXT('2D SPACE',''
  ) );
#5575 = PCURVE('',#4364,#5576);
#5576 = DEFINITIONAL_REPRESENTATION('',(#5577),#5580);
#5577 = B_SPLINE_CURVE_WITH_KNOTS('',1,(#5578,#5579),.UNSPECIFIED.,.F.,
  .F.,(2,2),(-57.78863366211,-0.),.PIECEWISE_BEZIER_KNOTS.);
#5578 = CARTESIAN_POINT('',(57.788633662112,-11.));
#5579 = CARTESIAN_POINT('',(0.,-11.));
#5580 = ( GEOMETRIC_REPRESENTATION_CONTEXT(2) 
PARAMETRIC_REPRESENTATION_CONTEXT() REPRESENTATION_CONTEXT('2D SPACE',''
  ) );
#5581 = ORIENTED_EDGE('',*,*,#4320,.T.);
#5582 = ORIENTED_EDGE('',*,*,#4484,.F.);
#5583 = ORIENTED_EDGE('',*,*,#5584,.F.);
#5584 = EDGE_CURVE('',#5562,#4485,#5585,.T.);
#5585 = SURFACE_CURVE('',#5586,(#5591,#5598),.PCURVE_S1.);
#5586 = CIRCLE('',#5587,52.05);
#5587 = AXIS2_PLACEMENT_3D('',#5588,#5589,#5590);
#5588 = CARTESIAN_POINT('',(0.,0.,-299.5));
#5589 = DIRECTION('',(0.,0.,1.));
#5590 = DIRECTION('',(1.,0.,-0.));
#5591 = PCURVE('',#4337,#5592);
#5592 = DEFINITIONAL_REPRESENTATION('',(#5593),#5597);
#5593 = CIRCLE('',#5594,52.05);
#5594 = AXIS2_PLACEMENT_2D('',#5595,#5596);
#5595 = CARTESIAN_POINT('',(0.,0.));
#5596 = DIRECTION('',(1.,0.));
#5597 = ( GEOMETRIC_REPRESENTATION_CONTEXT(2) 
PARAMETRIC_REPRESENTATION_CONTEXT() REPRESENTATION_CONTEXT('2D SPACE',''
  ) );
#5598 = PCURVE('',#4522,#5599);
#5599 = DEFINITIONAL_REPRESENTATION('',(#5600),#5604);
#5600 = LINE('',#5601,#5602);
#5601 = CARTESIAN_POINT('',(0.,6.2));
#5602 = VECTOR('',#5603,1.);
#5603 = DIRECTION('',(1.,0.));
#5604 = ( GEOMETRIC_REPRESENTATION_CONTEXT(2) 
PARAMETRIC_REPRESENTATION_CONTEXT() REPRESENTATION_CONTEXT('2D SPACE',''
  ) );
#5605 = ADVANCED_FACE('',(#5606),#4364,.T.);
#5606 = FACE_BOUND('',#5607,.T.);
#5607 = EDGE_LOOP('',(#5608,#5609,#5630,#5649));
#5608 = ORIENTED_EDGE('',*,*,#4349,.F.);
#5609 = ORIENTED_EDGE('',*,*,#5610,.T.);
#5610 = EDGE_CURVE('',#4350,#5611,#5613,.T.);
#5611 = VERTEX_POINT('',#5612);
#5612 = CARTESIAN_POINT('',(14.346924370277,50.033671273589,-300.2));
#5613 = SURFACE_CURVE('',#5614,(#5618,#5624),.PCURVE_S1.);
#5614 = LINE('',#5615,#5616);
#5615 = CARTESIAN_POINT('',(0.,0.,-300.2));
#5616 = VECTOR('',#5617,1.);
#5617 = DIRECTION('',(-0.275637355817,-0.961261695938,0.));
#5618 = PCURVE('',#4364,#5619);
#5619 = DEFINITIONAL_REPRESENTATION('',(#5620),#5623);
#5620 = B_SPLINE_CURVE_WITH_KNOTS('',1,(#5621,#5622),.UNSPECIFIED.,.F.,
  .F.,(2,2),(-55.55,-52.05),.PIECEWISE_BEZIER_KNOTS.);
#5621 = CARTESIAN_POINT('',(55.55,-10.3));
#5622 = CARTESIAN_POINT('',(52.05,-10.3));
#5623 = ( GEOMETRIC_REPRESENTATION_CONTEXT(2) 
PARAMETRIC_REPRESENTATION_CONTEXT() REPRESENTATION_CONTEXT('2D SPACE',''
  ) );
#5624 = PCURVE('',#4392,#5625);
#5625 = DEFINITIONAL_REPRESENTATION('',(#5626),#5629);
#5626 = B_SPLINE_CURVE_WITH_KNOTS('',1,(#5627,#5628),.UNSPECIFIED.,.F.,
  .F.,(2,2),(-55.55,-52.05),.PIECEWISE_BEZIER_KNOTS.);
#5627 = CARTESIAN_POINT('',(15.311655115634,53.398087209374));
#5628 = CARTESIAN_POINT('',(14.346924370275,50.03367127359));
#5629 = ( GEOMETRIC_REPRESENTATION_CONTEXT(2) 
PARAMETRIC_REPRESENTATION_CONTEXT() REPRESENTATION_CONTEXT('2D SPACE',''
  ) );
#5630 = ORIENTED_EDGE('',*,*,#5631,.T.);
#5631 = EDGE_CURVE('',#5611,#5562,#5632,.T.);
#5632 = SURFACE_CURVE('',#5633,(#5637,#5643),.PCURVE_S1.);
#5633 = LINE('',#5634,#5635);
#5634 = CARTESIAN_POINT('',(14.346924370275,50.033671273589,-309.5));
#5635 = VECTOR('',#5636,1.);
#5636 = DIRECTION('',(0.,0.,1.));
#5637 = PCURVE('',#4364,#5638);
#5638 = DEFINITIONAL_REPRESENTATION('',(#5639),#5642);
#5639 = B_SPLINE_CURVE_WITH_KNOTS('',1,(#5640,#5641),.UNSPECIFIED.,.F.,
  .F.,(2,2),(0.9999994,10.0000006),.PIECEWISE_BEZIER_KNOTS.);
#5640 = CARTESIAN_POINT('',(52.05,-1.9999994));
#5641 = CARTESIAN_POINT('',(52.05,-11.0000006));
#5642 = ( GEOMETRIC_REPRESENTATION_CONTEXT(2) 
PARAMETRIC_REPRESENTATION_CONTEXT() REPRESENTATION_CONTEXT('2D SPACE',''
  ) );
#5643 = PCURVE('',#4522,#5644);
#5644 = DEFINITIONAL_REPRESENTATION('',(#5645),#5648);
#5645 = B_SPLINE_CURVE_WITH_KNOTS('',1,(#5646,#5647),.UNSPECIFIED.,.F.,
  .F.,(2,2),(0.9999994,10.0000006),.PIECEWISE_BEZIER_KNOTS.);
#5646 = CARTESIAN_POINT('',(1.291543646476,-2.8000006));
#5647 = CARTESIAN_POINT('',(1.291543646476,6.2000006));
#5648 = ( GEOMETRIC_REPRESENTATION_CONTEXT(2) 
PARAMETRIC_REPRESENTATION_CONTEXT() REPRESENTATION_CONTEXT('2D SPACE',''
  ) );
#5649 = ORIENTED_EDGE('',*,*,#5561,.F.);
#5650 = ADVANCED_FACE('',(#5651),#4392,.F.);
#5651 = FACE_BOUND('',#5652,.F.);
#5652 = EDGE_LOOP('',(#5653,#5674,#5675,#5676));
#5653 = ORIENTED_EDGE('',*,*,#5654,.F.);
#5654 = EDGE_CURVE('',#4376,#5655,#5657,.T.);
#5655 = VERTEX_POINT('',#5656);
#5656 = CARTESIAN_POINT('',(30.594222381823,42.109334557216,-300.2));
#5657 = SURFACE_CURVE('',#5658,(#5662,#5668),.PCURVE_S1.);
#5658 = LINE('',#5659,#5660);
#5659 = CARTESIAN_POINT('',(0.,0.,-300.2));
#5660 = VECTOR('',#5661,1.);
#5661 = DIRECTION('',(-0.587785252292,-0.809016994375,0.));
#5662 = PCURVE('',#4392,#5663);
#5663 = DEFINITIONAL_REPRESENTATION('',(#5664),#5667);
#5664 = B_SPLINE_CURVE_WITH_KNOTS('',1,(#5665,#5666),.UNSPECIFIED.,.F.,
  .F.,(2,2),(-68.66357615011,-0.),.PIECEWISE_BEZIER_KNOTS.);
#5665 = CARTESIAN_POINT('',(40.359437430698,55.55));
#5666 = CARTESIAN_POINT('',(0.,0.));
#5667 = ( GEOMETRIC_REPRESENTATION_CONTEXT(2) 
PARAMETRIC_REPRESENTATION_CONTEXT() REPRESENTATION_CONTEXT('2D SPACE',''
  ) );
#5668 = PCURVE('',#4419,#5669);
#5669 = DEFINITIONAL_REPRESENTATION('',(#5670),#5673);
#5670 = B_SPLINE_CURVE_WITH_KNOTS('',1,(#5671,#5672),.UNSPECIFIED.,.F.,
  .F.,(2,2),(-68.66357615011,-0.),.PIECEWISE_BEZIER_KNOTS.);
#5671 = CARTESIAN_POINT('',(68.663576150113,-6.5));
#5672 = CARTESIAN_POINT('',(0.,-6.5));
#5673 = ( GEOMETRIC_REPRESENTATION_CONTEXT(2) 
PARAMETRIC_REPRESENTATION_CONTEXT() REPRESENTATION_CONTEXT('2D SPACE',''
  ) );
#5674 = ORIENTED_EDGE('',*,*,#4375,.T.);
#5675 = ORIENTED_EDGE('',*,*,#5610,.T.);
#5676 = ORIENTED_EDGE('',*,*,#5677,.F.);
#5677 = EDGE_CURVE('',#5655,#5611,#5678,.T.);
#5678 = SURFACE_CURVE('',#5679,(#5684,#5691),.PCURVE_S1.);
#5679 = CIRCLE('',#5680,52.05);
#5680 = AXIS2_PLACEMENT_3D('',#5681,#5682,#5683);
#5681 = CARTESIAN_POINT('',(0.,0.,-300.2));
#5682 = DIRECTION('',(0.,0.,1.));
#5683 = DIRECTION('',(1.,0.,-0.));
#5684 = PCURVE('',#4392,#5685);
#5685 = DEFINITIONAL_REPRESENTATION('',(#5686),#5690);
#5686 = CIRCLE('',#5687,52.05);
#5687 = AXIS2_PLACEMENT_2D('',#5688,#5689);
#5688 = CARTESIAN_POINT('',(0.,0.));
#5689 = DIRECTION('',(1.,0.));
#5690 = ( GEOMETRIC_REPRESENTATION_CONTEXT(2) 
PARAMETRIC_REPRESENTATION_CONTEXT() REPRESENTATION_CONTEXT('2D SPACE',''
  ) );
#5691 = PCURVE('',#4522,#5692);
#5692 = DEFINITIONAL_REPRESENTATION('',(#5693),#5697);
#5693 = LINE('',#5694,#5695);
#5694 = CARTESIAN_POINT('',(0.,5.5));
#5695 = VECTOR('',#5696,1.);
#5696 = DIRECTION('',(1.,0.));
#5697 = ( GEOMETRIC_REPRESENTATION_CONTEXT(2) 
PARAMETRIC_REPRESENTATION_CONTEXT() REPRESENTATION_CONTEXT('2D SPACE',''
  ) );
#5698 = ADVANCED_FACE('',(#5699),#4419,.T.);
#5699 = FACE_BOUND('',#5700,.T.);
#5700 = EDGE_LOOP('',(#5701,#5702,#5721,#5722,#5743,#5762));
#5701 = ORIENTED_EDGE('',*,*,#4404,.F.);
#5702 = ORIENTED_EDGE('',*,*,#5703,.T.);
#5703 = EDGE_CURVE('',#4405,#5411,#5704,.T.);
#5704 = SURFACE_CURVE('',#5705,(#5709,#5715),.PCURVE_S1.);
#5705 = LINE('',#5706,#5707);
#5706 = CARTESIAN_POINT('',(0.,0.,-304.7));
#5707 = VECTOR('',#5708,1.);
#5708 = DIRECTION('',(-0.587785252292,-0.809016994375,0.));
#5709 = PCURVE('',#4419,#5710);
#5710 = DEFINITIONAL_REPRESENTATION('',(#5711),#5714);
#5711 = B_SPLINE_CURVE_WITH_KNOTS('',1,(#5712,#5713),.UNSPECIFIED.,.F.,
  .F.,(2,2),(-68.66357615011,-0.),.PIECEWISE_BEZIER_KNOTS.);
#5712 = CARTESIAN_POINT('',(68.663576150113,-2.));
#5713 = CARTESIAN_POINT('',(0.,-2.));
#5714 = ( GEOMETRIC_REPRESENTATION_CONTEXT(2) 
PARAMETRIC_REPRESENTATION_CONTEXT() REPRESENTATION_CONTEXT('2D SPACE',''
  ) );
#5715 = PCURVE('',#4447,#5716);
#5716 = DEFINITIONAL_REPRESENTATION('',(#5717),#5720);
#5717 = B_SPLINE_CURVE_WITH_KNOTS('',1,(#5718,#5719),.UNSPECIFIED.,.F.,
  .F.,(2,2),(-68.66357615011,-0.),.PIECEWISE_BEZIER_KNOTS.);
#5718 = CARTESIAN_POINT('',(40.359437430698,55.55));
#5719 = CARTESIAN_POINT('',(0.,0.));
#5720 = ( GEOMETRIC_REPRESENTATION_CONTEXT(2) 
PARAMETRIC_REPRESENTATION_CONTEXT() REPRESENTATION_CONTEXT('2D SPACE',''
  ) );
#5721 = ORIENTED_EDGE('',*,*,#5433,.T.);
#5722 = ORIENTED_EDGE('',*,*,#5723,.T.);
#5723 = EDGE_CURVE('',#5434,#5724,#5726,.T.);
#5724 = VERTEX_POINT('',#5725);
#5725 = CARTESIAN_POINT('',(30.594222381823,42.109334557216,-300.3));
#5726 = SURFACE_CURVE('',#5727,(#5731,#5737),.PCURVE_S1.);
#5727 = LINE('',#5728,#5729);
#5728 = CARTESIAN_POINT('',(0.,0.,-300.3));
#5729 = VECTOR('',#5730,1.);
#5730 = DIRECTION('',(-0.587785252292,-0.809016994375,0.));
#5731 = PCURVE('',#4419,#5732);
#5732 = DEFINITIONAL_REPRESENTATION('',(#5733),#5736);
#5733 = B_SPLINE_CURVE_WITH_KNOTS('',1,(#5734,#5735),.UNSPECIFIED.,.F.,
  .F.,(2,2),(-55.55,-52.05),.PIECEWISE_BEZIER_KNOTS.);
#5734 = CARTESIAN_POINT('',(55.55,-6.4));
#5735 = CARTESIAN_POINT('',(52.05,-6.4));
#5736 = ( GEOMETRIC_REPRESENTATION_CONTEXT(2) 
PARAMETRIC_REPRESENTATION_CONTEXT() REPRESENTATION_CONTEXT('2D SPACE',''
  ) );
#5737 = PCURVE('',#4550,#5738);
#5738 = DEFINITIONAL_REPRESENTATION('',(#5739),#5742);
#5739 = B_SPLINE_CURVE_WITH_KNOTS('',1,(#5740,#5741),.UNSPECIFIED.,.F.,
  .F.,(2,2),(-55.55,-52.05),.PIECEWISE_BEZIER_KNOTS.);
#5740 = CARTESIAN_POINT('',(32.651470764847,44.940894037528));
#5741 = CARTESIAN_POINT('',(30.594222381823,42.109334557216));
#5742 = ( GEOMETRIC_REPRESENTATION_CONTEXT(2) 
PARAMETRIC_REPRESENTATION_CONTEXT() REPRESENTATION_CONTEXT('2D SPACE',''
  ) );
#5743 = ORIENTED_EDGE('',*,*,#5744,.T.);
#5744 = EDGE_CURVE('',#5724,#5655,#5745,.T.);
#5745 = SURFACE_CURVE('',#5746,(#5750,#5756),.PCURVE_S1.);
#5746 = LINE('',#5747,#5748);
#5747 = CARTESIAN_POINT('',(30.594222381823,42.109334557216,-305.7));
#5748 = VECTOR('',#5749,1.);
#5749 = DIRECTION('',(0.,0.,1.));
#5750 = PCURVE('',#4419,#5751);
#5751 = DEFINITIONAL_REPRESENTATION('',(#5752),#5755);
#5752 = B_SPLINE_CURVE_WITH_KNOTS('',1,(#5753,#5754),.UNSPECIFIED.,.F.,
  .F.,(2,2),(0.9999994,5.5000006),.PIECEWISE_BEZIER_KNOTS.);
#5753 = CARTESIAN_POINT('',(52.05,-1.9999994));
#5754 = CARTESIAN_POINT('',(52.05,-6.5000006));
#5755 = ( GEOMETRIC_REPRESENTATION_CONTEXT(2) 
PARAMETRIC_REPRESENTATION_CONTEXT() REPRESENTATION_CONTEXT('2D SPACE',''
  ) );
#5756 = PCURVE('',#4522,#5757);
#5757 = DEFINITIONAL_REPRESENTATION('',(#5758),#5761);
#5758 = B_SPLINE_CURVE_WITH_KNOTS('',1,(#5759,#5760),.UNSPECIFIED.,.F.,
  .F.,(2,2),(0.9999994,5.5000006),.PIECEWISE_BEZIER_KNOTS.);
#5759 = CARTESIAN_POINT('',(0.942477796077,0.9999994));
#5760 = CARTESIAN_POINT('',(0.942477796077,5.5000006));
#5761 = ( GEOMETRIC_REPRESENTATION_CONTEXT(2) 
PARAMETRIC_REPRESENTATION_CONTEXT() REPRESENTATION_CONTEXT('2D SPACE',''
  ) );
#5762 = ORIENTED_EDGE('',*,*,#5654,.F.);
#5763 = ADVANCED_FACE('',(#5764),#4447,.T.);
#5764 = FACE_BOUND('',#5765,.T.);
#5765 = EDGE_LOOP('',(#5766,#5767,#5768,#5769));
#5766 = ORIENTED_EDGE('',*,*,#5703,.F.);
#5767 = ORIENTED_EDGE('',*,*,#4430,.T.);
#5768 = ORIENTED_EDGE('',*,*,#5479,.T.);
#5769 = ORIENTED_EDGE('',*,*,#5410,.F.);
#5770 = ADVANCED_FACE('',(#5771),#4522,.T.);
#5771 = FACE_BOUND('',#5772,.T.);
#5772 = EDGE_LOOP('',(#5773,#5774,#5775,#5801,#5802,#5803));
#5773 = ORIENTED_EDGE('',*,*,#5677,.F.);
#5774 = ORIENTED_EDGE('',*,*,#5744,.F.);
#5775 = ORIENTED_EDGE('',*,*,#5776,.F.);
#5776 = EDGE_CURVE('',#4507,#5724,#5777,.T.);
#5777 = SURFACE_CURVE('',#5778,(#5783,#5790),.PCURVE_S1.);
#5778 = CIRCLE('',#5779,52.05);
#5779 = AXIS2_PLACEMENT_3D('',#5780,#5781,#5782);
#5780 = CARTESIAN_POINT('',(0.,0.,-300.3));
#5781 = DIRECTION('',(0.,0.,-1.));
#5782 = DIRECTION('',(6.123233995737E-17,1.,0.));
#5783 = PCURVE('',#4522,#5784);
#5784 = DEFINITIONAL_REPRESENTATION('',(#5785),#5789);
#5785 = LINE('',#5786,#5787);
#5786 = CARTESIAN_POINT('',(1.570796326795,5.4));
#5787 = VECTOR('',#5788,1.);
#5788 = DIRECTION('',(-1.,-0.));
#5789 = ( GEOMETRIC_REPRESENTATION_CONTEXT(2) 
PARAMETRIC_REPRESENTATION_CONTEXT() REPRESENTATION_CONTEXT('2D SPACE',''
  ) );
#5790 = PCURVE('',#4550,#5791);
#5791 = DEFINITIONAL_REPRESENTATION('',(#5792),#5800);
#5792 = ( BOUNDED_CURVE() B_SPLINE_CURVE(2,(#5793,#5794,#5795,#5796,
#5797,#5798,#5799),.UNSPECIFIED.,.T.,.F.) B_SPLINE_CURVE_WITH_KNOTS((1,2
    ,2,2,2,1),(-2.094395102393,0.,2.094395102393,4.188790204786,
6.28318530718,8.377580409573),.UNSPECIFIED.) CURVE() 
GEOMETRIC_REPRESENTATION_ITEM() RATIONAL_B_SPLINE_CURVE((1.,0.5,1.,0.5,
1.,0.5,1.)) REPRESENTATION_ITEM('') );
#5793 = CARTESIAN_POINT('',(3.187143294781E-15,52.05));
#5794 = CARTESIAN_POINT('',(90.15324453396,52.05));
#5795 = CARTESIAN_POINT('',(45.07662226698,-26.025));
#5796 = CARTESIAN_POINT('',(6.374286589562E-15,-104.1));
#5797 = CARTESIAN_POINT('',(-45.07662226698,-26.025));
#5798 = CARTESIAN_POINT('',(-90.15324453396,52.05));
#5799 = CARTESIAN_POINT('',(3.187143294781E-15,52.05));
#5800 = ( GEOMETRIC_REPRESENTATION_CONTEXT(2) 
PARAMETRIC_REPRESENTATION_CONTEXT() REPRESENTATION_CONTEXT('2D SPACE',''
  ) );
#5801 = ORIENTED_EDGE('',*,*,#4506,.F.);
#5802 = ORIENTED_EDGE('',*,*,#5584,.F.);
#5803 = ORIENTED_EDGE('',*,*,#5631,.F.);
#5804 = ADVANCED_FACE('',(#5805,#5909),#4550,.F.);
#5805 = FACE_BOUND('',#5806,.F.);
#5806 = EDGE_LOOP('',(#5807,#5808,#5809,#5810,#5831,#5857,#5858,#5859,
    #5880,#5906,#5907,#5908));
#5807 = ORIENTED_EDGE('',*,*,#5776,.F.);
#5808 = ORIENTED_EDGE('',*,*,#4534,.T.);
#5809 = ORIENTED_EDGE('',*,*,#4585,.T.);
#5810 = ORIENTED_EDGE('',*,*,#5811,.T.);
#5811 = EDGE_CURVE('',#4586,#5812,#5814,.T.);
#5812 = VERTEX_POINT('',#5813);
#5813 = CARTESIAN_POINT('',(-51.76486465391,5.440706513081,-300.3));
#5814 = SURFACE_CURVE('',#5815,(#5819,#5825),.PCURVE_S1.);
#5815 = LINE('',#5816,#5817);
#5816 = CARTESIAN_POINT('',(0.,0.,-300.3));
#5817 = VECTOR('',#5818,1.);
#5818 = DIRECTION('',(0.994521895368,-0.104528463268,0.));
#5819 = PCURVE('',#4550,#5820);
#5820 = DEFINITIONAL_REPRESENTATION('',(#5821),#5824);
#5821 = B_SPLINE_CURVE_WITH_KNOTS('',1,(#5822,#5823),.UNSPECIFIED.,.F.,
  .F.,(2,2),(-52.58808302117,-52.05),.PIECEWISE_BEZIER_KNOTS.);
#5822 = CARTESIAN_POINT('',(-52.3,5.496951504395));
#5823 = CARTESIAN_POINT('',(-51.76486465391,5.440706513081));
#5824 = ( GEOMETRIC_REPRESENTATION_CONTEXT(2) 
PARAMETRIC_REPRESENTATION_CONTEXT() REPRESENTATION_CONTEXT('2D SPACE',''
  ) );
#5825 = PCURVE('',#4674,#5826);
#5826 = DEFINITIONAL_REPRESENTATION('',(#5827),#5830);
#5827 = B_SPLINE_CURVE_WITH_KNOTS('',1,(#5828,#5829),.UNSPECIFIED.,.F.,
  .F.,(2,2),(-52.58808302117,-52.05),.PIECEWISE_BEZIER_KNOTS.);
#5828 = CARTESIAN_POINT('',(52.588083021172,-6.4));
#5829 = CARTESIAN_POINT('',(52.05,-6.4));
#5830 = ( GEOMETRIC_REPRESENTATION_CONTEXT(2) 
PARAMETRIC_REPRESENTATION_CONTEXT() REPRESENTATION_CONTEXT('2D SPACE',''
  ) );
#5831 = ORIENTED_EDGE('',*,*,#5832,.F.);
#5832 = EDGE_CURVE('',#4913,#5812,#5833,.T.);
#5833 = SURFACE_CURVE('',#5834,(#5839,#5850),.PCURVE_S1.);
#5834 = CIRCLE('',#5835,52.05);
#5835 = AXIS2_PLACEMENT_3D('',#5836,#5837,#5838);
#5836 = CARTESIAN_POINT('',(0.,0.,-300.3));
#5837 = DIRECTION('',(0.,0.,-1.));
#5838 = DIRECTION('',(-0.866025403784,-0.5,-0.));
#5839 = PCURVE('',#4550,#5840);
#5840 = DEFINITIONAL_REPRESENTATION('',(#5841),#5849);
#5841 = ( BOUNDED_CURVE() B_SPLINE_CURVE(2,(#5842,#5843,#5844,#5845,
#5846,#5847,#5848),.UNSPECIFIED.,.T.,.F.) B_SPLINE_CURVE_WITH_KNOTS((1,2
    ,2,2,2,1),(-2.094395102393,0.,2.094395102393,4.188790204786,
6.28318530718,8.377580409573),.UNSPECIFIED.) CURVE() 
GEOMETRIC_REPRESENTATION_ITEM() RATIONAL_B_SPLINE_CURVE((1.,0.5,1.,0.5,
1.,0.5,1.)) REPRESENTATION_ITEM('') );
#5842 = CARTESIAN_POINT('',(-45.07662226698,-26.025));
#5843 = CARTESIAN_POINT('',(-90.15324453396,52.05));
#5844 = CARTESIAN_POINT('',(-5.71051550609E-15,52.05));
#5845 = CARTESIAN_POINT('',(90.15324453396,52.05));
#5846 = CARTESIAN_POINT('',(45.07662226698,-26.025));
#5847 = CARTESIAN_POINT('',(7.390778373763E-14,-104.1));
#5848 = CARTESIAN_POINT('',(-45.07662226698,-26.025));
#5849 = ( GEOMETRIC_REPRESENTATION_CONTEXT(2) 
PARAMETRIC_REPRESENTATION_CONTEXT() REPRESENTATION_CONTEXT('2D SPACE',''
  ) );
#5850 = PCURVE('',#4928,#5851);
#5851 = DEFINITIONAL_REPRESENTATION('',(#5852),#5856);
#5852 = LINE('',#5853,#5854);
#5853 = CARTESIAN_POINT('',(3.665191429188,5.4));
#5854 = VECTOR('',#5855,1.);
#5855 = DIRECTION('',(-1.,-0.));
#5856 = ( GEOMETRIC_REPRESENTATION_CONTEXT(2) 
PARAMETRIC_REPRESENTATION_CONTEXT() REPRESENTATION_CONTEXT('2D SPACE',''
  ) );
#5857 = ORIENTED_EDGE('',*,*,#4940,.T.);
#5858 = ORIENTED_EDGE('',*,*,#4986,.T.);
#5859 = ORIENTED_EDGE('',*,*,#5860,.T.);
#5860 = EDGE_CURVE('',#4987,#5861,#5863,.T.);
#5861 = VERTEX_POINT('',#5862);
#5862 = CARTESIAN_POINT('',(21.170642272095,-47.55004107029,-300.3));
#5863 = SURFACE_CURVE('',#5864,(#5868,#5874),.PCURVE_S1.);
#5864 = LINE('',#5865,#5866);
#5865 = CARTESIAN_POINT('',(0.,0.,-300.3));
#5866 = VECTOR('',#5867,1.);
#5867 = DIRECTION('',(-0.406736643076,0.913545457643,0.));
#5868 = PCURVE('',#4550,#5869);
#5869 = DEFINITIONAL_REPRESENTATION('',(#5870),#5873);
#5870 = B_SPLINE_CURVE_WITH_KNOTS('',1,(#5871,#5872),.UNSPECIFIED.,.F.,
  .F.,(2,2),(-55.55,-52.05),.PIECEWISE_BEZIER_KNOTS.);
#5871 = CARTESIAN_POINT('',(22.594220522861,-50.74745017204));
#5872 = CARTESIAN_POINT('',(21.170642272095,-47.55004107029));
#5873 = ( GEOMETRIC_REPRESENTATION_CONTEXT(2) 
PARAMETRIC_REPRESENTATION_CONTEXT() REPRESENTATION_CONTEXT('2D SPACE',''
  ) );
#5874 = PCURVE('',#5075,#5875);
#5875 = DEFINITIONAL_REPRESENTATION('',(#5876),#5879);
#5876 = B_SPLINE_CURVE_WITH_KNOTS('',1,(#5877,#5878),.UNSPECIFIED.,.F.,
  .F.,(2,2),(-55.55,-52.05),.PIECEWISE_BEZIER_KNOTS.);
#5877 = CARTESIAN_POINT('',(55.55,-6.4));
#5878 = CARTESIAN_POINT('',(52.05,-6.4));
#5879 = ( GEOMETRIC_REPRESENTATION_CONTEXT(2) 
PARAMETRIC_REPRESENTATION_CONTEXT() REPRESENTATION_CONTEXT('2D SPACE',''
  ) );
#5880 = ORIENTED_EDGE('',*,*,#5881,.F.);
#5881 = EDGE_CURVE('',#5314,#5861,#5882,.T.);
#5882 = SURFACE_CURVE('',#5883,(#5888,#5899),.PCURVE_S1.);
#5883 = CIRCLE('',#5884,52.05);
#5884 = AXIS2_PLACEMENT_3D('',#5885,#5886,#5887);
#5885 = CARTESIAN_POINT('',(0.,0.,-300.3));
#5886 = DIRECTION('',(0.,0.,-1.));
#5887 = DIRECTION('',(0.866025403784,-0.5,0.));
#5888 = PCURVE('',#4550,#5889);
#5889 = DEFINITIONAL_REPRESENTATION('',(#5890),#5898);
#5890 = ( BOUNDED_CURVE() B_SPLINE_CURVE(2,(#5891,#5892,#5893,#5894,
#5895,#5896,#5897),.UNSPECIFIED.,.T.,.F.) B_SPLINE_CURVE_WITH_KNOTS((1,2
    ,2,2,2,1),(-2.094395102393,0.,2.094395102393,4.188790204786,
6.28318530718,8.377580409573),.UNSPECIFIED.) CURVE() 
GEOMETRIC_REPRESENTATION_ITEM() RATIONAL_B_SPLINE_CURVE((1.,0.5,1.,0.5,
1.,0.5,1.)) REPRESENTATION_ITEM('') );
#5891 = CARTESIAN_POINT('',(45.07662226698,-26.025));
#5892 = CARTESIAN_POINT('',(-4.487191177925E-14,-104.1));
#5893 = CARTESIAN_POINT('',(-45.07662226698,-26.025));
#5894 = CARTESIAN_POINT('',(-90.15324453396,52.05));
#5895 = CARTESIAN_POINT('',(8.987738021301E-16,52.05));
#5896 = CARTESIAN_POINT('',(90.15324453396,52.05));
#5897 = CARTESIAN_POINT('',(45.07662226698,-26.025));
#5898 = ( GEOMETRIC_REPRESENTATION_CONTEXT(2) 
PARAMETRIC_REPRESENTATION_CONTEXT() REPRESENTATION_CONTEXT('2D SPACE',''
  ) );
#5899 = PCURVE('',#5329,#5900);
#5900 = DEFINITIONAL_REPRESENTATION('',(#5901),#5905);
#5901 = LINE('',#5902,#5903);
#5902 = CARTESIAN_POINT('',(5.759586531581,5.4));
#5903 = VECTOR('',#5904,1.);
#5904 = DIRECTION('',(-1.,-0.));
#5905 = ( GEOMETRIC_REPRESENTATION_CONTEXT(2) 
PARAMETRIC_REPRESENTATION_CONTEXT() REPRESENTATION_CONTEXT('2D SPACE',''
  ) );
#5906 = ORIENTED_EDGE('',*,*,#5341,.T.);
#5907 = ORIENTED_EDGE('',*,*,#5454,.T.);
#5908 = ORIENTED_EDGE('',*,*,#5723,.T.);
#5909 = FACE_BOUND('',#5910,.F.);
#5910 = EDGE_LOOP('',(#5911));
#5911 = ORIENTED_EDGE('',*,*,#5511,.F.);
#5912 = ADVANCED_FACE('',(#5913),#4674,.T.);
#5913 = FACE_BOUND('',#5914,.T.);
#5914 = EDGE_LOOP('',(#5915,#5916,#5935,#5936,#5937,#5958));
#5915 = ORIENTED_EDGE('',*,*,#4840,.F.);
#5916 = ORIENTED_EDGE('',*,*,#5917,.T.);
#5917 = EDGE_CURVE('',#4841,#4633,#5918,.T.);
#5918 = SURFACE_CURVE('',#5919,(#5923,#5929),.PCURVE_S1.);
#5919 = LINE('',#5920,#5921);
#5920 = CARTESIAN_POINT('',(0.,0.,-304.7));
#5921 = VECTOR('',#5922,1.);
#5922 = DIRECTION('',(0.994521895368,-0.104528463268,0.));
#5923 = PCURVE('',#4674,#5924);
#5924 = DEFINITIONAL_REPRESENTATION('',(#5925),#5928);
#5925 = B_SPLINE_CURVE_WITH_KNOTS('',1,(#5926,#5927),.UNSPECIFIED.,.F.,
  .F.,(2,2),(-55.85598492975,-0.),.PIECEWISE_BEZIER_KNOTS.);
#5926 = CARTESIAN_POINT('',(55.855984929753,-2.));
#5927 = CARTESIAN_POINT('',(0.,-2.));
#5928 = ( GEOMETRIC_REPRESENTATION_CONTEXT(2) 
PARAMETRIC_REPRESENTATION_CONTEXT() REPRESENTATION_CONTEXT('2D SPACE',''
  ) );
#5929 = PCURVE('',#4649,#5930);
#5930 = DEFINITIONAL_REPRESENTATION('',(#5931),#5934);
#5931 = B_SPLINE_CURVE_WITH_KNOTS('',1,(#5932,#5933),.UNSPECIFIED.,.F.,
  .F.,(2,2),(-55.85598492975,-0.),.PIECEWISE_BEZIER_KNOTS.);
#5932 = CARTESIAN_POINT('',(-55.55,5.838540269008));
#5933 = CARTESIAN_POINT('',(0.,0.));
#5934 = ( GEOMETRIC_REPRESENTATION_CONTEXT(2) 
PARAMETRIC_REPRESENTATION_CONTEXT() REPRESENTATION_CONTEXT('2D SPACE',''
  ) );
#5935 = ORIENTED_EDGE('',*,*,#4661,.T.);
#5936 = ORIENTED_EDGE('',*,*,#5811,.T.);
#5937 = ORIENTED_EDGE('',*,*,#5938,.T.);
#5938 = EDGE_CURVE('',#5812,#5939,#5941,.T.);
#5939 = VERTEX_POINT('',#5940);
#5940 = CARTESIAN_POINT('',(-51.76486465391,5.440706513081,-300.2));
#5941 = SURFACE_CURVE('',#5942,(#5946,#5952),.PCURVE_S1.);
#5942 = LINE('',#5943,#5944);
#5943 = CARTESIAN_POINT('',(-51.76486465391,5.440706513081,-305.7));
#5944 = VECTOR('',#5945,1.);
#5945 = DIRECTION('',(0.,0.,1.));
#5946 = PCURVE('',#4674,#5947);
#5947 = DEFINITIONAL_REPRESENTATION('',(#5948),#5951);
#5948 = B_SPLINE_CURVE_WITH_KNOTS('',1,(#5949,#5950),.UNSPECIFIED.,.F.,
  .F.,(2,2),(0.9999994,5.5000006),.PIECEWISE_BEZIER_KNOTS.);
#5949 = CARTESIAN_POINT('',(52.05,-1.9999994));
#5950 = CARTESIAN_POINT('',(52.05,-6.5000006));
#5951 = ( GEOMETRIC_REPRESENTATION_CONTEXT(2) 
PARAMETRIC_REPRESENTATION_CONTEXT() REPRESENTATION_CONTEXT('2D SPACE',''
  ) );
#5952 = PCURVE('',#4928,#5953);
#5953 = DEFINITIONAL_REPRESENTATION('',(#5954),#5957);
#5954 = B_SPLINE_CURVE_WITH_KNOTS('',1,(#5955,#5956),.UNSPECIFIED.,.F.,
  .F.,(2,2),(0.9999994,5.5000006),.PIECEWISE_BEZIER_KNOTS.);
#5955 = CARTESIAN_POINT('',(3.03687289847,0.9999994));
#5956 = CARTESIAN_POINT('',(3.03687289847,5.5000006));
#5957 = ( GEOMETRIC_REPRESENTATION_CONTEXT(2) 
PARAMETRIC_REPRESENTATION_CONTEXT() REPRESENTATION_CONTEXT('2D SPACE',''
  ) );
#5958 = ORIENTED_EDGE('',*,*,#5959,.F.);
#5959 = EDGE_CURVE('',#4812,#5939,#5960,.T.);
#5960 = SURFACE_CURVE('',#5961,(#5965,#5971),.PCURVE_S1.);
#5961 = LINE('',#5962,#5963);
#5962 = CARTESIAN_POINT('',(0.,0.,-300.2));
#5963 = VECTOR('',#5964,1.);
#5964 = DIRECTION('',(0.994521895368,-0.104528463268,0.));
#5965 = PCURVE('',#4674,#5966);
#5966 = DEFINITIONAL_REPRESENTATION('',(#5967),#5970);
#5967 = B_SPLINE_CURVE_WITH_KNOTS('',1,(#5968,#5969),.UNSPECIFIED.,.F.,
  .F.,(2,2),(-55.85598492975,-0.),.PIECEWISE_BEZIER_KNOTS.);
#5968 = CARTESIAN_POINT('',(55.855984929753,-6.5));
#5969 = CARTESIAN_POINT('',(0.,-6.5));
#5970 = ( GEOMETRIC_REPRESENTATION_CONTEXT(2) 
PARAMETRIC_REPRESENTATION_CONTEXT() REPRESENTATION_CONTEXT('2D SPACE',''
  ) );
#5971 = PCURVE('',#4828,#5972);
#5972 = DEFINITIONAL_REPRESENTATION('',(#5973),#5976);
#5973 = B_SPLINE_CURVE_WITH_KNOTS('',1,(#5974,#5975),.UNSPECIFIED.,.F.,
  .F.,(2,2),(-55.85598492975,-0.),.PIECEWISE_BEZIER_KNOTS.);
#5974 = CARTESIAN_POINT('',(-55.55,5.838540269008));
#5975 = CARTESIAN_POINT('',(0.,0.));
#5976 = ( GEOMETRIC_REPRESENTATION_CONTEXT(2) 
PARAMETRIC_REPRESENTATION_CONTEXT() REPRESENTATION_CONTEXT('2D SPACE',''
  ) );
#5977 = ADVANCED_FACE('',(#5978),#4649,.T.);
#5978 = FACE_BOUND('',#5979,.T.);
#5979 = EDGE_LOOP('',(#5980,#5981,#5982,#5983));
#5980 = ORIENTED_EDGE('',*,*,#5917,.F.);
#5981 = ORIENTED_EDGE('',*,*,#4861,.T.);
#5982 = ORIENTED_EDGE('',*,*,#4688,.T.);
#5983 = ORIENTED_EDGE('',*,*,#4632,.F.);
#5984 = ADVANCED_FACE('',(#5985),#4773,.F.);
#5985 = FACE_BOUND('',#5986,.F.);
#5986 = EDGE_LOOP('',(#5987,#6008,#6009,#6010));
#5987 = ORIENTED_EDGE('',*,*,#5988,.F.);
#5988 = EDGE_CURVE('',#4757,#5989,#5991,.T.);
#5989 = VERTEX_POINT('',#5990);
#5990 = CARTESIAN_POINT('',(-50.50389255266,-12.59203466596,-299.5));
#5991 = SURFACE_CURVE('',#5992,(#5996,#6002),.PCURVE_S1.);
#5992 = LINE('',#5993,#5994);
#5993 = CARTESIAN_POINT('',(0.,0.,-299.5));
#5994 = VECTOR('',#5995,1.);
#5995 = DIRECTION('',(0.970295726276,0.2419218956,-0.));
#5996 = PCURVE('',#4773,#5997);
#5997 = DEFINITIONAL_REPRESENTATION('',(#5998),#6001);
#5998 = B_SPLINE_CURVE_WITH_KNOTS('',1,(#5999,#6000),.UNSPECIFIED.,.F.,
  .F.,(2,2),(-57.25058711038,0.),.PIECEWISE_BEZIER_KNOTS.);
#5999 = CARTESIAN_POINT('',(-55.55,-13.85017055793));
#6000 = CARTESIAN_POINT('',(0.,0.));
#6001 = ( GEOMETRIC_REPRESENTATION_CONTEXT(2) 
PARAMETRIC_REPRESENTATION_CONTEXT() REPRESENTATION_CONTEXT('2D SPACE',''
  ) );
#6002 = PCURVE('',#4800,#6003);
#6003 = DEFINITIONAL_REPRESENTATION('',(#6004),#6007);
#6004 = B_SPLINE_CURVE_WITH_KNOTS('',1,(#6005,#6006),.UNSPECIFIED.,.F.,
  .F.,(2,2),(-57.25058711038,0.),.PIECEWISE_BEZIER_KNOTS.);
#6005 = CARTESIAN_POINT('',(57.250587110387,-11.));
#6006 = CARTESIAN_POINT('',(0.,-11.));
#6007 = ( GEOMETRIC_REPRESENTATION_CONTEXT(2) 
PARAMETRIC_REPRESENTATION_CONTEXT() REPRESENTATION_CONTEXT('2D SPACE',''
  ) );
#6008 = ORIENTED_EDGE('',*,*,#4756,.T.);
#6009 = ORIENTED_EDGE('',*,*,#4890,.F.);
#6010 = ORIENTED_EDGE('',*,*,#6011,.F.);
#6011 = EDGE_CURVE('',#5989,#4891,#6012,.T.);
#6012 = SURFACE_CURVE('',#6013,(#6018,#6025),.PCURVE_S1.);
#6013 = CIRCLE('',#6014,52.05);
#6014 = AXIS2_PLACEMENT_3D('',#6015,#6016,#6017);
#6015 = CARTESIAN_POINT('',(0.,0.,-299.5));
#6016 = DIRECTION('',(0.,0.,1.));
#6017 = DIRECTION('',(1.,0.,-0.));
#6018 = PCURVE('',#4773,#6019);
#6019 = DEFINITIONAL_REPRESENTATION('',(#6020),#6024);
#6020 = CIRCLE('',#6021,52.05);
#6021 = AXIS2_PLACEMENT_2D('',#6022,#6023);
#6022 = CARTESIAN_POINT('',(0.,0.));
#6023 = DIRECTION('',(1.,0.));
#6024 = ( GEOMETRIC_REPRESENTATION_CONTEXT(2) 
PARAMETRIC_REPRESENTATION_CONTEXT() REPRESENTATION_CONTEXT('2D SPACE',''
  ) );
#6025 = PCURVE('',#4928,#6026);
#6026 = DEFINITIONAL_REPRESENTATION('',(#6027),#6031);
#6027 = LINE('',#6028,#6029);
#6028 = CARTESIAN_POINT('',(0.,6.2));
#6029 = VECTOR('',#6030,1.);
#6030 = DIRECTION('',(1.,0.));
#6031 = ( GEOMETRIC_REPRESENTATION_CONTEXT(2) 
PARAMETRIC_REPRESENTATION_CONTEXT() REPRESENTATION_CONTEXT('2D SPACE',''
  ) );
#6032 = ADVANCED_FACE('',(#6033),#4800,.T.);
#6033 = FACE_BOUND('',#6034,.T.);
#6034 = EDGE_LOOP('',(#6035,#6036,#6057,#6076));
#6035 = ORIENTED_EDGE('',*,*,#4785,.F.);
#6036 = ORIENTED_EDGE('',*,*,#6037,.T.);
#6037 = EDGE_CURVE('',#4786,#6038,#6040,.T.);
#6038 = VERTEX_POINT('',#6039);
#6039 = CARTESIAN_POINT('',(-50.50389255266,-12.59203466596,-300.2));
#6040 = SURFACE_CURVE('',#6041,(#6045,#6051),.PCURVE_S1.);
#6041 = LINE('',#6042,#6043);
#6042 = CARTESIAN_POINT('',(0.,0.,-300.2));
#6043 = VECTOR('',#6044,1.);
#6044 = DIRECTION('',(0.970295726276,0.2419218956,-0.));
#6045 = PCURVE('',#4800,#6046);
#6046 = DEFINITIONAL_REPRESENTATION('',(#6047),#6050);
#6047 = B_SPLINE_CURVE_WITH_KNOTS('',1,(#6048,#6049),.UNSPECIFIED.,.F.,
  .F.,(2,2),(-55.55,-52.05),.PIECEWISE_BEZIER_KNOTS.);
#6048 = CARTESIAN_POINT('',(55.55,-10.3));
#6049 = CARTESIAN_POINT('',(52.05,-10.3));
#6050 = ( GEOMETRIC_REPRESENTATION_CONTEXT(2) 
PARAMETRIC_REPRESENTATION_CONTEXT() REPRESENTATION_CONTEXT('2D SPACE',''
  ) );
#6051 = PCURVE('',#4828,#6052);
#6052 = DEFINITIONAL_REPRESENTATION('',(#6053),#6056);
#6053 = B_SPLINE_CURVE_WITH_KNOTS('',1,(#6054,#6055),.UNSPECIFIED.,.F.,
  .F.,(2,2),(-55.55,-52.05),.PIECEWISE_BEZIER_KNOTS.);
#6054 = CARTESIAN_POINT('',(-53.89992759463,-13.43876130056));
#6055 = CARTESIAN_POINT('',(-50.50389255266,-12.59203466596));
#6056 = ( GEOMETRIC_REPRESENTATION_CONTEXT(2) 
PARAMETRIC_REPRESENTATION_CONTEXT() REPRESENTATION_CONTEXT('2D SPACE',''
  ) );
#6057 = ORIENTED_EDGE('',*,*,#6058,.T.);
#6058 = EDGE_CURVE('',#6038,#5989,#6059,.T.);
#6059 = SURFACE_CURVE('',#6060,(#6064,#6070),.PCURVE_S1.);
#6060 = LINE('',#6061,#6062);
#6061 = CARTESIAN_POINT('',(-50.50389255266,-12.59203466596,-309.5));
#6062 = VECTOR('',#6063,1.);
#6063 = DIRECTION('',(0.,0.,1.));
#6064 = PCURVE('',#4800,#6065);
#6065 = DEFINITIONAL_REPRESENTATION('',(#6066),#6069);
#6066 = B_SPLINE_CURVE_WITH_KNOTS('',1,(#6067,#6068),.UNSPECIFIED.,.F.,
  .F.,(2,2),(0.9999994,10.0000006),.PIECEWISE_BEZIER_KNOTS.);
#6067 = CARTESIAN_POINT('',(52.05,-1.9999994));
#6068 = CARTESIAN_POINT('',(52.05,-11.0000006));
#6069 = ( GEOMETRIC_REPRESENTATION_CONTEXT(2) 
PARAMETRIC_REPRESENTATION_CONTEXT() REPRESENTATION_CONTEXT('2D SPACE',''
  ) );
#6070 = PCURVE('',#4928,#6071);
#6071 = DEFINITIONAL_REPRESENTATION('',(#6072),#6075);
#6072 = B_SPLINE_CURVE_WITH_KNOTS('',1,(#6073,#6074),.UNSPECIFIED.,.F.,
  .F.,(2,2),(0.9999994,10.0000006),.PIECEWISE_BEZIER_KNOTS.);
#6073 = CARTESIAN_POINT('',(3.385938748869,-2.8000006));
#6074 = CARTESIAN_POINT('',(3.385938748869,6.2000006));
#6075 = ( GEOMETRIC_REPRESENTATION_CONTEXT(2) 
PARAMETRIC_REPRESENTATION_CONTEXT() REPRESENTATION_CONTEXT('2D SPACE',''
  ) );
#6076 = ORIENTED_EDGE('',*,*,#5988,.F.);
#6077 = ADVANCED_FACE('',(#6078),#4828,.F.);
#6078 = FACE_BOUND('',#6079,.F.);
#6079 = EDGE_LOOP('',(#6080,#6081,#6082,#6083));
#6080 = ORIENTED_EDGE('',*,*,#5959,.F.);
#6081 = ORIENTED_EDGE('',*,*,#4811,.T.);
#6082 = ORIENTED_EDGE('',*,*,#6037,.T.);
#6083 = ORIENTED_EDGE('',*,*,#6084,.F.);
#6084 = EDGE_CURVE('',#5939,#6038,#6085,.T.);
#6085 = SURFACE_CURVE('',#6086,(#6091,#6098),.PCURVE_S1.);
#6086 = CIRCLE('',#6087,52.05);
#6087 = AXIS2_PLACEMENT_3D('',#6088,#6089,#6090);
#6088 = CARTESIAN_POINT('',(0.,0.,-300.2));
#6089 = DIRECTION('',(0.,0.,1.));
#6090 = DIRECTION('',(1.,0.,-0.));
#6091 = PCURVE('',#4828,#6092);
#6092 = DEFINITIONAL_REPRESENTATION('',(#6093),#6097);
#6093 = CIRCLE('',#6094,52.05);
#6094 = AXIS2_PLACEMENT_2D('',#6095,#6096);
#6095 = CARTESIAN_POINT('',(0.,0.));
#6096 = DIRECTION('',(1.,0.));
#6097 = ( GEOMETRIC_REPRESENTATION_CONTEXT(2) 
PARAMETRIC_REPRESENTATION_CONTEXT() REPRESENTATION_CONTEXT('2D SPACE',''
  ) );
#6098 = PCURVE('',#4928,#6099);
#6099 = DEFINITIONAL_REPRESENTATION('',(#6100),#6104);
#6100 = LINE('',#6101,#6102);
#6101 = CARTESIAN_POINT('',(0.,5.5));
#6102 = VECTOR('',#6103,1.);
#6103 = DIRECTION('',(1.,0.));
#6104 = ( GEOMETRIC_REPRESENTATION_CONTEXT(2) 
PARAMETRIC_REPRESENTATION_CONTEXT() REPRESENTATION_CONTEXT('2D SPACE',''
  ) );
#6105 = ADVANCED_FACE('',(#6106),#4928,.T.);
#6106 = FACE_BOUND('',#6107,.T.);
#6107 = EDGE_LOOP('',(#6108,#6109,#6110,#6111,#6112,#6113));
#6108 = ORIENTED_EDGE('',*,*,#6084,.F.);
#6109 = ORIENTED_EDGE('',*,*,#5938,.F.);
#6110 = ORIENTED_EDGE('',*,*,#5832,.F.);
#6111 = ORIENTED_EDGE('',*,*,#4912,.F.);
#6112 = ORIENTED_EDGE('',*,*,#6011,.F.);
#6113 = ORIENTED_EDGE('',*,*,#6058,.F.);
#6114 = ADVANCED_FACE('',(#6115),#5075,.T.);
#6115 = FACE_BOUND('',#6116,.T.);
#6116 = EDGE_LOOP('',(#6117,#6118,#6137,#6138,#6139,#6160));
#6117 = ORIENTED_EDGE('',*,*,#5241,.F.);
#6118 = ORIENTED_EDGE('',*,*,#6119,.T.);
#6119 = EDGE_CURVE('',#5242,#5034,#6120,.T.);
#6120 = SURFACE_CURVE('',#6121,(#6125,#6131),.PCURVE_S1.);
#6121 = LINE('',#6122,#6123);
#6122 = CARTESIAN_POINT('',(0.,0.,-304.7));
#6123 = VECTOR('',#6124,1.);
#6124 = DIRECTION('',(-0.406736643076,0.913545457643,0.));
#6125 = PCURVE('',#5075,#6126);
#6126 = DEFINITIONAL_REPRESENTATION('',(#6127),#6130);
#6127 = B_SPLINE_CURVE_WITH_KNOTS('',1,(#6128,#6129),.UNSPECIFIED.,.F.,
  .F.,(2,2),(-60.80704527101,-0.),.PIECEWISE_BEZIER_KNOTS.);
#6128 = CARTESIAN_POINT('',(60.807045271011,-2.));
#6129 = CARTESIAN_POINT('',(0.,-2.));
#6130 = ( GEOMETRIC_REPRESENTATION_CONTEXT(2) 
PARAMETRIC_REPRESENTATION_CONTEXT() REPRESENTATION_CONTEXT('2D SPACE',''
  ) );
#6131 = PCURVE('',#5050,#6132);
#6132 = DEFINITIONAL_REPRESENTATION('',(#6133),#6136);
#6133 = B_SPLINE_CURVE_WITH_KNOTS('',1,(#6134,#6135),.UNSPECIFIED.,.F.,
  .F.,(2,2),(-60.80704527101,-0.),.PIECEWISE_BEZIER_KNOTS.);
#6134 = CARTESIAN_POINT('',(24.732453468889,-55.55));
#6135 = CARTESIAN_POINT('',(0.,0.));
#6136 = ( GEOMETRIC_REPRESENTATION_CONTEXT(2) 
PARAMETRIC_REPRESENTATION_CONTEXT() REPRESENTATION_CONTEXT('2D SPACE',''
  ) );
#6137 = ORIENTED_EDGE('',*,*,#5062,.T.);
#6138 = ORIENTED_EDGE('',*,*,#5860,.T.);
#6139 = ORIENTED_EDGE('',*,*,#6140,.T.);
#6140 = EDGE_CURVE('',#5861,#6141,#6143,.T.);
#6141 = VERTEX_POINT('',#6142);
#6142 = CARTESIAN_POINT('',(21.170642272095,-47.55004107029,-300.2));
#6143 = SURFACE_CURVE('',#6144,(#6148,#6154),.PCURVE_S1.);
#6144 = LINE('',#6145,#6146);
#6145 = CARTESIAN_POINT('',(21.170642272095,-47.55004107029,-305.7));
#6146 = VECTOR('',#6147,1.);
#6147 = DIRECTION('',(0.,0.,1.));
#6148 = PCURVE('',#5075,#6149);
#6149 = DEFINITIONAL_REPRESENTATION('',(#6150),#6153);
#6150 = B_SPLINE_CURVE_WITH_KNOTS('',1,(#6151,#6152),.UNSPECIFIED.,.F.,
  .F.,(2,2),(0.9999994,5.5000006),.PIECEWISE_BEZIER_KNOTS.);
#6151 = CARTESIAN_POINT('',(52.05,-1.9999994));
#6152 = CARTESIAN_POINT('',(52.05,-6.5000006));
#6153 = ( GEOMETRIC_REPRESENTATION_CONTEXT(2) 
PARAMETRIC_REPRESENTATION_CONTEXT() REPRESENTATION_CONTEXT('2D SPACE',''
  ) );
#6154 = PCURVE('',#5329,#6155);
#6155 = DEFINITIONAL_REPRESENTATION('',(#6156),#6159);
#6156 = B_SPLINE_CURVE_WITH_KNOTS('',1,(#6157,#6158),.UNSPECIFIED.,.F.,
  .F.,(2,2),(0.9999994,5.5000006),.PIECEWISE_BEZIER_KNOTS.);
#6157 = CARTESIAN_POINT('',(5.131268000863,0.9999994));
#6158 = CARTESIAN_POINT('',(5.131268000863,5.5000006));
#6159 = ( GEOMETRIC_REPRESENTATION_CONTEXT(2) 
PARAMETRIC_REPRESENTATION_CONTEXT() REPRESENTATION_CONTEXT('2D SPACE',''
  ) );
#6160 = ORIENTED_EDGE('',*,*,#6161,.F.);
#6161 = EDGE_CURVE('',#5213,#6141,#6162,.T.);
#6162 = SURFACE_CURVE('',#6163,(#6167,#6173),.PCURVE_S1.);
#6163 = LINE('',#6164,#6165);
#6164 = CARTESIAN_POINT('',(0.,0.,-300.2));
#6165 = VECTOR('',#6166,1.);
#6166 = DIRECTION('',(-0.406736643076,0.913545457643,0.));
#6167 = PCURVE('',#5075,#6168);
#6168 = DEFINITIONAL_REPRESENTATION('',(#6169),#6172);
#6169 = B_SPLINE_CURVE_WITH_KNOTS('',1,(#6170,#6171),.UNSPECIFIED.,.F.,
  .F.,(2,2),(-60.80704527101,-0.),.PIECEWISE_BEZIER_KNOTS.);
#6170 = CARTESIAN_POINT('',(60.807045271011,-6.5));
#6171 = CARTESIAN_POINT('',(0.,-6.5));
#6172 = ( GEOMETRIC_REPRESENTATION_CONTEXT(2) 
PARAMETRIC_REPRESENTATION_CONTEXT() REPRESENTATION_CONTEXT('2D SPACE',''
  ) );
#6173 = PCURVE('',#5229,#6174);
#6174 = DEFINITIONAL_REPRESENTATION('',(#6175),#6178);
#6175 = B_SPLINE_CURVE_WITH_KNOTS('',1,(#6176,#6177),.UNSPECIFIED.,.F.,
  .F.,(2,2),(-60.80704527101,-0.),.PIECEWISE_BEZIER_KNOTS.);
#6176 = CARTESIAN_POINT('',(24.732453468889,-55.55));
#6177 = CARTESIAN_POINT('',(0.,0.));
#6178 = ( GEOMETRIC_REPRESENTATION_CONTEXT(2) 
PARAMETRIC_REPRESENTATION_CONTEXT() REPRESENTATION_CONTEXT('2D SPACE',''
  ) );
#6179 = ADVANCED_FACE('',(#6180),#5050,.T.);
#6180 = FACE_BOUND('',#6181,.T.);
#6181 = EDGE_LOOP('',(#6182,#6183,#6184,#6185));
#6182 = ORIENTED_EDGE('',*,*,#6119,.F.);
#6183 = ORIENTED_EDGE('',*,*,#5262,.T.);
#6184 = ORIENTED_EDGE('',*,*,#5089,.T.);
#6185 = ORIENTED_EDGE('',*,*,#5033,.F.);
#6186 = ADVANCED_FACE('',(#6187),#5174,.F.);
#6187 = FACE_BOUND('',#6188,.F.);
#6188 = EDGE_LOOP('',(#6189,#6210,#6211,#6212));
#6189 = ORIENTED_EDGE('',*,*,#6190,.F.);
#6190 = EDGE_CURVE('',#5158,#6191,#6193,.T.);
#6191 = VERTEX_POINT('',#6192);
#6192 = CARTESIAN_POINT('',(36.156968182391,-37.44163660762,-299.5));
#6193 = SURFACE_CURVE('',#6194,(#6198,#6204),.PCURVE_S1.);
#6194 = LINE('',#6195,#6196);
#6195 = CARTESIAN_POINT('',(0.,0.,-299.5));
#6196 = VECTOR('',#6197,1.);
#6197 = DIRECTION('',(-0.694658370459,0.719339800339,0.));
#6198 = PCURVE('',#5174,#6199);
#6199 = DEFINITIONAL_REPRESENTATION('',(#6200),#6203);
#6200 = B_SPLINE_CURVE_WITH_KNOTS('',1,(#6201,#6202),.UNSPECIFIED.,.F.,
  .F.,(2,2),(-77.22358748097,-0.),.PIECEWISE_BEZIER_KNOTS.);
#6201 = CARTESIAN_POINT('',(53.644011440533,-55.55));
#6202 = CARTESIAN_POINT('',(0.,0.));
#6203 = ( GEOMETRIC_REPRESENTATION_CONTEXT(2) 
PARAMETRIC_REPRESENTATION_CONTEXT() REPRESENTATION_CONTEXT('2D SPACE',''
  ) );
#6204 = PCURVE('',#5201,#6205);
#6205 = DEFINITIONAL_REPRESENTATION('',(#6206),#6209);
#6206 = B_SPLINE_CURVE_WITH_KNOTS('',1,(#6207,#6208),.UNSPECIFIED.,.F.,
  .F.,(2,2),(-77.22358748097,-0.),.PIECEWISE_BEZIER_KNOTS.);
#6207 = CARTESIAN_POINT('',(77.223587480977,-11.));
#6208 = CARTESIAN_POINT('',(0.,-11.));
#6209 = ( GEOMETRIC_REPRESENTATION_CONTEXT(2) 
PARAMETRIC_REPRESENTATION_CONTEXT() REPRESENTATION_CONTEXT('2D SPACE',''
  ) );
#6210 = ORIENTED_EDGE('',*,*,#5157,.T.);
#6211 = ORIENTED_EDGE('',*,*,#5291,.F.);
#6212 = ORIENTED_EDGE('',*,*,#6213,.F.);
#6213 = EDGE_CURVE('',#6191,#5292,#6214,.T.);
#6214 = SURFACE_CURVE('',#6215,(#6220,#6227),.PCURVE_S1.);
#6215 = CIRCLE('',#6216,52.05);
#6216 = AXIS2_PLACEMENT_3D('',#6217,#6218,#6219);
#6217 = CARTESIAN_POINT('',(0.,0.,-299.5));
#6218 = DIRECTION('',(0.,0.,1.));
#6219 = DIRECTION('',(1.,0.,-0.));
#6220 = PCURVE('',#5174,#6221);
#6221 = DEFINITIONAL_REPRESENTATION('',(#6222),#6226);
#6222 = CIRCLE('',#6223,52.05);
#6223 = AXIS2_PLACEMENT_2D('',#6224,#6225);
#6224 = CARTESIAN_POINT('',(0.,0.));
#6225 = DIRECTION('',(1.,0.));
#6226 = ( GEOMETRIC_REPRESENTATION_CONTEXT(2) 
PARAMETRIC_REPRESENTATION_CONTEXT() REPRESENTATION_CONTEXT('2D SPACE',''
  ) );
#6227 = PCURVE('',#5329,#6228);
#6228 = DEFINITIONAL_REPRESENTATION('',(#6229),#6233);
#6229 = LINE('',#6230,#6231);
#6230 = CARTESIAN_POINT('',(0.,6.2));
#6231 = VECTOR('',#6232,1.);
#6232 = DIRECTION('',(1.,0.));
#6233 = ( GEOMETRIC_REPRESENTATION_CONTEXT(2) 
PARAMETRIC_REPRESENTATION_CONTEXT() REPRESENTATION_CONTEXT('2D SPACE',''
  ) );
#6234 = ADVANCED_FACE('',(#6235),#5201,.T.);
#6235 = FACE_BOUND('',#6236,.T.);
#6236 = EDGE_LOOP('',(#6237,#6238,#6259,#6278));
#6237 = ORIENTED_EDGE('',*,*,#5186,.F.);
#6238 = ORIENTED_EDGE('',*,*,#6239,.T.);
#6239 = EDGE_CURVE('',#5187,#6240,#6242,.T.);
#6240 = VERTEX_POINT('',#6241);
#6241 = CARTESIAN_POINT('',(36.156968182391,-37.44163660762,-300.2));
#6242 = SURFACE_CURVE('',#6243,(#6247,#6253),.PCURVE_S1.);
#6243 = LINE('',#6244,#6245);
#6244 = CARTESIAN_POINT('',(0.,0.,-300.2));
#6245 = VECTOR('',#6246,1.);
#6246 = DIRECTION('',(-0.694658370459,0.719339800339,0.));
#6247 = PCURVE('',#5201,#6248);
#6248 = DEFINITIONAL_REPRESENTATION('',(#6249),#6252);
#6249 = B_SPLINE_CURVE_WITH_KNOTS('',1,(#6250,#6251),.UNSPECIFIED.,.F.,
  .F.,(2,2),(-55.55,-52.05),.PIECEWISE_BEZIER_KNOTS.);
#6250 = CARTESIAN_POINT('',(55.55,-10.3));
#6251 = CARTESIAN_POINT('',(52.05,-10.3));
#6252 = ( GEOMETRIC_REPRESENTATION_CONTEXT(2) 
PARAMETRIC_REPRESENTATION_CONTEXT() REPRESENTATION_CONTEXT('2D SPACE',''
  ) );
#6253 = PCURVE('',#5229,#6254);
#6254 = DEFINITIONAL_REPRESENTATION('',(#6255),#6258);
#6255 = B_SPLINE_CURVE_WITH_KNOTS('',1,(#6256,#6257),.UNSPECIFIED.,.F.,
  .F.,(2,2),(-55.55,-52.05),.PIECEWISE_BEZIER_KNOTS.);
#6256 = CARTESIAN_POINT('',(38.588272478997,-39.95932590881));
#6257 = CARTESIAN_POINT('',(36.156968182391,-37.44163660762));
#6258 = ( GEOMETRIC_REPRESENTATION_CONTEXT(2) 
PARAMETRIC_REPRESENTATION_CONTEXT() REPRESENTATION_CONTEXT('2D SPACE',''
  ) );
#6259 = ORIENTED_EDGE('',*,*,#6260,.T.);
#6260 = EDGE_CURVE('',#6240,#6191,#6261,.T.);
#6261 = SURFACE_CURVE('',#6262,(#6266,#6272),.PCURVE_S1.);
#6262 = LINE('',#6263,#6264);
#6263 = CARTESIAN_POINT('',(36.156968182391,-37.44163660762,-309.5));
#6264 = VECTOR('',#6265,1.);
#6265 = DIRECTION('',(0.,0.,1.));
#6266 = PCURVE('',#5201,#6267);
#6267 = DEFINITIONAL_REPRESENTATION('',(#6268),#6271);
#6268 = B_SPLINE_CURVE_WITH_KNOTS('',1,(#6269,#6270),.UNSPECIFIED.,.F.,
  .F.,(2,2),(0.9999994,10.0000006),.PIECEWISE_BEZIER_KNOTS.);
#6269 = CARTESIAN_POINT('',(52.05,-1.9999994));
#6270 = CARTESIAN_POINT('',(52.05,-11.0000006));
#6271 = ( GEOMETRIC_REPRESENTATION_CONTEXT(2) 
PARAMETRIC_REPRESENTATION_CONTEXT() REPRESENTATION_CONTEXT('2D SPACE',''
  ) );
#6272 = PCURVE('',#5329,#6273);
#6273 = DEFINITIONAL_REPRESENTATION('',(#6274),#6277);
#6274 = B_SPLINE_CURVE_WITH_KNOTS('',1,(#6275,#6276),.UNSPECIFIED.,.F.,
  .F.,(2,2),(0.9999994,10.0000006),.PIECEWISE_BEZIER_KNOTS.);
#6275 = CARTESIAN_POINT('',(5.480333851262,-2.8000006));
#6276 = CARTESIAN_POINT('',(5.480333851262,6.2000006));
#6277 = ( GEOMETRIC_REPRESENTATION_CONTEXT(2) 
PARAMETRIC_REPRESENTATION_CONTEXT() REPRESENTATION_CONTEXT('2D SPACE',''
  ) );
#6278 = ORIENTED_EDGE('',*,*,#6190,.F.);
#6279 = ADVANCED_FACE('',(#6280),#5229,.F.);
#6280 = FACE_BOUND('',#6281,.F.);
#6281 = EDGE_LOOP('',(#6282,#6283,#6284,#6285));
#6282 = ORIENTED_EDGE('',*,*,#6161,.F.);
#6283 = ORIENTED_EDGE('',*,*,#5212,.T.);
#6284 = ORIENTED_EDGE('',*,*,#6239,.T.);
#6285 = ORIENTED_EDGE('',*,*,#6286,.F.);
#6286 = EDGE_CURVE('',#6141,#6240,#6287,.T.);
#6287 = SURFACE_CURVE('',#6288,(#6293,#6300),.PCURVE_S1.);
#6288 = CIRCLE('',#6289,52.05);
#6289 = AXIS2_PLACEMENT_3D('',#6290,#6291,#6292);
#6290 = CARTESIAN_POINT('',(0.,0.,-300.2));
#6291 = DIRECTION('',(0.,0.,1.));
#6292 = DIRECTION('',(1.,0.,-0.));
#6293 = PCURVE('',#5229,#6294);
#6294 = DEFINITIONAL_REPRESENTATION('',(#6295),#6299);
#6295 = CIRCLE('',#6296,52.05);
#6296 = AXIS2_PLACEMENT_2D('',#6297,#6298);
#6297 = CARTESIAN_POINT('',(0.,0.));
#6298 = DIRECTION('',(1.,0.));
#6299 = ( GEOMETRIC_REPRESENTATION_CONTEXT(2) 
PARAMETRIC_REPRESENTATION_CONTEXT() REPRESENTATION_CONTEXT('2D SPACE',''
  ) );
#6300 = PCURVE('',#5329,#6301);
#6301 = DEFINITIONAL_REPRESENTATION('',(#6302),#6306);
#6302 = LINE('',#6303,#6304);
#6303 = CARTESIAN_POINT('',(0.,5.5));
#6304 = VECTOR('',#6305,1.);
#6305 = DIRECTION('',(1.,0.));
#6306 = ( GEOMETRIC_REPRESENTATION_CONTEXT(2) 
PARAMETRIC_REPRESENTATION_CONTEXT() REPRESENTATION_CONTEXT('2D SPACE',''
  ) );
#6307 = ADVANCED_FACE('',(#6308),#5329,.T.);
#6308 = FACE_BOUND('',#6309,.T.);
#6309 = EDGE_LOOP('',(#6310,#6311,#6312,#6313,#6314,#6315));
#6310 = ORIENTED_EDGE('',*,*,#6286,.F.);
#6311 = ORIENTED_EDGE('',*,*,#6140,.F.);
#6312 = ORIENTED_EDGE('',*,*,#5881,.F.);
#6313 = ORIENTED_EDGE('',*,*,#5313,.F.);
#6314 = ORIENTED_EDGE('',*,*,#6213,.F.);
#6315 = ORIENTED_EDGE('',*,*,#6260,.F.);
#6316 = ( GEOMETRIC_REPRESENTATION_CONTEXT(3) 
GLOBAL_UNCERTAINTY_ASSIGNED_CONTEXT((#6320)) 
GLOBAL_UNIT_ASSIGNED_CONTEXT((#6317,#6318,#6319)) REPRESENTATION_CONTEXT
('Context #1','3D Context with UNIT and UNCERTAINTY') );
#6317 = ( LENGTH_UNIT() NAMED_UNIT(*) SI_UNIT(.MILLI.,.METRE.) );
#6318 = ( NAMED_UNIT(*) PLANE_ANGLE_UNIT() SI_UNIT($,.RADIAN.) );
#6319 = ( NAMED_UNIT(*) SI_UNIT($,.STERADIAN.) SOLID_ANGLE_UNIT() );
#6320 = UNCERTAINTY_MEASURE_WITH_UNIT(LENGTH_MEASURE(1.E-07),#6317,
  'distance_accuracy_value','confusion accuracy');
#6321 = PRODUCT_RELATED_PRODUCT_CATEGORY('part',$,(#7));
ENDSEC;
END-ISO-10303-21;
