ISO-10303-21;
HEADER;
FILE_DESCRIPTION(('Open CASCADE Model'),'2;1');
FILE_NAME('meter_housing','2026-08-06T20:09:57',('Author'),(
    'Open CASCADE'),'Open CASCADE STEP processor 7.9','build123d',
  'Unknown');
FILE_SCHEMA(('AUTOMOTIVE_DESIGN { 1 0 10303 214 1 1 1 1 }'));
ENDSEC;
DATA;
#1 = APPLICATION_PROTOCOL_DEFINITION('international standard',
  'automotive_design',2000,#2);
#2 = APPLICATION_CONTEXT(
  'core data for automotive mechanical design processes');
#3 = SHAPE_DEFINITION_REPRESENTATION(#4,#10);
#4 = PRODUCT_DEFINITION_SHAPE('','',#5);
#5 = PRODUCT_DEFINITION('design','',#6,#9);
#6 = PRODUCT_DEFINITION_FORMATION('','',#7);
#7 = PRODUCT('meter_housing','meter_housing','',(#8));
#8 = PRODUCT_CONTEXT('',#2,'mechanical');
#9 = PRODUCT_DEFINITION_CONTEXT('part definition',#2,'design');
#10 = SHAPE_REPRESENTATION('',(#11,#15,#2260),#3753);
#11 = AXIS2_PLACEMENT_3D('',#12,#13,#14);
#12 = CARTESIAN_POINT('',(0.,0.,0.));
#13 = DIRECTION('',(0.,0.,1.));
#14 = DIRECTION('',(1.,0.,-0.));
#15 = MANIFOLD_SOLID_BREP('',#16);
#16 = CLOSED_SHELL('',(#17,#525,#892,#939,#986,#1011,#1046,#1101,#1206,
    #1257,#1359,#1451,#1571,#1620,#1669,#1716,#1762,#1787,#1837,#2126,
    #2156,#2162,#2187,#2214,#2225,#2233));
#17 = ADVANCED_FACE('',(#18,#210),#33,.T.);
#18 = FACE_BOUND('',#19,.T.);
#19 = EDGE_LOOP('',(#20,#56,#79,#106,#107,#131,#157,#186));
#20 = ORIENTED_EDGE('',*,*,#21,.F.);
#21 = EDGE_CURVE('',#22,#24,#26,.T.);
#22 = VERTEX_POINT('',#23);
#23 = CARTESIAN_POINT('',(52.,-1.273632671113E-14,-280.5));
#24 = VERTEX_POINT('',#25);
#25 = CARTESIAN_POINT('',(-33.86117843889,39.464168491553,-280.5));
#26 = SURFACE_CURVE('',#27,(#32,#44),.PCURVE_S1.);
#27 = CIRCLE('',#28,52.);
#28 = AXIS2_PLACEMENT_3D('',#29,#30,#31);
#29 = CARTESIAN_POINT('',(0.,0.,-280.5));
#30 = DIRECTION('',(0.,0.,1.));
#31 = DIRECTION('',(1.,0.,-0.));
#32 = PCURVE('',#33,#38);
#33 = CYLINDRICAL_SURFACE('',#34,52.);
#34 = AXIS2_PLACEMENT_3D('',#35,#36,#37);
#35 = CARTESIAN_POINT('',(0.,0.,-300.5));
#36 = DIRECTION('',(0.,0.,1.));
#37 = DIRECTION('',(1.,0.,-0.));
#38 = DEFINITIONAL_REPRESENTATION('',(#39),#43);
#39 = LINE('',#40,#41);
#40 = CARTESIAN_POINT('',(0.,20.));
#41 = VECTOR('',#42,1.);
#42 = DIRECTION('',(1.,0.));
#43 = ( GEOMETRIC_REPRESENTATION_CONTEXT(2) 
PARAMETRIC_REPRESENTATION_CONTEXT() REPRESENTATION_CONTEXT('2D SPACE',''
  ) );
#44 = PCURVE('',#45,#50);
#45 = PLANE('',#46);
#46 = AXIS2_PLACEMENT_3D('',#47,#48,#49);
#47 = CARTESIAN_POINT('',(0.,0.,-280.5));
#48 = DIRECTION('',(0.,0.,1.));
#49 = DIRECTION('',(1.,0.,-0.));
#50 = DEFINITIONAL_REPRESENTATION('',(#51),#55);
#51 = CIRCLE('',#52,52.);
#52 = AXIS2_PLACEMENT_2D('',#53,#54);
#53 = CARTESIAN_POINT('',(0.,0.));
#54 = DIRECTION('',(1.,0.));
#55 = ( GEOMETRIC_REPRESENTATION_CONTEXT(2) 
PARAMETRIC_REPRESENTATION_CONTEXT() REPRESENTATION_CONTEXT('2D SPACE',''
  ) );
#56 = ORIENTED_EDGE('',*,*,#57,.F.);
#57 = EDGE_CURVE('',#58,#22,#60,.T.);
#58 = VERTEX_POINT('',#59);
#59 = CARTESIAN_POINT('',(52.,-1.273632671113E-14,-300.5));
#60 = SEAM_CURVE('',#61,(#65,#72),.PCURVE_S1.);
#61 = LINE('',#62,#63);
#62 = CARTESIAN_POINT('',(52.,-1.273632671113E-14,-300.5));
#63 = VECTOR('',#64,1.);
#64 = DIRECTION('',(0.,0.,1.));
#65 = PCURVE('',#33,#66);
#66 = DEFINITIONAL_REPRESENTATION('',(#67),#71);
#67 = LINE('',#68,#69);
#68 = CARTESIAN_POINT('',(6.28318530718,-0.));
#69 = VECTOR('',#70,1.);
#70 = DIRECTION('',(0.,1.));
#71 = ( GEOMETRIC_REPRESENTATION_CONTEXT(2) 
PARAMETRIC_REPRESENTATION_CONTEXT() REPRESENTATION_CONTEXT('2D SPACE',''
  ) );
#72 = PCURVE('',#33,#73);
#73 = DEFINITIONAL_REPRESENTATION('',(#74),#78);
#74 = LINE('',#75,#76);
#75 = CARTESIAN_POINT('',(0.,-0.));
#76 = VECTOR('',#77,1.);
#77 = DIRECTION('',(0.,1.));
#78 = ( GEOMETRIC_REPRESENTATION_CONTEXT(2) 
PARAMETRIC_REPRESENTATION_CONTEXT() REPRESENTATION_CONTEXT('2D SPACE',''
  ) );
#79 = ORIENTED_EDGE('',*,*,#80,.T.);
#80 = EDGE_CURVE('',#58,#58,#81,.T.);
#81 = SURFACE_CURVE('',#82,(#87,#94),.PCURVE_S1.);
#82 = CIRCLE('',#83,52.);
#83 = AXIS2_PLACEMENT_3D('',#84,#85,#86);
#84 = CARTESIAN_POINT('',(0.,0.,-300.5));
#85 = DIRECTION('',(0.,0.,1.));
#86 = DIRECTION('',(1.,0.,-0.));
#87 = PCURVE('',#33,#88);
#88 = DEFINITIONAL_REPRESENTATION('',(#89),#93);
#89 = LINE('',#90,#91);
#90 = CARTESIAN_POINT('',(0.,0.));
#91 = VECTOR('',#92,1.);
#92 = DIRECTION('',(1.,0.));
#93 = ( GEOMETRIC_REPRESENTATION_CONTEXT(2) 
PARAMETRIC_REPRESENTATION_CONTEXT() REPRESENTATION_CONTEXT('2D SPACE',''
  ) );
#94 = PCURVE('',#95,#100);
#95 = PLANE('',#96);
#96 = AXIS2_PLACEMENT_3D('',#97,#98,#99);
#97 = CARTESIAN_POINT('',(0.,0.,-300.5));
#98 = DIRECTION('',(0.,0.,1.));
#99 = DIRECTION('',(1.,0.,-0.));
#100 = DEFINITIONAL_REPRESENTATION('',(#101),#105);
#101 = CIRCLE('',#102,52.);
#102 = AXIS2_PLACEMENT_2D('',#103,#104);
#103 = CARTESIAN_POINT('',(0.,0.));
#104 = DIRECTION('',(1.,0.));
#105 = ( GEOMETRIC_REPRESENTATION_CONTEXT(2) 
PARAMETRIC_REPRESENTATION_CONTEXT() REPRESENTATION_CONTEXT('2D SPACE',''
  ) );
#106 = ORIENTED_EDGE('',*,*,#57,.T.);
#107 = ORIENTED_EDGE('',*,*,#108,.F.);
#108 = EDGE_CURVE('',#109,#22,#111,.T.);
#109 = VERTEX_POINT('',#110);
#110 = CARTESIAN_POINT('',(-37.00599935585,36.531575543284,-280.5));
#111 = SURFACE_CURVE('',#112,(#117,#124),.PCURVE_S1.);
#112 = CIRCLE('',#113,52.);
#113 = AXIS2_PLACEMENT_3D('',#114,#115,#116);
#114 = CARTESIAN_POINT('',(0.,0.,-280.5));
#115 = DIRECTION('',(0.,0.,1.));
#116 = DIRECTION('',(1.,0.,-0.));
#117 = PCURVE('',#33,#118);
#118 = DEFINITIONAL_REPRESENTATION('',(#119),#123);
#119 = LINE('',#120,#121);
#120 = CARTESIAN_POINT('',(0.,20.));
#121 = VECTOR('',#122,1.);
#122 = DIRECTION('',(1.,0.));
#123 = ( GEOMETRIC_REPRESENTATION_CONTEXT(2) 
PARAMETRIC_REPRESENTATION_CONTEXT() REPRESENTATION_CONTEXT('2D SPACE',''
  ) );
#124 = PCURVE('',#45,#125);
#125 = DEFINITIONAL_REPRESENTATION('',(#126),#130);
#126 = CIRCLE('',#127,52.);
#127 = AXIS2_PLACEMENT_2D('',#128,#129);
#128 = CARTESIAN_POINT('',(0.,0.));
#129 = DIRECTION('',(1.,0.));
#130 = ( GEOMETRIC_REPRESENTATION_CONTEXT(2) 
PARAMETRIC_REPRESENTATION_CONTEXT() REPRESENTATION_CONTEXT('2D SPACE',''
  ) );
#131 = ORIENTED_EDGE('',*,*,#132,.F.);
#132 = EDGE_CURVE('',#133,#109,#135,.T.);
#133 = VERTEX_POINT('',#134);
#134 = CARTESIAN_POINT('',(-37.00599935585,36.531575543284,-281.8));
#135 = SURFACE_CURVE('',#136,(#140,#146),.PCURVE_S1.);
#136 = LINE('',#137,#138);
#137 = CARTESIAN_POINT('',(-37.00599935585,36.531575543284,-300.5));
#138 = VECTOR('',#139,1.);
#139 = DIRECTION('',(0.,0.,1.));
#140 = PCURVE('',#33,#141);
#141 = DEFINITIONAL_REPRESENTATION('',(#142),#145);
#142 = B_SPLINE_CURVE_WITH_KNOTS('',1,(#143,#144),.UNSPECIFIED.,.F.,.F.,
  (2,2),(18.56,20.0000006),.PIECEWISE_BEZIER_KNOTS.);
#143 = CARTESIAN_POINT('',(2.362645848309,18.56));
#144 = CARTESIAN_POINT('',(2.362645848309,20.0000006));
#145 = ( GEOMETRIC_REPRESENTATION_CONTEXT(2) 
PARAMETRIC_REPRESENTATION_CONTEXT() REPRESENTATION_CONTEXT('2D SPACE',''
  ) );
#146 = PCURVE('',#147,#152);
#147 = PLANE('',#148);
#148 = AXIS2_PLACEMENT_3D('',#149,#150,#151);
#149 = CARTESIAN_POINT('',(-10.91578799133,8.553249238048,-281.8));
#150 = DIRECTION('',(-0.731353701619,-0.681998360062,0.));
#151 = DIRECTION('',(0.,0.,1.));
#152 = DEFINITIONAL_REPRESENTATION('',(#153),#156);
#153 = B_SPLINE_CURVE_WITH_KNOTS('',1,(#154,#155),.UNSPECIFIED.,.F.,.F.,
  (2,2),(18.56,20.0000006),.PIECEWISE_BEZIER_KNOTS.);
#154 = CARTESIAN_POINT('',(-0.14,38.255533872726));
#155 = CARTESIAN_POINT('',(1.3000006,38.255533872726));
#156 = ( GEOMETRIC_REPRESENTATION_CONTEXT(2) 
PARAMETRIC_REPRESENTATION_CONTEXT() REPRESENTATION_CONTEXT('2D SPACE',''
  ) );
#157 = ORIENTED_EDGE('',*,*,#158,.F.);
#158 = EDGE_CURVE('',#159,#133,#161,.T.);
#159 = VERTEX_POINT('',#160);
#160 = CARTESIAN_POINT('',(-33.86117843889,39.464168491553,-281.8));
#161 = SURFACE_CURVE('',#162,(#167,#174),.PCURVE_S1.);
#162 = CIRCLE('',#163,52.);
#163 = AXIS2_PLACEMENT_3D('',#164,#165,#166);
#164 = CARTESIAN_POINT('',(0.,0.,-281.8));
#165 = DIRECTION('',(0.,0.,1.));
#166 = DIRECTION('',(1.,0.,-0.));
#167 = PCURVE('',#33,#168);
#168 = DEFINITIONAL_REPRESENTATION('',(#169),#173);
#169 = LINE('',#170,#171);
#170 = CARTESIAN_POINT('',(0.,18.7));
#171 = VECTOR('',#172,1.);
#172 = DIRECTION('',(1.,0.));
#173 = ( GEOMETRIC_REPRESENTATION_CONTEXT(2) 
PARAMETRIC_REPRESENTATION_CONTEXT() REPRESENTATION_CONTEXT('2D SPACE',''
  ) );
#174 = PCURVE('',#175,#180);
#175 = PLANE('',#176);
#176 = AXIS2_PLACEMENT_3D('',#177,#178,#179);
#177 = CARTESIAN_POINT('',(-7.770967074375,11.485842186317,-281.8));
#178 = DIRECTION('',(0.,0.,1.));
#179 = DIRECTION('',(-0.681998360062,0.731353701619,0.));
#180 = DEFINITIONAL_REPRESENTATION('',(#181),#185);
#181 = CIRCLE('',#182,52.);
#182 = AXIS2_PLACEMENT_2D('',#183,#184);
#183 = CARTESIAN_POINT('',(-13.7,2.15));
#184 = DIRECTION('',(-0.681998360062,-0.731353701619));
#185 = ( GEOMETRIC_REPRESENTATION_CONTEXT(2) 
PARAMETRIC_REPRESENTATION_CONTEXT() REPRESENTATION_CONTEXT('2D SPACE',''
  ) );
#186 = ORIENTED_EDGE('',*,*,#187,.T.);
#187 = EDGE_CURVE('',#159,#24,#188,.T.);
#188 = SURFACE_CURVE('',#189,(#193,#199),.PCURVE_S1.);
#189 = LINE('',#190,#191);
#190 = CARTESIAN_POINT('',(-33.86117843889,39.464168491553,-300.5));
#191 = VECTOR('',#192,1.);
#192 = DIRECTION('',(0.,0.,1.));
#193 = PCURVE('',#33,#194);
#194 = DEFINITIONAL_REPRESENTATION('',(#195),#198);
#195 = B_SPLINE_CURVE_WITH_KNOTS('',1,(#196,#197),.UNSPECIFIED.,.F.,.F.,
  (2,2),(18.56,20.0000006),.PIECEWISE_BEZIER_KNOTS.);
#196 = CARTESIAN_POINT('',(2.279929961996,18.56));
#197 = CARTESIAN_POINT('',(2.279929961996,20.0000006));
#198 = ( GEOMETRIC_REPRESENTATION_CONTEXT(2) 
PARAMETRIC_REPRESENTATION_CONTEXT() REPRESENTATION_CONTEXT('2D SPACE',''
  ) );
#199 = PCURVE('',#200,#205);
#200 = PLANE('',#201);
#201 = AXIS2_PLACEMENT_3D('',#202,#203,#204);
#202 = CARTESIAN_POINT('',(-7.770967074375,11.485842186317,-281.8));
#203 = DIRECTION('',(-0.731353701619,-0.681998360062,0.));
#204 = DIRECTION('',(0.,0.,1.));
#205 = DEFINITIONAL_REPRESENTATION('',(#206),#209);
#206 = B_SPLINE_CURVE_WITH_KNOTS('',1,(#207,#208),.UNSPECIFIED.,.F.,.F.,
  (2,2),(18.56,20.0000006),.PIECEWISE_BEZIER_KNOTS.);
#207 = CARTESIAN_POINT('',(-0.14,38.255533872726));
#208 = CARTESIAN_POINT('',(1.3000006,38.255533872726));
#209 = ( GEOMETRIC_REPRESENTATION_CONTEXT(2) 
PARAMETRIC_REPRESENTATION_CONTEXT() REPRESENTATION_CONTEXT('2D SPACE',''
  ) );
#210 = FACE_BOUND('',#211,.T.);
#211 = EDGE_LOOP('',(#212));
#212 = ORIENTED_EDGE('',*,*,#213,.T.);
#213 = EDGE_CURVE('',#214,#214,#216,.T.);
#214 = VERTEX_POINT('',#215);
#215 = CARTESIAN_POINT('',(-52.,-1.224646799147E-15,-298.));
#216 = SURFACE_CURVE('',#217,(#316,#418),.PCURVE_S1.);
#217 = B_SPLINE_CURVE_WITH_KNOTS('',7,(#218,#219,#220,#221,#222,#223,
    #224,#225,#226,#227,#228,#229,#230,#231,#232,#233,#234,#235,#236,
    #237,#238,#239,#240,#241,#242,#243,#244,#245,#246,#247,#248,#249,
    #250,#251,#252,#253,#254,#255,#256,#257,#258,#259,#260,#261,#262,
    #263,#264,#265,#266,#267,#268,#269,#270,#271,#272,#273,#274,#275,
    #276,#277,#278,#279,#280,#281,#282,#283,#284,#285,#286,#287,#288,
    #289,#290,#291,#292,#293,#294,#295,#296,#297,#298,#299,#300,#301,
    #302,#303,#304,#305,#306,#307,#308,#309,#310,#311,#312,#313,#314,
    #315),.UNSPECIFIED.,.T.,.F.,(8,6,6,6,6,6,6,6,6,6,6,6,6,6,6,6,8),(0.,
    4.834856912906E-02,0.121937696366,0.178492874745,0.250117589977,
    0.321742305209,0.378297480502,0.42020421072,0.479653020244,
    0.531525365803,0.58043768634,0.654009048422,0.750341656976,
    0.821884750926,0.878375475824,0.920234446733,1.),.UNSPECIFIED.);
#218 = CARTESIAN_POINT('',(-52.,2.6645352591E-15,-298.));
#219 = CARTESIAN_POINT('',(-52.,0.263602500092,-298.));
#220 = CARTESIAN_POINT('',(-51.99844104299,0.526706357838,
    -297.9837864624));
#221 = CARTESIAN_POINT('',(-51.99533358418,0.787325337439,
    -297.9514701894));
#222 = CARTESIAN_POINT('',(-51.99075875721,1.04350189073,-297.9035621979
    ));
#223 = CARTESIAN_POINT('',(-51.98486475447,1.293361957773,
    -297.8409647318));
#224 = CARTESIAN_POINT('',(-51.97785335412,1.535168564712,
    -297.7649633591));
#225 = CARTESIAN_POINT('',(-51.95793729932,2.120803735814,
    -297.5436702685));
#226 = CARTESIAN_POINT('',(-51.94386975494,2.451908416825,
    -297.3829506513));
#227 = CARTESIAN_POINT('',(-51.92842711568,2.759598568565,
    -297.1992947634));
#228 = CARTESIAN_POINT('',(-51.91225553802,3.043302726188,
    -296.9965161433));
#229 = CARTESIAN_POINT('',(-51.89592447683,3.302868430625,
    -296.7780716712));
#230 = CARTESIAN_POINT('',(-51.87990373077,3.538474578992,
    -296.5471177392));
#231 = CARTESIAN_POINT('',(-51.85278073673,3.913544993238,-296.121683864
    ));
#232 = CARTESIAN_POINT('',(-51.8413714342,4.063011666851,-295.9307145538
    ));
#233 = CARTESIAN_POINT('',(-51.83049277508,4.199307002258,
    -295.7346206016));
#234 = CARTESIAN_POINT('',(-51.82026857959,4.322779926212,
    -295.5342152371));
#235 = CARTESIAN_POINT('',(-51.81079760866,4.433761647682,
    -295.3301792299));
#236 = CARTESIAN_POINT('',(-51.80215813105,4.532550646593,
    -295.1230844056));
#237 = CARTESIAN_POINT('',(-51.7846029679,4.729385694872,-294.6478825625
    ));
#238 = CARTESIAN_POINT('',(-51.77622725765,4.82022130102,-294.3782190891
    ));
#239 = CARTESIAN_POINT('',(-51.76941315366,4.892385884897,
    -294.1054799316));
#240 = CARTESIAN_POINT('',(-51.764248859,4.946253746348,-293.8305488755)
  );
#241 = CARTESIAN_POINT('',(-51.76078842301,4.98208191765,-293.5541926304
    ));
#242 = CARTESIAN_POINT('',(-51.75905717843,5.,-293.277113158));
#243 = CARTESIAN_POINT('',(-51.75905717843,5.,-292.7228868419));
#244 = CARTESIAN_POINT('',(-51.76078842301,4.98208191765,-292.4458073695
    ));
#245 = CARTESIAN_POINT('',(-51.764248859,4.946253746348,-292.1694511244)
  );
#246 = CARTESIAN_POINT('',(-51.76941315366,4.892385884897,
    -291.8945200683));
#247 = CARTESIAN_POINT('',(-51.77622725765,4.82022130102,-291.6217809108
    ));
#248 = CARTESIAN_POINT('',(-51.7846029679,4.729385694871,-291.3521174374
    ));
#249 = CARTESIAN_POINT('',(-51.80215813063,4.532550651332,
    -290.8769156058));
#250 = CARTESIAN_POINT('',(-51.81079760923,4.433761640445,
    -290.6698207592));
#251 = CARTESIAN_POINT('',(-51.82026857994,4.322779922245,
    -290.4657847536));
#252 = CARTESIAN_POINT('',(-51.83049277456,4.199307009342,
    -290.2653794066));
#253 = CARTESIAN_POINT('',(-51.84137143367,4.063011673447,
    -290.0692854572));
#254 = CARTESIAN_POINT('',(-51.85278073738,3.913544984229,
    -289.8783161257));
#255 = CARTESIAN_POINT('',(-51.87330089508,3.629781914563,
    -289.5564501032));
#256 = CARTESIAN_POINT('',(-51.88224387827,3.501552176221,
    -289.4227699924));
#257 = CARTESIAN_POINT('',(-51.89133150577,3.365752610877,
    -289.2928392266));
#258 = CARTESIAN_POINT('',(-51.9004893508,3.22228103987,-289.1671385968)
  );
#259 = CARTESIAN_POINT('',(-51.90963312257,3.071052886695,
    -289.0461959985));
#260 = CARTESIAN_POINT('',(-51.91866854922,2.912007435568,
    -288.9305916304));
#261 = CARTESIAN_POINT('',(-51.94000714285,2.508359500441,
    -288.6654444959));
#262 = CARTESIAN_POINT('',(-51.95214469874,2.254872787902,
    -288.5213351677));
#263 = CARTESIAN_POINT('',(-51.96353291393,1.985620084033,
    -288.3914681526));
#264 = CARTESIAN_POINT('',(-51.97377838115,1.701931414386,
    -288.2784112777));
#265 = CARTESIAN_POINT('',(-51.98250000064,1.405460891291,
    -288.1844556003));
#266 = CARTESIAN_POINT('',(-51.98936368048,1.098146906728,
    -288.1116037542));
#267 = CARTESIAN_POINT('',(-51.99826460109,0.506467179683,
    -288.0178908918));
#268 = CARTESIAN_POINT('',(-52.0007897831,0.225203849192,-287.9917511855
    ));
#269 = CARTESIAN_POINT('',(-52.00152833792,-5.889472840689E-02,
    -287.9842227051));
#270 = CARTESIAN_POINT('',(-52.00041141578,-0.342987913004,
    -287.9957078091));
#271 = CARTESIAN_POINT('',(-51.99748444878,-0.624220656508,
    -288.0259331995));
#272 = CARTESIAN_POINT('',(-51.99290194245,-0.899826006502,
    -288.0739531427));
#273 = CARTESIAN_POINT('',(-51.98123699867,-1.419368767473,
    -288.198684324));
#274 = CARTESIAN_POINT('',(-51.97431651502,-1.664019336446,
    -288.2735548425));
#275 = CARTESIAN_POINT('',(-51.96631090863,-1.900200081771,
    -288.3616450953));
#276 = CARTESIAN_POINT('',(-51.9574176268,-2.127055269032,
    -288.4617538651));
#277 = CARTESIAN_POINT('',(-51.94784576526,-2.343859650089,
    -288.5725979319));
#278 = CARTESIAN_POINT('',(-51.93780445696,-2.550026239342,
    -288.6928144277));
#279 = CARTESIAN_POINT('',(-51.91197868871,-3.038555062329,
    -289.013717884));
#280 = CARTESIAN_POINT('',(-51.89581917336,-3.307534245379,
    -289.2248145529));
#281 = CARTESIAN_POINT('',(-51.87957451996,-3.552401367296,
    -289.4508268667));
#282 = CARTESIAN_POINT('',(-51.86370729418,-3.773735849542,
    -289.6889367716));
#283 = CARTESIAN_POINT('',(-51.84858144071,-3.972245893158,
    -289.9368374925));
#284 = CARTESIAN_POINT('',(-51.83447409341,-4.148674172296,
    -290.1926414249));
#285 = CARTESIAN_POINT('',(-51.80473967904,-4.506710572773,
    -290.7980479155));
#286 = CARTESIAN_POINT('',(-51.7899758851,-4.673234581993,
    -291.1525215648));
#287 = CARTESIAN_POINT('',(-51.77778573844,-4.804785065277,
    -291.5148935088));
#288 = CARTESIAN_POINT('',(-51.76846708812,-4.902588677137,
    -291.8826717214));
#289 = CARTESIAN_POINT('',(-51.76219546285,-4.967513750597,
    -292.2538915265));
#290 = CARTESIAN_POINT('',(-51.75905717843,-5.,-292.6268677487));
#291 = CARTESIAN_POINT('',(-51.75905717843,-5.,-293.2771131822));
#292 = CARTESIAN_POINT('',(-51.76078842251,-4.982081923251,
    -293.5541926065));
#293 = CARTESIAN_POINT('',(-51.76424885896,-4.946253746712,
    -293.830548856));
#294 = CARTESIAN_POINT('',(-51.76941315432,-4.892385877479,
    -294.1054799504));
#295 = CARTESIAN_POINT('',(-51.77622725802,-4.820221296877,
    -294.3782191132));
#296 = CARTESIAN_POINT('',(-51.78460296703,-4.72938570455,
    -294.6478825391));
#297 = CARTESIAN_POINT('',(-51.80215813105,-4.532550646593,
    -295.1230844056));
#298 = CARTESIAN_POINT('',(-51.81079760866,-4.433761647682,
    -295.3301792299));
#299 = CARTESIAN_POINT('',(-51.82026857959,-4.322779926212,
    -295.5342152371));
#300 = CARTESIAN_POINT('',(-51.83049277508,-4.199307002258,
    -295.7346206016));
#301 = CARTESIAN_POINT('',(-51.8413714342,-4.063011666851,
    -295.9307145538));
#302 = CARTESIAN_POINT('',(-51.85278073673,-3.913544993238,
    -296.121683864));
#303 = CARTESIAN_POINT('',(-51.87330089508,-3.629781914562,
    -296.4435498967));
#304 = CARTESIAN_POINT('',(-51.88224387827,-3.501552176221,
    -296.5772300075));
#305 = CARTESIAN_POINT('',(-51.89133150577,-3.365752610878,
    -296.7071607733));
#306 = CARTESIAN_POINT('',(-51.9004893508,-3.222281039871,
    -296.8328614031));
#307 = CARTESIAN_POINT('',(-51.90963312257,-3.071052886695,
    -296.9538040014));
#308 = CARTESIAN_POINT('',(-51.91866854922,-2.912007435566,
    -297.0694083695));
#309 = CARTESIAN_POINT('',(-51.94430362971,-2.427085725758,
    -297.3879423953));
#310 = CARTESIAN_POINT('',(-51.96054402703,-2.076771226874,
    -297.5776368825));
#311 = CARTESIAN_POINT('',(-51.97521113408,-1.697420278747,
    -297.7396974695));
#312 = CARTESIAN_POINT('',(-51.98723945266,-1.293766775415,
    -297.8672880937));
#313 = CARTESIAN_POINT('',(-51.99569360529,-0.871745125051,
    -297.955213991));
#314 = CARTESIAN_POINT('',(-52.,-0.438110242722,-298.));
#315 = CARTESIAN_POINT('',(-52.,2.6645352591E-15,-298.));
#316 = PCURVE('',#33,#317);
#317 = DEFINITIONAL_REPRESENTATION('',(#318),#417);
#318 = B_SPLINE_CURVE_WITH_KNOTS('',7,(#319,#320,#321,#322,#323,#324,
    #325,#326,#327,#328,#329,#330,#331,#332,#333,#334,#335,#336,#337,
    #338,#339,#340,#341,#342,#343,#344,#345,#346,#347,#348,#349,#350,
    #351,#352,#353,#354,#355,#356,#357,#358,#359,#360,#361,#362,#363,
    #364,#365,#366,#367,#368,#369,#370,#371,#372,#373,#374,#375,#376,
    #377,#378,#379,#380,#381,#382,#383,#384,#385,#386,#387,#388,#389,
    #390,#391,#392,#393,#394,#395,#396,#397,#398,#399,#400,#401,#402,
    #403,#404,#405,#406,#407,#408,#409,#410,#411,#412,#413,#414,#415,
    #416),.UNSPECIFIED.,.F.,.F.,(8,6,6,6,6,6,6,6,6,6,6,6,6,6,6,6,8),(0.,
    4.834856912906E-02,0.121937696366,0.178492874745,0.250117589977,
    0.321742305209,0.378297480502,0.42020421072,0.479653020244,
    0.531525365803,0.58043768634,0.654009048422,0.750341656976,
    0.821884750926,0.878375475824,0.920234446733,1.),.UNSPECIFIED.);
#319 = CARTESIAN_POINT('',(3.14159265359,2.5));
#320 = CARTESIAN_POINT('',(3.136523374742,2.5));
#321 = CARTESIAN_POINT('',(3.131463685033,2.516213537585));
#322 = CARTESIAN_POINT('',(3.126451569311,2.548529810523));
#323 = CARTESIAN_POINT('',(3.121524461641,2.596437802018));
#324 = CARTESIAN_POINT('',(3.116718238841,2.659035268186));
#325 = CARTESIAN_POINT('',(3.112066215539,2.735036640878));
#326 = CARTESIAN_POINT('',(3.100797490116,2.956329731426));
#327 = CARTESIAN_POINT('',(3.094424577028,3.117049348638));
#328 = CARTESIAN_POINT('',(3.088500268046,3.30070523653));
#329 = CARTESIAN_POINT('',(3.083035754027,3.503483856687));
#330 = CARTESIAN_POINT('',(3.078034341118,3.72192832878));
#331 = CARTESIAN_POINT('',(3.073493033385,3.95288226071));
#332 = CARTESIAN_POINT('',(3.066261305941,4.378316135966));
#333 = CARTESIAN_POINT('',(3.0633786074,4.569285446195));
#334 = CARTESIAN_POINT('',(3.060749230844,4.765379398366));
#335 = CARTESIAN_POINT('',(3.058366640012,4.965784762851));
#336 = CARTESIAN_POINT('',(3.056224625879,5.169820770057));
#337 = CARTESIAN_POINT('',(3.05431758959,5.376915594384));
#338 = CARTESIAN_POINT('',(3.050517275255,5.852117437488));
#339 = CARTESIAN_POINT('',(3.048763033412,6.121780910846));
#340 = CARTESIAN_POINT('',(3.047369084814,6.394520068395));
#341 = CARTESIAN_POINT('',(3.04632841485,6.669451124488));
#342 = CARTESIAN_POINT('',(3.045636203839,6.945807369558));
#343 = CARTESIAN_POINT('',(3.045290021517,7.22288684199));
#344 = CARTESIAN_POINT('',(3.045290021517,7.77711315801));
#345 = CARTESIAN_POINT('',(3.045636203839,8.054192630442));
#346 = CARTESIAN_POINT('',(3.04632841485,8.330548875512));
#347 = CARTESIAN_POINT('',(3.047369084814,8.605479931605));
#348 = CARTESIAN_POINT('',(3.048763033412,8.878219089154));
#349 = CARTESIAN_POINT('',(3.050517275255,9.147882562512));
#350 = CARTESIAN_POINT('',(3.054317589499,9.623084394175));
#351 = CARTESIAN_POINT('',(3.056224626019,9.830179240763));
#352 = CARTESIAN_POINT('',(3.058366640089,10.034215246304));
#353 = CARTESIAN_POINT('',(3.060749230707,10.234620593358));
#354 = CARTESIAN_POINT('',(3.063378607273,10.430714542794));
#355 = CARTESIAN_POINT('',(3.066261306115,10.621683874253));
#356 = CARTESIAN_POINT('',(3.071732537917,10.94354989673));
#357 = CARTESIAN_POINT('',(3.074204476116,11.077230007557));
#358 = CARTESIAN_POINT('',(3.076821830182,11.2071607734));
#359 = CARTESIAN_POINT('',(3.079586488498,11.332861403158));
#360 = CARTESIAN_POINT('',(3.082500003894,11.453804001419));
#361 = CARTESIAN_POINT('',(3.085563478273,11.569408369561));
#362 = CARTESIAN_POINT('',(3.093336777644,11.834555504015));
#363 = CARTESIAN_POINT('',(3.098217050453,11.978664832224));
#364 = CARTESIAN_POINT('',(3.103399476814,12.108531847369));
#365 = CARTESIAN_POINT('',(3.108858383941,12.22158872223));
#366 = CARTESIAN_POINT('',(3.114561991674,12.31554439965));
#367 = CARTESIAN_POINT('',(3.120473189046,12.388396245724));
#368 = CARTESIAN_POINT('',(3.13185293277,12.482109108143));
#369 = CARTESIAN_POINT('',(3.137261961911,12.508248814491));
#370 = CARTESIAN_POINT('',(3.142725233661,12.515777294856));
#371 = CARTESIAN_POINT('',(3.14818839968,12.504292190865));
#372 = CARTESIAN_POINT('',(3.153596843269,12.474066800461));
#373 = CARTESIAN_POINT('',(3.158897589289,12.426046857297));
#374 = CARTESIAN_POINT('',(3.168891314232,12.301315675954));
#375 = CARTESIAN_POINT('',(3.173597933826,12.226445157456));
#376 = CARTESIAN_POINT('',(3.178142370811,12.138354904698));
#377 = CARTESIAN_POINT('',(3.182508219553,12.038246134808));
#378 = CARTESIAN_POINT('',(3.18668152325,11.927402068096));
#379 = CARTESIAN_POINT('',(3.190650931845,11.807185572299));
#380 = CARTESIAN_POINT('',(3.200058835272,11.486282115993));
#381 = CARTESIAN_POINT('',(3.205240704265,11.275185447025));
#382 = CARTESIAN_POINT('',(3.209959907802,11.049173133281));
#383 = CARTESIAN_POINT('',(3.214227176948,10.811063228333));
#384 = CARTESIAN_POINT('',(3.218055699055,10.56316250742));
#385 = CARTESIAN_POINT('',(3.221459363714,10.307358575044));
#386 = CARTESIAN_POINT('',(3.228368382546,9.701952084427));
#387 = CARTESIAN_POINT('',(3.23158327928,9.347478435177));
#388 = CARTESIAN_POINT('',(3.234123915306,8.985106491187));
#389 = CARTESIAN_POINT('',(3.236013271863,8.61732827854));
#390 = CARTESIAN_POINT('',(3.237267641383,8.24610847347));
#391 = CARTESIAN_POINT('',(3.237895285663,7.873132251289));
#392 = CARTESIAN_POINT('',(3.237895285663,7.222886817759));
#393 = CARTESIAN_POINT('',(3.237549103448,6.9458073935));
#394 = CARTESIAN_POINT('',(3.236856892336,6.669451143963));
#395 = CARTESIAN_POINT('',(3.235816222222,6.394520049538));
#396 = CARTESIAN_POINT('',(3.234422273688,6.121780886767));
#397 = CARTESIAN_POINT('',(3.232668032111,5.852117460854));
#398 = CARTESIAN_POINT('',(3.228867717589,5.376915594384));
#399 = CARTESIAN_POINT('',(3.2269606813,5.169820770058));
#400 = CARTESIAN_POINT('',(3.224818667167,4.965784762851));
#401 = CARTESIAN_POINT('',(3.222436076336,4.765379398366));
#402 = CARTESIAN_POINT('',(3.21980669978,4.569285446195));
#403 = CARTESIAN_POINT('',(3.216924001239,4.378316135966));
#404 = CARTESIAN_POINT('',(3.211452769263,4.056450103268));
#405 = CARTESIAN_POINT('',(3.208980831064,3.922769992443));
#406 = CARTESIAN_POINT('',(3.206363476997,3.792839226601));
#407 = CARTESIAN_POINT('',(3.203598818681,3.667138596843));
#408 = CARTESIAN_POINT('',(3.200685303286,3.54619599858));
#409 = CARTESIAN_POINT('',(3.197621828906,3.430591630437));
#410 = CARTESIAN_POINT('',(3.188283389901,3.112057604616));
#411 = CARTESIAN_POINT('',(3.181539479531,2.922363117455));
#412 = CARTESIAN_POINT('',(3.174239173739,2.76030253043));
#413 = CARTESIAN_POINT('',(3.166473758693,2.632711906252));
#414 = CARTESIAN_POINT('',(3.158356983371,2.544786008913));
#415 = CARTESIAN_POINT('',(3.150017850565,2.5));
#416 = CARTESIAN_POINT('',(3.14159265359,2.5));
#417 = ( GEOMETRIC_REPRESENTATION_CONTEXT(2) 
PARAMETRIC_REPRESENTATION_CONTEXT() REPRESENTATION_CONTEXT('2D SPACE',''
  ) );
#418 = PCURVE('',#419,#424);
#419 = CYLINDRICAL_SURFACE('',#420,5.);
#420 = AXIS2_PLACEMENT_3D('',#421,#422,#423);
#421 = CARTESIAN_POINT('',(-63.,0.,-293.));
#422 = DIRECTION('',(1.,0.,2.22044604925E-16));
#423 = DIRECTION('',(2.22044604925E-16,0.,-1.));
#424 = DEFINITIONAL_REPRESENTATION('',(#425),#524);
#425 = B_SPLINE_CURVE_WITH_KNOTS('',7,(#426,#427,#428,#429,#430,#431,
    #432,#433,#434,#435,#436,#437,#438,#439,#440,#441,#442,#443,#444,
    #445,#446,#447,#448,#449,#450,#451,#452,#453,#454,#455,#456,#457,
    #458,#459,#460,#461,#462,#463,#464,#465,#466,#467,#468,#469,#470,
    #471,#472,#473,#474,#475,#476,#477,#478,#479,#480,#481,#482,#483,
    #484,#485,#486,#487,#488,#489,#490,#491,#492,#493,#494,#495,#496,
    #497,#498,#499,#500,#501,#502,#503,#504,#505,#506,#507,#508,#509,
    #510,#511,#512,#513,#514,#515,#516,#517,#518,#519,#520,#521,#522,
    #523),.UNSPECIFIED.,.F.,.F.,(8,6,6,6,6,6,6,6,6,6,6,6,6,6,6,6,8),(0.,
    4.834856912906E-02,0.121937696366,0.178492874745,0.250117589977,
    0.321742305209,0.378297480502,0.42020421072,0.479653020244,
    0.531525365803,0.58043768634,0.654009048422,0.750341656976,
    0.821884750926,0.878375475824,0.920234446733,1.),.UNSPECIFIED.);
#426 = CARTESIAN_POINT('',(0.,11.));
#427 = CARTESIAN_POINT('',(5.272050001847E-02,11.));
#428 = CARTESIAN_POINT('',(0.105341267946,11.001558957009));
#429 = CARTESIAN_POINT('',(0.157704419711,11.00466641582));
#430 = CARTESIAN_POINT('',(0.209653632619,11.009241242787));
#431 = CARTESIAN_POINT('',(0.261024854151,11.015135245528));
#432 = CARTESIAN_POINT('',(0.311637073403,11.022146645878));
#433 = CARTESIAN_POINT('',(0.436847166535,11.042062700671));
#434 = CARTESIAN_POINT('',(0.510155341995,11.056130245057));
#435 = CARTESIAN_POINT('',(0.581408487608,11.071572884314));
#436 = CARTESIAN_POINT('',(0.650747606613,11.087744461976));
#437 = CARTESIAN_POINT('',(0.718280407385,11.104075523161));
#438 = CARTESIAN_POINT('',(0.784090605011,11.120096269224));
#439 = CARTESIAN_POINT('',(0.897522839911,11.147219263265));
#440 = CARTESIAN_POINT('',(0.945941456367,11.158628565799));
#441 = CARTESIAN_POINT('',(0.993581954184,11.169507224919));
#442 = CARTESIAN_POINT('',(1.040533761065,11.179731420405));
#443 = CARTESIAN_POINT('',(1.086881827008,11.189202391331));
#444 = CARTESIAN_POINT('',(1.132708807229,11.197841868941));
#445 = CARTESIAN_POINT('',(1.235579760937,11.215397032099));
#446 = CARTESIAN_POINT('',(1.292359514771,11.223772742347));
#447 = CARTESIAN_POINT('',(1.348588208477,11.23058684634));
#448 = CARTESIAN_POINT('',(1.404408441611,11.235751140999));
#449 = CARTESIAN_POINT('',(1.459957925141,11.239211576982));
#450 = CARTESIAN_POINT('',(1.515373695193,11.24094282157));
#451 = CARTESIAN_POINT('',(1.626218958397,11.24094282157));
#452 = CARTESIAN_POINT('',(1.681634728449,11.239211576982));
#453 = CARTESIAN_POINT('',(1.737184211979,11.235751140999));
#454 = CARTESIAN_POINT('',(1.793004445112,11.23058684634));
#455 = CARTESIAN_POINT('',(1.849233138819,11.223772742347));
#456 = CARTESIAN_POINT('',(1.906012892653,11.215397032099));
#457 = CARTESIAN_POINT('',(2.008883843884,11.197841869364));
#458 = CARTESIAN_POINT('',(2.054710829213,11.189202390769));
#459 = CARTESIAN_POINT('',(2.101058894521,11.179731420054));
#460 = CARTESIAN_POINT('',(2.148010697227,11.169507225438));
#461 = CARTESIAN_POINT('',(2.195651194628,11.158628566327));
#462 = CARTESIAN_POINT('',(2.244069816404,11.147219262614));
#463 = CARTESIAN_POINT('',(2.329888046665,11.126699104917));
#464 = CARTESIAN_POINT('',(2.366902955738,11.117756121725));
#465 = CARTESIAN_POINT('',(2.404436300914,11.108668494226));
#466 = CARTESIAN_POINT('',(2.44251846161,11.099510649196));
#467 = CARTESIAN_POINT('',(2.481181961947,11.090366877422));
#468 = CARTESIAN_POINT('',(2.520462172603,11.081331450776));
#469 = CARTESIAN_POINT('',(2.617050921107,11.059992857148));
#470 = CARTESIAN_POINT('',(2.675247785201,11.047855301258));
#471 = CARTESIAN_POINT('',(2.734813811413,11.036467086063));
#472 = CARTESIAN_POINT('',(2.795613674892,11.026221618841));
#473 = CARTESIAN_POINT('',(2.857544755199,11.017499999356));
#474 = CARTESIAN_POINT('',(2.920530372024,11.010636319514));
#475 = CARTESIAN_POINT('',(3.040341389878,11.001735398905));
#476 = CARTESIAN_POINT('',(3.09671931467,10.999210216893));
#477 = CARTESIAN_POINT('',(3.1533592673,10.998471662072));
#478 = CARTESIAN_POINT('',(3.209996805501,10.99958858422));
#479 = CARTESIAN_POINT('',(3.2663722224,11.002515551213));
#480 = CARTESIAN_POINT('',(3.322212290877,11.007098057543));
#481 = CARTESIAN_POINT('',(3.429073424706,11.018763001321));
#482 = CARTESIAN_POINT('',(3.480147322159,11.025683484977));
#483 = CARTESIAN_POINT('',(3.530418836823,11.033689091365));
#484 = CARTESIAN_POINT('',(3.579862619759,11.0425823732));
#485 = CARTESIAN_POINT('',(3.628441458266,11.052154234733));
#486 = CARTESIAN_POINT('',(3.6761048029,11.062195543033));
#487 = CARTESIAN_POINT('',(3.793004664176,11.088021311288));
#488 = CARTESIAN_POINT('',(3.861147113939,11.104180826638));
#489 = CARTESIAN_POINT('',(3.927461659287,11.120425480031));
#490 = CARTESIAN_POINT('',(3.992152683371,11.136292705812));
#491 = CARTESIAN_POINT('',(4.055407090754,11.151418559289));
#492 = CARTESIAN_POINT('',(4.117405322023,11.165525906586));
#493 = CARTESIAN_POINT('',(4.25807615524,11.195260320957));
#494 = CARTESIAN_POINT('',(4.336052056812,11.210024114898));
#495 = CARTESIAN_POINT('',(4.412654325486,11.222214261553));
#496 = CARTESIAN_POINT('',(4.488245185198,11.231532911879));
#497 = CARTESIAN_POINT('',(4.563167007432,11.237804537144));
#498 = CARTESIAN_POINT('',(4.637762530127,11.24094282157));
#499 = CARTESIAN_POINT('',(4.767811616833,11.24094282157));
#500 = CARTESIAN_POINT('',(4.823227377048,11.239211577487));
#501 = CARTESIAN_POINT('',(4.878776861671,11.235751141035));
#502 = CARTESIAN_POINT('',(4.934597102756,11.230586845675));
#503 = CARTESIAN_POINT('',(4.990825797369,11.223772741972));
#504 = CARTESIAN_POINT('',(5.047605541184,11.215397032962));
#505 = CARTESIAN_POINT('',(5.150476499951,11.197841868941));
#506 = CARTESIAN_POINT('',(5.196303480172,11.189202391331));
#507 = CARTESIAN_POINT('',(5.242651546115,11.179731420405));
#508 = CARTESIAN_POINT('',(5.289603352996,11.169507224919));
#509 = CARTESIAN_POINT('',(5.337243850812,11.158628565799));
#510 = CARTESIAN_POINT('',(5.385662467269,11.147219263265));
#511 = CARTESIAN_POINT('',(5.471480700256,11.126699104917));
#512 = CARTESIAN_POINT('',(5.508495609328,11.117756121725));
#513 = CARTESIAN_POINT('',(5.546028954503,11.108668494226));
#514 = CARTESIAN_POINT('',(5.584111115199,11.099510649196));
#515 = CARTESIAN_POINT('',(5.622774615537,11.090366877422));
#516 = CARTESIAN_POINT('',(5.662054826193,11.081331450775));
#517 = CARTESIAN_POINT('',(5.778091542839,11.055696370285));
#518 = CARTESIAN_POINT('',(5.857479988414,11.039455972963));
#519 = CARTESIAN_POINT('',(5.939407475154,11.024788865916));
#520 = CARTESIAN_POINT('',(6.023332989836,11.012760547331));
#521 = CARTESIAN_POINT('',(6.108836323957,11.004306394709));
#522 = CARTESIAN_POINT('',(6.195563258635,11.));
#523 = CARTESIAN_POINT('',(6.28318530718,11.));
#524 = ( GEOMETRIC_REPRESENTATION_CONTEXT(2) 
PARAMETRIC_REPRESENTATION_CONTEXT() REPRESENTATION_CONTEXT('2D SPACE',''
  ) );
#525 = ADVANCED_FACE('',(#526,#861),#45,.T.);
#526 = FACE_BOUND('',#527,.T.);
#527 = EDGE_LOOP('',(#528,#529,#530,#551,#579,#605,#631,#657,#683,#709,
    #738,#764,#793,#819,#842));
#528 = ORIENTED_EDGE('',*,*,#108,.T.);
#529 = ORIENTED_EDGE('',*,*,#21,.T.);
#530 = ORIENTED_EDGE('',*,*,#531,.T.);
#531 = EDGE_CURVE('',#24,#532,#534,.T.);
#532 = VERTEX_POINT('',#533);
#533 = CARTESIAN_POINT('',(-30.7901233442,36.170865101255,-280.5));
#534 = SURFACE_CURVE('',#535,(#539,#545),.PCURVE_S1.);
#535 = LINE('',#536,#537);
#536 = CARTESIAN_POINT('',(-3.099278307947,6.476069330226,-280.5));
#537 = VECTOR('',#538,1.);
#538 = DIRECTION('',(0.681998360062,-0.731353701619,0.));
#539 = PCURVE('',#45,#540);
#540 = DEFINITIONAL_REPRESENTATION('',(#541),#544);
#541 = B_SPLINE_CURVE_WITH_KNOTS('',1,(#542,#543),.UNSPECIFIED.,.F.,.F.,
  (2,2),(-51.45,-6.85),.PIECEWISE_BEZIER_KNOTS.);
#542 = CARTESIAN_POINT('',(-38.18809393316,44.104217278532));
#543 = CARTESIAN_POINT('',(-7.770967074375,11.485842186317));
#544 = ( GEOMETRIC_REPRESENTATION_CONTEXT(2) 
PARAMETRIC_REPRESENTATION_CONTEXT() REPRESENTATION_CONTEXT('2D SPACE',''
  ) );
#545 = PCURVE('',#200,#546);
#546 = DEFINITIONAL_REPRESENTATION('',(#547),#550);
#547 = B_SPLINE_CURVE_WITH_KNOTS('',1,(#548,#549),.UNSPECIFIED.,.F.,.F.,
  (2,2),(-51.45,-6.85),.PIECEWISE_BEZIER_KNOTS.);
#548 = CARTESIAN_POINT('',(1.3,44.6));
#549 = CARTESIAN_POINT('',(1.3,0.));
#550 = ( GEOMETRIC_REPRESENTATION_CONTEXT(2) 
PARAMETRIC_REPRESENTATION_CONTEXT() REPRESENTATION_CONTEXT('2D SPACE',''
  ) );
#551 = ORIENTED_EDGE('',*,*,#552,.T.);
#552 = EDGE_CURVE('',#532,#553,#555,.T.);
#553 = VERTEX_POINT('',#554);
#554 = CARTESIAN_POINT('',(-27.4687841869,38.957799563162,-280.5));
#555 = SURFACE_CURVE('',#556,(#560,#567),.PCURVE_S1.);
#556 = LINE('',#557,#558);
#557 = CARTESIAN_POINT('',(-40.09669187762,28.361726877341,-280.5));
#558 = VECTOR('',#559,1.);
#559 = DIRECTION('',(0.766044443119,0.642787609687,0.));
#560 = PCURVE('',#45,#561);
#561 = DEFINITIONAL_REPRESENTATION('',(#562),#566);
#562 = LINE('',#563,#564);
#563 = CARTESIAN_POINT('',(-40.09669187762,28.361726877341));
#564 = VECTOR('',#565,1.);
#565 = DIRECTION('',(0.766044443119,0.642787609687));
#566 = ( GEOMETRIC_REPRESENTATION_CONTEXT(2) 
PARAMETRIC_REPRESENTATION_CONTEXT() REPRESENTATION_CONTEXT('2D SPACE',''
  ) );
#567 = PCURVE('',#568,#573);
#568 = PLANE('',#569);
#569 = AXIS2_PLACEMENT_3D('',#570,#571,#572);
#570 = CARTESIAN_POINT('',(-33.78273803226,33.659763220251,
    -288.7422813742));
#571 = DIRECTION('',(-0.642787609687,0.766044443119,0.));
#572 = DIRECTION('',(0.54167522042,0.454519477672,0.707106781187));
#573 = DEFINITIONAL_REPRESENTATION('',(#574),#578);
#574 = LINE('',#575,#576);
#575 = CARTESIAN_POINT('',(-2.318183408632E-15,-11.65634610434));
#576 = VECTOR('',#577,1.);
#577 = DIRECTION('',(0.707106781187,0.707106781187));
#578 = ( GEOMETRIC_REPRESENTATION_CONTEXT(2) 
PARAMETRIC_REPRESENTATION_CONTEXT() REPRESENTATION_CONTEXT('2D SPACE',''
  ) );
#579 = ORIENTED_EDGE('',*,*,#580,.T.);
#580 = EDGE_CURVE('',#553,#581,#583,.T.);
#581 = VERTEX_POINT('',#582);
#582 = CARTESIAN_POINT('',(-9.792124920526,17.89157737739,-280.5));
#583 = SURFACE_CURVE('',#584,(#588,#594),.PCURVE_S1.);
#584 = LINE('',#585,#586);
#585 = CARTESIAN_POINT('',(-3.364248823661,10.231132946201,-280.5));
#586 = VECTOR('',#587,1.);
#587 = DIRECTION('',(0.642787609687,-0.766044443119,0.));
#588 = PCURVE('',#45,#589);
#589 = DEFINITIONAL_REPRESENTATION('',(#590),#593);
#590 = B_SPLINE_CURVE_WITH_KNOTS('',1,(#591,#592),.UNSPECIFIED.,.F.,.F.,
  (2,2),(-37.5,-10.),.PIECEWISE_BEZIER_KNOTS.);
#591 = CARTESIAN_POINT('',(-27.4687841869,38.957799563162));
#592 = CARTESIAN_POINT('',(-9.792124920526,17.89157737739));
#593 = ( GEOMETRIC_REPRESENTATION_CONTEXT(2) 
PARAMETRIC_REPRESENTATION_CONTEXT() REPRESENTATION_CONTEXT('2D SPACE',''
  ) );
#594 = PCURVE('',#595,#600);
#595 = PLANE('',#596);
#596 = AXIS2_PLACEMENT_3D('',#597,#598,#599);
#597 = CARTESIAN_POINT('',(-16.10607876588,12.59354103448,
    -288.7422813742));
#598 = DIRECTION('',(-0.54167522042,-0.454519477672,0.707106781187));
#599 = DIRECTION('',(0.54167522042,0.454519477672,0.707106781187));
#600 = DEFINITIONAL_REPRESENTATION('',(#601),#604);
#601 = B_SPLINE_CURVE_WITH_KNOTS('',1,(#602,#603),.UNSPECIFIED.,.F.,.F.,
  (2,2),(-37.5,-10.),.PIECEWISE_BEZIER_KNOTS.);
#602 = CARTESIAN_POINT('',(11.656346104343,27.5));
#603 = CARTESIAN_POINT('',(11.656346104343,0.));
#604 = ( GEOMETRIC_REPRESENTATION_CONTEXT(2) 
PARAMETRIC_REPRESENTATION_CONTEXT() REPRESENTATION_CONTEXT('2D SPACE',''
  ) );
#605 = ORIENTED_EDGE('',*,*,#606,.T.);
#606 = EDGE_CURVE('',#581,#607,#609,.T.);
#607 = VERTEX_POINT('',#608);
#608 = CARTESIAN_POINT('',(-12.00943015518,16.031037372777,-280.5));
#609 = SURFACE_CURVE('',#610,(#614,#620),.PCURVE_S1.);
#610 = LINE('',#611,#612);
#611 = CARTESIAN_POINT('',(-14.4809154798,13.95721494843,-280.5));
#612 = VECTOR('',#613,1.);
#613 = DIRECTION('',(-0.766044443119,-0.642787609687,0.));
#614 = PCURVE('',#45,#615);
#615 = DEFINITIONAL_REPRESENTATION('',(#616),#619);
#616 = B_SPLINE_CURVE_WITH_KNOTS('',1,(#617,#618),.UNSPECIFIED.,.F.,.F.,
  (2,2),(-6.120781374239,10.363781374239),.PIECEWISE_BEZIER_KNOTS.);
#617 = CARTESIAN_POINT('',(-9.792124920526,17.89157737739));
#618 = CARTESIAN_POINT('',(-22.42003261124,7.295504691569));
#619 = ( GEOMETRIC_REPRESENTATION_CONTEXT(2) 
PARAMETRIC_REPRESENTATION_CONTEXT() REPRESENTATION_CONTEXT('2D SPACE',''
  ) );
#620 = PCURVE('',#621,#626);
#621 = PLANE('',#622);
#622 = AXIS2_PLACEMENT_3D('',#623,#624,#625);
#623 = CARTESIAN_POINT('',(-16.10607876588,12.59354103448,
    -288.7422813742));
#624 = DIRECTION('',(-0.642787609687,0.766044443119,0.));
#625 = DIRECTION('',(0.54167522042,0.454519477672,0.707106781187));
#626 = DEFINITIONAL_REPRESENTATION('',(#627),#630);
#627 = B_SPLINE_CURVE_WITH_KNOTS('',1,(#628,#629),.UNSPECIFIED.,.F.,.F.,
  (2,2),(-6.120781374239,10.363781374239),.PIECEWISE_BEZIER_KNOTS.);
#628 = CARTESIAN_POINT('',(11.656346104343,5.978746090118E-17));
#629 = CARTESIAN_POINT('',(3.067684372286E-16,-11.65634610434));
#630 = ( GEOMETRIC_REPRESENTATION_CONTEXT(2) 
PARAMETRIC_REPRESENTATION_CONTEXT() REPRESENTATION_CONTEXT('2D SPACE',''
  ) );
#631 = ORIENTED_EDGE('',*,*,#632,.T.);
#632 = EDGE_CURVE('',#607,#633,#635,.T.);
#633 = VERTEX_POINT('',#634);
#634 = CARTESIAN_POINT('',(-7.770967074375,11.485842186317,-280.5));
#635 = SURFACE_CURVE('',#636,(#640,#646),.PCURVE_S1.);
#636 = LINE('',#637,#638);
#637 = CARTESIAN_POINT('',(-3.099278307947,6.476069330226,-280.5));
#638 = VECTOR('',#639,1.);
#639 = DIRECTION('',(0.681998360062,-0.731353701619,0.));
#640 = PCURVE('',#45,#641);
#641 = DEFINITIONAL_REPRESENTATION('',(#642),#645);
#642 = B_SPLINE_CURVE_WITH_KNOTS('',1,(#643,#644),.UNSPECIFIED.,.F.,.F.,
  (2,2),(-51.45,-6.85),.PIECEWISE_BEZIER_KNOTS.);
#643 = CARTESIAN_POINT('',(-38.18809393316,44.104217278532));
#644 = CARTESIAN_POINT('',(-7.770967074375,11.485842186317));
#645 = ( GEOMETRIC_REPRESENTATION_CONTEXT(2) 
PARAMETRIC_REPRESENTATION_CONTEXT() REPRESENTATION_CONTEXT('2D SPACE',''
  ) );
#646 = PCURVE('',#647,#652);
#647 = PLANE('',#648);
#648 = AXIS2_PLACEMENT_3D('',#649,#650,#651);
#649 = CARTESIAN_POINT('',(-7.770967074375,11.485842186317,-281.8));
#650 = DIRECTION('',(-0.731353701619,-0.681998360062,0.));
#651 = DIRECTION('',(0.,0.,1.));
#652 = DEFINITIONAL_REPRESENTATION('',(#653),#656);
#653 = B_SPLINE_CURVE_WITH_KNOTS('',1,(#654,#655),.UNSPECIFIED.,.F.,.F.,
  (2,2),(-51.45,-6.85),.PIECEWISE_BEZIER_KNOTS.);
#654 = CARTESIAN_POINT('',(1.3,44.6));
#655 = CARTESIAN_POINT('',(1.3,0.));
#656 = ( GEOMETRIC_REPRESENTATION_CONTEXT(2) 
PARAMETRIC_REPRESENTATION_CONTEXT() REPRESENTATION_CONTEXT('2D SPACE',''
  ) );
#657 = ORIENTED_EDGE('',*,*,#658,.T.);
#658 = EDGE_CURVE('',#633,#659,#661,.T.);
#659 = VERTEX_POINT('',#660);
#660 = CARTESIAN_POINT('',(-10.91578799133,8.553249238048,-280.5));
#661 = SURFACE_CURVE('',#662,(#666,#672),.PCURVE_S1.);
#662 = LINE('',#663,#664);
#663 = CARTESIAN_POINT('',(-8.557172303616,10.75269394925,-280.5));
#664 = VECTOR('',#665,1.);
#665 = DIRECTION('',(-0.731353701619,-0.681998360062,0.));
#666 = PCURVE('',#45,#667);
#667 = DEFINITIONAL_REPRESENTATION('',(#668),#671);
#668 = B_SPLINE_CURVE_WITH_KNOTS('',1,(#669,#670),.UNSPECIFIED.,.F.,.F.,
  (2,2),(-1.075,3.225),.PIECEWISE_BEZIER_KNOTS.);
#669 = CARTESIAN_POINT('',(-7.770967074375,11.485842186317));
#670 = CARTESIAN_POINT('',(-10.91578799133,8.553249238048));
#671 = ( GEOMETRIC_REPRESENTATION_CONTEXT(2) 
PARAMETRIC_REPRESENTATION_CONTEXT() REPRESENTATION_CONTEXT('2D SPACE',''
  ) );
#672 = PCURVE('',#673,#678);
#673 = PLANE('',#674);
#674 = AXIS2_PLACEMENT_3D('',#675,#676,#677);
#675 = CARTESIAN_POINT('',(-7.770967074375,11.485842186317,-281.8));
#676 = DIRECTION('',(-0.681998360062,0.731353701619,0.));
#677 = DIRECTION('',(0.,0.,1.));
#678 = DEFINITIONAL_REPRESENTATION('',(#679),#682);
#679 = B_SPLINE_CURVE_WITH_KNOTS('',1,(#680,#681),.UNSPECIFIED.,.F.,.F.,
  (2,2),(-1.075,3.225),.PIECEWISE_BEZIER_KNOTS.);
#680 = CARTESIAN_POINT('',(1.3,0.));
#681 = CARTESIAN_POINT('',(1.3,-4.3));
#682 = ( GEOMETRIC_REPRESENTATION_CONTEXT(2) 
PARAMETRIC_REPRESENTATION_CONTEXT() REPRESENTATION_CONTEXT('2D SPACE',''
  ) );
#683 = ORIENTED_EDGE('',*,*,#684,.F.);
#684 = EDGE_CURVE('',#685,#659,#687,.T.);
#685 = VERTEX_POINT('',#686);
#686 = CARTESIAN_POINT('',(-15.13333520206,13.076014899883,-280.5));
#687 = SURFACE_CURVE('',#688,(#692,#698),.PCURVE_S1.);
#688 = LINE('',#689,#690);
#689 = CARTESIAN_POINT('',(-6.244099224909,3.543476381957,-280.5));
#690 = VECTOR('',#691,1.);
#691 = DIRECTION('',(0.681998360062,-0.731353701619,0.));
#692 = PCURVE('',#45,#693);
#693 = DEFINITIONAL_REPRESENTATION('',(#694),#697);
#694 = B_SPLINE_CURVE_WITH_KNOTS('',1,(#695,#696),.UNSPECIFIED.,.F.,.F.,
  (2,2),(-51.45,-6.85),.PIECEWISE_BEZIER_KNOTS.);
#695 = CARTESIAN_POINT('',(-41.33291485012,41.171624330263));
#696 = CARTESIAN_POINT('',(-10.91578799133,8.553249238048));
#697 = ( GEOMETRIC_REPRESENTATION_CONTEXT(2) 
PARAMETRIC_REPRESENTATION_CONTEXT() REPRESENTATION_CONTEXT('2D SPACE',''
  ) );
#698 = PCURVE('',#699,#704);
#699 = PLANE('',#700);
#700 = AXIS2_PLACEMENT_3D('',#701,#702,#703);
#701 = CARTESIAN_POINT('',(-10.91578799133,8.553249238048,-281.8));
#702 = DIRECTION('',(-0.731353701619,-0.681998360062,0.));
#703 = DIRECTION('',(0.,0.,1.));
#704 = DEFINITIONAL_REPRESENTATION('',(#705),#708);
#705 = B_SPLINE_CURVE_WITH_KNOTS('',1,(#706,#707),.UNSPECIFIED.,.F.,.F.,
  (2,2),(-51.45,-6.85),.PIECEWISE_BEZIER_KNOTS.);
#706 = CARTESIAN_POINT('',(1.3,44.6));
#707 = CARTESIAN_POINT('',(1.3,0.));
#708 = ( GEOMETRIC_REPRESENTATION_CONTEXT(2) 
PARAMETRIC_REPRESENTATION_CONTEXT() REPRESENTATION_CONTEXT('2D SPACE',''
  ) );
#709 = ORIENTED_EDGE('',*,*,#710,.T.);
#710 = EDGE_CURVE('',#685,#711,#713,.T.);
#711 = VERTEX_POINT('',#712);
#712 = CARTESIAN_POINT('',(-6.840402866513,-18.79385241571,-280.5));
#713 = SURFACE_CURVE('',#714,(#719,#726),.PCURVE_S1.);
#714 = CIRCLE('',#715,20.);
#715 = AXIS2_PLACEMENT_3D('',#716,#717,#718);
#716 = CARTESIAN_POINT('',(0.,0.,-280.5));
#717 = DIRECTION('',(0.,0.,1.));
#718 = DIRECTION('',(1.,0.,-0.));
#719 = PCURVE('',#45,#720);
#720 = DEFINITIONAL_REPRESENTATION('',(#721),#725);
#721 = CIRCLE('',#722,20.);
#722 = AXIS2_PLACEMENT_2D('',#723,#724);
#723 = CARTESIAN_POINT('',(0.,0.));
#724 = DIRECTION('',(1.,0.));
#725 = ( GEOMETRIC_REPRESENTATION_CONTEXT(2) 
PARAMETRIC_REPRESENTATION_CONTEXT() REPRESENTATION_CONTEXT('2D SPACE',''
  ) );
#726 = PCURVE('',#727,#732);
#727 = CYLINDRICAL_SURFACE('',#728,20.);
#728 = AXIS2_PLACEMENT_3D('',#729,#730,#731);
#729 = CARTESIAN_POINT('',(0.,0.,-286.5));
#730 = DIRECTION('',(0.,0.,1.));
#731 = DIRECTION('',(1.,0.,-0.));
#732 = DEFINITIONAL_REPRESENTATION('',(#733),#737);
#733 = LINE('',#734,#735);
#734 = CARTESIAN_POINT('',(0.,6.));
#735 = VECTOR('',#736,1.);
#736 = DIRECTION('',(1.,0.));
#737 = ( GEOMETRIC_REPRESENTATION_CONTEXT(2) 
PARAMETRIC_REPRESENTATION_CONTEXT() REPRESENTATION_CONTEXT('2D SPACE',''
  ) );
#738 = ORIENTED_EDGE('',*,*,#739,.T.);
#739 = EDGE_CURVE('',#711,#740,#742,.T.);
#740 = VERTEX_POINT('',#741);
#741 = CARTESIAN_POINT('',(-16.24595680796,-44.63539948733,-280.5));
#742 = SURFACE_CURVE('',#743,(#747,#753),.PCURVE_S1.);
#743 = LINE('',#744,#745);
#744 = CARTESIAN_POINT('',(-16.24595680796,-44.63539948733,-280.5));
#745 = VECTOR('',#746,1.);
#746 = DIRECTION('',(-0.342020143326,-0.939692620786,0.));
#747 = PCURVE('',#45,#748);
#748 = DEFINITIONAL_REPRESENTATION('',(#749),#752);
#749 = B_SPLINE_CURVE_WITH_KNOTS('',1,(#750,#751),.UNSPECIFIED.,.F.,.F.,
  (2,2),(-27.5,-0.),.PIECEWISE_BEZIER_KNOTS.);
#750 = CARTESIAN_POINT('',(-6.840402866513,-18.79385241571));
#751 = CARTESIAN_POINT('',(-16.24595680796,-44.63539948733));
#752 = ( GEOMETRIC_REPRESENTATION_CONTEXT(2) 
PARAMETRIC_REPRESENTATION_CONTEXT() REPRESENTATION_CONTEXT('2D SPACE',''
  ) );
#753 = PCURVE('',#754,#759);
#754 = PLANE('',#755);
#755 = AXIS2_PLACEMENT_3D('',#756,#757,#758);
#756 = CARTESIAN_POINT('',(-32.49191361593,-89.27079897466,-287.5));
#757 = DIRECTION('',(-0.939692620786,0.342020143326,0.));
#758 = DIRECTION('',(0.342020143326,0.939692620786,0.));
#759 = DEFINITIONAL_REPRESENTATION('',(#760),#763);
#760 = B_SPLINE_CURVE_WITH_KNOTS('',1,(#761,#762),.UNSPECIFIED.,.F.,.F.,
  (2,2),(-27.5,-0.),.PIECEWISE_BEZIER_KNOTS.);
#761 = CARTESIAN_POINT('',(75.,-7.));
#762 = CARTESIAN_POINT('',(47.5,-7.));
#763 = ( GEOMETRIC_REPRESENTATION_CONTEXT(2) 
PARAMETRIC_REPRESENTATION_CONTEXT() REPRESENTATION_CONTEXT('2D SPACE',''
  ) );
#764 = ORIENTED_EDGE('',*,*,#765,.F.);
#765 = EDGE_CURVE('',#766,#740,#768,.T.);
#766 = VERTEX_POINT('',#767);
#767 = CARTESIAN_POINT('',(-39.02308824268,27.08225588838,-280.5));
#768 = SURFACE_CURVE('',#769,(#774,#781),.PCURVE_S1.);
#769 = CIRCLE('',#770,47.5);
#770 = AXIS2_PLACEMENT_3D('',#771,#772,#773);
#771 = CARTESIAN_POINT('',(0.,0.,-280.5));
#772 = DIRECTION('',(0.,0.,1.));
#773 = DIRECTION('',(1.,0.,-0.));
#774 = PCURVE('',#45,#775);
#775 = DEFINITIONAL_REPRESENTATION('',(#776),#780);
#776 = CIRCLE('',#777,47.5);
#777 = AXIS2_PLACEMENT_2D('',#778,#779);
#778 = CARTESIAN_POINT('',(0.,0.));
#779 = DIRECTION('',(1.,0.));
#780 = ( GEOMETRIC_REPRESENTATION_CONTEXT(2) 
PARAMETRIC_REPRESENTATION_CONTEXT() REPRESENTATION_CONTEXT('2D SPACE',''
  ) );
#781 = PCURVE('',#782,#787);
#782 = CYLINDRICAL_SURFACE('',#783,47.5);
#783 = AXIS2_PLACEMENT_3D('',#784,#785,#786);
#784 = CARTESIAN_POINT('',(0.,0.,-285.5));
#785 = DIRECTION('',(0.,0.,1.));
#786 = DIRECTION('',(1.,0.,-0.));
#787 = DEFINITIONAL_REPRESENTATION('',(#788),#792);
#788 = LINE('',#789,#790);
#789 = CARTESIAN_POINT('',(0.,5.));
#790 = VECTOR('',#791,1.);
#791 = DIRECTION('',(1.,0.));
#792 = ( GEOMETRIC_REPRESENTATION_CONTEXT(2) 
PARAMETRIC_REPRESENTATION_CONTEXT() REPRESENTATION_CONTEXT('2D SPACE',''
  ) );
#793 = ORIENTED_EDGE('',*,*,#794,.T.);
#794 = EDGE_CURVE('',#766,#795,#797,.T.);
#795 = VERTEX_POINT('',#796);
#796 = CARTESIAN_POINT('',(-40.09669187762,28.361726877341,-280.5));
#797 = SURFACE_CURVE('',#798,(#802,#808),.PCURVE_S1.);
#798 = LINE('',#799,#800);
#799 = CARTESIAN_POINT('',(-15.99215651437,-0.364939739621,-280.5));
#800 = VECTOR('',#801,1.);
#801 = DIRECTION('',(-0.642787609687,0.766044443119,0.));
#802 = PCURVE('',#45,#803);
#803 = DEFINITIONAL_REPRESENTATION('',(#804),#807);
#804 = B_SPLINE_CURVE_WITH_KNOTS('',1,(#805,#806),.UNSPECIFIED.,.F.,.F.,
  (2,2),(10.,37.5),.PIECEWISE_BEZIER_KNOTS.);
#805 = CARTESIAN_POINT('',(-22.42003261124,7.295504691569));
#806 = CARTESIAN_POINT('',(-40.09669187762,28.361726877341));
#807 = ( GEOMETRIC_REPRESENTATION_CONTEXT(2) 
PARAMETRIC_REPRESENTATION_CONTEXT() REPRESENTATION_CONTEXT('2D SPACE',''
  ) );
#808 = PCURVE('',#809,#814);
#809 = PLANE('',#810);
#810 = AXIS2_PLACEMENT_3D('',#811,#812,#813);
#811 = CARTESIAN_POINT('',(-16.10607876588,12.59354103448,
    -288.7422813742));
#812 = DIRECTION('',(0.54167522042,0.454519477672,0.707106781187));
#813 = DIRECTION('',(-0.642787609687,0.766044443119,0.));
#814 = DEFINITIONAL_REPRESENTATION('',(#815),#818);
#815 = B_SPLINE_CURVE_WITH_KNOTS('',1,(#816,#817),.UNSPECIFIED.,.F.,.F.,
  (2,2),(10.,37.5),.PIECEWISE_BEZIER_KNOTS.);
#816 = CARTESIAN_POINT('',(0.,11.656346104343));
#817 = CARTESIAN_POINT('',(27.5,11.656346104343));
#818 = ( GEOMETRIC_REPRESENTATION_CONTEXT(2) 
PARAMETRIC_REPRESENTATION_CONTEXT() REPRESENTATION_CONTEXT('2D SPACE',''
  ) );
#819 = ORIENTED_EDGE('',*,*,#820,.T.);
#820 = EDGE_CURVE('',#795,#821,#823,.T.);
#821 = VERTEX_POINT('',#822);
#822 = CARTESIAN_POINT('',(-34.08863494513,33.403085233487,-280.5));
#823 = SURFACE_CURVE('',#824,(#828,#835),.PCURVE_S1.);
#824 = LINE('',#825,#826);
#825 = CARTESIAN_POINT('',(-40.09669187762,28.361726877341,-280.5));
#826 = VECTOR('',#827,1.);
#827 = DIRECTION('',(0.766044443119,0.642787609687,0.));
#828 = PCURVE('',#45,#829);
#829 = DEFINITIONAL_REPRESENTATION('',(#830),#834);
#830 = LINE('',#831,#832);
#831 = CARTESIAN_POINT('',(-40.09669187762,28.361726877341));
#832 = VECTOR('',#833,1.);
#833 = DIRECTION('',(0.766044443119,0.642787609687));
#834 = ( GEOMETRIC_REPRESENTATION_CONTEXT(2) 
PARAMETRIC_REPRESENTATION_CONTEXT() REPRESENTATION_CONTEXT('2D SPACE',''
  ) );
#835 = PCURVE('',#568,#836);
#836 = DEFINITIONAL_REPRESENTATION('',(#837),#841);
#837 = LINE('',#838,#839);
#838 = CARTESIAN_POINT('',(-2.318183408632E-15,-11.65634610434));
#839 = VECTOR('',#840,1.);
#840 = DIRECTION('',(0.707106781187,0.707106781187));
#841 = ( GEOMETRIC_REPRESENTATION_CONTEXT(2) 
PARAMETRIC_REPRESENTATION_CONTEXT() REPRESENTATION_CONTEXT('2D SPACE',''
  ) );
#842 = ORIENTED_EDGE('',*,*,#843,.F.);
#843 = EDGE_CURVE('',#109,#821,#844,.T.);
#844 = SURFACE_CURVE('',#845,(#849,#855),.PCURVE_S1.);
#845 = LINE('',#846,#847);
#846 = CARTESIAN_POINT('',(-6.244099224909,3.543476381957,-280.5));
#847 = VECTOR('',#848,1.);
#848 = DIRECTION('',(0.681998360062,-0.731353701619,0.));
#849 = PCURVE('',#45,#850);
#850 = DEFINITIONAL_REPRESENTATION('',(#851),#854);
#851 = B_SPLINE_CURVE_WITH_KNOTS('',1,(#852,#853),.UNSPECIFIED.,.F.,.F.,
  (2,2),(-51.45,-6.85),.PIECEWISE_BEZIER_KNOTS.);
#852 = CARTESIAN_POINT('',(-41.33291485012,41.171624330263));
#853 = CARTESIAN_POINT('',(-10.91578799133,8.553249238048));
#854 = ( GEOMETRIC_REPRESENTATION_CONTEXT(2) 
PARAMETRIC_REPRESENTATION_CONTEXT() REPRESENTATION_CONTEXT('2D SPACE',''
  ) );
#855 = PCURVE('',#147,#856);
#856 = DEFINITIONAL_REPRESENTATION('',(#857),#860);
#857 = B_SPLINE_CURVE_WITH_KNOTS('',1,(#858,#859),.UNSPECIFIED.,.F.,.F.,
  (2,2),(-51.45,-6.85),.PIECEWISE_BEZIER_KNOTS.);
#858 = CARTESIAN_POINT('',(1.3,44.6));
#859 = CARTESIAN_POINT('',(1.3,0.));
#860 = ( GEOMETRIC_REPRESENTATION_CONTEXT(2) 
PARAMETRIC_REPRESENTATION_CONTEXT() REPRESENTATION_CONTEXT('2D SPACE',''
  ) );
#861 = FACE_BOUND('',#862,.T.);
#862 = EDGE_LOOP('',(#863));
#863 = ORIENTED_EDGE('',*,*,#864,.F.);
#864 = EDGE_CURVE('',#865,#865,#867,.T.);
#865 = VERTEX_POINT('',#866);
#866 = CARTESIAN_POINT('',(12.,-2.939152317954E-15,-280.5));
#867 = SURFACE_CURVE('',#868,(#873,#880),.PCURVE_S1.);
#868 = CIRCLE('',#869,12.);
#869 = AXIS2_PLACEMENT_3D('',#870,#871,#872);
#870 = CARTESIAN_POINT('',(0.,0.,-280.5));
#871 = DIRECTION('',(0.,0.,1.));
#872 = DIRECTION('',(1.,0.,-0.));
#873 = PCURVE('',#45,#874);
#874 = DEFINITIONAL_REPRESENTATION('',(#875),#879);
#875 = CIRCLE('',#876,12.);
#876 = AXIS2_PLACEMENT_2D('',#877,#878);
#877 = CARTESIAN_POINT('',(0.,0.));
#878 = DIRECTION('',(1.,0.));
#879 = ( GEOMETRIC_REPRESENTATION_CONTEXT(2) 
PARAMETRIC_REPRESENTATION_CONTEXT() REPRESENTATION_CONTEXT('2D SPACE',''
  ) );
#880 = PCURVE('',#881,#886);
#881 = CYLINDRICAL_SURFACE('',#882,12.);
#882 = AXIS2_PLACEMENT_3D('',#883,#884,#885);
#883 = CARTESIAN_POINT('',(0.,0.,-285.5));
#884 = DIRECTION('',(0.,0.,1.));
#885 = DIRECTION('',(1.,0.,-0.));
#886 = DEFINITIONAL_REPRESENTATION('',(#887),#891);
#887 = LINE('',#888,#889);
#888 = CARTESIAN_POINT('',(0.,5.));
#889 = VECTOR('',#890,1.);
#890 = DIRECTION('',(1.,0.));
#891 = ( GEOMETRIC_REPRESENTATION_CONTEXT(2) 
PARAMETRIC_REPRESENTATION_CONTEXT() REPRESENTATION_CONTEXT('2D SPACE',''
  ) );
#892 = ADVANCED_FACE('',(#893),#200,.T.);
#893 = FACE_BOUND('',#894,.T.);
#894 = EDGE_LOOP('',(#895,#918,#937,#938));
#895 = ORIENTED_EDGE('',*,*,#896,.F.);
#896 = EDGE_CURVE('',#897,#159,#899,.T.);
#897 = VERTEX_POINT('',#898);
#898 = CARTESIAN_POINT('',(-30.7901233442,36.170865101255,-281.8));
#899 = SURFACE_CURVE('',#900,(#904,#911),.PCURVE_S1.);
#900 = LINE('',#901,#902);
#901 = CARTESIAN_POINT('',(-7.770967074375,11.485842186317,-281.8));
#902 = VECTOR('',#903,1.);
#903 = DIRECTION('',(-0.681998360062,0.731353701619,0.));
#904 = PCURVE('',#200,#905);
#905 = DEFINITIONAL_REPRESENTATION('',(#906),#910);
#906 = LINE('',#907,#908);
#907 = CARTESIAN_POINT('',(0.,0.));
#908 = VECTOR('',#909,1.);
#909 = DIRECTION('',(0.,1.));
#910 = ( GEOMETRIC_REPRESENTATION_CONTEXT(2) 
PARAMETRIC_REPRESENTATION_CONTEXT() REPRESENTATION_CONTEXT('2D SPACE',''
  ) );
#911 = PCURVE('',#175,#912);
#912 = DEFINITIONAL_REPRESENTATION('',(#913),#917);
#913 = LINE('',#914,#915);
#914 = CARTESIAN_POINT('',(0.,0.));
#915 = VECTOR('',#916,1.);
#916 = DIRECTION('',(1.,0.));
#917 = ( GEOMETRIC_REPRESENTATION_CONTEXT(2) 
PARAMETRIC_REPRESENTATION_CONTEXT() REPRESENTATION_CONTEXT('2D SPACE',''
  ) );
#918 = ORIENTED_EDGE('',*,*,#919,.T.);
#919 = EDGE_CURVE('',#897,#532,#920,.T.);
#920 = SURFACE_CURVE('',#921,(#925,#931),.PCURVE_S1.);
#921 = LINE('',#922,#923);
#922 = CARTESIAN_POINT('',(-30.7901233442,36.170865101255,
    -285.2711406871));
#923 = VECTOR('',#924,1.);
#924 = DIRECTION('',(0.,0.,1.));
#925 = PCURVE('',#200,#926);
#926 = DEFINITIONAL_REPRESENTATION('',(#927),#930);
#927 = B_SPLINE_CURVE_WITH_KNOTS('',1,(#928,#929),.UNSPECIFIED.,.F.,.F.,
  (2,2),(3.471140687119,4.871140687119),.PIECEWISE_BEZIER_KNOTS.);
#928 = CARTESIAN_POINT('',(0.,33.752509709443));
#929 = CARTESIAN_POINT('',(1.4,33.752509709443));
#930 = ( GEOMETRIC_REPRESENTATION_CONTEXT(2) 
PARAMETRIC_REPRESENTATION_CONTEXT() REPRESENTATION_CONTEXT('2D SPACE',''
  ) );
#931 = PCURVE('',#568,#932);
#932 = DEFINITIONAL_REPRESENTATION('',(#933),#936);
#933 = B_SPLINE_CURVE_WITH_KNOTS('',1,(#934,#935),.UNSPECIFIED.,.F.,.F.,
  (2,2),(3.471140687119,4.871140687119),.PIECEWISE_BEZIER_KNOTS.);
#934 = CARTESIAN_POINT('',(7.671304172748,-2.14656430051));
#935 = CARTESIAN_POINT('',(8.661253666409,-3.136513794171));
#936 = ( GEOMETRIC_REPRESENTATION_CONTEXT(2) 
PARAMETRIC_REPRESENTATION_CONTEXT() REPRESENTATION_CONTEXT('2D SPACE',''
  ) );
#937 = ORIENTED_EDGE('',*,*,#531,.F.);
#938 = ORIENTED_EDGE('',*,*,#187,.F.);
#939 = ADVANCED_FACE('',(#940),#175,.T.);
#940 = FACE_BOUND('',#941,.T.);
#941 = EDGE_LOOP('',(#942,#965,#984,#985));
#942 = ORIENTED_EDGE('',*,*,#943,.F.);
#943 = EDGE_CURVE('',#944,#133,#946,.T.);
#944 = VERTEX_POINT('',#945);
#945 = CARTESIAN_POINT('',(-34.08863494513,33.403085233487,-281.8));
#946 = SURFACE_CURVE('',#947,(#951,#958),.PCURVE_S1.);
#947 = LINE('',#948,#949);
#948 = CARTESIAN_POINT('',(-10.91578799133,8.553249238048,-281.8));
#949 = VECTOR('',#950,1.);
#950 = DIRECTION('',(-0.681998360062,0.731353701619,0.));
#951 = PCURVE('',#175,#952);
#952 = DEFINITIONAL_REPRESENTATION('',(#953),#957);
#953 = LINE('',#954,#955);
#954 = CARTESIAN_POINT('',(0.,4.3));
#955 = VECTOR('',#956,1.);
#956 = DIRECTION('',(1.,0.));
#957 = ( GEOMETRIC_REPRESENTATION_CONTEXT(2) 
PARAMETRIC_REPRESENTATION_CONTEXT() REPRESENTATION_CONTEXT('2D SPACE',''
  ) );
#958 = PCURVE('',#147,#959);
#959 = DEFINITIONAL_REPRESENTATION('',(#960),#964);
#960 = LINE('',#961,#962);
#961 = CARTESIAN_POINT('',(0.,0.));
#962 = VECTOR('',#963,1.);
#963 = DIRECTION('',(0.,1.));
#964 = ( GEOMETRIC_REPRESENTATION_CONTEXT(2) 
PARAMETRIC_REPRESENTATION_CONTEXT() REPRESENTATION_CONTEXT('2D SPACE',''
  ) );
#965 = ORIENTED_EDGE('',*,*,#966,.T.);
#966 = EDGE_CURVE('',#944,#897,#967,.T.);
#967 = SURFACE_CURVE('',#968,(#972,#978),.PCURVE_S1.);
#968 = LINE('',#969,#970);
#969 = CARTESIAN_POINT('',(-31.60983347383,35.483046633813,-281.8));
#970 = VECTOR('',#971,1.);
#971 = DIRECTION('',(0.766044443119,0.642787609687,-0.));
#972 = PCURVE('',#175,#973);
#973 = DEFINITIONAL_REPRESENTATION('',(#974),#977);
#974 = B_SPLINE_CURVE_WITH_KNOTS('',1,(#975,#976),.UNSPECIFIED.,.F.,.F.,
  (2,2),(-3.235845509437,1.070055578354),.PIECEWISE_BEZIER_KNOTS.);
#975 = CARTESIAN_POINT('',(33.97786316036,4.3));
#976 = CARTESIAN_POINT('',(33.752509709443,-3.743443631549E-16));
#977 = ( GEOMETRIC_REPRESENTATION_CONTEXT(2) 
PARAMETRIC_REPRESENTATION_CONTEXT() REPRESENTATION_CONTEXT('2D SPACE',''
  ) );
#978 = PCURVE('',#568,#979);
#979 = DEFINITIONAL_REPRESENTATION('',(#980),#983);
#980 = B_SPLINE_CURVE_WITH_KNOTS('',1,(#981,#982),.UNSPECIFIED.,.F.,.F.,
  (2,2),(-3.235845509437,1.070055578354),.PIECEWISE_BEZIER_KNOTS.);
#981 = CARTESIAN_POINT('',(4.626572314452,-5.191296158806));
#982 = CARTESIAN_POINT('',(7.671304172748,-2.14656430051));
#983 = ( GEOMETRIC_REPRESENTATION_CONTEXT(2) 
PARAMETRIC_REPRESENTATION_CONTEXT() REPRESENTATION_CONTEXT('2D SPACE',''
  ) );
#984 = ORIENTED_EDGE('',*,*,#896,.T.);
#985 = ORIENTED_EDGE('',*,*,#158,.T.);
#986 = ADVANCED_FACE('',(#987),#147,.F.);
#987 = FACE_BOUND('',#988,.F.);
#988 = EDGE_LOOP('',(#989,#990,#1009,#1010));
#989 = ORIENTED_EDGE('',*,*,#943,.F.);
#990 = ORIENTED_EDGE('',*,*,#991,.T.);
#991 = EDGE_CURVE('',#944,#821,#992,.T.);
#992 = SURFACE_CURVE('',#993,(#997,#1003),.PCURVE_S1.);
#993 = LINE('',#994,#995);
#994 = CARTESIAN_POINT('',(-34.08863494513,33.403085233487,
    -285.2711406871));
#995 = VECTOR('',#996,1.);
#996 = DIRECTION('',(0.,0.,1.));
#997 = PCURVE('',#147,#998);
#998 = DEFINITIONAL_REPRESENTATION('',(#999),#1002);
#999 = B_SPLINE_CURVE_WITH_KNOTS('',1,(#1000,#1001),.UNSPECIFIED.,.F.,
  .F.,(2,2),(3.471140687119,4.871140687119),.PIECEWISE_BEZIER_KNOTS.);
#1000 = CARTESIAN_POINT('',(0.,33.97786316036));
#1001 = CARTESIAN_POINT('',(1.4,33.97786316036));
#1002 = ( GEOMETRIC_REPRESENTATION_CONTEXT(2) 
PARAMETRIC_REPRESENTATION_CONTEXT() REPRESENTATION_CONTEXT('2D SPACE',''
  ) );
#1003 = PCURVE('',#568,#1004);
#1004 = DEFINITIONAL_REPRESENTATION('',(#1005),#1008);
#1005 = B_SPLINE_CURVE_WITH_KNOTS('',1,(#1006,#1007),.UNSPECIFIED.,.F.,
  .F.,(2,2),(3.471140687119,4.871140687119),.PIECEWISE_BEZIER_KNOTS.);
#1006 = CARTESIAN_POINT('',(4.626572314452,-5.191296158806));
#1007 = CARTESIAN_POINT('',(5.616521808114,-6.181245652467));
#1008 = ( GEOMETRIC_REPRESENTATION_CONTEXT(2) 
PARAMETRIC_REPRESENTATION_CONTEXT() REPRESENTATION_CONTEXT('2D SPACE',''
  ) );
#1009 = ORIENTED_EDGE('',*,*,#843,.F.);
#1010 = ORIENTED_EDGE('',*,*,#132,.F.);
#1011 = ADVANCED_FACE('',(#1012,#1015),#95,.F.);
#1012 = FACE_BOUND('',#1013,.F.);
#1013 = EDGE_LOOP('',(#1014));
#1014 = ORIENTED_EDGE('',*,*,#80,.T.);
#1015 = FACE_BOUND('',#1016,.F.);
#1016 = EDGE_LOOP('',(#1017));
#1017 = ORIENTED_EDGE('',*,*,#1018,.F.);
#1018 = EDGE_CURVE('',#1019,#1019,#1021,.T.);
#1019 = VERTEX_POINT('',#1020);
#1020 = CARTESIAN_POINT('',(47.,-1.151167991199E-14,-300.5));
#1021 = SURFACE_CURVE('',#1022,(#1027,#1034),.PCURVE_S1.);
#1022 = CIRCLE('',#1023,47.);
#1023 = AXIS2_PLACEMENT_3D('',#1024,#1025,#1026);
#1024 = CARTESIAN_POINT('',(0.,0.,-300.5));
#1025 = DIRECTION('',(0.,0.,1.));
#1026 = DIRECTION('',(1.,0.,-0.));
#1027 = PCURVE('',#95,#1028);
#1028 = DEFINITIONAL_REPRESENTATION('',(#1029),#1033);
#1029 = CIRCLE('',#1030,47.);
#1030 = AXIS2_PLACEMENT_2D('',#1031,#1032);
#1031 = CARTESIAN_POINT('',(0.,0.));
#1032 = DIRECTION('',(1.,0.));
#1033 = ( GEOMETRIC_REPRESENTATION_CONTEXT(2) 
PARAMETRIC_REPRESENTATION_CONTEXT() REPRESENTATION_CONTEXT('2D SPACE',''
  ) );
#1034 = PCURVE('',#1035,#1040);
#1035 = CYLINDRICAL_SURFACE('',#1036,47.);
#1036 = AXIS2_PLACEMENT_3D('',#1037,#1038,#1039);
#1037 = CARTESIAN_POINT('',(0.,0.,-300.5));
#1038 = DIRECTION('',(0.,0.,1.));
#1039 = DIRECTION('',(1.,0.,-0.));
#1040 = DEFINITIONAL_REPRESENTATION('',(#1041),#1045);
#1041 = LINE('',#1042,#1043);
#1042 = CARTESIAN_POINT('',(0.,0.));
#1043 = VECTOR('',#1044,1.);
#1044 = DIRECTION('',(1.,0.));
#1045 = ( GEOMETRIC_REPRESENTATION_CONTEXT(2) 
PARAMETRIC_REPRESENTATION_CONTEXT() REPRESENTATION_CONTEXT('2D SPACE',''
  ) );
#1046 = ADVANCED_FACE('',(#1047),#419,.T.);
#1047 = FACE_BOUND('',#1048,.T.);
#1048 = EDGE_LOOP('',(#1049,#1050,#1073,#1100));
#1049 = ORIENTED_EDGE('',*,*,#213,.F.);
#1050 = ORIENTED_EDGE('',*,*,#1051,.F.);
#1051 = EDGE_CURVE('',#1052,#214,#1054,.T.);
#1052 = VERTEX_POINT('',#1053);
#1053 = CARTESIAN_POINT('',(-63.,-1.224646799147E-15,-298.));
#1054 = SEAM_CURVE('',#1055,(#1059,#1066),.PCURVE_S1.);
#1055 = LINE('',#1056,#1057);
#1056 = CARTESIAN_POINT('',(-63.,-1.224646799147E-15,-298.));
#1057 = VECTOR('',#1058,1.);
#1058 = DIRECTION('',(1.,0.,2.22044604925E-16));
#1059 = PCURVE('',#419,#1060);
#1060 = DEFINITIONAL_REPRESENTATION('',(#1061),#1065);
#1061 = LINE('',#1062,#1063);
#1062 = CARTESIAN_POINT('',(6.28318530718,-0.));
#1063 = VECTOR('',#1064,1.);
#1064 = DIRECTION('',(0.,1.));
#1065 = ( GEOMETRIC_REPRESENTATION_CONTEXT(2) 
PARAMETRIC_REPRESENTATION_CONTEXT() REPRESENTATION_CONTEXT('2D SPACE',''
  ) );
#1066 = PCURVE('',#419,#1067);
#1067 = DEFINITIONAL_REPRESENTATION('',(#1068),#1072);
#1068 = LINE('',#1069,#1070);
#1069 = CARTESIAN_POINT('',(0.,-0.));
#1070 = VECTOR('',#1071,1.);
#1071 = DIRECTION('',(0.,1.));
#1072 = ( GEOMETRIC_REPRESENTATION_CONTEXT(2) 
PARAMETRIC_REPRESENTATION_CONTEXT() REPRESENTATION_CONTEXT('2D SPACE',''
  ) );
#1073 = ORIENTED_EDGE('',*,*,#1074,.T.);
#1074 = EDGE_CURVE('',#1052,#1052,#1075,.T.);
#1075 = SURFACE_CURVE('',#1076,(#1081,#1088),.PCURVE_S1.);
#1076 = CIRCLE('',#1077,5.);
#1077 = AXIS2_PLACEMENT_3D('',#1078,#1079,#1080);
#1078 = CARTESIAN_POINT('',(-63.,0.,-293.));
#1079 = DIRECTION('',(1.,-0.,2.22044604925E-16));
#1080 = DIRECTION('',(2.22044604925E-16,0.,-1.));
#1081 = PCURVE('',#419,#1082);
#1082 = DEFINITIONAL_REPRESENTATION('',(#1083),#1087);
#1083 = LINE('',#1084,#1085);
#1084 = CARTESIAN_POINT('',(0.,0.));
#1085 = VECTOR('',#1086,1.);
#1086 = DIRECTION('',(1.,0.));
#1087 = ( GEOMETRIC_REPRESENTATION_CONTEXT(2) 
PARAMETRIC_REPRESENTATION_CONTEXT() REPRESENTATION_CONTEXT('2D SPACE',''
  ) );
#1088 = PCURVE('',#1089,#1094);
#1089 = PLANE('',#1090);
#1090 = AXIS2_PLACEMENT_3D('',#1091,#1092,#1093);
#1091 = CARTESIAN_POINT('',(-63.,0.,-293.));
#1092 = DIRECTION('',(1.,0.,2.22044604925E-16));
#1093 = DIRECTION('',(2.22044604925E-16,0.,-1.));
#1094 = DEFINITIONAL_REPRESENTATION('',(#1095),#1099);
#1095 = CIRCLE('',#1096,5.);
#1096 = AXIS2_PLACEMENT_2D('',#1097,#1098);
#1097 = CARTESIAN_POINT('',(0.,0.));
#1098 = DIRECTION('',(1.,0.));
#1099 = ( GEOMETRIC_REPRESENTATION_CONTEXT(2) 
PARAMETRIC_REPRESENTATION_CONTEXT() REPRESENTATION_CONTEXT('2D SPACE',''
  ) );
#1100 = ORIENTED_EDGE('',*,*,#1051,.T.);
#1101 = ADVANCED_FACE('',(#1102),#568,.F.);
#1102 = FACE_BOUND('',#1103,.F.);
#1103 = EDGE_LOOP('',(#1104,#1132,#1159,#1180,#1181,#1182,#1183,#1184,
    #1185));
#1104 = ORIENTED_EDGE('',*,*,#1105,.F.);
#1105 = EDGE_CURVE('',#1106,#1108,#1110,.T.);
#1106 = VERTEX_POINT('',#1107);
#1107 = CARTESIAN_POINT('',(-30.53296195938,36.386649124416,-284.5));
#1108 = VERTEX_POINT('',#1109);
#1109 = CARTESIAN_POINT('',(-30.53241146011,36.387111048151,
    -284.4992813742));
#1110 = SURFACE_CURVE('',#1111,(#1115,#1122),.PCURVE_S1.);
#1111 = LINE('',#1112,#1113);
#1112 = CARTESIAN_POINT('',(-33.78273803226,33.659763220251,
    -288.7422813742));
#1113 = VECTOR('',#1114,1.);
#1114 = DIRECTION('',(0.54167522042,0.454519477672,0.707106781187));
#1115 = PCURVE('',#568,#1116);
#1116 = DEFINITIONAL_REPRESENTATION('',(#1117),#1121);
#1117 = LINE('',#1118,#1119);
#1118 = CARTESIAN_POINT('',(0.,0.));
#1119 = VECTOR('',#1120,1.);
#1120 = DIRECTION('',(1.,-6.835808657662E-17));
#1121 = ( GEOMETRIC_REPRESENTATION_CONTEXT(2) 
PARAMETRIC_REPRESENTATION_CONTEXT() REPRESENTATION_CONTEXT('2D SPACE',''
  ) );
#1122 = PCURVE('',#782,#1123);
#1123 = DEFINITIONAL_REPRESENTATION('',(#1124),#1131);
#1124 = B_SPLINE_CURVE_WITH_KNOTS('',5,(#1125,#1126,#1127,#1128,#1129,
    #1130),.UNSPECIFIED.,.F.,.F.,(6,6),(5.999491854851,6.000508145149),
  .PIECEWISE_BEZIER_KNOTS.);
#1125 = CARTESIAN_POINT('',(2.268943156556,1.));
#1126 = CARTESIAN_POINT('',(2.268940130763,1.000143725152));
#1127 = CARTESIAN_POINT('',(2.268937104971,1.000287450305));
#1128 = CARTESIAN_POINT('',(2.268934079178,1.000431175457));
#1129 = CARTESIAN_POINT('',(2.268931053385,1.000574900609));
#1130 = CARTESIAN_POINT('',(2.268928027593,1.000718625761));
#1131 = ( GEOMETRIC_REPRESENTATION_CONTEXT(2) 
PARAMETRIC_REPRESENTATION_CONTEXT() REPRESENTATION_CONTEXT('2D SPACE',''
  ) );
#1132 = ORIENTED_EDGE('',*,*,#1133,.F.);
#1133 = EDGE_CURVE('',#1134,#1106,#1136,.T.);
#1134 = VERTEX_POINT('',#1135);
#1135 = CARTESIAN_POINT('',(-37.03251410514,30.932877316087,-284.5));
#1136 = SURFACE_CURVE('',#1137,(#1141,#1148),.PCURVE_S1.);
#1137 = LINE('',#1138,#1139);
#1138 = CARTESIAN_POINT('',(-113.0996721466,-32.89504694124,-284.5));
#1139 = VECTOR('',#1140,1.);
#1140 = DIRECTION('',(0.766044443119,0.642787609687,-0.));
#1141 = PCURVE('',#568,#1142);
#1142 = DEFINITIONAL_REPRESENTATION('',(#1143),#1147);
#1143 = LINE('',#1144,#1145);
#1144 = CARTESIAN_POINT('',(-70.21472939316,-76.21422124801));
#1145 = VECTOR('',#1146,1.);
#1146 = DIRECTION('',(0.707106781187,0.707106781187));
#1147 = ( GEOMETRIC_REPRESENTATION_CONTEXT(2) 
PARAMETRIC_REPRESENTATION_CONTEXT() REPRESENTATION_CONTEXT('2D SPACE',''
  ) );
#1148 = PCURVE('',#1149,#1154);
#1149 = PLANE('',#1150);
#1150 = AXIS2_PLACEMENT_3D('',#1151,#1152,#1153);
#1151 = CARTESIAN_POINT('',(-150.,-150.,-284.5));
#1152 = DIRECTION('',(0.,0.,1.));
#1153 = DIRECTION('',(1.,0.,-0.));
#1154 = DEFINITIONAL_REPRESENTATION('',(#1155),#1158);
#1155 = B_SPLINE_CURVE_WITH_KNOTS('',1,(#1156,#1157),.UNSPECIFIED.,.F.,
  .F.,(2,2),(99.298622586175,107.78318533465),.PIECEWISE_BEZIER_KNOTS.);
#1156 = CARTESIAN_POINT('',(112.96748589485,180.93287731608));
#1157 = CARTESIAN_POINT('',(119.46703804061,186.38664912441));
#1158 = ( GEOMETRIC_REPRESENTATION_CONTEXT(2) 
PARAMETRIC_REPRESENTATION_CONTEXT() REPRESENTATION_CONTEXT('2D SPACE',''
  ) );
#1159 = ORIENTED_EDGE('',*,*,#1160,.T.);
#1160 = EDGE_CURVE('',#1134,#795,#1161,.T.);
#1161 = SURFACE_CURVE('',#1162,(#1166,#1173),.PCURVE_S1.);
#1162 = LINE('',#1163,#1164);
#1163 = CARTESIAN_POINT('',(-33.78273803226,33.659763220251,
    -288.7422813742));
#1164 = VECTOR('',#1165,1.);
#1165 = DIRECTION('',(-0.54167522042,-0.454519477672,0.707106781187));
#1166 = PCURVE('',#568,#1167);
#1167 = DEFINITIONAL_REPRESENTATION('',(#1168),#1172);
#1168 = LINE('',#1169,#1170);
#1169 = CARTESIAN_POINT('',(0.,0.));
#1170 = VECTOR('',#1171,1.);
#1171 = DIRECTION('',(6.835808657662E-17,-1.));
#1172 = ( GEOMETRIC_REPRESENTATION_CONTEXT(2) 
PARAMETRIC_REPRESENTATION_CONTEXT() REPRESENTATION_CONTEXT('2D SPACE',''
  ) );
#1173 = PCURVE('',#809,#1174);
#1174 = DEFINITIONAL_REPRESENTATION('',(#1175),#1179);
#1175 = LINE('',#1176,#1177);
#1176 = CARTESIAN_POINT('',(27.5,0.));
#1177 = VECTOR('',#1178,1.);
#1178 = DIRECTION('',(0.,1.));
#1179 = ( GEOMETRIC_REPRESENTATION_CONTEXT(2) 
PARAMETRIC_REPRESENTATION_CONTEXT() REPRESENTATION_CONTEXT('2D SPACE',''
  ) );
#1180 = ORIENTED_EDGE('',*,*,#820,.T.);
#1181 = ORIENTED_EDGE('',*,*,#991,.F.);
#1182 = ORIENTED_EDGE('',*,*,#966,.T.);
#1183 = ORIENTED_EDGE('',*,*,#919,.T.);
#1184 = ORIENTED_EDGE('',*,*,#552,.T.);
#1185 = ORIENTED_EDGE('',*,*,#1186,.F.);
#1186 = EDGE_CURVE('',#1108,#553,#1187,.T.);
#1187 = SURFACE_CURVE('',#1188,(#1192,#1199),.PCURVE_S1.);
#1188 = LINE('',#1189,#1190);
#1189 = CARTESIAN_POINT('',(-33.78273803226,33.659763220251,
    -288.7422813742));
#1190 = VECTOR('',#1191,1.);
#1191 = DIRECTION('',(0.54167522042,0.454519477672,0.707106781187));
#1192 = PCURVE('',#568,#1193);
#1193 = DEFINITIONAL_REPRESENTATION('',(#1194),#1198);
#1194 = LINE('',#1195,#1196);
#1195 = CARTESIAN_POINT('',(0.,0.));
#1196 = VECTOR('',#1197,1.);
#1197 = DIRECTION('',(1.,-6.835808657662E-17));
#1198 = ( GEOMETRIC_REPRESENTATION_CONTEXT(2) 
PARAMETRIC_REPRESENTATION_CONTEXT() REPRESENTATION_CONTEXT('2D SPACE',''
  ) );
#1199 = PCURVE('',#595,#1200);
#1200 = DEFINITIONAL_REPRESENTATION('',(#1201),#1205);
#1201 = LINE('',#1202,#1203);
#1202 = CARTESIAN_POINT('',(0.,27.5));
#1203 = VECTOR('',#1204,1.);
#1204 = DIRECTION('',(1.,0.));
#1205 = ( GEOMETRIC_REPRESENTATION_CONTEXT(2) 
PARAMETRIC_REPRESENTATION_CONTEXT() REPRESENTATION_CONTEXT('2D SPACE',''
  ) );
#1206 = ADVANCED_FACE('',(#1207),#809,.T.);
#1207 = FACE_BOUND('',#1208,.T.);
#1208 = EDGE_LOOP('',(#1209,#1236,#1255,#1256));
#1209 = ORIENTED_EDGE('',*,*,#1210,.F.);
#1210 = EDGE_CURVE('',#1211,#766,#1213,.T.);
#1211 = VERTEX_POINT('',#1212);
#1212 = CARTESIAN_POINT('',(-36.5413989547,30.347589071174,-284.5));
#1213 = SURFACE_CURVE('',#1214,(#1219,#1226),.PCURVE_S1.);
#1214 = ELLIPSE('',#1215,67.175144212722,47.5);
#1215 = AXIS2_PLACEMENT_3D('',#1216,#1217,#1218);
#1216 = CARTESIAN_POINT('',(0.,0.,-292.9852813742));
#1217 = DIRECTION('',(0.54167522042,0.454519477672,0.707106781187));
#1218 = DIRECTION('',(-0.54167522042,-0.454519477672,0.707106781187));
#1219 = PCURVE('',#809,#1220);
#1220 = DEFINITIONAL_REPRESENTATION('',(#1221),#1225);
#1221 = ELLIPSE('',#1222,67.175144212722,47.5);
#1222 = AXIS2_PLACEMENT_2D('',#1223,#1224);
#1223 = CARTESIAN_POINT('',(-20.,-6.000508145149));
#1224 = DIRECTION('',(1.055536967336E-16,1.));
#1225 = ( GEOMETRIC_REPRESENTATION_CONTEXT(2) 
PARAMETRIC_REPRESENTATION_CONTEXT() REPRESENTATION_CONTEXT('2D SPACE',''
  ) );
#1226 = PCURVE('',#782,#1227);
#1227 = DEFINITIONAL_REPRESENTATION('',(#1228),#1235);
#1228 = B_SPLINE_CURVE_WITH_KNOTS('',5,(#1229,#1230,#1231,#1232,#1233,
    #1234),.UNSPECIFIED.,.F.,.F.,(6,6),(4.882919168949,4.978361837912),
  .PIECEWISE_BEZIER_KNOTS.);
#1229 = CARTESIAN_POINT('',(2.439458216157,0.5757));
#1230 = CARTESIAN_POINT('',(2.45854674995,1.469253530357));
#1231 = CARTESIAN_POINT('',(2.477635283742,2.35913556483));
#1232 = CARTESIAN_POINT('',(2.496723817535,3.244667797764));
#1233 = CARTESIAN_POINT('',(2.515812351327,4.125177504193));
#1234 = CARTESIAN_POINT('',(2.53490088512,5.0000006));
#1235 = ( GEOMETRIC_REPRESENTATION_CONTEXT(2) 
PARAMETRIC_REPRESENTATION_CONTEXT() REPRESENTATION_CONTEXT('2D SPACE',''
  ) );
#1236 = ORIENTED_EDGE('',*,*,#1237,.F.);
#1237 = EDGE_CURVE('',#1134,#1211,#1238,.T.);
#1238 = SURFACE_CURVE('',#1239,(#1243,#1249),.PCURVE_S1.);
#1239 = LINE('',#1240,#1241);
#1240 = CARTESIAN_POINT('',(-6.985881341434,-4.875305225427,-284.5));
#1241 = VECTOR('',#1242,1.);
#1242 = DIRECTION('',(0.642787609687,-0.766044443119,0.));
#1243 = PCURVE('',#809,#1244);
#1244 = DEFINITIONAL_REPRESENTATION('',(#1245),#1248);
#1245 = B_SPLINE_CURVE_WITH_KNOTS('',1,(#1246,#1247),.UNSPECIFIED.,.F.,
  .F.,(2,2),(-46.74426250743,-19.24426250743),.PIECEWISE_BEZIER_KNOTS.);
#1246 = CARTESIAN_POINT('',(27.5,5.999491854851));
#1247 = CARTESIAN_POINT('',(0.,5.999491854851));
#1248 = ( GEOMETRIC_REPRESENTATION_CONTEXT(2) 
PARAMETRIC_REPRESENTATION_CONTEXT() REPRESENTATION_CONTEXT('2D SPACE',''
  ) );
#1249 = PCURVE('',#1149,#1250);
#1250 = DEFINITIONAL_REPRESENTATION('',(#1251),#1254);
#1251 = B_SPLINE_CURVE_WITH_KNOTS('',1,(#1252,#1253),.UNSPECIFIED.,.F.,
  .F.,(2,2),(-46.74426250743,-19.24426250743),.PIECEWISE_BEZIER_KNOTS.);
#1252 = CARTESIAN_POINT('',(112.96748589485,180.93287731608));
#1253 = CARTESIAN_POINT('',(130.64414516123,159.86665513031));
#1254 = ( GEOMETRIC_REPRESENTATION_CONTEXT(2) 
PARAMETRIC_REPRESENTATION_CONTEXT() REPRESENTATION_CONTEXT('2D SPACE',''
  ) );
#1255 = ORIENTED_EDGE('',*,*,#1160,.T.);
#1256 = ORIENTED_EDGE('',*,*,#794,.F.);
#1257 = ADVANCED_FACE('',(#1258),#782,.F.);
#1258 = FACE_BOUND('',#1259,.F.);
#1259 = EDGE_LOOP('',(#1260,#1261,#1262,#1284,#1285,#1311,#1340));
#1260 = ORIENTED_EDGE('',*,*,#765,.F.);
#1261 = ORIENTED_EDGE('',*,*,#1210,.F.);
#1262 = ORIENTED_EDGE('',*,*,#1263,.F.);
#1263 = EDGE_CURVE('',#1106,#1211,#1264,.T.);
#1264 = SURFACE_CURVE('',#1265,(#1270,#1277),.PCURVE_S1.);
#1265 = CIRCLE('',#1266,47.5);
#1266 = AXIS2_PLACEMENT_3D('',#1267,#1268,#1269);
#1267 = CARTESIAN_POINT('',(0.,0.,-284.5));
#1268 = DIRECTION('',(0.,0.,1.));
#1269 = DIRECTION('',(1.,0.,-0.));
#1270 = PCURVE('',#782,#1271);
#1271 = DEFINITIONAL_REPRESENTATION('',(#1272),#1276);
#1272 = LINE('',#1273,#1274);
#1273 = CARTESIAN_POINT('',(0.,1.));
#1274 = VECTOR('',#1275,1.);
#1275 = DIRECTION('',(1.,0.));
#1276 = ( GEOMETRIC_REPRESENTATION_CONTEXT(2) 
PARAMETRIC_REPRESENTATION_CONTEXT() REPRESENTATION_CONTEXT('2D SPACE',''
  ) );
#1277 = PCURVE('',#1149,#1278);
#1278 = DEFINITIONAL_REPRESENTATION('',(#1279),#1283);
#1279 = CIRCLE('',#1280,47.5);
#1280 = AXIS2_PLACEMENT_2D('',#1281,#1282);
#1281 = CARTESIAN_POINT('',(150.,150.));
#1282 = DIRECTION('',(1.,0.));
#1283 = ( GEOMETRIC_REPRESENTATION_CONTEXT(2) 
PARAMETRIC_REPRESENTATION_CONTEXT() REPRESENTATION_CONTEXT('2D SPACE',''
  ) );
#1284 = ORIENTED_EDGE('',*,*,#1105,.T.);
#1285 = ORIENTED_EDGE('',*,*,#1286,.F.);
#1286 = EDGE_CURVE('',#1287,#1108,#1289,.T.);
#1287 = VERTEX_POINT('',#1288);
#1288 = CARTESIAN_POINT('',(-30.53241146011,36.387111048151,-285.5));
#1289 = SURFACE_CURVE('',#1290,(#1294,#1300),.PCURVE_S1.);
#1290 = LINE('',#1291,#1292);
#1291 = CARTESIAN_POINT('',(-30.53241146011,36.387111048151,-285.5));
#1292 = VECTOR('',#1293,1.);
#1293 = DIRECTION('',(0.,0.,1.));
#1294 = PCURVE('',#782,#1295);
#1295 = DEFINITIONAL_REPRESENTATION('',(#1296),#1299);
#1296 = B_SPLINE_CURVE_WITH_KNOTS('',1,(#1297,#1298),.UNSPECIFIED.,.F.,
  .F.,(2,2),(-5.999999999062E-07,6.0000006),.PIECEWISE_BEZIER_KNOTS.);
#1297 = CARTESIAN_POINT('',(2.268928027593,-5.999999999062E-07));
#1298 = CARTESIAN_POINT('',(2.268928027593,6.0000006));
#1299 = ( GEOMETRIC_REPRESENTATION_CONTEXT(2) 
PARAMETRIC_REPRESENTATION_CONTEXT() REPRESENTATION_CONTEXT('2D SPACE',''
  ) );
#1300 = PCURVE('',#1301,#1306);
#1301 = PLANE('',#1302);
#1302 = AXIS2_PLACEMENT_3D('',#1303,#1304,#1305);
#1303 = CARTESIAN_POINT('',(0.,0.,-287.5));
#1304 = DIRECTION('',(-0.766044443119,-0.642787609687,0.));
#1305 = DIRECTION('',(-0.642787609687,0.766044443119,0.));
#1306 = DEFINITIONAL_REPRESENTATION('',(#1307),#1310);
#1307 = B_SPLINE_CURVE_WITH_KNOTS('',1,(#1308,#1309),.UNSPECIFIED.,.F.,
  .F.,(2,2),(-5.999999999062E-07,6.0000006),.PIECEWISE_BEZIER_KNOTS.);
#1308 = CARTESIAN_POINT('',(47.5,-1.9999994));
#1309 = CARTESIAN_POINT('',(47.5,-8.0000006));
#1310 = ( GEOMETRIC_REPRESENTATION_CONTEXT(2) 
PARAMETRIC_REPRESENTATION_CONTEXT() REPRESENTATION_CONTEXT('2D SPACE',''
  ) );
#1311 = ORIENTED_EDGE('',*,*,#1312,.T.);
#1312 = EDGE_CURVE('',#1287,#1313,#1315,.T.);
#1313 = VERTEX_POINT('',#1314);
#1314 = CARTESIAN_POINT('',(-16.24595680796,-44.63539948733,-285.5));
#1315 = SURFACE_CURVE('',#1316,(#1321,#1328),.PCURVE_S1.);
#1316 = CIRCLE('',#1317,47.5);
#1317 = AXIS2_PLACEMENT_3D('',#1318,#1319,#1320);
#1318 = CARTESIAN_POINT('',(0.,0.,-285.5));
#1319 = DIRECTION('',(0.,0.,1.));
#1320 = DIRECTION('',(1.,0.,-0.));
#1321 = PCURVE('',#782,#1322);
#1322 = DEFINITIONAL_REPRESENTATION('',(#1323),#1327);
#1323 = LINE('',#1324,#1325);
#1324 = CARTESIAN_POINT('',(0.,0.));
#1325 = VECTOR('',#1326,1.);
#1326 = DIRECTION('',(1.,0.));
#1327 = ( GEOMETRIC_REPRESENTATION_CONTEXT(2) 
PARAMETRIC_REPRESENTATION_CONTEXT() REPRESENTATION_CONTEXT('2D SPACE',''
  ) );
#1328 = PCURVE('',#1329,#1334);
#1329 = PLANE('',#1330);
#1330 = AXIS2_PLACEMENT_3D('',#1331,#1332,#1333);
#1331 = CARTESIAN_POINT('',(0.,0.,-285.5));
#1332 = DIRECTION('',(0.,0.,1.));
#1333 = DIRECTION('',(1.,0.,-0.));
#1334 = DEFINITIONAL_REPRESENTATION('',(#1335),#1339);
#1335 = CIRCLE('',#1336,47.5);
#1336 = AXIS2_PLACEMENT_2D('',#1337,#1338);
#1337 = CARTESIAN_POINT('',(0.,0.));
#1338 = DIRECTION('',(1.,0.));
#1339 = ( GEOMETRIC_REPRESENTATION_CONTEXT(2) 
PARAMETRIC_REPRESENTATION_CONTEXT() REPRESENTATION_CONTEXT('2D SPACE',''
  ) );
#1340 = ORIENTED_EDGE('',*,*,#1341,.T.);
#1341 = EDGE_CURVE('',#1313,#740,#1342,.T.);
#1342 = SURFACE_CURVE('',#1343,(#1347,#1353),.PCURVE_S1.);
#1343 = LINE('',#1344,#1345);
#1344 = CARTESIAN_POINT('',(-16.24595680796,-44.63539948733,-285.5));
#1345 = VECTOR('',#1346,1.);
#1346 = DIRECTION('',(0.,0.,1.));
#1347 = PCURVE('',#782,#1348);
#1348 = DEFINITIONAL_REPRESENTATION('',(#1349),#1352);
#1349 = B_SPLINE_CURVE_WITH_KNOTS('',1,(#1350,#1351),.UNSPECIFIED.,.F.,
  .F.,(2,2),(-5.999999999062E-07,6.0000006),.PIECEWISE_BEZIER_KNOTS.);
#1350 = CARTESIAN_POINT('',(4.363323129986,-5.999999999062E-07));
#1351 = CARTESIAN_POINT('',(4.363323129986,6.0000006));
#1352 = ( GEOMETRIC_REPRESENTATION_CONTEXT(2) 
PARAMETRIC_REPRESENTATION_CONTEXT() REPRESENTATION_CONTEXT('2D SPACE',''
  ) );
#1353 = PCURVE('',#754,#1354);
#1354 = DEFINITIONAL_REPRESENTATION('',(#1355),#1358);
#1355 = B_SPLINE_CURVE_WITH_KNOTS('',1,(#1356,#1357),.UNSPECIFIED.,.F.,
  .F.,(2,2),(-5.999999999062E-07,6.0000006),.PIECEWISE_BEZIER_KNOTS.);
#1356 = CARTESIAN_POINT('',(47.5,-1.9999994));
#1357 = CARTESIAN_POINT('',(47.5,-8.0000006));
#1358 = ( GEOMETRIC_REPRESENTATION_CONTEXT(2) 
PARAMETRIC_REPRESENTATION_CONTEXT() REPRESENTATION_CONTEXT('2D SPACE',''
  ) );
#1359 = ADVANCED_FACE('',(#1360),#754,.T.);
#1360 = FACE_BOUND('',#1361,.T.);
#1361 = EDGE_LOOP('',(#1362,#1385,#1404,#1405,#1406,#1427));
#1362 = ORIENTED_EDGE('',*,*,#1363,.F.);
#1363 = EDGE_CURVE('',#1364,#1366,#1368,.T.);
#1364 = VERTEX_POINT('',#1365);
#1365 = CARTESIAN_POINT('',(-16.0749467363,-44.16555317693,-285.5));
#1366 = VERTEX_POINT('',#1367);
#1367 = CARTESIAN_POINT('',(-16.0749467363,-44.16555317693,-284.5));
#1368 = SURFACE_CURVE('',#1369,(#1373,#1379),.PCURVE_S1.);
#1369 = LINE('',#1370,#1371);
#1370 = CARTESIAN_POINT('',(-16.0749467363,-44.16555317693,-300.5));
#1371 = VECTOR('',#1372,1.);
#1372 = DIRECTION('',(0.,0.,1.));
#1373 = PCURVE('',#754,#1374);
#1374 = DEFINITIONAL_REPRESENTATION('',(#1375),#1378);
#1375 = B_SPLINE_CURVE_WITH_KNOTS('',1,(#1376,#1377),.UNSPECIFIED.,.F.,
  .F.,(2,2),(14.4,16.0000006),.PIECEWISE_BEZIER_KNOTS.);
#1376 = CARTESIAN_POINT('',(48.,-1.4));
#1377 = CARTESIAN_POINT('',(48.,-3.0000006));
#1378 = ( GEOMETRIC_REPRESENTATION_CONTEXT(2) 
PARAMETRIC_REPRESENTATION_CONTEXT() REPRESENTATION_CONTEXT('2D SPACE',''
  ) );
#1379 = PCURVE('',#1035,#1380);
#1380 = DEFINITIONAL_REPRESENTATION('',(#1381),#1384);
#1381 = B_SPLINE_CURVE_WITH_KNOTS('',1,(#1382,#1383),.UNSPECIFIED.,.F.,
  .F.,(2,2),(14.4,16.0000006),.PIECEWISE_BEZIER_KNOTS.);
#1382 = CARTESIAN_POINT('',(4.363323129986,14.4));
#1383 = CARTESIAN_POINT('',(4.363323129986,16.0000006));
#1384 = ( GEOMETRIC_REPRESENTATION_CONTEXT(2) 
PARAMETRIC_REPRESENTATION_CONTEXT() REPRESENTATION_CONTEXT('2D SPACE',''
  ) );
#1385 = ORIENTED_EDGE('',*,*,#1386,.T.);
#1386 = EDGE_CURVE('',#1364,#1313,#1387,.T.);
#1387 = SURFACE_CURVE('',#1388,(#1392,#1398),.PCURVE_S1.);
#1388 = LINE('',#1389,#1390);
#1389 = CARTESIAN_POINT('',(-16.24595680796,-44.63539948733,-285.5));
#1390 = VECTOR('',#1391,1.);
#1391 = DIRECTION('',(-0.342020143326,-0.939692620786,0.));
#1392 = PCURVE('',#754,#1393);
#1393 = DEFINITIONAL_REPRESENTATION('',(#1394),#1397);
#1394 = B_SPLINE_CURVE_WITH_KNOTS('',1,(#1395,#1396),.UNSPECIFIED.,.F.,
  .F.,(2,2),(-47.5,3.048444192606),.PIECEWISE_BEZIER_KNOTS.);
#1395 = CARTESIAN_POINT('',(95.,-2.));
#1396 = CARTESIAN_POINT('',(44.451555807394,-2.));
#1397 = ( GEOMETRIC_REPRESENTATION_CONTEXT(2) 
PARAMETRIC_REPRESENTATION_CONTEXT() REPRESENTATION_CONTEXT('2D SPACE',''
  ) );
#1398 = PCURVE('',#1329,#1399);
#1399 = DEFINITIONAL_REPRESENTATION('',(#1400),#1403);
#1400 = B_SPLINE_CURVE_WITH_KNOTS('',1,(#1401,#1402),.UNSPECIFIED.,.F.,
  .F.,(2,2),(-47.5,3.048444192606),.PIECEWISE_BEZIER_KNOTS.);
#1401 = CARTESIAN_POINT('',(1.249000902703E-15,-1.554312234475E-15));
#1402 = CARTESIAN_POINT('',(-17.28858612764,-47.5));
#1403 = ( GEOMETRIC_REPRESENTATION_CONTEXT(2) 
PARAMETRIC_REPRESENTATION_CONTEXT() REPRESENTATION_CONTEXT('2D SPACE',''
  ) );
#1404 = ORIENTED_EDGE('',*,*,#1341,.T.);
#1405 = ORIENTED_EDGE('',*,*,#739,.F.);
#1406 = ORIENTED_EDGE('',*,*,#1407,.F.);
#1407 = EDGE_CURVE('',#1408,#711,#1410,.T.);
#1408 = VERTEX_POINT('',#1409);
#1409 = CARTESIAN_POINT('',(-6.840402866513,-18.79385241571,-284.5));
#1410 = SURFACE_CURVE('',#1411,(#1415,#1421),.PCURVE_S1.);
#1411 = LINE('',#1412,#1413);
#1412 = CARTESIAN_POINT('',(-6.840402866513,-18.79385241571,-286.5));
#1413 = VECTOR('',#1414,1.);
#1414 = DIRECTION('',(0.,0.,1.));
#1415 = PCURVE('',#754,#1416);
#1416 = DEFINITIONAL_REPRESENTATION('',(#1417),#1420);
#1417 = B_SPLINE_CURVE_WITH_KNOTS('',1,(#1418,#1419),.UNSPECIFIED.,.F.,
  .F.,(2,2),(0.9999994,7.0000006),.PIECEWISE_BEZIER_KNOTS.);
#1418 = CARTESIAN_POINT('',(75.,-1.9999994));
#1419 = CARTESIAN_POINT('',(75.,-8.0000006));
#1420 = ( GEOMETRIC_REPRESENTATION_CONTEXT(2) 
PARAMETRIC_REPRESENTATION_CONTEXT() REPRESENTATION_CONTEXT('2D SPACE',''
  ) );
#1421 = PCURVE('',#727,#1422);
#1422 = DEFINITIONAL_REPRESENTATION('',(#1423),#1426);
#1423 = B_SPLINE_CURVE_WITH_KNOTS('',1,(#1424,#1425),.UNSPECIFIED.,.F.,
  .F.,(2,2),(0.9999994,7.0000006),.PIECEWISE_BEZIER_KNOTS.);
#1424 = CARTESIAN_POINT('',(4.363323129986,0.9999994));
#1425 = CARTESIAN_POINT('',(4.363323129986,7.0000006));
#1426 = ( GEOMETRIC_REPRESENTATION_CONTEXT(2) 
PARAMETRIC_REPRESENTATION_CONTEXT() REPRESENTATION_CONTEXT('2D SPACE',''
  ) );
#1427 = ORIENTED_EDGE('',*,*,#1428,.T.);
#1428 = EDGE_CURVE('',#1408,#1366,#1429,.T.);
#1429 = SURFACE_CURVE('',#1430,(#1434,#1440),.PCURVE_S1.);
#1430 = LINE('',#1431,#1432);
#1431 = CARTESIAN_POINT('',(-16.24595680796,-44.63539948733,-284.5));
#1432 = VECTOR('',#1433,1.);
#1433 = DIRECTION('',(-0.342020143326,-0.939692620786,0.));
#1434 = PCURVE('',#754,#1435);
#1435 = DEFINITIONAL_REPRESENTATION('',(#1436),#1439);
#1436 = B_SPLINE_CURVE_WITH_KNOTS('',1,(#1437,#1438),.UNSPECIFIED.,.F.,
  .F.,(2,2),(-27.5,-0.),.PIECEWISE_BEZIER_KNOTS.);
#1437 = CARTESIAN_POINT('',(75.,-3.));
#1438 = CARTESIAN_POINT('',(47.5,-3.));
#1439 = ( GEOMETRIC_REPRESENTATION_CONTEXT(2) 
PARAMETRIC_REPRESENTATION_CONTEXT() REPRESENTATION_CONTEXT('2D SPACE',''
  ) );
#1440 = PCURVE('',#1441,#1446);
#1441 = PLANE('',#1442);
#1442 = AXIS2_PLACEMENT_3D('',#1443,#1444,#1445);
#1443 = CARTESIAN_POINT('',(0.,0.,-284.5));
#1444 = DIRECTION('',(0.,0.,1.));
#1445 = DIRECTION('',(1.,0.,-0.));
#1446 = DEFINITIONAL_REPRESENTATION('',(#1447),#1450);
#1447 = B_SPLINE_CURVE_WITH_KNOTS('',1,(#1448,#1449),.UNSPECIFIED.,.F.,
  .F.,(2,2),(-27.5,-0.),.PIECEWISE_BEZIER_KNOTS.);
#1448 = CARTESIAN_POINT('',(-6.840402866513,-18.79385241571));
#1449 = CARTESIAN_POINT('',(-16.24595680796,-44.63539948733));
#1450 = ( GEOMETRIC_REPRESENTATION_CONTEXT(2) 
PARAMETRIC_REPRESENTATION_CONTEXT() REPRESENTATION_CONTEXT('2D SPACE',''
  ) );
#1451 = ADVANCED_FACE('',(#1452),#727,.T.);
#1452 = FACE_BOUND('',#1453,.T.);
#1453 = EDGE_LOOP('',(#1454,#1455,#1476,#1505,#1527,#1548,#1570));
#1454 = ORIENTED_EDGE('',*,*,#710,.F.);
#1455 = ORIENTED_EDGE('',*,*,#1456,.F.);
#1456 = EDGE_CURVE('',#1457,#685,#1459,.T.);
#1457 = VERTEX_POINT('',#1458);
#1458 = CARTESIAN_POINT('',(-15.13333520206,13.076014899883,-281.8));
#1459 = SURFACE_CURVE('',#1460,(#1464,#1470),.PCURVE_S1.);
#1460 = LINE('',#1461,#1462);
#1461 = CARTESIAN_POINT('',(-15.13333520206,13.076014899883,-286.5));
#1462 = VECTOR('',#1463,1.);
#1463 = DIRECTION('',(0.,0.,1.));
#1464 = PCURVE('',#727,#1465);
#1465 = DEFINITIONAL_REPRESENTATION('',(#1466),#1469);
#1466 = B_SPLINE_CURVE_WITH_KNOTS('',1,(#1467,#1468),.UNSPECIFIED.,.F.,
  .F.,(2,2),(4.56,6.0000006),.PIECEWISE_BEZIER_KNOTS.);
#1467 = CARTESIAN_POINT('',(2.428996038819,4.56));
#1468 = CARTESIAN_POINT('',(2.428996038819,6.0000006));
#1469 = ( GEOMETRIC_REPRESENTATION_CONTEXT(2) 
PARAMETRIC_REPRESENTATION_CONTEXT() REPRESENTATION_CONTEXT('2D SPACE',''
  ) );
#1470 = PCURVE('',#699,#1471);
#1471 = DEFINITIONAL_REPRESENTATION('',(#1472),#1475);
#1472 = B_SPLINE_CURVE_WITH_KNOTS('',1,(#1473,#1474),.UNSPECIFIED.,.F.,
  .F.,(2,2),(4.56,6.0000006),.PIECEWISE_BEZIER_KNOTS.);
#1473 = CARTESIAN_POINT('',(-0.14,6.184101689541));
#1474 = CARTESIAN_POINT('',(1.3000006,6.184101689541));
#1475 = ( GEOMETRIC_REPRESENTATION_CONTEXT(2) 
PARAMETRIC_REPRESENTATION_CONTEXT() REPRESENTATION_CONTEXT('2D SPACE',''
  ) );
#1476 = ORIENTED_EDGE('',*,*,#1477,.F.);
#1477 = EDGE_CURVE('',#1478,#1457,#1480,.T.);
#1478 = VERTEX_POINT('',#1479);
#1479 = CARTESIAN_POINT('',(-12.85575219373,15.32088886238,-281.8));
#1480 = SURFACE_CURVE('',#1481,(#1486,#1493),.PCURVE_S1.);
#1481 = CIRCLE('',#1482,20.);
#1482 = AXIS2_PLACEMENT_3D('',#1483,#1484,#1485);
#1483 = CARTESIAN_POINT('',(0.,0.,-281.8));
#1484 = DIRECTION('',(0.,0.,1.));
#1485 = DIRECTION('',(1.,0.,-0.));
#1486 = PCURVE('',#727,#1487);
#1487 = DEFINITIONAL_REPRESENTATION('',(#1488),#1492);
#1488 = LINE('',#1489,#1490);
#1489 = CARTESIAN_POINT('',(0.,4.7));
#1490 = VECTOR('',#1491,1.);
#1491 = DIRECTION('',(1.,0.));
#1492 = ( GEOMETRIC_REPRESENTATION_CONTEXT(2) 
PARAMETRIC_REPRESENTATION_CONTEXT() REPRESENTATION_CONTEXT('2D SPACE',''
  ) );
#1493 = PCURVE('',#1494,#1499);
#1494 = PLANE('',#1495);
#1495 = AXIS2_PLACEMENT_3D('',#1496,#1497,#1498);
#1496 = CARTESIAN_POINT('',(-7.770967074375,11.485842186317,-281.8));
#1497 = DIRECTION('',(0.,0.,1.));
#1498 = DIRECTION('',(-0.681998360062,0.731353701619,0.));
#1499 = DEFINITIONAL_REPRESENTATION('',(#1500),#1504);
#1500 = CIRCLE('',#1501,20.);
#1501 = AXIS2_PLACEMENT_2D('',#1502,#1503);
#1502 = CARTESIAN_POINT('',(-13.7,2.15));
#1503 = DIRECTION('',(-0.681998360062,-0.731353701619));
#1504 = ( GEOMETRIC_REPRESENTATION_CONTEXT(2) 
PARAMETRIC_REPRESENTATION_CONTEXT() REPRESENTATION_CONTEXT('2D SPACE',''
  ) );
#1505 = ORIENTED_EDGE('',*,*,#1506,.F.);
#1506 = EDGE_CURVE('',#1507,#1478,#1509,.T.);
#1507 = VERTEX_POINT('',#1508);
#1508 = CARTESIAN_POINT('',(-12.85575219373,15.32088886238,
    -284.4992813742));
#1509 = SURFACE_CURVE('',#1510,(#1514,#1520),.PCURVE_S1.);
#1510 = LINE('',#1511,#1512);
#1511 = CARTESIAN_POINT('',(-12.85575219373,15.32088886238,-286.5));
#1512 = VECTOR('',#1513,1.);
#1513 = DIRECTION('',(0.,0.,1.));
#1514 = PCURVE('',#727,#1515);
#1515 = DEFINITIONAL_REPRESENTATION('',(#1516),#1519);
#1516 = B_SPLINE_CURVE_WITH_KNOTS('',1,(#1517,#1518),.UNSPECIFIED.,.F.,
  .F.,(2,2),(0.9999994,7.0000006),.PIECEWISE_BEZIER_KNOTS.);
#1517 = CARTESIAN_POINT('',(2.268928027593,0.9999994));
#1518 = CARTESIAN_POINT('',(2.268928027593,7.0000006));
#1519 = ( GEOMETRIC_REPRESENTATION_CONTEXT(2) 
PARAMETRIC_REPRESENTATION_CONTEXT() REPRESENTATION_CONTEXT('2D SPACE',''
  ) );
#1520 = PCURVE('',#621,#1521);
#1521 = DEFINITIONAL_REPRESENTATION('',(#1522),#1526);
#1522 = LINE('',#1523,#1524);
#1523 = CARTESIAN_POINT('',(4.585786437627,1.414721707522));
#1524 = VECTOR('',#1525,1.);
#1525 = DIRECTION('',(0.707106781187,-0.707106781187));
#1526 = ( GEOMETRIC_REPRESENTATION_CONTEXT(2) 
PARAMETRIC_REPRESENTATION_CONTEXT() REPRESENTATION_CONTEXT('2D SPACE',''
  ) );
#1527 = ORIENTED_EDGE('',*,*,#1528,.F.);
#1528 = EDGE_CURVE('',#1529,#1507,#1531,.T.);
#1529 = VERTEX_POINT('',#1530);
#1530 = CARTESIAN_POINT('',(-12.85575219373,15.32088886238,-284.5));
#1531 = SURFACE_CURVE('',#1532,(#1536,#1542),.PCURVE_S1.);
#1532 = LINE('',#1533,#1534);
#1533 = CARTESIAN_POINT('',(-12.85575219373,15.32088886238,-286.5));
#1534 = VECTOR('',#1535,1.);
#1535 = DIRECTION('',(0.,0.,1.));
#1536 = PCURVE('',#727,#1537);
#1537 = DEFINITIONAL_REPRESENTATION('',(#1538),#1541);
#1538 = B_SPLINE_CURVE_WITH_KNOTS('',1,(#1539,#1540),.UNSPECIFIED.,.F.,
  .F.,(2,2),(0.9999994,7.0000006),.PIECEWISE_BEZIER_KNOTS.);
#1539 = CARTESIAN_POINT('',(2.268928027593,0.9999994));
#1540 = CARTESIAN_POINT('',(2.268928027593,7.0000006));
#1541 = ( GEOMETRIC_REPRESENTATION_CONTEXT(2) 
PARAMETRIC_REPRESENTATION_CONTEXT() REPRESENTATION_CONTEXT('2D SPACE',''
  ) );
#1542 = PCURVE('',#1301,#1543);
#1543 = DEFINITIONAL_REPRESENTATION('',(#1544),#1547);
#1544 = B_SPLINE_CURVE_WITH_KNOTS('',1,(#1545,#1546),.UNSPECIFIED.,.F.,
  .F.,(2,2),(0.9999994,7.0000006),.PIECEWISE_BEZIER_KNOTS.);
#1545 = CARTESIAN_POINT('',(20.,-1.9999994));
#1546 = CARTESIAN_POINT('',(20.,-8.0000006));
#1547 = ( GEOMETRIC_REPRESENTATION_CONTEXT(2) 
PARAMETRIC_REPRESENTATION_CONTEXT() REPRESENTATION_CONTEXT('2D SPACE',''
  ) );
#1548 = ORIENTED_EDGE('',*,*,#1549,.T.);
#1549 = EDGE_CURVE('',#1529,#1408,#1550,.T.);
#1550 = SURFACE_CURVE('',#1551,(#1556,#1563),.PCURVE_S1.);
#1551 = CIRCLE('',#1552,20.);
#1552 = AXIS2_PLACEMENT_3D('',#1553,#1554,#1555);
#1553 = CARTESIAN_POINT('',(0.,0.,-284.5));
#1554 = DIRECTION('',(0.,0.,1.));
#1555 = DIRECTION('',(-0.642787609687,0.766044443119,0.));
#1556 = PCURVE('',#727,#1557);
#1557 = DEFINITIONAL_REPRESENTATION('',(#1558),#1562);
#1558 = LINE('',#1559,#1560);
#1559 = CARTESIAN_POINT('',(2.268928027593,2.));
#1560 = VECTOR('',#1561,1.);
#1561 = DIRECTION('',(1.,0.));
#1562 = ( GEOMETRIC_REPRESENTATION_CONTEXT(2) 
PARAMETRIC_REPRESENTATION_CONTEXT() REPRESENTATION_CONTEXT('2D SPACE',''
  ) );
#1563 = PCURVE('',#1441,#1564);
#1564 = DEFINITIONAL_REPRESENTATION('',(#1565),#1569);
#1565 = CIRCLE('',#1566,20.);
#1566 = AXIS2_PLACEMENT_2D('',#1567,#1568);
#1567 = CARTESIAN_POINT('',(0.,0.));
#1568 = DIRECTION('',(-0.642787609687,0.766044443119));
#1569 = ( GEOMETRIC_REPRESENTATION_CONTEXT(2) 
PARAMETRIC_REPRESENTATION_CONTEXT() REPRESENTATION_CONTEXT('2D SPACE',''
  ) );
#1570 = ORIENTED_EDGE('',*,*,#1407,.T.);
#1571 = ADVANCED_FACE('',(#1572),#699,.F.);
#1572 = FACE_BOUND('',#1573,.F.);
#1573 = EDGE_LOOP('',(#1574,#1597,#1618,#1619));
#1574 = ORIENTED_EDGE('',*,*,#1575,.F.);
#1575 = EDGE_CURVE('',#1576,#1457,#1578,.T.);
#1576 = VERTEX_POINT('',#1577);
#1577 = CARTESIAN_POINT('',(-10.91578799133,8.553249238048,-281.8));
#1578 = SURFACE_CURVE('',#1579,(#1583,#1590),.PCURVE_S1.);
#1579 = LINE('',#1580,#1581);
#1580 = CARTESIAN_POINT('',(-10.91578799133,8.553249238048,-281.8));
#1581 = VECTOR('',#1582,1.);
#1582 = DIRECTION('',(-0.681998360062,0.731353701619,0.));
#1583 = PCURVE('',#699,#1584);
#1584 = DEFINITIONAL_REPRESENTATION('',(#1585),#1589);
#1585 = LINE('',#1586,#1587);
#1586 = CARTESIAN_POINT('',(0.,0.));
#1587 = VECTOR('',#1588,1.);
#1588 = DIRECTION('',(0.,1.));
#1589 = ( GEOMETRIC_REPRESENTATION_CONTEXT(2) 
PARAMETRIC_REPRESENTATION_CONTEXT() REPRESENTATION_CONTEXT('2D SPACE',''
  ) );
#1590 = PCURVE('',#1494,#1591);
#1591 = DEFINITIONAL_REPRESENTATION('',(#1592),#1596);
#1592 = LINE('',#1593,#1594);
#1593 = CARTESIAN_POINT('',(0.,4.3));
#1594 = VECTOR('',#1595,1.);
#1595 = DIRECTION('',(1.,0.));
#1596 = ( GEOMETRIC_REPRESENTATION_CONTEXT(2) 
PARAMETRIC_REPRESENTATION_CONTEXT() REPRESENTATION_CONTEXT('2D SPACE',''
  ) );
#1597 = ORIENTED_EDGE('',*,*,#1598,.T.);
#1598 = EDGE_CURVE('',#1576,#659,#1599,.T.);
#1599 = SURFACE_CURVE('',#1600,(#1604,#1611),.PCURVE_S1.);
#1600 = LINE('',#1601,#1602);
#1601 = CARTESIAN_POINT('',(-10.91578799133,8.553249238048,-281.8));
#1602 = VECTOR('',#1603,1.);
#1603 = DIRECTION('',(0.,0.,1.));
#1604 = PCURVE('',#699,#1605);
#1605 = DEFINITIONAL_REPRESENTATION('',(#1606),#1610);
#1606 = LINE('',#1607,#1608);
#1607 = CARTESIAN_POINT('',(0.,0.));
#1608 = VECTOR('',#1609,1.);
#1609 = DIRECTION('',(1.,0.));
#1610 = ( GEOMETRIC_REPRESENTATION_CONTEXT(2) 
PARAMETRIC_REPRESENTATION_CONTEXT() REPRESENTATION_CONTEXT('2D SPACE',''
  ) );
#1611 = PCURVE('',#673,#1612);
#1612 = DEFINITIONAL_REPRESENTATION('',(#1613),#1617);
#1613 = LINE('',#1614,#1615);
#1614 = CARTESIAN_POINT('',(0.,-4.3));
#1615 = VECTOR('',#1616,1.);
#1616 = DIRECTION('',(1.,0.));
#1617 = ( GEOMETRIC_REPRESENTATION_CONTEXT(2) 
PARAMETRIC_REPRESENTATION_CONTEXT() REPRESENTATION_CONTEXT('2D SPACE',''
  ) );
#1618 = ORIENTED_EDGE('',*,*,#684,.F.);
#1619 = ORIENTED_EDGE('',*,*,#1456,.F.);
#1620 = ADVANCED_FACE('',(#1621),#673,.T.);
#1621 = FACE_BOUND('',#1622,.T.);
#1622 = EDGE_LOOP('',(#1623,#1646,#1667,#1668));
#1623 = ORIENTED_EDGE('',*,*,#1624,.F.);
#1624 = EDGE_CURVE('',#1625,#633,#1627,.T.);
#1625 = VERTEX_POINT('',#1626);
#1626 = CARTESIAN_POINT('',(-7.770967074375,11.485842186317,-281.8));
#1627 = SURFACE_CURVE('',#1628,(#1632,#1639),.PCURVE_S1.);
#1628 = LINE('',#1629,#1630);
#1629 = CARTESIAN_POINT('',(-7.770967074375,11.485842186317,-281.8));
#1630 = VECTOR('',#1631,1.);
#1631 = DIRECTION('',(0.,0.,1.));
#1632 = PCURVE('',#673,#1633);
#1633 = DEFINITIONAL_REPRESENTATION('',(#1634),#1638);
#1634 = LINE('',#1635,#1636);
#1635 = CARTESIAN_POINT('',(0.,0.));
#1636 = VECTOR('',#1637,1.);
#1637 = DIRECTION('',(1.,0.));
#1638 = ( GEOMETRIC_REPRESENTATION_CONTEXT(2) 
PARAMETRIC_REPRESENTATION_CONTEXT() REPRESENTATION_CONTEXT('2D SPACE',''
  ) );
#1639 = PCURVE('',#647,#1640);
#1640 = DEFINITIONAL_REPRESENTATION('',(#1641),#1645);
#1641 = LINE('',#1642,#1643);
#1642 = CARTESIAN_POINT('',(0.,0.));
#1643 = VECTOR('',#1644,1.);
#1644 = DIRECTION('',(1.,0.));
#1645 = ( GEOMETRIC_REPRESENTATION_CONTEXT(2) 
PARAMETRIC_REPRESENTATION_CONTEXT() REPRESENTATION_CONTEXT('2D SPACE',''
  ) );
#1646 = ORIENTED_EDGE('',*,*,#1647,.T.);
#1647 = EDGE_CURVE('',#1625,#1576,#1648,.T.);
#1648 = SURFACE_CURVE('',#1649,(#1653,#1660),.PCURVE_S1.);
#1649 = LINE('',#1650,#1651);
#1650 = CARTESIAN_POINT('',(-7.770967074375,11.485842186317,-281.8));
#1651 = VECTOR('',#1652,1.);
#1652 = DIRECTION('',(-0.731353701619,-0.681998360062,0.));
#1653 = PCURVE('',#673,#1654);
#1654 = DEFINITIONAL_REPRESENTATION('',(#1655),#1659);
#1655 = LINE('',#1656,#1657);
#1656 = CARTESIAN_POINT('',(0.,0.));
#1657 = VECTOR('',#1658,1.);
#1658 = DIRECTION('',(0.,-1.));
#1659 = ( GEOMETRIC_REPRESENTATION_CONTEXT(2) 
PARAMETRIC_REPRESENTATION_CONTEXT() REPRESENTATION_CONTEXT('2D SPACE',''
  ) );
#1660 = PCURVE('',#1494,#1661);
#1661 = DEFINITIONAL_REPRESENTATION('',(#1662),#1666);
#1662 = LINE('',#1663,#1664);
#1663 = CARTESIAN_POINT('',(0.,0.));
#1664 = VECTOR('',#1665,1.);
#1665 = DIRECTION('',(0.,1.));
#1666 = ( GEOMETRIC_REPRESENTATION_CONTEXT(2) 
PARAMETRIC_REPRESENTATION_CONTEXT() REPRESENTATION_CONTEXT('2D SPACE',''
  ) );
#1667 = ORIENTED_EDGE('',*,*,#1598,.T.);
#1668 = ORIENTED_EDGE('',*,*,#658,.F.);
#1669 = ADVANCED_FACE('',(#1670),#647,.T.);
#1670 = FACE_BOUND('',#1671,.T.);
#1671 = EDGE_LOOP('',(#1672,#1695,#1696,#1697));
#1672 = ORIENTED_EDGE('',*,*,#1673,.F.);
#1673 = EDGE_CURVE('',#1625,#1674,#1676,.T.);
#1674 = VERTEX_POINT('',#1675);
#1675 = CARTESIAN_POINT('',(-12.00943015518,16.031037372777,-281.8));
#1676 = SURFACE_CURVE('',#1677,(#1681,#1688),.PCURVE_S1.);
#1677 = LINE('',#1678,#1679);
#1678 = CARTESIAN_POINT('',(-7.770967074375,11.485842186317,-281.8));
#1679 = VECTOR('',#1680,1.);
#1680 = DIRECTION('',(-0.681998360062,0.731353701619,0.));
#1681 = PCURVE('',#647,#1682);
#1682 = DEFINITIONAL_REPRESENTATION('',(#1683),#1687);
#1683 = LINE('',#1684,#1685);
#1684 = CARTESIAN_POINT('',(0.,0.));
#1685 = VECTOR('',#1686,1.);
#1686 = DIRECTION('',(0.,1.));
#1687 = ( GEOMETRIC_REPRESENTATION_CONTEXT(2) 
PARAMETRIC_REPRESENTATION_CONTEXT() REPRESENTATION_CONTEXT('2D SPACE',''
  ) );
#1688 = PCURVE('',#1494,#1689);
#1689 = DEFINITIONAL_REPRESENTATION('',(#1690),#1694);
#1690 = LINE('',#1691,#1692);
#1691 = CARTESIAN_POINT('',(0.,0.));
#1692 = VECTOR('',#1693,1.);
#1693 = DIRECTION('',(1.,0.));
#1694 = ( GEOMETRIC_REPRESENTATION_CONTEXT(2) 
PARAMETRIC_REPRESENTATION_CONTEXT() REPRESENTATION_CONTEXT('2D SPACE',''
  ) );
#1695 = ORIENTED_EDGE('',*,*,#1624,.T.);
#1696 = ORIENTED_EDGE('',*,*,#632,.F.);
#1697 = ORIENTED_EDGE('',*,*,#1698,.F.);
#1698 = EDGE_CURVE('',#1674,#607,#1699,.T.);
#1699 = SURFACE_CURVE('',#1700,(#1704,#1710),.PCURVE_S1.);
#1700 = LINE('',#1701,#1702);
#1701 = CARTESIAN_POINT('',(-12.00943015518,16.031037372777,
    -285.2711406871));
#1702 = VECTOR('',#1703,1.);
#1703 = DIRECTION('',(0.,0.,1.));
#1704 = PCURVE('',#647,#1705);
#1705 = DEFINITIONAL_REPRESENTATION('',(#1706),#1709);
#1706 = B_SPLINE_CURVE_WITH_KNOTS('',1,(#1707,#1708),.UNSPECIFIED.,.F.,
  .F.,(2,2),(3.471140687119,4.871140687119),.PIECEWISE_BEZIER_KNOTS.);
#1707 = CARTESIAN_POINT('',(0.,6.2147701945));
#1708 = CARTESIAN_POINT('',(1.4,6.2147701945));
#1709 = ( GEOMETRIC_REPRESENTATION_CONTEXT(2) 
PARAMETRIC_REPRESENTATION_CONTEXT() REPRESENTATION_CONTEXT('2D SPACE',''
  ) );
#1710 = PCURVE('',#621,#1711);
#1711 = DEFINITIONAL_REPRESENTATION('',(#1712),#1715);
#1712 = B_SPLINE_CURVE_WITH_KNOTS('',1,(#1713,#1714),.UNSPECIFIED.,.F.,
  .F.,(2,2),(3.471140687119,4.871140687119),.PIECEWISE_BEZIER_KNOTS.);
#1713 = CARTESIAN_POINT('',(8.690396315992,-1.127472157266));
#1714 = CARTESIAN_POINT('',(9.680345809653,-2.117421650927));
#1715 = ( GEOMETRIC_REPRESENTATION_CONTEXT(2) 
PARAMETRIC_REPRESENTATION_CONTEXT() REPRESENTATION_CONTEXT('2D SPACE',''
  ) );
#1716 = ADVANCED_FACE('',(#1717),#621,.T.);
#1717 = FACE_BOUND('',#1718,.T.);
#1718 = EDGE_LOOP('',(#1719,#1740,#1741,#1760,#1761));
#1719 = ORIENTED_EDGE('',*,*,#1720,.F.);
#1720 = EDGE_CURVE('',#1507,#581,#1721,.T.);
#1721 = SURFACE_CURVE('',#1722,(#1726,#1733),.PCURVE_S1.);
#1722 = LINE('',#1723,#1724);
#1723 = CARTESIAN_POINT('',(-16.10607876588,12.59354103448,
    -288.7422813742));
#1724 = VECTOR('',#1725,1.);
#1725 = DIRECTION('',(0.54167522042,0.454519477672,0.707106781187));
#1726 = PCURVE('',#621,#1727);
#1727 = DEFINITIONAL_REPRESENTATION('',(#1728),#1732);
#1728 = LINE('',#1729,#1730);
#1729 = CARTESIAN_POINT('',(0.,0.));
#1730 = VECTOR('',#1731,1.);
#1731 = DIRECTION('',(1.,0.));
#1732 = ( GEOMETRIC_REPRESENTATION_CONTEXT(2) 
PARAMETRIC_REPRESENTATION_CONTEXT() REPRESENTATION_CONTEXT('2D SPACE',''
  ) );
#1733 = PCURVE('',#595,#1734);
#1734 = DEFINITIONAL_REPRESENTATION('',(#1735),#1739);
#1735 = LINE('',#1736,#1737);
#1736 = CARTESIAN_POINT('',(0.,0.));
#1737 = VECTOR('',#1738,1.);
#1738 = DIRECTION('',(1.,0.));
#1739 = ( GEOMETRIC_REPRESENTATION_CONTEXT(2) 
PARAMETRIC_REPRESENTATION_CONTEXT() REPRESENTATION_CONTEXT('2D SPACE',''
  ) );
#1740 = ORIENTED_EDGE('',*,*,#1506,.T.);
#1741 = ORIENTED_EDGE('',*,*,#1742,.T.);
#1742 = EDGE_CURVE('',#1478,#1674,#1743,.T.);
#1743 = SURFACE_CURVE('',#1744,(#1748,#1754),.PCURVE_S1.);
#1744 = LINE('',#1745,#1746);
#1745 = CARTESIAN_POINT('',(-13.93317420745,14.416824448041,-281.8));
#1746 = VECTOR('',#1747,1.);
#1747 = DIRECTION('',(0.766044443119,0.642787609687,-0.));
#1748 = PCURVE('',#621,#1749);
#1749 = DEFINITIONAL_REPRESENTATION('',(#1750),#1753);
#1750 = B_SPLINE_CURVE_WITH_KNOTS('',1,(#1751,#1752),.UNSPECIFIED.,.F.,
  .F.,(2,2),(0.106474550403,2.511269508638),.PIECEWISE_BEZIER_KNOTS.);
#1751 = CARTESIAN_POINT('',(6.989949493661,-2.827918979597));
#1752 = CARTESIAN_POINT('',(8.690396315992,-1.127472157266));
#1753 = ( GEOMETRIC_REPRESENTATION_CONTEXT(2) 
PARAMETRIC_REPRESENTATION_CONTEXT() REPRESENTATION_CONTEXT('2D SPACE',''
  ) );
#1754 = PCURVE('',#1494,#1755);
#1755 = DEFINITIONAL_REPRESENTATION('',(#1756),#1759);
#1756 = B_SPLINE_CURVE_WITH_KNOTS('',1,(#1757,#1758),.UNSPECIFIED.,.F.,
  .F.,(2,2),(0.106474550403,2.511269508638),.PIECEWISE_BEZIER_KNOTS.);
#1757 = CARTESIAN_POINT('',(6.340627438207,2.401499270322));
#1758 = CARTESIAN_POINT('',(6.2147701945,-7.973282130112E-16));
#1759 = ( GEOMETRIC_REPRESENTATION_CONTEXT(2) 
PARAMETRIC_REPRESENTATION_CONTEXT() REPRESENTATION_CONTEXT('2D SPACE',''
  ) );
#1760 = ORIENTED_EDGE('',*,*,#1698,.T.);
#1761 = ORIENTED_EDGE('',*,*,#606,.F.);
#1762 = ADVANCED_FACE('',(#1763),#595,.T.);
#1763 = FACE_BOUND('',#1764,.T.);
#1764 = EDGE_LOOP('',(#1765,#1766,#1785,#1786));
#1765 = ORIENTED_EDGE('',*,*,#1186,.F.);
#1766 = ORIENTED_EDGE('',*,*,#1767,.F.);
#1767 = EDGE_CURVE('',#1507,#1108,#1768,.T.);
#1768 = SURFACE_CURVE('',#1769,(#1773,#1779),.PCURVE_S1.);
#1769 = LINE('',#1770,#1771);
#1770 = CARTESIAN_POINT('',(-6.427876096865,7.66044443119,
    -284.4992813742));
#1771 = VECTOR('',#1772,1.);
#1772 = DIRECTION('',(-0.642787609687,0.766044443119,-1.335916016786E-16
    ));
#1773 = PCURVE('',#595,#1774);
#1774 = DEFINITIONAL_REPRESENTATION('',(#1775),#1778);
#1775 = B_SPLINE_CURVE_WITH_KNOTS('',1,(#1776,#1777),.UNSPECIFIED.,.F.,
  .F.,(2,2),(10.,37.5),.PIECEWISE_BEZIER_KNOTS.);
#1776 = CARTESIAN_POINT('',(6.000508145149,0.));
#1777 = CARTESIAN_POINT('',(6.000508145149,27.5));
#1778 = ( GEOMETRIC_REPRESENTATION_CONTEXT(2) 
PARAMETRIC_REPRESENTATION_CONTEXT() REPRESENTATION_CONTEXT('2D SPACE',''
  ) );
#1779 = PCURVE('',#1301,#1780);
#1780 = DEFINITIONAL_REPRESENTATION('',(#1781),#1784);
#1781 = B_SPLINE_CURVE_WITH_KNOTS('',1,(#1782,#1783),.UNSPECIFIED.,.F.,
  .F.,(2,2),(10.,37.5),.PIECEWISE_BEZIER_KNOTS.);
#1782 = CARTESIAN_POINT('',(20.,-3.000718625761));
#1783 = CARTESIAN_POINT('',(47.5,-3.000718625761));
#1784 = ( GEOMETRIC_REPRESENTATION_CONTEXT(2) 
PARAMETRIC_REPRESENTATION_CONTEXT() REPRESENTATION_CONTEXT('2D SPACE',''
  ) );
#1785 = ORIENTED_EDGE('',*,*,#1720,.T.);
#1786 = ORIENTED_EDGE('',*,*,#580,.F.);
#1787 = ADVANCED_FACE('',(#1788),#881,.F.);
#1788 = FACE_BOUND('',#1789,.F.);
#1789 = EDGE_LOOP('',(#1790,#1791,#1814,#1836));
#1790 = ORIENTED_EDGE('',*,*,#864,.F.);
#1791 = ORIENTED_EDGE('',*,*,#1792,.F.);
#1792 = EDGE_CURVE('',#1793,#865,#1795,.T.);
#1793 = VERTEX_POINT('',#1794);
#1794 = CARTESIAN_POINT('',(12.,-2.939152317954E-15,-284.5));
#1795 = SEAM_CURVE('',#1796,(#1800,#1807),.PCURVE_S1.);
#1796 = LINE('',#1797,#1798);
#1797 = CARTESIAN_POINT('',(12.,-2.939152317954E-15,-285.5));
#1798 = VECTOR('',#1799,1.);
#1799 = DIRECTION('',(0.,0.,1.));
#1800 = PCURVE('',#881,#1801);
#1801 = DEFINITIONAL_REPRESENTATION('',(#1802),#1806);
#1802 = LINE('',#1803,#1804);
#1803 = CARTESIAN_POINT('',(6.28318530718,-0.));
#1804 = VECTOR('',#1805,1.);
#1805 = DIRECTION('',(0.,1.));
#1806 = ( GEOMETRIC_REPRESENTATION_CONTEXT(2) 
PARAMETRIC_REPRESENTATION_CONTEXT() REPRESENTATION_CONTEXT('2D SPACE',''
  ) );
#1807 = PCURVE('',#881,#1808);
#1808 = DEFINITIONAL_REPRESENTATION('',(#1809),#1813);
#1809 = LINE('',#1810,#1811);
#1810 = CARTESIAN_POINT('',(0.,-0.));
#1811 = VECTOR('',#1812,1.);
#1812 = DIRECTION('',(0.,1.));
#1813 = ( GEOMETRIC_REPRESENTATION_CONTEXT(2) 
PARAMETRIC_REPRESENTATION_CONTEXT() REPRESENTATION_CONTEXT('2D SPACE',''
  ) );
#1814 = ORIENTED_EDGE('',*,*,#1815,.T.);
#1815 = EDGE_CURVE('',#1793,#1793,#1816,.T.);
#1816 = SURFACE_CURVE('',#1817,(#1822,#1829),.PCURVE_S1.);
#1817 = CIRCLE('',#1818,12.);
#1818 = AXIS2_PLACEMENT_3D('',#1819,#1820,#1821);
#1819 = CARTESIAN_POINT('',(0.,0.,-284.5));
#1820 = DIRECTION('',(0.,0.,1.));
#1821 = DIRECTION('',(1.,0.,-0.));
#1822 = PCURVE('',#881,#1823);
#1823 = DEFINITIONAL_REPRESENTATION('',(#1824),#1828);
#1824 = LINE('',#1825,#1826);
#1825 = CARTESIAN_POINT('',(0.,1.));
#1826 = VECTOR('',#1827,1.);
#1827 = DIRECTION('',(1.,0.));
#1828 = ( GEOMETRIC_REPRESENTATION_CONTEXT(2) 
PARAMETRIC_REPRESENTATION_CONTEXT() REPRESENTATION_CONTEXT('2D SPACE',''
  ) );
#1829 = PCURVE('',#1441,#1830);
#1830 = DEFINITIONAL_REPRESENTATION('',(#1831),#1835);
#1831 = CIRCLE('',#1832,12.);
#1832 = AXIS2_PLACEMENT_2D('',#1833,#1834);
#1833 = CARTESIAN_POINT('',(0.,0.));
#1834 = DIRECTION('',(1.,0.));
#1835 = ( GEOMETRIC_REPRESENTATION_CONTEXT(2) 
PARAMETRIC_REPRESENTATION_CONTEXT() REPRESENTATION_CONTEXT('2D SPACE',''
  ) );
#1836 = ORIENTED_EDGE('',*,*,#1792,.T.);
#1837 = ADVANCED_FACE('',(#1838,#1955),#1035,.F.);
#1838 = FACE_BOUND('',#1839,.F.);
#1839 = EDGE_LOOP('',(#1840,#1866,#1887,#1888,#1889,#1911,#1912,#1936));
#1840 = ORIENTED_EDGE('',*,*,#1841,.F.);
#1841 = EDGE_CURVE('',#1842,#1844,#1846,.T.);
#1842 = VERTEX_POINT('',#1843);
#1843 = CARTESIAN_POINT('',(47.,-1.151167991199E-14,-284.5));
#1844 = VERTEX_POINT('',#1845);
#1845 = CARTESIAN_POINT('',(-30.21101765526,36.004088826592,-284.5));
#1846 = SURFACE_CURVE('',#1847,(#1852,#1859),.PCURVE_S1.);
#1847 = CIRCLE('',#1848,47.);
#1848 = AXIS2_PLACEMENT_3D('',#1849,#1850,#1851);
#1849 = CARTESIAN_POINT('',(0.,0.,-284.5));
#1850 = DIRECTION('',(0.,0.,1.));
#1851 = DIRECTION('',(1.,0.,-0.));
#1852 = PCURVE('',#1035,#1853);
#1853 = DEFINITIONAL_REPRESENTATION('',(#1854),#1858);
#1854 = LINE('',#1855,#1856);
#1855 = CARTESIAN_POINT('',(0.,16.));
#1856 = VECTOR('',#1857,1.);
#1857 = DIRECTION('',(1.,0.));
#1858 = ( GEOMETRIC_REPRESENTATION_CONTEXT(2) 
PARAMETRIC_REPRESENTATION_CONTEXT() REPRESENTATION_CONTEXT('2D SPACE',''
  ) );
#1859 = PCURVE('',#1441,#1860);
#1860 = DEFINITIONAL_REPRESENTATION('',(#1861),#1865);
#1861 = CIRCLE('',#1862,47.);
#1862 = AXIS2_PLACEMENT_2D('',#1863,#1864);
#1863 = CARTESIAN_POINT('',(0.,0.));
#1864 = DIRECTION('',(1.,0.));
#1865 = ( GEOMETRIC_REPRESENTATION_CONTEXT(2) 
PARAMETRIC_REPRESENTATION_CONTEXT() REPRESENTATION_CONTEXT('2D SPACE',''
  ) );
#1866 = ORIENTED_EDGE('',*,*,#1867,.F.);
#1867 = EDGE_CURVE('',#1019,#1842,#1868,.T.);
#1868 = SEAM_CURVE('',#1869,(#1873,#1880),.PCURVE_S1.);
#1869 = LINE('',#1870,#1871);
#1870 = CARTESIAN_POINT('',(47.,-1.151167991199E-14,-300.5));
#1871 = VECTOR('',#1872,1.);
#1872 = DIRECTION('',(0.,0.,1.));
#1873 = PCURVE('',#1035,#1874);
#1874 = DEFINITIONAL_REPRESENTATION('',(#1875),#1879);
#1875 = LINE('',#1876,#1877);
#1876 = CARTESIAN_POINT('',(6.28318530718,-0.));
#1877 = VECTOR('',#1878,1.);
#1878 = DIRECTION('',(0.,1.));
#1879 = ( GEOMETRIC_REPRESENTATION_CONTEXT(2) 
PARAMETRIC_REPRESENTATION_CONTEXT() REPRESENTATION_CONTEXT('2D SPACE',''
  ) );
#1880 = PCURVE('',#1035,#1881);
#1881 = DEFINITIONAL_REPRESENTATION('',(#1882),#1886);
#1882 = LINE('',#1883,#1884);
#1883 = CARTESIAN_POINT('',(0.,-0.));
#1884 = VECTOR('',#1885,1.);
#1885 = DIRECTION('',(0.,1.));
#1886 = ( GEOMETRIC_REPRESENTATION_CONTEXT(2) 
PARAMETRIC_REPRESENTATION_CONTEXT() REPRESENTATION_CONTEXT('2D SPACE',''
  ) );
#1887 = ORIENTED_EDGE('',*,*,#1018,.T.);
#1888 = ORIENTED_EDGE('',*,*,#1867,.T.);
#1889 = ORIENTED_EDGE('',*,*,#1890,.F.);
#1890 = EDGE_CURVE('',#1366,#1842,#1891,.T.);
#1891 = SURFACE_CURVE('',#1892,(#1897,#1904),.PCURVE_S1.);
#1892 = CIRCLE('',#1893,47.);
#1893 = AXIS2_PLACEMENT_3D('',#1894,#1895,#1896);
#1894 = CARTESIAN_POINT('',(0.,0.,-284.5));
#1895 = DIRECTION('',(0.,0.,1.));
#1896 = DIRECTION('',(1.,0.,-0.));
#1897 = PCURVE('',#1035,#1898);
#1898 = DEFINITIONAL_REPRESENTATION('',(#1899),#1903);
#1899 = LINE('',#1900,#1901);
#1900 = CARTESIAN_POINT('',(0.,16.));
#1901 = VECTOR('',#1902,1.);
#1902 = DIRECTION('',(1.,0.));
#1903 = ( GEOMETRIC_REPRESENTATION_CONTEXT(2) 
PARAMETRIC_REPRESENTATION_CONTEXT() REPRESENTATION_CONTEXT('2D SPACE',''
  ) );
#1904 = PCURVE('',#1441,#1905);
#1905 = DEFINITIONAL_REPRESENTATION('',(#1906),#1910);
#1906 = CIRCLE('',#1907,47.);
#1907 = AXIS2_PLACEMENT_2D('',#1908,#1909);
#1908 = CARTESIAN_POINT('',(0.,0.));
#1909 = DIRECTION('',(1.,0.));
#1910 = ( GEOMETRIC_REPRESENTATION_CONTEXT(2) 
PARAMETRIC_REPRESENTATION_CONTEXT() REPRESENTATION_CONTEXT('2D SPACE',''
  ) );
#1911 = ORIENTED_EDGE('',*,*,#1363,.F.);
#1912 = ORIENTED_EDGE('',*,*,#1913,.F.);
#1913 = EDGE_CURVE('',#1914,#1364,#1916,.T.);
#1914 = VERTEX_POINT('',#1915);
#1915 = CARTESIAN_POINT('',(-30.21101765526,36.004088826592,-285.5));
#1916 = SURFACE_CURVE('',#1917,(#1922,#1929),.PCURVE_S1.);
#1917 = CIRCLE('',#1918,47.);
#1918 = AXIS2_PLACEMENT_3D('',#1919,#1920,#1921);
#1919 = CARTESIAN_POINT('',(0.,0.,-285.5));
#1920 = DIRECTION('',(0.,0.,1.));
#1921 = DIRECTION('',(1.,0.,-0.));
#1922 = PCURVE('',#1035,#1923);
#1923 = DEFINITIONAL_REPRESENTATION('',(#1924),#1928);
#1924 = LINE('',#1925,#1926);
#1925 = CARTESIAN_POINT('',(0.,15.));
#1926 = VECTOR('',#1927,1.);
#1927 = DIRECTION('',(1.,0.));
#1928 = ( GEOMETRIC_REPRESENTATION_CONTEXT(2) 
PARAMETRIC_REPRESENTATION_CONTEXT() REPRESENTATION_CONTEXT('2D SPACE',''
  ) );
#1929 = PCURVE('',#1329,#1930);
#1930 = DEFINITIONAL_REPRESENTATION('',(#1931),#1935);
#1931 = CIRCLE('',#1932,47.);
#1932 = AXIS2_PLACEMENT_2D('',#1933,#1934);
#1933 = CARTESIAN_POINT('',(0.,0.));
#1934 = DIRECTION('',(1.,0.));
#1935 = ( GEOMETRIC_REPRESENTATION_CONTEXT(2) 
PARAMETRIC_REPRESENTATION_CONTEXT() REPRESENTATION_CONTEXT('2D SPACE',''
  ) );
#1936 = ORIENTED_EDGE('',*,*,#1937,.T.);
#1937 = EDGE_CURVE('',#1914,#1844,#1938,.T.);
#1938 = SURFACE_CURVE('',#1939,(#1943,#1949),.PCURVE_S1.);
#1939 = LINE('',#1940,#1941);
#1940 = CARTESIAN_POINT('',(-30.21101765526,36.004088826592,-300.5));
#1941 = VECTOR('',#1942,1.);
#1942 = DIRECTION('',(0.,0.,1.));
#1943 = PCURVE('',#1035,#1944);
#1944 = DEFINITIONAL_REPRESENTATION('',(#1945),#1948);
#1945 = B_SPLINE_CURVE_WITH_KNOTS('',1,(#1946,#1947),.UNSPECIFIED.,.F.,
  .F.,(2,2),(14.4,16.0000006),.PIECEWISE_BEZIER_KNOTS.);
#1946 = CARTESIAN_POINT('',(2.268928027593,14.4));
#1947 = CARTESIAN_POINT('',(2.268928027593,16.0000006));
#1948 = ( GEOMETRIC_REPRESENTATION_CONTEXT(2) 
PARAMETRIC_REPRESENTATION_CONTEXT() REPRESENTATION_CONTEXT('2D SPACE',''
  ) );
#1949 = PCURVE('',#1301,#1950);
#1950 = DEFINITIONAL_REPRESENTATION('',(#1951),#1954);
#1951 = B_SPLINE_CURVE_WITH_KNOTS('',1,(#1952,#1953),.UNSPECIFIED.,.F.,
  .F.,(2,2),(14.4,16.0000006),.PIECEWISE_BEZIER_KNOTS.);
#1952 = CARTESIAN_POINT('',(47.,-1.4));
#1953 = CARTESIAN_POINT('',(47.,-3.0000006));
#1954 = ( GEOMETRIC_REPRESENTATION_CONTEXT(2) 
PARAMETRIC_REPRESENTATION_CONTEXT() REPRESENTATION_CONTEXT('2D SPACE',''
  ) );
#1955 = FACE_BOUND('',#1956,.F.);
#1956 = EDGE_LOOP('',(#1957));
#1957 = ORIENTED_EDGE('',*,*,#1958,.T.);
#1958 = EDGE_CURVE('',#1959,#1959,#1961,.T.);
#1959 = VERTEX_POINT('',#1960);
#1960 = CARTESIAN_POINT('',(-47.,-6.368163355566E-16,-295.6));
#1961 = SURFACE_CURVE('',#1962,(#2013,#2067),.PCURVE_S1.);
#1962 = B_SPLINE_CURVE_WITH_KNOTS('',7,(#1963,#1964,#1965,#1966,#1967,
    #1968,#1969,#1970,#1971,#1972,#1973,#1974,#1975,#1976,#1977,#1978,
    #1979,#1980,#1981,#1982,#1983,#1984,#1985,#1986,#1987,#1988,#1989,
    #1990,#1991,#1992,#1993,#1994,#1995,#1996,#1997,#1998,#1999,#2000,
    #2001,#2002,#2003,#2004,#2005,#2006,#2007,#2008,#2009,#2010,#2011,
    #2012),.UNSPECIFIED.,.T.,.F.,(8,6,6,6,6,6,6,6,8),(0.,0.126516989919,
    0.249999995477,0.373483001034,0.499999990953,0.626516980872,
    0.749999990066,0.873483002764,1.),.UNSPECIFIED.);
#1963 = CARTESIAN_POINT('',(-47.,2.6645352591E-15,-295.6));
#1964 = CARTESIAN_POINT('',(-47.,0.360400542211,-295.6));
#1965 = CARTESIAN_POINT('',(-46.99677581803,0.709612744625,
    -295.541717484));
#1966 = CARTESIAN_POINT('',(-46.99068778482,1.037017092395,
    -295.4316601618));
#1967 = CARTESIAN_POINT('',(-46.98264799199,1.334141398467,
    -295.2781335836));
#1968 = CARTESIAN_POINT('',(-46.97384139906,1.594830045134,
    -295.0911682021));
#1969 = CARTESIAN_POINT('',(-46.96526181484,1.81581498147,
    -294.8823354561));
#1970 = CARTESIAN_POINT('',(-46.95000704542,2.17445993158,
    -294.4519939124));
#1971 = CARTESIAN_POINT('',(-46.94307817651,2.318996467017,
    -294.2249024513));
#1972 = CARTESIAN_POINT('',(-46.9372046915,2.43251656842,-293.9881413587
    ));
#1973 = CARTESIAN_POINT('',(-46.93265515414,2.516520281745,
    -293.7450583052));
#1974 = CARTESIAN_POINT('',(-46.9295732022,2.572146251297,
    -293.4980859734));
#1975 = CARTESIAN_POINT('',(-46.9280300034,2.6,-293.2491490709));
#1976 = CARTESIAN_POINT('',(-46.9280300034,2.6,-292.750850929));
#1977 = CARTESIAN_POINT('',(-46.9295732022,2.572146251297,
    -292.5019140265));
#1978 = CARTESIAN_POINT('',(-46.93265515414,2.516520281745,
    -292.2549416947));
#1979 = CARTESIAN_POINT('',(-46.9372046915,2.432516568419,
    -292.0118586412));
#1980 = CARTESIAN_POINT('',(-46.94307817651,2.318996467017,
    -291.7750975486));
#1981 = CARTESIAN_POINT('',(-46.95000704542,2.17445993158,
    -291.5480060875));
#1982 = CARTESIAN_POINT('',(-46.96526181484,1.81581498147,
    -291.1176645438));
#1983 = CARTESIAN_POINT('',(-46.97384139906,1.594830045133,
    -290.9088317978));
#1984 = CARTESIAN_POINT('',(-46.98264799199,1.334141398468,
    -290.7218664163));
#1985 = CARTESIAN_POINT('',(-46.99068778482,1.037017092394,
    -290.5683398381));
#1986 = CARTESIAN_POINT('',(-46.99677581803,0.709612744625,
    -290.4582825159));
#1987 = CARTESIAN_POINT('',(-47.,0.360400542211,-290.4));
#1988 = CARTESIAN_POINT('',(-47.,-0.360400542211,-290.4));
#1989 = CARTESIAN_POINT('',(-46.99677581803,-0.709612744623,
    -290.4582825159));
#1990 = CARTESIAN_POINT('',(-46.99068778482,-1.037017092397,
    -290.5683398381));
#1991 = CARTESIAN_POINT('',(-46.98264799199,-1.334141398465,
    -290.7218664163));
#1992 = CARTESIAN_POINT('',(-46.97384139906,-1.594830045135,
    -290.9088317978));
#1993 = CARTESIAN_POINT('',(-46.96526181484,-1.81581498147,
    -291.1176645438));
#1994 = CARTESIAN_POINT('',(-46.9500070452,-2.174459936797,
    -291.5480060938));
#1995 = CARTESIAN_POINT('',(-46.9430781771,-2.318996453286,
    -291.7750975346));
#1996 = CARTESIAN_POINT('',(-46.93720469085,-2.432516583749,
    -292.0118586478));
#1997 = CARTESIAN_POINT('',(-46.93265515448,-2.516520273566,
    -292.2549417068));
#1998 = CARTESIAN_POINT('',(-46.92957320213,-2.57214625303,
    -292.5019140093));
#1999 = CARTESIAN_POINT('',(-46.9280300034,-2.6,-292.7508509361));
#2000 = CARTESIAN_POINT('',(-46.9280300034,-2.6,-293.2491490709));
#2001 = CARTESIAN_POINT('',(-46.9295732022,-2.572146251297,
    -293.4980859734));
#2002 = CARTESIAN_POINT('',(-46.93265515414,-2.516520281746,
    -293.7450583052));
#2003 = CARTESIAN_POINT('',(-46.9372046915,-2.432516568419,
    -293.9881413587));
#2004 = CARTESIAN_POINT('',(-46.94307817651,-2.318996467018,
    -294.2249024513));
#2005 = CARTESIAN_POINT('',(-46.95000704542,-2.17445993158,
    -294.4519939124));
#2006 = CARTESIAN_POINT('',(-46.96526181484,-1.81581498147,
    -294.8823354561));
#2007 = CARTESIAN_POINT('',(-46.97384139906,-1.594830045134,
    -295.0911682021));
#2008 = CARTESIAN_POINT('',(-46.98264799199,-1.334141398466,
    -295.2781335836));
#2009 = CARTESIAN_POINT('',(-46.99068778482,-1.037017092397,
    -295.4316601618));
#2010 = CARTESIAN_POINT('',(-46.99677581803,-0.709612744624,
    -295.541717484));
#2011 = CARTESIAN_POINT('',(-47.,-0.360400542211,-295.6));
#2012 = CARTESIAN_POINT('',(-47.,2.6645352591E-15,-295.6));
#2013 = PCURVE('',#1035,#2014);
#2014 = DEFINITIONAL_REPRESENTATION('',(#2015),#2066);
#2015 = B_SPLINE_CURVE_WITH_KNOTS('',7,(#2016,#2017,#2018,#2019,#2020,
    #2021,#2022,#2023,#2024,#2025,#2026,#2027,#2028,#2029,#2030,#2031,
    #2032,#2033,#2034,#2035,#2036,#2037,#2038,#2039,#2040,#2041,#2042,
    #2043,#2044,#2045,#2046,#2047,#2048,#2049,#2050,#2051,#2052,#2053,
    #2054,#2055,#2056,#2057,#2058,#2059,#2060,#2061,#2062,#2063,#2064,
    #2065),.UNSPECIFIED.,.T.,.F.,(8,6,6,6,6,6,6,6,8),(0.,0.126516989919,
    0.249999995477,0.373483001034,0.499999990953,0.626516980872,
    0.749999990066,0.873483002764,1.),.UNSPECIFIED.);
#2016 = CARTESIAN_POINT('',(3.14159265359,4.9));
#2017 = CARTESIAN_POINT('',(3.133924556947,4.9));
#2018 = CARTESIAN_POINT('',(3.126494509287,4.95828251595));
#2019 = CARTESIAN_POINT('',(3.119527727469,5.068339838125));
#2020 = CARTESIAN_POINT('',(3.113203915979,5.221866416335));
#2021 = CARTESIAN_POINT('',(3.107654299302,5.40883179789));
#2022 = CARTESIAN_POINT('',(3.102948982839,5.617664543881));
#2023 = CARTESIAN_POINT('',(3.095311339644,6.048006087565));
#2024 = CARTESIAN_POINT('',(3.092232607363,6.275097548694));
#2025 = CARTESIAN_POINT('',(3.089814069808,6.511858641202));
#2026 = CARTESIAN_POINT('',(3.088024139452,6.754941694707));
#2027 = CARTESIAN_POINT('',(3.086838792821,7.001914026562));
#2028 = CARTESIAN_POINT('',(3.086245251043,7.25085092905));
#2029 = CARTESIAN_POINT('',(3.086245251043,7.74914907095));
#2030 = CARTESIAN_POINT('',(3.086838792821,7.998085973437));
#2031 = CARTESIAN_POINT('',(3.088024139452,8.245058305293));
#2032 = CARTESIAN_POINT('',(3.089814069808,8.488141358798));
#2033 = CARTESIAN_POINT('',(3.092232607363,8.724902451306));
#2034 = CARTESIAN_POINT('',(3.095311339644,8.951993912435));
#2035 = CARTESIAN_POINT('',(3.102948982839,9.382335456119));
#2036 = CARTESIAN_POINT('',(3.107654299302,9.59116820211));
#2037 = CARTESIAN_POINT('',(3.113203915979,9.778133583664));
#2038 = CARTESIAN_POINT('',(3.119527727469,9.931660161875));
#2039 = CARTESIAN_POINT('',(3.126494509287,10.04171748405));
#2040 = CARTESIAN_POINT('',(3.133924556947,10.1));
#2041 = CARTESIAN_POINT('',(3.149260750233,10.1));
#2042 = CARTESIAN_POINT('',(3.156690797893,10.041717484051));
#2043 = CARTESIAN_POINT('',(3.163657579711,9.931660161874));
#2044 = CARTESIAN_POINT('',(3.169981391201,9.778133583666));
#2045 = CARTESIAN_POINT('',(3.175531007877,9.591168202109));
#2046 = CARTESIAN_POINT('',(3.18023632434,9.382335456119));
#2047 = CARTESIAN_POINT('',(3.187873967647,8.951993906176));
#2048 = CARTESIAN_POINT('',(3.190952699524,8.724902465387));
#2049 = CARTESIAN_POINT('',(3.193371237698,8.488141352174));
#2050 = CARTESIAN_POINT('',(3.195161167553,8.245058293117));
#2051 = CARTESIAN_POINT('',(3.196346514395,7.998085990614));
#2052 = CARTESIAN_POINT('',(3.196940056137,7.749149063879));
#2053 = CARTESIAN_POINT('',(3.196940056137,7.25085092905));
#2054 = CARTESIAN_POINT('',(3.196346514358,7.001914026562));
#2055 = CARTESIAN_POINT('',(3.195161167728,6.754941694709));
#2056 = CARTESIAN_POINT('',(3.193371237371,6.511858641201));
#2057 = CARTESIAN_POINT('',(3.190952699817,6.275097548695));
#2058 = CARTESIAN_POINT('',(3.187873967536,6.048006087564));
#2059 = CARTESIAN_POINT('',(3.18023632434,5.617664543881));
#2060 = CARTESIAN_POINT('',(3.175531007877,5.408831797891));
#2061 = CARTESIAN_POINT('',(3.169981391201,5.221866416335));
#2062 = CARTESIAN_POINT('',(3.163657579711,5.068339838126));
#2063 = CARTESIAN_POINT('',(3.156690797893,4.958282515949));
#2064 = CARTESIAN_POINT('',(3.149260750233,4.9));
#2065 = CARTESIAN_POINT('',(3.14159265359,4.9));
#2066 = ( GEOMETRIC_REPRESENTATION_CONTEXT(2) 
PARAMETRIC_REPRESENTATION_CONTEXT() REPRESENTATION_CONTEXT('2D SPACE',''
  ) );
#2067 = PCURVE('',#2068,#2073);
#2068 = CYLINDRICAL_SURFACE('',#2069,2.6);
#2069 = AXIS2_PLACEMENT_3D('',#2070,#2071,#2072);
#2070 = CARTESIAN_POINT('',(-68.,0.,-293.));
#2071 = DIRECTION('',(1.,0.,2.22044604925E-16));
#2072 = DIRECTION('',(2.22044604925E-16,0.,-1.));
#2073 = DEFINITIONAL_REPRESENTATION('',(#2074),#2125);
#2074 = B_SPLINE_CURVE_WITH_KNOTS('',7,(#2075,#2076,#2077,#2078,#2079,
    #2080,#2081,#2082,#2083,#2084,#2085,#2086,#2087,#2088,#2089,#2090,
    #2091,#2092,#2093,#2094,#2095,#2096,#2097,#2098,#2099,#2100,#2101,
    #2102,#2103,#2104,#2105,#2106,#2107,#2108,#2109,#2110,#2111,#2112,
    #2113,#2114,#2115,#2116,#2117,#2118,#2119,#2120,#2121,#2122,#2123,
    #2124),.UNSPECIFIED.,.F.,.F.,(8,6,6,6,6,6,6,6,8),(0.,0.126516989919,
    0.249999995477,0.373483001034,0.499999990953,0.626516980872,
    0.749999990066,0.873483002764,1.),.UNSPECIFIED.);
#2075 = CARTESIAN_POINT('',(0.,21.));
#2076 = CARTESIAN_POINT('',(0.138615593158,21.));
#2077 = CARTESIAN_POINT('',(0.272927941606,21.003224181969));
#2078 = CARTESIAN_POINT('',(0.40320282118,21.00931221518));
#2079 = CARTESIAN_POINT('',(0.529318470254,21.017352008007));
#2080 = CARTESIAN_POINT('',(0.650867303573,21.026158600931));
#2081 = CARTESIAN_POINT('',(0.766983539402,21.034738185159));
#2082 = CARTESIAN_POINT('',(0.982443706254,21.049992954571));
#2083 = CARTESIAN_POINT('',(1.085130441226,21.056921823483));
#2084 = CARTESIAN_POINT('',(1.185004745545,21.062795308493));
#2085 = CARTESIAN_POINT('',(1.282797671721,21.067344845854));
#2086 = CARTESIAN_POINT('',(1.37922494166,21.070426797799));
#2087 = CARTESIAN_POINT('',(1.474969761045,21.0719699966));
#2088 = CARTESIAN_POINT('',(1.666622892545,21.0719699966));
#2089 = CARTESIAN_POINT('',(1.76236771193,21.070426797799));
#2090 = CARTESIAN_POINT('',(1.858794981869,21.067344845854));
#2091 = CARTESIAN_POINT('',(1.956587908045,21.062795308493));
#2092 = CARTESIAN_POINT('',(2.056462212364,21.056921823483));
#2093 = CARTESIAN_POINT('',(2.159148947336,21.049992954571));
#2094 = CARTESIAN_POINT('',(2.374609114188,21.034738185159));
#2095 = CARTESIAN_POINT('',(2.490725350017,21.026158600931));
#2096 = CARTESIAN_POINT('',(2.612274183335,21.017352008007));
#2097 = CARTESIAN_POINT('',(2.73838983241,21.00931221518));
#2098 = CARTESIAN_POINT('',(2.868664711984,21.003224181969));
#2099 = CARTESIAN_POINT('',(3.002977060432,21.));
#2100 = CARTESIAN_POINT('',(3.280208246748,21.));
#2101 = CARTESIAN_POINT('',(3.414520595195,21.003224181969));
#2102 = CARTESIAN_POINT('',(3.54479547477,21.00931221518));
#2103 = CARTESIAN_POINT('',(3.670911123844,21.017352008007));
#2104 = CARTESIAN_POINT('',(3.792459957163,21.026158600931));
#2105 = CARTESIAN_POINT('',(3.908576192991,21.034738185159));
#2106 = CARTESIAN_POINT('',(4.124036362977,21.049992954793));
#2107 = CARTESIAN_POINT('',(4.226723087541,21.056921822892));
#2108 = CARTESIAN_POINT('',(4.326597403793,21.062795309146));
#2109 = CARTESIAN_POINT('',(4.424390328768,21.06734484552));
#2110 = CARTESIAN_POINT('',(4.520817588958,21.070426797862));
#2111 = CARTESIAN_POINT('',(4.616562417354,21.0719699966));
#2112 = CARTESIAN_POINT('',(4.808215546135,21.0719699966));
#2113 = CARTESIAN_POINT('',(4.90396036552,21.070426797799));
#2114 = CARTESIAN_POINT('',(5.000387635458,21.067344845854));
#2115 = CARTESIAN_POINT('',(5.098180561636,21.062795308493));
#2116 = CARTESIAN_POINT('',(5.198054865954,21.056921823483));
#2117 = CARTESIAN_POINT('',(5.300741600926,21.049992954571));
#2118 = CARTESIAN_POINT('',(5.516201767778,21.034738185159));
#2119 = CARTESIAN_POINT('',(5.632318003607,21.026158600931));
#2120 = CARTESIAN_POINT('',(5.753866836926,21.017352008007));
#2121 = CARTESIAN_POINT('',(5.879982485999,21.00931221518));
#2122 = CARTESIAN_POINT('',(6.010257365574,21.003224181969));
#2123 = CARTESIAN_POINT('',(6.144569714021,21.));
#2124 = CARTESIAN_POINT('',(6.28318530718,21.));
#2125 = ( GEOMETRIC_REPRESENTATION_CONTEXT(2) 
PARAMETRIC_REPRESENTATION_CONTEXT() REPRESENTATION_CONTEXT('2D SPACE',''
  ) );
#2126 = ADVANCED_FACE('',(#2127,#2130),#1089,.F.);
#2127 = FACE_BOUND('',#2128,.F.);
#2128 = EDGE_LOOP('',(#2129));
#2129 = ORIENTED_EDGE('',*,*,#1074,.T.);
#2130 = FACE_BOUND('',#2131,.F.);
#2131 = EDGE_LOOP('',(#2132));
#2132 = ORIENTED_EDGE('',*,*,#2133,.F.);
#2133 = EDGE_CURVE('',#2134,#2134,#2136,.T.);
#2134 = VERTEX_POINT('',#2135);
#2135 = CARTESIAN_POINT('',(-63.,-6.368163355566E-16,-295.6));
#2136 = SURFACE_CURVE('',#2137,(#2142,#2149),.PCURVE_S1.);
#2137 = CIRCLE('',#2138,2.6);
#2138 = AXIS2_PLACEMENT_3D('',#2139,#2140,#2141);
#2139 = CARTESIAN_POINT('',(-63.,0.,-293.));
#2140 = DIRECTION('',(1.,0.,2.22044604925E-16));
#2141 = DIRECTION('',(2.22044604925E-16,0.,-1.));
#2142 = PCURVE('',#1089,#2143);
#2143 = DEFINITIONAL_REPRESENTATION('',(#2144),#2148);
#2144 = CIRCLE('',#2145,2.6);
#2145 = AXIS2_PLACEMENT_2D('',#2146,#2147);
#2146 = CARTESIAN_POINT('',(1.577721810442E-30,0.));
#2147 = DIRECTION('',(1.,0.));
#2148 = ( GEOMETRIC_REPRESENTATION_CONTEXT(2) 
PARAMETRIC_REPRESENTATION_CONTEXT() REPRESENTATION_CONTEXT('2D SPACE',''
  ) );
#2149 = PCURVE('',#2068,#2150);
#2150 = DEFINITIONAL_REPRESENTATION('',(#2151),#2155);
#2151 = LINE('',#2152,#2153);
#2152 = CARTESIAN_POINT('',(0.,5.));
#2153 = VECTOR('',#2154,1.);
#2154 = DIRECTION('',(1.,0.));
#2155 = ( GEOMETRIC_REPRESENTATION_CONTEXT(2) 
PARAMETRIC_REPRESENTATION_CONTEXT() REPRESENTATION_CONTEXT('2D SPACE',''
  ) );
#2156 = ADVANCED_FACE('',(#2157),#1149,.T.);
#2157 = FACE_BOUND('',#2158,.T.);
#2158 = EDGE_LOOP('',(#2159,#2160,#2161));
#2159 = ORIENTED_EDGE('',*,*,#1133,.F.);
#2160 = ORIENTED_EDGE('',*,*,#1237,.T.);
#2161 = ORIENTED_EDGE('',*,*,#1263,.F.);
#2162 = ADVANCED_FACE('',(#2163),#1329,.T.);
#2163 = FACE_BOUND('',#2164,.T.);
#2164 = EDGE_LOOP('',(#2165,#2184,#2185,#2186));
#2165 = ORIENTED_EDGE('',*,*,#2166,.F.);
#2166 = EDGE_CURVE('',#1287,#1914,#2167,.T.);
#2167 = SURFACE_CURVE('',#2168,(#2172,#2178),.PCURVE_S1.);
#2168 = LINE('',#2169,#2170);
#2169 = CARTESIAN_POINT('',(0.,0.,-285.5));
#2170 = VECTOR('',#2171,1.);
#2171 = DIRECTION('',(0.642787609687,-0.766044443119,0.));
#2172 = PCURVE('',#1329,#2173);
#2173 = DEFINITIONAL_REPRESENTATION('',(#2174),#2177);
#2174 = B_SPLINE_CURVE_WITH_KNOTS('',1,(#2175,#2176),.UNSPECIFIED.,.F.,
  .F.,(2,2),(-62.00684624328,-0.),.PIECEWISE_BEZIER_KNOTS.);
#2175 = CARTESIAN_POINT('',(-39.85723248092,47.5));
#2176 = CARTESIAN_POINT('',(0.,0.));
#2177 = ( GEOMETRIC_REPRESENTATION_CONTEXT(2) 
PARAMETRIC_REPRESENTATION_CONTEXT() REPRESENTATION_CONTEXT('2D SPACE',''
  ) );
#2178 = PCURVE('',#1301,#2179);
#2179 = DEFINITIONAL_REPRESENTATION('',(#2180),#2183);
#2180 = B_SPLINE_CURVE_WITH_KNOTS('',1,(#2181,#2182),.UNSPECIFIED.,.F.,
  .F.,(2,2),(-62.00684624328,-0.),.PIECEWISE_BEZIER_KNOTS.);
#2181 = CARTESIAN_POINT('',(62.006846243283,-2.));
#2182 = CARTESIAN_POINT('',(0.,-2.));
#2183 = ( GEOMETRIC_REPRESENTATION_CONTEXT(2) 
PARAMETRIC_REPRESENTATION_CONTEXT() REPRESENTATION_CONTEXT('2D SPACE',''
  ) );
#2184 = ORIENTED_EDGE('',*,*,#1312,.T.);
#2185 = ORIENTED_EDGE('',*,*,#1386,.F.);
#2186 = ORIENTED_EDGE('',*,*,#1913,.F.);
#2187 = ADVANCED_FACE('',(#2188),#1301,.T.);
#2188 = FACE_BOUND('',#2189,.T.);
#2189 = EDGE_LOOP('',(#2190,#2191,#2192,#2193,#2212,#2213));
#2190 = ORIENTED_EDGE('',*,*,#1286,.F.);
#2191 = ORIENTED_EDGE('',*,*,#2166,.T.);
#2192 = ORIENTED_EDGE('',*,*,#1937,.T.);
#2193 = ORIENTED_EDGE('',*,*,#2194,.T.);
#2194 = EDGE_CURVE('',#1844,#1529,#2195,.T.);
#2195 = SURFACE_CURVE('',#2196,(#2200,#2206),.PCURVE_S1.);
#2196 = LINE('',#2197,#2198);
#2197 = CARTESIAN_POINT('',(0.,0.,-284.5));
#2198 = VECTOR('',#2199,1.);
#2199 = DIRECTION('',(0.642787609687,-0.766044443119,0.));
#2200 = PCURVE('',#1301,#2201);
#2201 = DEFINITIONAL_REPRESENTATION('',(#2202),#2205);
#2202 = B_SPLINE_CURVE_WITH_KNOTS('',1,(#2203,#2204),.UNSPECIFIED.,.F.,
  .F.,(2,2),(-47.5,-20.),.PIECEWISE_BEZIER_KNOTS.);
#2203 = CARTESIAN_POINT('',(47.5,-3.));
#2204 = CARTESIAN_POINT('',(20.,-3.));
#2205 = ( GEOMETRIC_REPRESENTATION_CONTEXT(2) 
PARAMETRIC_REPRESENTATION_CONTEXT() REPRESENTATION_CONTEXT('2D SPACE',''
  ) );
#2206 = PCURVE('',#1441,#2207);
#2207 = DEFINITIONAL_REPRESENTATION('',(#2208),#2211);
#2208 = B_SPLINE_CURVE_WITH_KNOTS('',1,(#2209,#2210),.UNSPECIFIED.,.F.,
  .F.,(2,2),(-47.5,-20.),.PIECEWISE_BEZIER_KNOTS.);
#2209 = CARTESIAN_POINT('',(-30.53241146011,36.387111048151));
#2210 = CARTESIAN_POINT('',(-12.85575219373,15.32088886238));
#2211 = ( GEOMETRIC_REPRESENTATION_CONTEXT(2) 
PARAMETRIC_REPRESENTATION_CONTEXT() REPRESENTATION_CONTEXT('2D SPACE',''
  ) );
#2212 = ORIENTED_EDGE('',*,*,#1528,.T.);
#2213 = ORIENTED_EDGE('',*,*,#1767,.T.);
#2214 = ADVANCED_FACE('',(#2215,#2222),#1441,.F.);
#2215 = FACE_BOUND('',#2216,.F.);
#2216 = EDGE_LOOP('',(#2217,#2218,#2219,#2220,#2221));
#2217 = ORIENTED_EDGE('',*,*,#1890,.T.);
#2218 = ORIENTED_EDGE('',*,*,#1841,.T.);
#2219 = ORIENTED_EDGE('',*,*,#2194,.T.);
#2220 = ORIENTED_EDGE('',*,*,#1549,.T.);
#2221 = ORIENTED_EDGE('',*,*,#1428,.T.);
#2222 = FACE_BOUND('',#2223,.F.);
#2223 = EDGE_LOOP('',(#2224));
#2224 = ORIENTED_EDGE('',*,*,#1815,.F.);
#2225 = ADVANCED_FACE('',(#2226),#1494,.T.);
#2226 = FACE_BOUND('',#2227,.T.);
#2227 = EDGE_LOOP('',(#2228,#2229,#2230,#2231,#2232));
#2228 = ORIENTED_EDGE('',*,*,#1575,.F.);
#2229 = ORIENTED_EDGE('',*,*,#1647,.F.);
#2230 = ORIENTED_EDGE('',*,*,#1673,.T.);
#2231 = ORIENTED_EDGE('',*,*,#1742,.F.);
#2232 = ORIENTED_EDGE('',*,*,#1477,.T.);
#2233 = ADVANCED_FACE('',(#2234),#2068,.F.);
#2234 = FACE_BOUND('',#2235,.F.);
#2235 = EDGE_LOOP('',(#2236,#2237,#2258,#2259));
#2236 = ORIENTED_EDGE('',*,*,#1958,.F.);
#2237 = ORIENTED_EDGE('',*,*,#2238,.F.);
#2238 = EDGE_CURVE('',#2134,#1959,#2239,.T.);
#2239 = SEAM_CURVE('',#2240,(#2244,#2251),.PCURVE_S1.);
#2240 = LINE('',#2241,#2242);
#2241 = CARTESIAN_POINT('',(-68.,-6.368163355566E-16,-295.6));
#2242 = VECTOR('',#2243,1.);
#2243 = DIRECTION('',(1.,0.,2.22044604925E-16));
#2244 = PCURVE('',#2068,#2245);
#2245 = DEFINITIONAL_REPRESENTATION('',(#2246),#2250);
#2246 = LINE('',#2247,#2248);
#2247 = CARTESIAN_POINT('',(6.28318530718,-0.));
#2248 = VECTOR('',#2249,1.);
#2249 = DIRECTION('',(0.,1.));
#2250 = ( GEOMETRIC_REPRESENTATION_CONTEXT(2) 
PARAMETRIC_REPRESENTATION_CONTEXT() REPRESENTATION_CONTEXT('2D SPACE',''
  ) );
#2251 = PCURVE('',#2068,#2252);
#2252 = DEFINITIONAL_REPRESENTATION('',(#2253),#2257);
#2253 = LINE('',#2254,#2255);
#2254 = CARTESIAN_POINT('',(0.,-0.));
#2255 = VECTOR('',#2256,1.);
#2256 = DIRECTION('',(0.,1.));
#2257 = ( GEOMETRIC_REPRESENTATION_CONTEXT(2) 
PARAMETRIC_REPRESENTATION_CONTEXT() REPRESENTATION_CONTEXT('2D SPACE',''
  ) );
#2258 = ORIENTED_EDGE('',*,*,#2133,.T.);
#2259 = ORIENTED_EDGE('',*,*,#2238,.T.);
#2260 = MANIFOLD_SOLID_BREP('',#2261);
#2261 = CLOSED_SHELL('',(#2262,#2350,#2689,#2759,#2834,#2899,#2955,#3003
    ,#3110,#3178,#3223,#3248,#3304,#3352,#3459,#3527,#3572,#3597,#3653,
    #3701,#3735));
#2262 = ADVANCED_FACE('',(#2263),#2276,.T.);
#2263 = FACE_BOUND('',#2264,.T.);
#2264 = EDGE_LOOP('',(#2265,#2299,#2322,#2349));
#2265 = ORIENTED_EDGE('',*,*,#2266,.F.);
#2266 = EDGE_CURVE('',#2267,#2267,#2269,.T.);
#2267 = VERTEX_POINT('',#2268);
#2268 = CARTESIAN_POINT('',(58.,-1.420590287011E-14,-300.5));
#2269 = SURFACE_CURVE('',#2270,(#2275,#2287),.PCURVE_S1.);
#2270 = CIRCLE('',#2271,58.);
#2271 = AXIS2_PLACEMENT_3D('',#2272,#2273,#2274);
#2272 = CARTESIAN_POINT('',(0.,0.,-300.5));
#2273 = DIRECTION('',(0.,0.,1.));
#2274 = DIRECTION('',(1.,0.,-0.));
#2275 = PCURVE('',#2276,#2281);
#2276 = CYLINDRICAL_SURFACE('',#2277,58.);
#2277 = AXIS2_PLACEMENT_3D('',#2278,#2279,#2280);
#2278 = CARTESIAN_POINT('',(0.,0.,-307.5));
#2279 = DIRECTION('',(0.,0.,1.));
#2280 = DIRECTION('',(1.,0.,-0.));
#2281 = DEFINITIONAL_REPRESENTATION('',(#2282),#2286);
#2282 = LINE('',#2283,#2284);
#2283 = CARTESIAN_POINT('',(0.,7.));
#2284 = VECTOR('',#2285,1.);
#2285 = DIRECTION('',(1.,0.));
#2286 = ( GEOMETRIC_REPRESENTATION_CONTEXT(2) 
PARAMETRIC_REPRESENTATION_CONTEXT() REPRESENTATION_CONTEXT('2D SPACE',''
  ) );
#2287 = PCURVE('',#2288,#2293);
#2288 = PLANE('',#2289);
#2289 = AXIS2_PLACEMENT_3D('',#2290,#2291,#2292);
#2290 = CARTESIAN_POINT('',(0.,0.,-300.5));
#2291 = DIRECTION('',(0.,0.,1.));
#2292 = DIRECTION('',(1.,0.,-0.));
#2293 = DEFINITIONAL_REPRESENTATION('',(#2294),#2298);
#2294 = CIRCLE('',#2295,58.);
#2295 = AXIS2_PLACEMENT_2D('',#2296,#2297);
#2296 = CARTESIAN_POINT('',(0.,0.));
#2297 = DIRECTION('',(1.,0.));
#2298 = ( GEOMETRIC_REPRESENTATION_CONTEXT(2) 
PARAMETRIC_REPRESENTATION_CONTEXT() REPRESENTATION_CONTEXT('2D SPACE',''
  ) );
#2299 = ORIENTED_EDGE('',*,*,#2300,.F.);
#2300 = EDGE_CURVE('',#2301,#2267,#2303,.T.);
#2301 = VERTEX_POINT('',#2302);
#2302 = CARTESIAN_POINT('',(58.,-1.420590287011E-14,-307.5));
#2303 = SEAM_CURVE('',#2304,(#2308,#2315),.PCURVE_S1.);
#2304 = LINE('',#2305,#2306);
#2305 = CARTESIAN_POINT('',(58.,-1.420590287011E-14,-307.5));
#2306 = VECTOR('',#2307,1.);
#2307 = DIRECTION('',(0.,0.,1.));
#2308 = PCURVE('',#2276,#2309);
#2309 = DEFINITIONAL_REPRESENTATION('',(#2310),#2314);
#2310 = LINE('',#2311,#2312);
#2311 = CARTESIAN_POINT('',(6.28318530718,-0.));
#2312 = VECTOR('',#2313,1.);
#2313 = DIRECTION('',(0.,1.));
#2314 = ( GEOMETRIC_REPRESENTATION_CONTEXT(2) 
PARAMETRIC_REPRESENTATION_CONTEXT() REPRESENTATION_CONTEXT('2D SPACE',''
  ) );
#2315 = PCURVE('',#2276,#2316);
#2316 = DEFINITIONAL_REPRESENTATION('',(#2317),#2321);
#2317 = LINE('',#2318,#2319);
#2318 = CARTESIAN_POINT('',(0.,-0.));
#2319 = VECTOR('',#2320,1.);
#2320 = DIRECTION('',(0.,1.));
#2321 = ( GEOMETRIC_REPRESENTATION_CONTEXT(2) 
PARAMETRIC_REPRESENTATION_CONTEXT() REPRESENTATION_CONTEXT('2D SPACE',''
  ) );
#2322 = ORIENTED_EDGE('',*,*,#2323,.T.);
#2323 = EDGE_CURVE('',#2301,#2301,#2324,.T.);
#2324 = SURFACE_CURVE('',#2325,(#2330,#2337),.PCURVE_S1.);
#2325 = CIRCLE('',#2326,58.);
#2326 = AXIS2_PLACEMENT_3D('',#2327,#2328,#2329);
#2327 = CARTESIAN_POINT('',(0.,0.,-307.5));
#2328 = DIRECTION('',(0.,0.,1.));
#2329 = DIRECTION('',(1.,0.,-0.));
#2330 = PCURVE('',#2276,#2331);
#2331 = DEFINITIONAL_REPRESENTATION('',(#2332),#2336);
#2332 = LINE('',#2333,#2334);
#2333 = CARTESIAN_POINT('',(0.,0.));
#2334 = VECTOR('',#2335,1.);
#2335 = DIRECTION('',(1.,0.));
#2336 = ( GEOMETRIC_REPRESENTATION_CONTEXT(2) 
PARAMETRIC_REPRESENTATION_CONTEXT() REPRESENTATION_CONTEXT('2D SPACE',''
  ) );
#2337 = PCURVE('',#2338,#2343);
#2338 = PLANE('',#2339);
#2339 = AXIS2_PLACEMENT_3D('',#2340,#2341,#2342);
#2340 = CARTESIAN_POINT('',(0.,0.,-307.5));
#2341 = DIRECTION('',(0.,0.,1.));
#2342 = DIRECTION('',(1.,0.,-0.));
#2343 = DEFINITIONAL_REPRESENTATION('',(#2344),#2348);
#2344 = CIRCLE('',#2345,58.);
#2345 = AXIS2_PLACEMENT_2D('',#2346,#2347);
#2346 = CARTESIAN_POINT('',(0.,0.));
#2347 = DIRECTION('',(1.,0.));
#2348 = ( GEOMETRIC_REPRESENTATION_CONTEXT(2) 
PARAMETRIC_REPRESENTATION_CONTEXT() REPRESENTATION_CONTEXT('2D SPACE',''
  ) );
#2349 = ORIENTED_EDGE('',*,*,#2300,.T.);
#2350 = ADVANCED_FACE('',(#2351,#2354),#2338,.F.);
#2351 = FACE_BOUND('',#2352,.F.);
#2352 = EDGE_LOOP('',(#2353));
#2353 = ORIENTED_EDGE('',*,*,#2323,.T.);
#2354 = FACE_BOUND('',#2355,.F.);
#2355 = EDGE_LOOP('',(#2356,#2387,#2413,#2442,#2469,#2498,#2524,#2553,
    #2580,#2609,#2635,#2664));
#2356 = ORIENTED_EDGE('',*,*,#2357,.F.);
#2357 = EDGE_CURVE('',#2358,#2360,#2362,.T.);
#2358 = VERTEX_POINT('',#2359);
#2359 = CARTESIAN_POINT('',(15.311655115634,53.398087209374,-307.5));
#2360 = VERTEX_POINT('',#2361);
#2361 = CARTESIAN_POINT('',(3.401456484632E-15,55.55,-307.5));
#2362 = SURFACE_CURVE('',#2363,(#2368,#2375),.PCURVE_S1.);
#2363 = CIRCLE('',#2364,55.55);
#2364 = AXIS2_PLACEMENT_3D('',#2365,#2366,#2367);
#2365 = CARTESIAN_POINT('',(0.,0.,-307.5));
#2366 = DIRECTION('',(0.,0.,1.));
#2367 = DIRECTION('',(1.,0.,-0.));
#2368 = PCURVE('',#2338,#2369);
#2369 = DEFINITIONAL_REPRESENTATION('',(#2370),#2374);
#2370 = CIRCLE('',#2371,55.55);
#2371 = AXIS2_PLACEMENT_2D('',#2372,#2373);
#2372 = CARTESIAN_POINT('',(0.,0.));
#2373 = DIRECTION('',(1.,0.));
#2374 = ( GEOMETRIC_REPRESENTATION_CONTEXT(2) 
PARAMETRIC_REPRESENTATION_CONTEXT() REPRESENTATION_CONTEXT('2D SPACE',''
  ) );
#2375 = PCURVE('',#2376,#2381);
#2376 = CYLINDRICAL_SURFACE('',#2377,55.55);
#2377 = AXIS2_PLACEMENT_3D('',#2378,#2379,#2380);
#2378 = CARTESIAN_POINT('',(0.,0.,-304.7));
#2379 = DIRECTION('',(0.,0.,1.));
#2380 = DIRECTION('',(1.,0.,-0.));
#2381 = DEFINITIONAL_REPRESENTATION('',(#2382),#2386);
#2382 = LINE('',#2383,#2384);
#2383 = CARTESIAN_POINT('',(0.,-2.8));
#2384 = VECTOR('',#2385,1.);
#2385 = DIRECTION('',(1.,0.));
#2386 = ( GEOMETRIC_REPRESENTATION_CONTEXT(2) 
PARAMETRIC_REPRESENTATION_CONTEXT() REPRESENTATION_CONTEXT('2D SPACE',''
  ) );
#2387 = ORIENTED_EDGE('',*,*,#2388,.T.);
#2388 = EDGE_CURVE('',#2358,#2389,#2391,.T.);
#2389 = VERTEX_POINT('',#2390);
#2390 = CARTESIAN_POINT('',(14.415833709229,50.273986697574,-307.5));
#2391 = SURFACE_CURVE('',#2392,(#2396,#2402),.PCURVE_S1.);
#2392 = LINE('',#2393,#2394);
#2393 = CARTESIAN_POINT('',(0.,0.,-307.5));
#2394 = VECTOR('',#2395,1.);
#2395 = DIRECTION('',(-0.275637355817,-0.961261695938,0.));
#2396 = PCURVE('',#2338,#2397);
#2397 = DEFINITIONAL_REPRESENTATION('',(#2398),#2401);
#2398 = B_SPLINE_CURVE_WITH_KNOTS('',1,(#2399,#2400),.UNSPECIFIED.,.F.,
  .F.,(2,2),(-55.55,-52.05),.PIECEWISE_BEZIER_KNOTS.);
#2399 = CARTESIAN_POINT('',(15.311655115634,53.398087209374));
#2400 = CARTESIAN_POINT('',(14.346924370275,50.03367127359));
#2401 = ( GEOMETRIC_REPRESENTATION_CONTEXT(2) 
PARAMETRIC_REPRESENTATION_CONTEXT() REPRESENTATION_CONTEXT('2D SPACE',''
  ) );
#2402 = PCURVE('',#2403,#2408);
#2403 = PLANE('',#2404);
#2404 = AXIS2_PLACEMENT_3D('',#2405,#2406,#2407);
#2405 = CARTESIAN_POINT('',(0.,0.,-310.5));
#2406 = DIRECTION('',(-0.961261695938,0.275637355817,0.));
#2407 = DIRECTION('',(0.275637355817,0.961261695938,0.));
#2408 = DEFINITIONAL_REPRESENTATION('',(#2409),#2412);
#2409 = B_SPLINE_CURVE_WITH_KNOTS('',1,(#2410,#2411),.UNSPECIFIED.,.F.,
  .F.,(2,2),(-55.55,-52.05),.PIECEWISE_BEZIER_KNOTS.);
#2410 = CARTESIAN_POINT('',(55.55,-3.));
#2411 = CARTESIAN_POINT('',(52.05,-3.));
#2412 = ( GEOMETRIC_REPRESENTATION_CONTEXT(2) 
PARAMETRIC_REPRESENTATION_CONTEXT() REPRESENTATION_CONTEXT('2D SPACE',''
  ) );
#2413 = ORIENTED_EDGE('',*,*,#2414,.F.);
#2414 = EDGE_CURVE('',#2415,#2389,#2417,.T.);
#2415 = VERTEX_POINT('',#2416);
#2416 = CARTESIAN_POINT('',(45.293128617926,-26.15,-307.5));
#2417 = SURFACE_CURVE('',#2418,(#2423,#2430),.PCURVE_S1.);
#2418 = CIRCLE('',#2419,52.3);
#2419 = AXIS2_PLACEMENT_3D('',#2420,#2421,#2422);
#2420 = CARTESIAN_POINT('',(0.,0.,-307.5));
#2421 = DIRECTION('',(0.,-0.,1.));
#2422 = DIRECTION('',(6.123233995737E-17,1.,0.));
#2423 = PCURVE('',#2338,#2424);
#2424 = DEFINITIONAL_REPRESENTATION('',(#2425),#2429);
#2425 = CIRCLE('',#2426,52.3);
#2426 = AXIS2_PLACEMENT_2D('',#2427,#2428);
#2427 = CARTESIAN_POINT('',(0.,0.));
#2428 = DIRECTION('',(6.123233995737E-17,1.));
#2429 = ( GEOMETRIC_REPRESENTATION_CONTEXT(2) 
PARAMETRIC_REPRESENTATION_CONTEXT() REPRESENTATION_CONTEXT('2D SPACE',''
  ) );
#2430 = PCURVE('',#2431,#2436);
#2431 = CYLINDRICAL_SURFACE('',#2432,52.3);
#2432 = AXIS2_PLACEMENT_3D('',#2433,#2434,#2435);
#2433 = CARTESIAN_POINT('',(0.,0.,-308.5));
#2434 = DIRECTION('',(0.,0.,1.));
#2435 = DIRECTION('',(1.,0.,-0.));
#2436 = DEFINITIONAL_REPRESENTATION('',(#2437),#2441);
#2437 = LINE('',#2438,#2439);
#2438 = CARTESIAN_POINT('',(1.570796326795,1.));
#2439 = VECTOR('',#2440,1.);
#2440 = DIRECTION('',(1.,0.));
#2441 = ( GEOMETRIC_REPRESENTATION_CONTEXT(2) 
PARAMETRIC_REPRESENTATION_CONTEXT() REPRESENTATION_CONTEXT('2D SPACE',''
  ) );
#2442 = ORIENTED_EDGE('',*,*,#2443,.T.);
#2443 = EDGE_CURVE('',#2415,#2444,#2446,.T.);
#2444 = VERTEX_POINT('',#2445);
#2445 = CARTESIAN_POINT('',(48.107711180226,-27.775,-307.5));
#2446 = SURFACE_CURVE('',#2447,(#2451,#2457),.PCURVE_S1.);
#2447 = LINE('',#2448,#2449);
#2448 = CARTESIAN_POINT('',(48.107711180226,-27.775,-307.5));
#2449 = VECTOR('',#2450,1.);
#2450 = DIRECTION('',(0.866025403784,-0.5,0.));
#2451 = PCURVE('',#2338,#2452);
#2452 = DEFINITIONAL_REPRESENTATION('',(#2453),#2456);
#2453 = B_SPLINE_CURVE_WITH_KNOTS('',1,(#2454,#2455),.UNSPECIFIED.,.F.,
  .F.,(2,2),(-3.5,-0.),.PIECEWISE_BEZIER_KNOTS.);
#2454 = CARTESIAN_POINT('',(45.07662226698,-26.025));
#2455 = CARTESIAN_POINT('',(48.107711180226,-27.775));
#2456 = ( GEOMETRIC_REPRESENTATION_CONTEXT(2) 
PARAMETRIC_REPRESENTATION_CONTEXT() REPRESENTATION_CONTEXT('2D SPACE',''
  ) );
#2457 = PCURVE('',#2458,#2463);
#2458 = PLANE('',#2459);
#2459 = AXIS2_PLACEMENT_3D('',#2460,#2461,#2462);
#2460 = CARTESIAN_POINT('',(96.215422360451,-55.55,-306.7));
#2461 = DIRECTION('',(-0.5,-0.866025403784,0.));
#2462 = DIRECTION('',(-0.866025403784,0.5,0.));
#2463 = DEFINITIONAL_REPRESENTATION('',(#2464),#2468);
#2464 = LINE('',#2465,#2466);
#2465 = CARTESIAN_POINT('',(55.55,0.8));
#2466 = VECTOR('',#2467,1.);
#2467 = DIRECTION('',(-1.,-0.));
#2468 = ( GEOMETRIC_REPRESENTATION_CONTEXT(2) 
PARAMETRIC_REPRESENTATION_CONTEXT() REPRESENTATION_CONTEXT('2D SPACE',''
  ) );
#2469 = ORIENTED_EDGE('',*,*,#2470,.F.);
#2470 = EDGE_CURVE('',#2471,#2444,#2473,.T.);
#2471 = VERTEX_POINT('',#2472);
#2472 = CARTESIAN_POINT('',(38.588272478997,-39.95932590881,-307.5));
#2473 = SURFACE_CURVE('',#2474,(#2479,#2486),.PCURVE_S1.);
#2474 = CIRCLE('',#2475,55.55);
#2475 = AXIS2_PLACEMENT_3D('',#2476,#2477,#2478);
#2476 = CARTESIAN_POINT('',(0.,0.,-307.5));
#2477 = DIRECTION('',(0.,0.,1.));
#2478 = DIRECTION('',(1.,0.,-0.));
#2479 = PCURVE('',#2338,#2480);
#2480 = DEFINITIONAL_REPRESENTATION('',(#2481),#2485);
#2481 = CIRCLE('',#2482,55.55);
#2482 = AXIS2_PLACEMENT_2D('',#2483,#2484);
#2483 = CARTESIAN_POINT('',(0.,0.));
#2484 = DIRECTION('',(1.,0.));
#2485 = ( GEOMETRIC_REPRESENTATION_CONTEXT(2) 
PARAMETRIC_REPRESENTATION_CONTEXT() REPRESENTATION_CONTEXT('2D SPACE',''
  ) );
#2486 = PCURVE('',#2487,#2492);
#2487 = CYLINDRICAL_SURFACE('',#2488,55.55);
#2488 = AXIS2_PLACEMENT_3D('',#2489,#2490,#2491);
#2489 = CARTESIAN_POINT('',(0.,0.,-304.7));
#2490 = DIRECTION('',(0.,0.,1.));
#2491 = DIRECTION('',(1.,0.,-0.));
#2492 = DEFINITIONAL_REPRESENTATION('',(#2493),#2497);
#2493 = LINE('',#2494,#2495);
#2494 = CARTESIAN_POINT('',(0.,-2.8));
#2495 = VECTOR('',#2496,1.);
#2496 = DIRECTION('',(1.,0.));
#2497 = ( GEOMETRIC_REPRESENTATION_CONTEXT(2) 
PARAMETRIC_REPRESENTATION_CONTEXT() REPRESENTATION_CONTEXT('2D SPACE',''
  ) );
#2498 = ORIENTED_EDGE('',*,*,#2499,.T.);
#2499 = EDGE_CURVE('',#2471,#2500,#2502,.T.);
#2500 = VERTEX_POINT('',#2501);
#2501 = CARTESIAN_POINT('',(36.330632775006,-37.62147155771,-307.5));
#2502 = SURFACE_CURVE('',#2503,(#2507,#2513),.PCURVE_S1.);
#2503 = LINE('',#2504,#2505);
#2504 = CARTESIAN_POINT('',(0.,0.,-307.5));
#2505 = VECTOR('',#2506,1.);
#2506 = DIRECTION('',(-0.694658370459,0.719339800339,0.));
#2507 = PCURVE('',#2338,#2508);
#2508 = DEFINITIONAL_REPRESENTATION('',(#2509),#2512);
#2509 = B_SPLINE_CURVE_WITH_KNOTS('',1,(#2510,#2511),.UNSPECIFIED.,.F.,
  .F.,(2,2),(-55.55,-52.05),.PIECEWISE_BEZIER_KNOTS.);
#2510 = CARTESIAN_POINT('',(38.588272478997,-39.95932590881));
#2511 = CARTESIAN_POINT('',(36.156968182391,-37.44163660762));
#2512 = ( GEOMETRIC_REPRESENTATION_CONTEXT(2) 
PARAMETRIC_REPRESENTATION_CONTEXT() REPRESENTATION_CONTEXT('2D SPACE',''
  ) );
#2513 = PCURVE('',#2514,#2519);
#2514 = PLANE('',#2515);
#2515 = AXIS2_PLACEMENT_3D('',#2516,#2517,#2518);
#2516 = CARTESIAN_POINT('',(0.,0.,-310.5));
#2517 = DIRECTION('',(0.719339800339,0.694658370459,-0.));
#2518 = DIRECTION('',(0.694658370459,-0.719339800339,0.));
#2519 = DEFINITIONAL_REPRESENTATION('',(#2520),#2523);
#2520 = B_SPLINE_CURVE_WITH_KNOTS('',1,(#2521,#2522),.UNSPECIFIED.,.F.,
  .F.,(2,2),(-55.55,-52.05),.PIECEWISE_BEZIER_KNOTS.);
#2521 = CARTESIAN_POINT('',(55.55,-3.));
#2522 = CARTESIAN_POINT('',(52.05,-3.));
#2523 = ( GEOMETRIC_REPRESENTATION_CONTEXT(2) 
PARAMETRIC_REPRESENTATION_CONTEXT() REPRESENTATION_CONTEXT('2D SPACE',''
  ) );
#2524 = ORIENTED_EDGE('',*,*,#2525,.F.);
#2525 = EDGE_CURVE('',#2526,#2500,#2528,.T.);
#2526 = VERTEX_POINT('',#2527);
#2527 = CARTESIAN_POINT('',(-45.29312861792,-26.15,-307.5));
#2528 = SURFACE_CURVE('',#2529,(#2534,#2541),.PCURVE_S1.);
#2529 = CIRCLE('',#2530,52.3);
#2530 = AXIS2_PLACEMENT_3D('',#2531,#2532,#2533);
#2531 = CARTESIAN_POINT('',(0.,0.,-307.5));
#2532 = DIRECTION('',(0.,-0.,1.));
#2533 = DIRECTION('',(6.123233995737E-17,1.,0.));
#2534 = PCURVE('',#2338,#2535);
#2535 = DEFINITIONAL_REPRESENTATION('',(#2536),#2540);
#2536 = CIRCLE('',#2537,52.3);
#2537 = AXIS2_PLACEMENT_2D('',#2538,#2539);
#2538 = CARTESIAN_POINT('',(0.,0.));
#2539 = DIRECTION('',(6.123233995737E-17,1.));
#2540 = ( GEOMETRIC_REPRESENTATION_CONTEXT(2) 
PARAMETRIC_REPRESENTATION_CONTEXT() REPRESENTATION_CONTEXT('2D SPACE',''
  ) );
#2541 = PCURVE('',#2542,#2547);
#2542 = CYLINDRICAL_SURFACE('',#2543,52.3);
#2543 = AXIS2_PLACEMENT_3D('',#2544,#2545,#2546);
#2544 = CARTESIAN_POINT('',(0.,0.,-308.5));
#2545 = DIRECTION('',(0.,0.,1.));
#2546 = DIRECTION('',(1.,0.,-0.));
#2547 = DEFINITIONAL_REPRESENTATION('',(#2548),#2552);
#2548 = LINE('',#2549,#2550);
#2549 = CARTESIAN_POINT('',(1.570796326795,1.));
#2550 = VECTOR('',#2551,1.);
#2551 = DIRECTION('',(1.,0.));
#2552 = ( GEOMETRIC_REPRESENTATION_CONTEXT(2) 
PARAMETRIC_REPRESENTATION_CONTEXT() REPRESENTATION_CONTEXT('2D SPACE',''
  ) );
#2553 = ORIENTED_EDGE('',*,*,#2554,.T.);
#2554 = EDGE_CURVE('',#2526,#2555,#2557,.T.);
#2555 = VERTEX_POINT('',#2556);
#2556 = CARTESIAN_POINT('',(-48.10771118022,-27.775,-307.5));
#2557 = SURFACE_CURVE('',#2558,(#2562,#2568),.PCURVE_S1.);
#2558 = LINE('',#2559,#2560);
#2559 = CARTESIAN_POINT('',(-48.10771118022,-27.775,-307.5));
#2560 = VECTOR('',#2561,1.);
#2561 = DIRECTION('',(-0.866025403784,-0.5,0.));
#2562 = PCURVE('',#2338,#2563);
#2563 = DEFINITIONAL_REPRESENTATION('',(#2564),#2567);
#2564 = B_SPLINE_CURVE_WITH_KNOTS('',1,(#2565,#2566),.UNSPECIFIED.,.F.,
  .F.,(2,2),(-3.5,-0.),.PIECEWISE_BEZIER_KNOTS.);
#2565 = CARTESIAN_POINT('',(-45.07662226698,-26.025));
#2566 = CARTESIAN_POINT('',(-48.10771118022,-27.775));
#2567 = ( GEOMETRIC_REPRESENTATION_CONTEXT(2) 
PARAMETRIC_REPRESENTATION_CONTEXT() REPRESENTATION_CONTEXT('2D SPACE',''
  ) );
#2568 = PCURVE('',#2569,#2574);
#2569 = PLANE('',#2570);
#2570 = AXIS2_PLACEMENT_3D('',#2571,#2572,#2573);
#2571 = CARTESIAN_POINT('',(-96.21542236045,-55.55,-306.7));
#2572 = DIRECTION('',(-0.5,0.866025403784,0.));
#2573 = DIRECTION('',(0.866025403784,0.5,0.));
#2574 = DEFINITIONAL_REPRESENTATION('',(#2575),#2579);
#2575 = LINE('',#2576,#2577);
#2576 = CARTESIAN_POINT('',(55.55,0.8));
#2577 = VECTOR('',#2578,1.);
#2578 = DIRECTION('',(-1.,-0.));
#2579 = ( GEOMETRIC_REPRESENTATION_CONTEXT(2) 
PARAMETRIC_REPRESENTATION_CONTEXT() REPRESENTATION_CONTEXT('2D SPACE',''
  ) );
#2580 = ORIENTED_EDGE('',*,*,#2581,.F.);
#2581 = EDGE_CURVE('',#2582,#2555,#2584,.T.);
#2582 = VERTEX_POINT('',#2583);
#2583 = CARTESIAN_POINT('',(-53.89992759463,-13.43876130056,-307.5));
#2584 = SURFACE_CURVE('',#2585,(#2590,#2597),.PCURVE_S1.);
#2585 = CIRCLE('',#2586,55.55);
#2586 = AXIS2_PLACEMENT_3D('',#2587,#2588,#2589);
#2587 = CARTESIAN_POINT('',(0.,0.,-307.5));
#2588 = DIRECTION('',(0.,0.,1.));
#2589 = DIRECTION('',(1.,0.,-0.));
#2590 = PCURVE('',#2338,#2591);
#2591 = DEFINITIONAL_REPRESENTATION('',(#2592),#2596);
#2592 = CIRCLE('',#2593,55.55);
#2593 = AXIS2_PLACEMENT_2D('',#2594,#2595);
#2594 = CARTESIAN_POINT('',(0.,0.));
#2595 = DIRECTION('',(1.,0.));
#2596 = ( GEOMETRIC_REPRESENTATION_CONTEXT(2) 
PARAMETRIC_REPRESENTATION_CONTEXT() REPRESENTATION_CONTEXT('2D SPACE',''
  ) );
#2597 = PCURVE('',#2598,#2603);
#2598 = CYLINDRICAL_SURFACE('',#2599,55.55);
#2599 = AXIS2_PLACEMENT_3D('',#2600,#2601,#2602);
#2600 = CARTESIAN_POINT('',(0.,0.,-304.7));
#2601 = DIRECTION('',(0.,0.,1.));
#2602 = DIRECTION('',(1.,0.,-0.));
#2603 = DEFINITIONAL_REPRESENTATION('',(#2604),#2608);
#2604 = LINE('',#2605,#2606);
#2605 = CARTESIAN_POINT('',(0.,-2.8));
#2606 = VECTOR('',#2607,1.);
#2607 = DIRECTION('',(1.,0.));
#2608 = ( GEOMETRIC_REPRESENTATION_CONTEXT(2) 
PARAMETRIC_REPRESENTATION_CONTEXT() REPRESENTATION_CONTEXT('2D SPACE',''
  ) );
#2609 = ORIENTED_EDGE('',*,*,#2610,.T.);
#2610 = EDGE_CURVE('',#2582,#2611,#2613,.T.);
#2611 = VERTEX_POINT('',#2612);
#2612 = CARTESIAN_POINT('',(-50.74646648423,-12.65251513986,-307.5));
#2613 = SURFACE_CURVE('',#2614,(#2618,#2624),.PCURVE_S1.);
#2614 = LINE('',#2615,#2616);
#2615 = CARTESIAN_POINT('',(0.,0.,-307.5));
#2616 = VECTOR('',#2617,1.);
#2617 = DIRECTION('',(0.970295726276,0.2419218956,-0.));
#2618 = PCURVE('',#2338,#2619);
#2619 = DEFINITIONAL_REPRESENTATION('',(#2620),#2623);
#2620 = B_SPLINE_CURVE_WITH_KNOTS('',1,(#2621,#2622),.UNSPECIFIED.,.F.,
  .F.,(2,2),(-55.55,-52.05),.PIECEWISE_BEZIER_KNOTS.);
#2621 = CARTESIAN_POINT('',(-53.89992759463,-13.43876130056));
#2622 = CARTESIAN_POINT('',(-50.50389255266,-12.59203466596));
#2623 = ( GEOMETRIC_REPRESENTATION_CONTEXT(2) 
PARAMETRIC_REPRESENTATION_CONTEXT() REPRESENTATION_CONTEXT('2D SPACE',''
  ) );
#2624 = PCURVE('',#2625,#2630);
#2625 = PLANE('',#2626);
#2626 = AXIS2_PLACEMENT_3D('',#2627,#2628,#2629);
#2627 = CARTESIAN_POINT('',(0.,0.,-310.5));
#2628 = DIRECTION('',(0.2419218956,-0.970295726276,0.));
#2629 = DIRECTION('',(-0.970295726276,-0.2419218956,0.));
#2630 = DEFINITIONAL_REPRESENTATION('',(#2631),#2634);
#2631 = B_SPLINE_CURVE_WITH_KNOTS('',1,(#2632,#2633),.UNSPECIFIED.,.F.,
  .F.,(2,2),(-55.55,-52.05),.PIECEWISE_BEZIER_KNOTS.);
#2632 = CARTESIAN_POINT('',(55.55,-3.));
#2633 = CARTESIAN_POINT('',(52.05,-3.));
#2634 = ( GEOMETRIC_REPRESENTATION_CONTEXT(2) 
PARAMETRIC_REPRESENTATION_CONTEXT() REPRESENTATION_CONTEXT('2D SPACE',''
  ) );
#2635 = ORIENTED_EDGE('',*,*,#2636,.F.);
#2636 = EDGE_CURVE('',#2637,#2611,#2639,.T.);
#2637 = VERTEX_POINT('',#2638);
#2638 = CARTESIAN_POINT('',(3.20245137977E-15,52.3,-307.5));
#2639 = SURFACE_CURVE('',#2640,(#2645,#2652),.PCURVE_S1.);
#2640 = CIRCLE('',#2641,52.3);
#2641 = AXIS2_PLACEMENT_3D('',#2642,#2643,#2644);
#2642 = CARTESIAN_POINT('',(0.,0.,-307.5));
#2643 = DIRECTION('',(0.,-0.,1.));
#2644 = DIRECTION('',(6.123233995737E-17,1.,0.));
#2645 = PCURVE('',#2338,#2646);
#2646 = DEFINITIONAL_REPRESENTATION('',(#2647),#2651);
#2647 = CIRCLE('',#2648,52.3);
#2648 = AXIS2_PLACEMENT_2D('',#2649,#2650);
#2649 = CARTESIAN_POINT('',(0.,0.));
#2650 = DIRECTION('',(6.123233995737E-17,1.));
#2651 = ( GEOMETRIC_REPRESENTATION_CONTEXT(2) 
PARAMETRIC_REPRESENTATION_CONTEXT() REPRESENTATION_CONTEXT('2D SPACE',''
  ) );
#2652 = PCURVE('',#2653,#2658);
#2653 = CYLINDRICAL_SURFACE('',#2654,52.3);
#2654 = AXIS2_PLACEMENT_3D('',#2655,#2656,#2657);
#2655 = CARTESIAN_POINT('',(0.,0.,-308.5));
#2656 = DIRECTION('',(0.,0.,1.));
#2657 = DIRECTION('',(1.,0.,-0.));
#2658 = DEFINITIONAL_REPRESENTATION('',(#2659),#2663);
#2659 = LINE('',#2660,#2661);
#2660 = CARTESIAN_POINT('',(1.570796326795,1.));
#2661 = VECTOR('',#2662,1.);
#2662 = DIRECTION('',(1.,0.));
#2663 = ( GEOMETRIC_REPRESENTATION_CONTEXT(2) 
PARAMETRIC_REPRESENTATION_CONTEXT() REPRESENTATION_CONTEXT('2D SPACE',''
  ) );
#2664 = ORIENTED_EDGE('',*,*,#2665,.T.);
#2665 = EDGE_CURVE('',#2637,#2360,#2666,.T.);
#2666 = SURFACE_CURVE('',#2667,(#2671,#2677),.PCURVE_S1.);
#2667 = LINE('',#2668,#2669);
#2668 = CARTESIAN_POINT('',(3.401456484632E-15,55.55,-307.5));
#2669 = VECTOR('',#2670,1.);
#2670 = DIRECTION('',(6.123233995737E-17,1.,-0.));
#2671 = PCURVE('',#2338,#2672);
#2672 = DEFINITIONAL_REPRESENTATION('',(#2673),#2676);
#2673 = B_SPLINE_CURVE_WITH_KNOTS('',1,(#2674,#2675),.UNSPECIFIED.,.F.,
  .F.,(2,2),(-3.5,0.),.PIECEWISE_BEZIER_KNOTS.);
#2674 = CARTESIAN_POINT('',(3.187143294781E-15,52.05));
#2675 = CARTESIAN_POINT('',(3.401456484632E-15,55.55));
#2676 = ( GEOMETRIC_REPRESENTATION_CONTEXT(2) 
PARAMETRIC_REPRESENTATION_CONTEXT() REPRESENTATION_CONTEXT('2D SPACE',''
  ) );
#2677 = PCURVE('',#2678,#2683);
#2678 = PLANE('',#2679);
#2679 = AXIS2_PLACEMENT_3D('',#2680,#2681,#2682);
#2680 = CARTESIAN_POINT('',(6.802912969264E-15,111.1,-306.7));
#2681 = DIRECTION('',(1.,-6.123233995737E-17,0.));
#2682 = DIRECTION('',(-6.123233995737E-17,-1.,0.));
#2683 = DEFINITIONAL_REPRESENTATION('',(#2684),#2688);
#2684 = LINE('',#2685,#2686);
#2685 = CARTESIAN_POINT('',(55.55,0.8));
#2686 = VECTOR('',#2687,1.);
#2687 = DIRECTION('',(-1.,0.));
#2688 = ( GEOMETRIC_REPRESENTATION_CONTEXT(2) 
PARAMETRIC_REPRESENTATION_CONTEXT() REPRESENTATION_CONTEXT('2D SPACE',''
  ) );
#2689 = ADVANCED_FACE('',(#2690),#2403,.T.);
#2690 = FACE_BOUND('',#2691,.T.);
#2691 = EDGE_LOOP('',(#2692,#2720,#2739,#2740));
#2692 = ORIENTED_EDGE('',*,*,#2693,.F.);
#2693 = EDGE_CURVE('',#2694,#2696,#2698,.T.);
#2694 = VERTEX_POINT('',#2695);
#2695 = CARTESIAN_POINT('',(15.311655115634,53.398087209374,-304.7));
#2696 = VERTEX_POINT('',#2697);
#2697 = CARTESIAN_POINT('',(14.415833709229,50.273986697574,-304.7));
#2698 = SURFACE_CURVE('',#2699,(#2703,#2709),.PCURVE_S1.);
#2699 = LINE('',#2700,#2701);
#2700 = CARTESIAN_POINT('',(0.,0.,-304.7));
#2701 = VECTOR('',#2702,1.);
#2702 = DIRECTION('',(-0.275637355817,-0.961261695938,0.));
#2703 = PCURVE('',#2403,#2704);
#2704 = DEFINITIONAL_REPRESENTATION('',(#2705),#2708);
#2705 = B_SPLINE_CURVE_WITH_KNOTS('',1,(#2706,#2707),.UNSPECIFIED.,.F.,
  .F.,(2,2),(-55.55,-52.05),.PIECEWISE_BEZIER_KNOTS.);
#2706 = CARTESIAN_POINT('',(55.55,-5.8));
#2707 = CARTESIAN_POINT('',(52.05,-5.8));
#2708 = ( GEOMETRIC_REPRESENTATION_CONTEXT(2) 
PARAMETRIC_REPRESENTATION_CONTEXT() REPRESENTATION_CONTEXT('2D SPACE',''
  ) );
#2709 = PCURVE('',#2710,#2715);
#2710 = PLANE('',#2711);
#2711 = AXIS2_PLACEMENT_3D('',#2712,#2713,#2714);
#2712 = CARTESIAN_POINT('',(0.,0.,-304.7));
#2713 = DIRECTION('',(0.,0.,1.));
#2714 = DIRECTION('',(1.,0.,-0.));
#2715 = DEFINITIONAL_REPRESENTATION('',(#2716),#2719);
#2716 = B_SPLINE_CURVE_WITH_KNOTS('',1,(#2717,#2718),.UNSPECIFIED.,.F.,
  .F.,(2,2),(-55.55,-52.05),.PIECEWISE_BEZIER_KNOTS.);
#2717 = CARTESIAN_POINT('',(15.311655115634,53.398087209374));
#2718 = CARTESIAN_POINT('',(14.346924370275,50.03367127359));
#2719 = ( GEOMETRIC_REPRESENTATION_CONTEXT(2) 
PARAMETRIC_REPRESENTATION_CONTEXT() REPRESENTATION_CONTEXT('2D SPACE',''
  ) );
#2720 = ORIENTED_EDGE('',*,*,#2721,.F.);
#2721 = EDGE_CURVE('',#2358,#2694,#2722,.T.);
#2722 = SURFACE_CURVE('',#2723,(#2727,#2733),.PCURVE_S1.);
#2723 = LINE('',#2724,#2725);
#2724 = CARTESIAN_POINT('',(15.311655115634,53.398087209374,-308.5));
#2725 = VECTOR('',#2726,1.);
#2726 = DIRECTION('',(0.,0.,1.));
#2727 = PCURVE('',#2403,#2728);
#2728 = DEFINITIONAL_REPRESENTATION('',(#2729),#2732);
#2729 = B_SPLINE_CURVE_WITH_KNOTS('',1,(#2730,#2731),.UNSPECIFIED.,.F.,
  .F.,(2,2),(-5.999999999062E-07,9.0000006),.PIECEWISE_BEZIER_KNOTS.);
#2730 = CARTESIAN_POINT('',(55.55,-1.9999994));
#2731 = CARTESIAN_POINT('',(55.55,-11.0000006));
#2732 = ( GEOMETRIC_REPRESENTATION_CONTEXT(2) 
PARAMETRIC_REPRESENTATION_CONTEXT() REPRESENTATION_CONTEXT('2D SPACE',''
  ) );
#2733 = PCURVE('',#2376,#2734);
#2734 = DEFINITIONAL_REPRESENTATION('',(#2735),#2738);
#2735 = B_SPLINE_CURVE_WITH_KNOTS('',1,(#2736,#2737),.UNSPECIFIED.,.F.,
  .F.,(2,2),(-5.999999999062E-07,9.0000006),.PIECEWISE_BEZIER_KNOTS.);
#2736 = CARTESIAN_POINT('',(1.291543646476,-3.8000006));
#2737 = CARTESIAN_POINT('',(1.291543646476,5.2000006));
#2738 = ( GEOMETRIC_REPRESENTATION_CONTEXT(2) 
PARAMETRIC_REPRESENTATION_CONTEXT() REPRESENTATION_CONTEXT('2D SPACE',''
  ) );
#2739 = ORIENTED_EDGE('',*,*,#2388,.T.);
#2740 = ORIENTED_EDGE('',*,*,#2741,.T.);
#2741 = EDGE_CURVE('',#2389,#2696,#2742,.T.);
#2742 = SURFACE_CURVE('',#2743,(#2747,#2753),.PCURVE_S1.);
#2743 = LINE('',#2744,#2745);
#2744 = CARTESIAN_POINT('',(14.415833709229,50.273986697574,-308.5));
#2745 = VECTOR('',#2746,1.);
#2746 = DIRECTION('',(0.,0.,1.));
#2747 = PCURVE('',#2403,#2748);
#2748 = DEFINITIONAL_REPRESENTATION('',(#2749),#2752);
#2749 = B_SPLINE_CURVE_WITH_KNOTS('',1,(#2750,#2751),.UNSPECIFIED.,.F.,
  .F.,(2,2),(0.9999994,8.0000006),.PIECEWISE_BEZIER_KNOTS.);
#2750 = CARTESIAN_POINT('',(52.3,-2.9999994));
#2751 = CARTESIAN_POINT('',(52.3,-10.0000006));
#2752 = ( GEOMETRIC_REPRESENTATION_CONTEXT(2) 
PARAMETRIC_REPRESENTATION_CONTEXT() REPRESENTATION_CONTEXT('2D SPACE',''
  ) );
#2753 = PCURVE('',#2431,#2754);
#2754 = DEFINITIONAL_REPRESENTATION('',(#2755),#2758);
#2755 = B_SPLINE_CURVE_WITH_KNOTS('',1,(#2756,#2757),.UNSPECIFIED.,.F.,
  .F.,(2,2),(1.,3.8),.PIECEWISE_BEZIER_KNOTS.);
#2756 = CARTESIAN_POINT('',(7.574728953655,1.));
#2757 = CARTESIAN_POINT('',(7.574728953655,3.8));
#2758 = ( GEOMETRIC_REPRESENTATION_CONTEXT(2) 
PARAMETRIC_REPRESENTATION_CONTEXT() REPRESENTATION_CONTEXT('2D SPACE',''
  ) );
#2759 = ADVANCED_FACE('',(#2760),#2710,.T.);
#2760 = FACE_BOUND('',#2761,.T.);
#2761 = EDGE_LOOP('',(#2762,#2790,#2812,#2813));
#2762 = ORIENTED_EDGE('',*,*,#2763,.F.);
#2763 = EDGE_CURVE('',#2764,#2766,#2768,.T.);
#2764 = VERTEX_POINT('',#2765);
#2765 = CARTESIAN_POINT('',(32.651470764847,44.940894037528,-304.7));
#2766 = VERTEX_POINT('',#2767);
#2767 = CARTESIAN_POINT('',(30.741168694896,42.31158880581,-304.7));
#2768 = SURFACE_CURVE('',#2769,(#2773,#2779),.PCURVE_S1.);
#2769 = LINE('',#2770,#2771);
#2770 = CARTESIAN_POINT('',(0.,0.,-304.7));
#2771 = VECTOR('',#2772,1.);
#2772 = DIRECTION('',(-0.587785252292,-0.809016994375,0.));
#2773 = PCURVE('',#2710,#2774);
#2774 = DEFINITIONAL_REPRESENTATION('',(#2775),#2778);
#2775 = B_SPLINE_CURVE_WITH_KNOTS('',1,(#2776,#2777),.UNSPECIFIED.,.F.,
  .F.,(2,2),(-68.66357615011,-0.),.PIECEWISE_BEZIER_KNOTS.);
#2776 = CARTESIAN_POINT('',(40.359437430698,55.55));
#2777 = CARTESIAN_POINT('',(0.,0.));
#2778 = ( GEOMETRIC_REPRESENTATION_CONTEXT(2) 
PARAMETRIC_REPRESENTATION_CONTEXT() REPRESENTATION_CONTEXT('2D SPACE',''
  ) );
#2779 = PCURVE('',#2780,#2785);
#2780 = PLANE('',#2781);
#2781 = AXIS2_PLACEMENT_3D('',#2782,#2783,#2784);
#2782 = CARTESIAN_POINT('',(0.,0.,-306.7));
#2783 = DIRECTION('',(-0.809016994375,0.587785252292,0.));
#2784 = DIRECTION('',(0.587785252292,0.809016994375,0.));
#2785 = DEFINITIONAL_REPRESENTATION('',(#2786),#2789);
#2786 = B_SPLINE_CURVE_WITH_KNOTS('',1,(#2787,#2788),.UNSPECIFIED.,.F.,
  .F.,(2,2),(-68.66357615011,-0.),.PIECEWISE_BEZIER_KNOTS.);
#2787 = CARTESIAN_POINT('',(68.663576150113,-2.));
#2788 = CARTESIAN_POINT('',(0.,-2.));
#2789 = ( GEOMETRIC_REPRESENTATION_CONTEXT(2) 
PARAMETRIC_REPRESENTATION_CONTEXT() REPRESENTATION_CONTEXT('2D SPACE',''
  ) );
#2790 = ORIENTED_EDGE('',*,*,#2791,.T.);
#2791 = EDGE_CURVE('',#2764,#2694,#2792,.T.);
#2792 = SURFACE_CURVE('',#2793,(#2798,#2805),.PCURVE_S1.);
#2793 = CIRCLE('',#2794,55.55);
#2794 = AXIS2_PLACEMENT_3D('',#2795,#2796,#2797);
#2795 = CARTESIAN_POINT('',(0.,0.,-304.7));
#2796 = DIRECTION('',(0.,0.,1.));
#2797 = DIRECTION('',(1.,0.,-0.));
#2798 = PCURVE('',#2710,#2799);
#2799 = DEFINITIONAL_REPRESENTATION('',(#2800),#2804);
#2800 = CIRCLE('',#2801,55.55);
#2801 = AXIS2_PLACEMENT_2D('',#2802,#2803);
#2802 = CARTESIAN_POINT('',(0.,0.));
#2803 = DIRECTION('',(1.,0.));
#2804 = ( GEOMETRIC_REPRESENTATION_CONTEXT(2) 
PARAMETRIC_REPRESENTATION_CONTEXT() REPRESENTATION_CONTEXT('2D SPACE',''
  ) );
#2805 = PCURVE('',#2376,#2806);
#2806 = DEFINITIONAL_REPRESENTATION('',(#2807),#2811);
#2807 = LINE('',#2808,#2809);
#2808 = CARTESIAN_POINT('',(0.,0.));
#2809 = VECTOR('',#2810,1.);
#2810 = DIRECTION('',(1.,0.));
#2811 = ( GEOMETRIC_REPRESENTATION_CONTEXT(2) 
PARAMETRIC_REPRESENTATION_CONTEXT() REPRESENTATION_CONTEXT('2D SPACE',''
  ) );
#2812 = ORIENTED_EDGE('',*,*,#2693,.T.);
#2813 = ORIENTED_EDGE('',*,*,#2814,.F.);
#2814 = EDGE_CURVE('',#2766,#2696,#2815,.T.);
#2815 = SURFACE_CURVE('',#2816,(#2821,#2828),.PCURVE_S1.);
#2816 = CIRCLE('',#2817,52.3);
#2817 = AXIS2_PLACEMENT_3D('',#2818,#2819,#2820);
#2818 = CARTESIAN_POINT('',(0.,0.,-304.7));
#2819 = DIRECTION('',(0.,0.,1.));
#2820 = DIRECTION('',(1.,0.,-0.));
#2821 = PCURVE('',#2710,#2822);
#2822 = DEFINITIONAL_REPRESENTATION('',(#2823),#2827);
#2823 = CIRCLE('',#2824,52.3);
#2824 = AXIS2_PLACEMENT_2D('',#2825,#2826);
#2825 = CARTESIAN_POINT('',(0.,0.));
#2826 = DIRECTION('',(1.,0.));
#2827 = ( GEOMETRIC_REPRESENTATION_CONTEXT(2) 
PARAMETRIC_REPRESENTATION_CONTEXT() REPRESENTATION_CONTEXT('2D SPACE',''
  ) );
#2828 = PCURVE('',#2431,#2829);
#2829 = DEFINITIONAL_REPRESENTATION('',(#2830),#2833);
#2830 = B_SPLINE_CURVE_WITH_KNOTS('',1,(#2831,#2832),.UNSPECIFIED.,.F.,
  .F.,(2,2),(0.942477796077,1.291543646476),.PIECEWISE_BEZIER_KNOTS.);
#2831 = CARTESIAN_POINT('',(7.225663103257,3.8));
#2832 = CARTESIAN_POINT('',(7.574728953655,3.8));
#2833 = ( GEOMETRIC_REPRESENTATION_CONTEXT(2) 
PARAMETRIC_REPRESENTATION_CONTEXT() REPRESENTATION_CONTEXT('2D SPACE',''
  ) );
#2834 = ADVANCED_FACE('',(#2835),#2780,.T.);
#2835 = FACE_BOUND('',#2836,.T.);
#2836 = EDGE_LOOP('',(#2837,#2858,#2859,#2880));
#2837 = ORIENTED_EDGE('',*,*,#2838,.F.);
#2838 = EDGE_CURVE('',#2764,#2839,#2841,.T.);
#2839 = VERTEX_POINT('',#2840);
#2840 = CARTESIAN_POINT('',(32.651470764847,44.940894037528,-300.5));
#2841 = SURFACE_CURVE('',#2842,(#2846,#2852),.PCURVE_S1.);
#2842 = LINE('',#2843,#2844);
#2843 = CARTESIAN_POINT('',(32.651470764847,44.940894037528,-304.7));
#2844 = VECTOR('',#2845,1.);
#2845 = DIRECTION('',(0.,0.,1.));
#2846 = PCURVE('',#2780,#2847);
#2847 = DEFINITIONAL_REPRESENTATION('',(#2848),#2851);
#2848 = B_SPLINE_CURVE_WITH_KNOTS('',1,(#2849,#2850),.UNSPECIFIED.,.F.,
  .F.,(2,2),(-5.999999999062E-07,4.5000006),.PIECEWISE_BEZIER_KNOTS.);
#2849 = CARTESIAN_POINT('',(55.55,-1.9999994));
#2850 = CARTESIAN_POINT('',(55.55,-6.5000006));
#2851 = ( GEOMETRIC_REPRESENTATION_CONTEXT(2) 
PARAMETRIC_REPRESENTATION_CONTEXT() REPRESENTATION_CONTEXT('2D SPACE',''
  ) );
#2852 = PCURVE('',#2376,#2853);
#2853 = DEFINITIONAL_REPRESENTATION('',(#2854),#2857);
#2854 = B_SPLINE_CURVE_WITH_KNOTS('',1,(#2855,#2856),.UNSPECIFIED.,.F.,
  .F.,(2,2),(-5.999999999062E-07,4.5000006),.PIECEWISE_BEZIER_KNOTS.);
#2855 = CARTESIAN_POINT('',(0.942477796077,-5.999999999062E-07));
#2856 = CARTESIAN_POINT('',(0.942477796077,4.5000006));
#2857 = ( GEOMETRIC_REPRESENTATION_CONTEXT(2) 
PARAMETRIC_REPRESENTATION_CONTEXT() REPRESENTATION_CONTEXT('2D SPACE',''
  ) );
#2858 = ORIENTED_EDGE('',*,*,#2763,.T.);
#2859 = ORIENTED_EDGE('',*,*,#2860,.T.);
#2860 = EDGE_CURVE('',#2766,#2861,#2863,.T.);
#2861 = VERTEX_POINT('',#2862);
#2862 = CARTESIAN_POINT('',(30.741168694896,42.31158880581,-300.5));
#2863 = SURFACE_CURVE('',#2864,(#2868,#2874),.PCURVE_S1.);
#2864 = LINE('',#2865,#2866);
#2865 = CARTESIAN_POINT('',(30.741168694896,42.31158880581,-308.5));
#2866 = VECTOR('',#2867,1.);
#2867 = DIRECTION('',(0.,0.,1.));
#2868 = PCURVE('',#2780,#2869);
#2869 = DEFINITIONAL_REPRESENTATION('',(#2870),#2873);
#2870 = B_SPLINE_CURVE_WITH_KNOTS('',1,(#2871,#2872),.UNSPECIFIED.,.F.,
  .F.,(2,2),(3.35,8.0000006),.PIECEWISE_BEZIER_KNOTS.);
#2871 = CARTESIAN_POINT('',(52.3,-1.55));
#2872 = CARTESIAN_POINT('',(52.3,-6.2000006));
#2873 = ( GEOMETRIC_REPRESENTATION_CONTEXT(2) 
PARAMETRIC_REPRESENTATION_CONTEXT() REPRESENTATION_CONTEXT('2D SPACE',''
  ) );
#2874 = PCURVE('',#2431,#2875);
#2875 = DEFINITIONAL_REPRESENTATION('',(#2876),#2879);
#2876 = B_SPLINE_CURVE_WITH_KNOTS('',1,(#2877,#2878),.UNSPECIFIED.,.F.,
  .F.,(2,2),(3.8,8.),.PIECEWISE_BEZIER_KNOTS.);
#2877 = CARTESIAN_POINT('',(7.225663103257,3.8));
#2878 = CARTESIAN_POINT('',(7.225663103257,8.));
#2879 = ( GEOMETRIC_REPRESENTATION_CONTEXT(2) 
PARAMETRIC_REPRESENTATION_CONTEXT() REPRESENTATION_CONTEXT('2D SPACE',''
  ) );
#2880 = ORIENTED_EDGE('',*,*,#2881,.F.);
#2881 = EDGE_CURVE('',#2839,#2861,#2882,.T.);
#2882 = SURFACE_CURVE('',#2883,(#2887,#2893),.PCURVE_S1.);
#2883 = LINE('',#2884,#2885);
#2884 = CARTESIAN_POINT('',(0.,0.,-300.5));
#2885 = VECTOR('',#2886,1.);
#2886 = DIRECTION('',(-0.587785252292,-0.809016994375,0.));
#2887 = PCURVE('',#2780,#2888);
#2888 = DEFINITIONAL_REPRESENTATION('',(#2889),#2892);
#2889 = B_SPLINE_CURVE_WITH_KNOTS('',1,(#2890,#2891),.UNSPECIFIED.,.F.,
  .F.,(2,2),(-55.55,-52.05),.PIECEWISE_BEZIER_KNOTS.);
#2890 = CARTESIAN_POINT('',(55.55,-6.2));
#2891 = CARTESIAN_POINT('',(52.05,-6.2));
#2892 = ( GEOMETRIC_REPRESENTATION_CONTEXT(2) 
PARAMETRIC_REPRESENTATION_CONTEXT() REPRESENTATION_CONTEXT('2D SPACE',''
  ) );
#2893 = PCURVE('',#2288,#2894);
#2894 = DEFINITIONAL_REPRESENTATION('',(#2895),#2898);
#2895 = B_SPLINE_CURVE_WITH_KNOTS('',1,(#2896,#2897),.UNSPECIFIED.,.F.,
  .F.,(2,2),(-55.55,-52.05),.PIECEWISE_BEZIER_KNOTS.);
#2896 = CARTESIAN_POINT('',(32.651470764847,44.940894037528));
#2897 = CARTESIAN_POINT('',(30.594222381823,42.109334557216));
#2898 = ( GEOMETRIC_REPRESENTATION_CONTEXT(2) 
PARAMETRIC_REPRESENTATION_CONTEXT() REPRESENTATION_CONTEXT('2D SPACE',''
  ) );
#2899 = ADVANCED_FACE('',(#2900),#2431,.F.);
#2900 = FACE_BOUND('',#2901,.F.);
#2901 = EDGE_LOOP('',(#2902,#2903,#2904,#2932,#2953,#2954));
#2902 = ORIENTED_EDGE('',*,*,#2814,.F.);
#2903 = ORIENTED_EDGE('',*,*,#2860,.T.);
#2904 = ORIENTED_EDGE('',*,*,#2905,.T.);
#2905 = EDGE_CURVE('',#2861,#2906,#2908,.T.);
#2906 = VERTEX_POINT('',#2907);
#2907 = CARTESIAN_POINT('',(45.293128617926,-26.15,-300.5));
#2908 = SURFACE_CURVE('',#2909,(#2914,#2921),.PCURVE_S1.);
#2909 = CIRCLE('',#2910,52.3);
#2910 = AXIS2_PLACEMENT_3D('',#2911,#2912,#2913);
#2911 = CARTESIAN_POINT('',(0.,0.,-300.5));
#2912 = DIRECTION('',(0.,0.,-1.));
#2913 = DIRECTION('',(0.587785252292,0.809016994375,0.));
#2914 = PCURVE('',#2431,#2915);
#2915 = DEFINITIONAL_REPRESENTATION('',(#2916),#2920);
#2916 = LINE('',#2917,#2918);
#2917 = CARTESIAN_POINT('',(7.225663103257,8.));
#2918 = VECTOR('',#2919,1.);
#2919 = DIRECTION('',(-1.,-0.));
#2920 = ( GEOMETRIC_REPRESENTATION_CONTEXT(2) 
PARAMETRIC_REPRESENTATION_CONTEXT() REPRESENTATION_CONTEXT('2D SPACE',''
  ) );
#2921 = PCURVE('',#2288,#2922);
#2922 = DEFINITIONAL_REPRESENTATION('',(#2923),#2931);
#2923 = ( BOUNDED_CURVE() B_SPLINE_CURVE(2,(#2924,#2925,#2926,#2927,
#2928,#2929,#2930),.UNSPECIFIED.,.T.,.F.) B_SPLINE_CURVE_WITH_KNOTS((1,2
    ,2,2,2,1),(-2.094395102393,0.,2.094395102393,4.188790204786,
6.28318530718,8.377580409573),.UNSPECIFIED.) CURVE() 
GEOMETRIC_REPRESENTATION_ITEM() RATIONAL_B_SPLINE_CURVE((1.,0.5,1.,0.5,
1.,0.5,1.)) REPRESENTATION_ITEM('') );
#2924 = CARTESIAN_POINT('',(30.741168694896,42.31158880581));
#2925 = CARTESIAN_POINT('',(104.02699025552,-10.93367725779));
#2926 = CARTESIAN_POINT('',(21.272326432864,-47.7784274347));
#2927 = CARTESIAN_POINT('',(-61.48233738979,-84.62317761161));
#2928 = CARTESIAN_POINT('',(-52.01349512776,5.466838628898));
#2929 = CARTESIAN_POINT('',(-42.54465286572,95.556854869416));
#2930 = CARTESIAN_POINT('',(30.741168694896,42.31158880581));
#2931 = ( GEOMETRIC_REPRESENTATION_CONTEXT(2) 
PARAMETRIC_REPRESENTATION_CONTEXT() REPRESENTATION_CONTEXT('2D SPACE',''
  ) );
#2932 = ORIENTED_EDGE('',*,*,#2933,.T.);
#2933 = EDGE_CURVE('',#2906,#2415,#2934,.T.);
#2934 = SURFACE_CURVE('',#2935,(#2939,#2946),.PCURVE_S1.);
#2935 = LINE('',#2936,#2937);
#2936 = CARTESIAN_POINT('',(45.293128617926,-26.15,-300.5));
#2937 = VECTOR('',#2938,1.);
#2938 = DIRECTION('',(-4.060244204343E-15,-5.582835780972E-15,-1.));
#2939 = PCURVE('',#2431,#2940);
#2940 = DEFINITIONAL_REPRESENTATION('',(#2941),#2945);
#2941 = LINE('',#2942,#2943);
#2942 = CARTESIAN_POINT('',(5.759586531581,8.));
#2943 = VECTOR('',#2944,1.);
#2944 = DIRECTION('',(-0.,-1.));
#2945 = ( GEOMETRIC_REPRESENTATION_CONTEXT(2) 
PARAMETRIC_REPRESENTATION_CONTEXT() REPRESENTATION_CONTEXT('2D SPACE',''
  ) );
#2946 = PCURVE('',#2458,#2947);
#2947 = DEFINITIONAL_REPRESENTATION('',(#2948),#2952);
#2948 = LINE('',#2949,#2950);
#2949 = CARTESIAN_POINT('',(58.8,-6.2));
#2950 = VECTOR('',#2951,1.);
#2951 = DIRECTION('',(7.248567360438E-16,1.));
#2952 = ( GEOMETRIC_REPRESENTATION_CONTEXT(2) 
PARAMETRIC_REPRESENTATION_CONTEXT() REPRESENTATION_CONTEXT('2D SPACE',''
  ) );
#2953 = ORIENTED_EDGE('',*,*,#2414,.T.);
#2954 = ORIENTED_EDGE('',*,*,#2741,.T.);
#2955 = ADVANCED_FACE('',(#2956),#2458,.T.);
#2956 = FACE_BOUND('',#2957,.T.);
#2957 = EDGE_LOOP('',(#2958,#2959,#2960,#2983));
#2958 = ORIENTED_EDGE('',*,*,#2933,.T.);
#2959 = ORIENTED_EDGE('',*,*,#2443,.T.);
#2960 = ORIENTED_EDGE('',*,*,#2961,.F.);
#2961 = EDGE_CURVE('',#2962,#2444,#2964,.T.);
#2962 = VERTEX_POINT('',#2963);
#2963 = CARTESIAN_POINT('',(48.107711180226,-27.775,-300.5));
#2964 = SURFACE_CURVE('',#2965,(#2969,#2976),.PCURVE_S1.);
#2965 = LINE('',#2966,#2967);
#2966 = CARTESIAN_POINT('',(48.107711180226,-27.775,-300.5));
#2967 = VECTOR('',#2968,1.);
#2968 = DIRECTION('',(0.,0.,-1.));
#2969 = PCURVE('',#2458,#2970);
#2970 = DEFINITIONAL_REPRESENTATION('',(#2971),#2975);
#2971 = LINE('',#2972,#2973);
#2972 = CARTESIAN_POINT('',(55.55,-6.2));
#2973 = VECTOR('',#2974,1.);
#2974 = DIRECTION('',(0.,1.));
#2975 = ( GEOMETRIC_REPRESENTATION_CONTEXT(2) 
PARAMETRIC_REPRESENTATION_CONTEXT() REPRESENTATION_CONTEXT('2D SPACE',''
  ) );
#2976 = PCURVE('',#2487,#2977);
#2977 = DEFINITIONAL_REPRESENTATION('',(#2978),#2982);
#2978 = LINE('',#2979,#2980);
#2979 = CARTESIAN_POINT('',(5.759586531581,4.2));
#2980 = VECTOR('',#2981,1.);
#2981 = DIRECTION('',(-0.,-1.));
#2982 = ( GEOMETRIC_REPRESENTATION_CONTEXT(2) 
PARAMETRIC_REPRESENTATION_CONTEXT() REPRESENTATION_CONTEXT('2D SPACE',''
  ) );
#2983 = ORIENTED_EDGE('',*,*,#2984,.F.);
#2984 = EDGE_CURVE('',#2906,#2962,#2985,.T.);
#2985 = SURFACE_CURVE('',#2986,(#2990,#2997),.PCURVE_S1.);
#2986 = LINE('',#2987,#2988);
#2987 = CARTESIAN_POINT('',(48.107711180226,-27.775,-300.5));
#2988 = VECTOR('',#2989,1.);
#2989 = DIRECTION('',(0.866025403784,-0.5,0.));
#2990 = PCURVE('',#2458,#2991);
#2991 = DEFINITIONAL_REPRESENTATION('',(#2992),#2996);
#2992 = LINE('',#2993,#2994);
#2993 = CARTESIAN_POINT('',(55.55,-6.2));
#2994 = VECTOR('',#2995,1.);
#2995 = DIRECTION('',(-1.,-0.));
#2996 = ( GEOMETRIC_REPRESENTATION_CONTEXT(2) 
PARAMETRIC_REPRESENTATION_CONTEXT() REPRESENTATION_CONTEXT('2D SPACE',''
  ) );
#2997 = PCURVE('',#2288,#2998);
#2998 = DEFINITIONAL_REPRESENTATION('',(#2999),#3002);
#2999 = B_SPLINE_CURVE_WITH_KNOTS('',1,(#3000,#3001),.UNSPECIFIED.,.F.,
  .F.,(2,2),(-3.5,-0.),.PIECEWISE_BEZIER_KNOTS.);
#3000 = CARTESIAN_POINT('',(45.07662226698,-26.025));
#3001 = CARTESIAN_POINT('',(48.107711180226,-27.775));
#3002 = ( GEOMETRIC_REPRESENTATION_CONTEXT(2) 
PARAMETRIC_REPRESENTATION_CONTEXT() REPRESENTATION_CONTEXT('2D SPACE',''
  ) );
#3003 = ADVANCED_FACE('',(#3004),#2487,.F.);
#3004 = FACE_BOUND('',#3005,.F.);
#3005 = EDGE_LOOP('',(#3006,#3034,#3063,#3082,#3083,#3084));
#3006 = ORIENTED_EDGE('',*,*,#3007,.F.);
#3007 = EDGE_CURVE('',#3008,#3010,#3012,.T.);
#3008 = VERTEX_POINT('',#3009);
#3009 = CARTESIAN_POINT('',(22.594220522861,-50.74745017204,-304.7));
#3010 = VERTEX_POINT('',#3011);
#3011 = CARTESIAN_POINT('',(22.594220522861,-50.74745017204,-300.5));
#3012 = SURFACE_CURVE('',#3013,(#3017,#3023),.PCURVE_S1.);
#3013 = LINE('',#3014,#3015);
#3014 = CARTESIAN_POINT('',(22.594220522861,-50.74745017204,-304.7));
#3015 = VECTOR('',#3016,1.);
#3016 = DIRECTION('',(0.,0.,1.));
#3017 = PCURVE('',#2487,#3018);
#3018 = DEFINITIONAL_REPRESENTATION('',(#3019),#3022);
#3019 = B_SPLINE_CURVE_WITH_KNOTS('',1,(#3020,#3021),.UNSPECIFIED.,.F.,
  .F.,(2,2),(-5.999999999062E-07,4.5000006),.PIECEWISE_BEZIER_KNOTS.);
#3020 = CARTESIAN_POINT('',(5.131268000863,-5.999999999062E-07));
#3021 = CARTESIAN_POINT('',(5.131268000863,4.5000006));
#3022 = ( GEOMETRIC_REPRESENTATION_CONTEXT(2) 
PARAMETRIC_REPRESENTATION_CONTEXT() REPRESENTATION_CONTEXT('2D SPACE',''
  ) );
#3023 = PCURVE('',#3024,#3029);
#3024 = PLANE('',#3025);
#3025 = AXIS2_PLACEMENT_3D('',#3026,#3027,#3028);
#3026 = CARTESIAN_POINT('',(0.,0.,-306.7));
#3027 = DIRECTION('',(0.913545457643,0.406736643076,-0.));
#3028 = DIRECTION('',(0.406736643076,-0.913545457643,0.));
#3029 = DEFINITIONAL_REPRESENTATION('',(#3030),#3033);
#3030 = B_SPLINE_CURVE_WITH_KNOTS('',1,(#3031,#3032),.UNSPECIFIED.,.F.,
  .F.,(2,2),(-5.999999999062E-07,4.5000006),.PIECEWISE_BEZIER_KNOTS.);
#3031 = CARTESIAN_POINT('',(55.55,-1.9999994));
#3032 = CARTESIAN_POINT('',(55.55,-6.5000006));
#3033 = ( GEOMETRIC_REPRESENTATION_CONTEXT(2) 
PARAMETRIC_REPRESENTATION_CONTEXT() REPRESENTATION_CONTEXT('2D SPACE',''
  ) );
#3034 = ORIENTED_EDGE('',*,*,#3035,.T.);
#3035 = EDGE_CURVE('',#3008,#3036,#3038,.T.);
#3036 = VERTEX_POINT('',#3037);
#3037 = CARTESIAN_POINT('',(38.588272478998,-39.95932590881,-304.7));
#3038 = SURFACE_CURVE('',#3039,(#3044,#3051),.PCURVE_S1.);
#3039 = CIRCLE('',#3040,55.55);
#3040 = AXIS2_PLACEMENT_3D('',#3041,#3042,#3043);
#3041 = CARTESIAN_POINT('',(0.,0.,-304.7));
#3042 = DIRECTION('',(0.,0.,1.));
#3043 = DIRECTION('',(1.,0.,-0.));
#3044 = PCURVE('',#2487,#3045);
#3045 = DEFINITIONAL_REPRESENTATION('',(#3046),#3050);
#3046 = LINE('',#3047,#3048);
#3047 = CARTESIAN_POINT('',(0.,0.));
#3048 = VECTOR('',#3049,1.);
#3049 = DIRECTION('',(1.,0.));
#3050 = ( GEOMETRIC_REPRESENTATION_CONTEXT(2) 
PARAMETRIC_REPRESENTATION_CONTEXT() REPRESENTATION_CONTEXT('2D SPACE',''
  ) );
#3051 = PCURVE('',#3052,#3057);
#3052 = PLANE('',#3053);
#3053 = AXIS2_PLACEMENT_3D('',#3054,#3055,#3056);
#3054 = CARTESIAN_POINT('',(0.,0.,-304.7));
#3055 = DIRECTION('',(0.,0.,1.));
#3056 = DIRECTION('',(1.,0.,-0.));
#3057 = DEFINITIONAL_REPRESENTATION('',(#3058),#3062);
#3058 = CIRCLE('',#3059,55.55);
#3059 = AXIS2_PLACEMENT_2D('',#3060,#3061);
#3060 = CARTESIAN_POINT('',(0.,0.));
#3061 = DIRECTION('',(1.,0.));
#3062 = ( GEOMETRIC_REPRESENTATION_CONTEXT(2) 
PARAMETRIC_REPRESENTATION_CONTEXT() REPRESENTATION_CONTEXT('2D SPACE',''
  ) );
#3063 = ORIENTED_EDGE('',*,*,#3064,.F.);
#3064 = EDGE_CURVE('',#2471,#3036,#3065,.T.);
#3065 = SURFACE_CURVE('',#3066,(#3070,#3076),.PCURVE_S1.);
#3066 = LINE('',#3067,#3068);
#3067 = CARTESIAN_POINT('',(38.588272478997,-39.95932590881,-308.5));
#3068 = VECTOR('',#3069,1.);
#3069 = DIRECTION('',(0.,0.,1.));
#3070 = PCURVE('',#2487,#3071);
#3071 = DEFINITIONAL_REPRESENTATION('',(#3072),#3075);
#3072 = B_SPLINE_CURVE_WITH_KNOTS('',1,(#3073,#3074),.UNSPECIFIED.,.F.,
  .F.,(2,2),(-5.999999999062E-07,9.0000006),.PIECEWISE_BEZIER_KNOTS.);
#3073 = CARTESIAN_POINT('',(5.480333851262,-3.8000006));
#3074 = CARTESIAN_POINT('',(5.480333851262,5.2000006));
#3075 = ( GEOMETRIC_REPRESENTATION_CONTEXT(2) 
PARAMETRIC_REPRESENTATION_CONTEXT() REPRESENTATION_CONTEXT('2D SPACE',''
  ) );
#3076 = PCURVE('',#2514,#3077);
#3077 = DEFINITIONAL_REPRESENTATION('',(#3078),#3081);
#3078 = B_SPLINE_CURVE_WITH_KNOTS('',1,(#3079,#3080),.UNSPECIFIED.,.F.,
  .F.,(2,2),(-5.999999999062E-07,9.0000006),.PIECEWISE_BEZIER_KNOTS.);
#3079 = CARTESIAN_POINT('',(55.55,-1.9999994));
#3080 = CARTESIAN_POINT('',(55.55,-11.0000006));
#3081 = ( GEOMETRIC_REPRESENTATION_CONTEXT(2) 
PARAMETRIC_REPRESENTATION_CONTEXT() REPRESENTATION_CONTEXT('2D SPACE',''
  ) );
#3082 = ORIENTED_EDGE('',*,*,#2470,.T.);
#3083 = ORIENTED_EDGE('',*,*,#2961,.F.);
#3084 = ORIENTED_EDGE('',*,*,#3085,.T.);
#3085 = EDGE_CURVE('',#2962,#3010,#3086,.T.);
#3086 = SURFACE_CURVE('',#3087,(#3092,#3099),.PCURVE_S1.);
#3087 = CIRCLE('',#3088,55.55);
#3088 = AXIS2_PLACEMENT_3D('',#3089,#3090,#3091);
#3089 = CARTESIAN_POINT('',(0.,0.,-300.5));
#3090 = DIRECTION('',(0.,0.,-1.));
#3091 = DIRECTION('',(0.866025403784,-0.5,0.));
#3092 = PCURVE('',#2487,#3093);
#3093 = DEFINITIONAL_REPRESENTATION('',(#3094),#3098);
#3094 = LINE('',#3095,#3096);
#3095 = CARTESIAN_POINT('',(5.759586531581,4.2));
#3096 = VECTOR('',#3097,1.);
#3097 = DIRECTION('',(-1.,-0.));
#3098 = ( GEOMETRIC_REPRESENTATION_CONTEXT(2) 
PARAMETRIC_REPRESENTATION_CONTEXT() REPRESENTATION_CONTEXT('2D SPACE',''
  ) );
#3099 = PCURVE('',#2288,#3100);
#3100 = DEFINITIONAL_REPRESENTATION('',(#3101),#3109);
#3101 = ( BOUNDED_CURVE() B_SPLINE_CURVE(2,(#3102,#3103,#3104,#3105,
#3106,#3107,#3108),.UNSPECIFIED.,.T.,.F.) B_SPLINE_CURVE_WITH_KNOTS((1,2
    ,2,2,2,1),(-2.094395102393,0.,2.094395102393,4.188790204786,
6.28318530718,8.377580409573),.UNSPECIFIED.) CURVE() 
GEOMETRIC_REPRESENTATION_ITEM() RATIONAL_B_SPLINE_CURVE((1.,0.5,1.,0.5,
1.,0.5,1.)) REPRESENTATION_ITEM('') );
#3102 = CARTESIAN_POINT('',(48.107711180226,-27.775));
#3103 = CARTESIAN_POINT('',(-4.35396441497E-14,-111.1));
#3104 = CARTESIAN_POINT('',(-48.10771118022,-27.775));
#3105 = CARTESIAN_POINT('',(-96.21542236045,55.55));
#3106 = CARTESIAN_POINT('',(2.32639987355E-16,55.55));
#3107 = CARTESIAN_POINT('',(96.215422360451,55.55));
#3108 = CARTESIAN_POINT('',(48.107711180226,-27.775));
#3109 = ( GEOMETRIC_REPRESENTATION_CONTEXT(2) 
PARAMETRIC_REPRESENTATION_CONTEXT() REPRESENTATION_CONTEXT('2D SPACE',''
  ) );
#3110 = ADVANCED_FACE('',(#3111),#3052,.T.);
#3111 = FACE_BOUND('',#3112,.T.);
#3112 = EDGE_LOOP('',(#3113,#3134,#3135,#3156));
#3113 = ORIENTED_EDGE('',*,*,#3114,.F.);
#3114 = EDGE_CURVE('',#3008,#3115,#3117,.T.);
#3115 = VERTEX_POINT('',#3116);
#3116 = CARTESIAN_POINT('',(21.272326432864,-47.7784274347,-304.7));
#3117 = SURFACE_CURVE('',#3118,(#3122,#3128),.PCURVE_S1.);
#3118 = LINE('',#3119,#3120);
#3119 = CARTESIAN_POINT('',(0.,0.,-304.7));
#3120 = VECTOR('',#3121,1.);
#3121 = DIRECTION('',(-0.406736643076,0.913545457643,0.));
#3122 = PCURVE('',#3052,#3123);
#3123 = DEFINITIONAL_REPRESENTATION('',(#3124),#3127);
#3124 = B_SPLINE_CURVE_WITH_KNOTS('',1,(#3125,#3126),.UNSPECIFIED.,.F.,
  .F.,(2,2),(-60.80704527101,-0.),.PIECEWISE_BEZIER_KNOTS.);
#3125 = CARTESIAN_POINT('',(24.732453468889,-55.55));
#3126 = CARTESIAN_POINT('',(0.,0.));
#3127 = ( GEOMETRIC_REPRESENTATION_CONTEXT(2) 
PARAMETRIC_REPRESENTATION_CONTEXT() REPRESENTATION_CONTEXT('2D SPACE',''
  ) );
#3128 = PCURVE('',#3024,#3129);
#3129 = DEFINITIONAL_REPRESENTATION('',(#3130),#3133);
#3130 = B_SPLINE_CURVE_WITH_KNOTS('',1,(#3131,#3132),.UNSPECIFIED.,.F.,
  .F.,(2,2),(-60.80704527101,-0.),.PIECEWISE_BEZIER_KNOTS.);
#3131 = CARTESIAN_POINT('',(60.807045271011,-2.));
#3132 = CARTESIAN_POINT('',(0.,-2.));
#3133 = ( GEOMETRIC_REPRESENTATION_CONTEXT(2) 
PARAMETRIC_REPRESENTATION_CONTEXT() REPRESENTATION_CONTEXT('2D SPACE',''
  ) );
#3134 = ORIENTED_EDGE('',*,*,#3035,.T.);
#3135 = ORIENTED_EDGE('',*,*,#3136,.T.);
#3136 = EDGE_CURVE('',#3036,#3137,#3139,.T.);
#3137 = VERTEX_POINT('',#3138);
#3138 = CARTESIAN_POINT('',(36.330632775006,-37.62147155771,-304.7));
#3139 = SURFACE_CURVE('',#3140,(#3144,#3150),.PCURVE_S1.);
#3140 = LINE('',#3141,#3142);
#3141 = CARTESIAN_POINT('',(0.,0.,-304.7));
#3142 = VECTOR('',#3143,1.);
#3143 = DIRECTION('',(-0.694658370459,0.719339800339,0.));
#3144 = PCURVE('',#3052,#3145);
#3145 = DEFINITIONAL_REPRESENTATION('',(#3146),#3149);
#3146 = B_SPLINE_CURVE_WITH_KNOTS('',1,(#3147,#3148),.UNSPECIFIED.,.F.,
  .F.,(2,2),(-55.55,-52.05),.PIECEWISE_BEZIER_KNOTS.);
#3147 = CARTESIAN_POINT('',(38.588272478997,-39.95932590881));
#3148 = CARTESIAN_POINT('',(36.156968182391,-37.44163660762));
#3149 = ( GEOMETRIC_REPRESENTATION_CONTEXT(2) 
PARAMETRIC_REPRESENTATION_CONTEXT() REPRESENTATION_CONTEXT('2D SPACE',''
  ) );
#3150 = PCURVE('',#2514,#3151);
#3151 = DEFINITIONAL_REPRESENTATION('',(#3152),#3155);
#3152 = B_SPLINE_CURVE_WITH_KNOTS('',1,(#3153,#3154),.UNSPECIFIED.,.F.,
  .F.,(2,2),(-55.55,-52.05),.PIECEWISE_BEZIER_KNOTS.);
#3153 = CARTESIAN_POINT('',(55.55,-5.8));
#3154 = CARTESIAN_POINT('',(52.05,-5.8));
#3155 = ( GEOMETRIC_REPRESENTATION_CONTEXT(2) 
PARAMETRIC_REPRESENTATION_CONTEXT() REPRESENTATION_CONTEXT('2D SPACE',''
  ) );
#3156 = ORIENTED_EDGE('',*,*,#3157,.F.);
#3157 = EDGE_CURVE('',#3115,#3137,#3158,.T.);
#3158 = SURFACE_CURVE('',#3159,(#3164,#3171),.PCURVE_S1.);
#3159 = CIRCLE('',#3160,52.3);
#3160 = AXIS2_PLACEMENT_3D('',#3161,#3162,#3163);
#3161 = CARTESIAN_POINT('',(0.,0.,-304.7));
#3162 = DIRECTION('',(0.,0.,1.));
#3163 = DIRECTION('',(1.,0.,-0.));
#3164 = PCURVE('',#3052,#3165);
#3165 = DEFINITIONAL_REPRESENTATION('',(#3166),#3170);
#3166 = CIRCLE('',#3167,52.3);
#3167 = AXIS2_PLACEMENT_2D('',#3168,#3169);
#3168 = CARTESIAN_POINT('',(0.,0.));
#3169 = DIRECTION('',(1.,0.));
#3170 = ( GEOMETRIC_REPRESENTATION_CONTEXT(2) 
PARAMETRIC_REPRESENTATION_CONTEXT() REPRESENTATION_CONTEXT('2D SPACE',''
  ) );
#3171 = PCURVE('',#2542,#3172);
#3172 = DEFINITIONAL_REPRESENTATION('',(#3173),#3177);
#3173 = LINE('',#3174,#3175);
#3174 = CARTESIAN_POINT('',(0.,3.8));
#3175 = VECTOR('',#3176,1.);
#3176 = DIRECTION('',(1.,0.));
#3177 = ( GEOMETRIC_REPRESENTATION_CONTEXT(2) 
PARAMETRIC_REPRESENTATION_CONTEXT() REPRESENTATION_CONTEXT('2D SPACE',''
  ) );
#3178 = ADVANCED_FACE('',(#3179),#3024,.T.);
#3179 = FACE_BOUND('',#3180,.T.);
#3180 = EDGE_LOOP('',(#3181,#3182,#3183,#3204));
#3181 = ORIENTED_EDGE('',*,*,#3007,.F.);
#3182 = ORIENTED_EDGE('',*,*,#3114,.T.);
#3183 = ORIENTED_EDGE('',*,*,#3184,.T.);
#3184 = EDGE_CURVE('',#3115,#3185,#3187,.T.);
#3185 = VERTEX_POINT('',#3186);
#3186 = CARTESIAN_POINT('',(21.272326432864,-47.7784274347,-300.5));
#3187 = SURFACE_CURVE('',#3188,(#3192,#3198),.PCURVE_S1.);
#3188 = LINE('',#3189,#3190);
#3189 = CARTESIAN_POINT('',(21.272326432864,-47.7784274347,-308.5));
#3190 = VECTOR('',#3191,1.);
#3191 = DIRECTION('',(0.,0.,1.));
#3192 = PCURVE('',#3024,#3193);
#3193 = DEFINITIONAL_REPRESENTATION('',(#3194),#3197);
#3194 = B_SPLINE_CURVE_WITH_KNOTS('',1,(#3195,#3196),.UNSPECIFIED.,.F.,
  .F.,(2,2),(3.35,8.0000006),.PIECEWISE_BEZIER_KNOTS.);
#3195 = CARTESIAN_POINT('',(52.3,-1.55));
#3196 = CARTESIAN_POINT('',(52.3,-6.2000006));
#3197 = ( GEOMETRIC_REPRESENTATION_CONTEXT(2) 
PARAMETRIC_REPRESENTATION_CONTEXT() REPRESENTATION_CONTEXT('2D SPACE',''
  ) );
#3198 = PCURVE('',#2542,#3199);
#3199 = DEFINITIONAL_REPRESENTATION('',(#3200),#3203);
#3200 = B_SPLINE_CURVE_WITH_KNOTS('',1,(#3201,#3202),.UNSPECIFIED.,.F.,
  .F.,(2,2),(3.35,8.0000006),.PIECEWISE_BEZIER_KNOTS.);
#3201 = CARTESIAN_POINT('',(5.131268000863,3.35));
#3202 = CARTESIAN_POINT('',(5.131268000863,8.0000006));
#3203 = ( GEOMETRIC_REPRESENTATION_CONTEXT(2) 
PARAMETRIC_REPRESENTATION_CONTEXT() REPRESENTATION_CONTEXT('2D SPACE',''
  ) );
#3204 = ORIENTED_EDGE('',*,*,#3205,.F.);
#3205 = EDGE_CURVE('',#3010,#3185,#3206,.T.);
#3206 = SURFACE_CURVE('',#3207,(#3211,#3217),.PCURVE_S1.);
#3207 = LINE('',#3208,#3209);
#3208 = CARTESIAN_POINT('',(0.,0.,-300.5));
#3209 = VECTOR('',#3210,1.);
#3210 = DIRECTION('',(-0.406736643076,0.913545457643,0.));
#3211 = PCURVE('',#3024,#3212);
#3212 = DEFINITIONAL_REPRESENTATION('',(#3213),#3216);
#3213 = B_SPLINE_CURVE_WITH_KNOTS('',1,(#3214,#3215),.UNSPECIFIED.,.F.,
  .F.,(2,2),(-55.55,-52.05),.PIECEWISE_BEZIER_KNOTS.);
#3214 = CARTESIAN_POINT('',(55.55,-6.2));
#3215 = CARTESIAN_POINT('',(52.05,-6.2));
#3216 = ( GEOMETRIC_REPRESENTATION_CONTEXT(2) 
PARAMETRIC_REPRESENTATION_CONTEXT() REPRESENTATION_CONTEXT('2D SPACE',''
  ) );
#3217 = PCURVE('',#2288,#3218);
#3218 = DEFINITIONAL_REPRESENTATION('',(#3219),#3222);
#3219 = B_SPLINE_CURVE_WITH_KNOTS('',1,(#3220,#3221),.UNSPECIFIED.,.F.,
  .F.,(2,2),(-55.55,-52.05),.PIECEWISE_BEZIER_KNOTS.);
#3220 = CARTESIAN_POINT('',(22.594220522861,-50.74745017204));
#3221 = CARTESIAN_POINT('',(21.170642272095,-47.55004107029));
#3222 = ( GEOMETRIC_REPRESENTATION_CONTEXT(2) 
PARAMETRIC_REPRESENTATION_CONTEXT() REPRESENTATION_CONTEXT('2D SPACE',''
  ) );
#3223 = ADVANCED_FACE('',(#3224),#2514,.T.);
#3224 = FACE_BOUND('',#3225,.T.);
#3225 = EDGE_LOOP('',(#3226,#3227,#3228,#3229));
#3226 = ORIENTED_EDGE('',*,*,#3136,.F.);
#3227 = ORIENTED_EDGE('',*,*,#3064,.F.);
#3228 = ORIENTED_EDGE('',*,*,#2499,.T.);
#3229 = ORIENTED_EDGE('',*,*,#3230,.T.);
#3230 = EDGE_CURVE('',#2500,#3137,#3231,.T.);
#3231 = SURFACE_CURVE('',#3232,(#3236,#3242),.PCURVE_S1.);
#3232 = LINE('',#3233,#3234);
#3233 = CARTESIAN_POINT('',(36.330632775006,-37.62147155771,-308.5));
#3234 = VECTOR('',#3235,1.);
#3235 = DIRECTION('',(0.,0.,1.));
#3236 = PCURVE('',#2514,#3237);
#3237 = DEFINITIONAL_REPRESENTATION('',(#3238),#3241);
#3238 = B_SPLINE_CURVE_WITH_KNOTS('',1,(#3239,#3240),.UNSPECIFIED.,.F.,
  .F.,(2,2),(0.9999994,8.0000006),.PIECEWISE_BEZIER_KNOTS.);
#3239 = CARTESIAN_POINT('',(52.3,-2.9999994));
#3240 = CARTESIAN_POINT('',(52.3,-10.0000006));
#3241 = ( GEOMETRIC_REPRESENTATION_CONTEXT(2) 
PARAMETRIC_REPRESENTATION_CONTEXT() REPRESENTATION_CONTEXT('2D SPACE',''
  ) );
#3242 = PCURVE('',#2542,#3243);
#3243 = DEFINITIONAL_REPRESENTATION('',(#3244),#3247);
#3244 = B_SPLINE_CURVE_WITH_KNOTS('',1,(#3245,#3246),.UNSPECIFIED.,.F.,
  .F.,(2,2),(0.9999994,8.0000006),.PIECEWISE_BEZIER_KNOTS.);
#3245 = CARTESIAN_POINT('',(5.480333851262,0.9999994));
#3246 = CARTESIAN_POINT('',(5.480333851262,8.0000006));
#3247 = ( GEOMETRIC_REPRESENTATION_CONTEXT(2) 
PARAMETRIC_REPRESENTATION_CONTEXT() REPRESENTATION_CONTEXT('2D SPACE',''
  ) );
#3248 = ADVANCED_FACE('',(#3249),#2542,.F.);
#3249 = FACE_BOUND('',#3250,.F.);
#3250 = EDGE_LOOP('',(#3251,#3252,#3253,#3254,#3255,#3283));
#3251 = ORIENTED_EDGE('',*,*,#2525,.T.);
#3252 = ORIENTED_EDGE('',*,*,#3230,.T.);
#3253 = ORIENTED_EDGE('',*,*,#3157,.F.);
#3254 = ORIENTED_EDGE('',*,*,#3184,.T.);
#3255 = ORIENTED_EDGE('',*,*,#3256,.T.);
#3256 = EDGE_CURVE('',#3185,#3257,#3259,.T.);
#3257 = VERTEX_POINT('',#3258);
#3258 = CARTESIAN_POINT('',(-45.29312861792,-26.15,-300.5));
#3259 = SURFACE_CURVE('',#3260,(#3265,#3272),.PCURVE_S1.);
#3260 = CIRCLE('',#3261,52.3);
#3261 = AXIS2_PLACEMENT_3D('',#3262,#3263,#3264);
#3262 = CARTESIAN_POINT('',(0.,0.,-300.5));
#3263 = DIRECTION('',(0.,0.,-1.));
#3264 = DIRECTION('',(0.587785252292,0.809016994375,0.));
#3265 = PCURVE('',#2542,#3266);
#3266 = DEFINITIONAL_REPRESENTATION('',(#3267),#3271);
#3267 = LINE('',#3268,#3269);
#3268 = CARTESIAN_POINT('',(7.225663103257,8.));
#3269 = VECTOR('',#3270,1.);
#3270 = DIRECTION('',(-1.,-0.));
#3271 = ( GEOMETRIC_REPRESENTATION_CONTEXT(2) 
PARAMETRIC_REPRESENTATION_CONTEXT() REPRESENTATION_CONTEXT('2D SPACE',''
  ) );
#3272 = PCURVE('',#2288,#3273);
#3273 = DEFINITIONAL_REPRESENTATION('',(#3274),#3282);
#3274 = ( BOUNDED_CURVE() B_SPLINE_CURVE(2,(#3275,#3276,#3277,#3278,
#3279,#3280,#3281),.UNSPECIFIED.,.T.,.F.) B_SPLINE_CURVE_WITH_KNOTS((1,2
    ,2,2,2,1),(-2.094395102393,0.,2.094395102393,4.188790204786,
6.28318530718,8.377580409573),.UNSPECIFIED.) CURVE() 
GEOMETRIC_REPRESENTATION_ITEM() RATIONAL_B_SPLINE_CURVE((1.,0.5,1.,0.5,
1.,0.5,1.)) REPRESENTATION_ITEM('') );
#3275 = CARTESIAN_POINT('',(30.741168694896,42.31158880581));
#3276 = CARTESIAN_POINT('',(104.02699025552,-10.93367725779));
#3277 = CARTESIAN_POINT('',(21.272326432864,-47.7784274347));
#3278 = CARTESIAN_POINT('',(-61.48233738979,-84.62317761161));
#3279 = CARTESIAN_POINT('',(-52.01349512776,5.466838628898));
#3280 = CARTESIAN_POINT('',(-42.54465286572,95.556854869416));
#3281 = CARTESIAN_POINT('',(30.741168694896,42.31158880581));
#3282 = ( GEOMETRIC_REPRESENTATION_CONTEXT(2) 
PARAMETRIC_REPRESENTATION_CONTEXT() REPRESENTATION_CONTEXT('2D SPACE',''
  ) );
#3283 = ORIENTED_EDGE('',*,*,#3284,.T.);
#3284 = EDGE_CURVE('',#3257,#2526,#3285,.T.);
#3285 = SURFACE_CURVE('',#3286,(#3290,#3297),.PCURVE_S1.);
#3286 = LINE('',#3287,#3288);
#3287 = CARTESIAN_POINT('',(-45.29312861792,-26.15,-300.5));
#3288 = VECTOR('',#3289,1.);
#3289 = DIRECTION('',(0.,-1.015061051086E-15,-1.));
#3290 = PCURVE('',#2542,#3291);
#3291 = DEFINITIONAL_REPRESENTATION('',(#3292),#3296);
#3292 = LINE('',#3293,#3294);
#3293 = CARTESIAN_POINT('',(3.665191429188,8.));
#3294 = VECTOR('',#3295,1.);
#3295 = DIRECTION('',(-0.,-1.));
#3296 = ( GEOMETRIC_REPRESENTATION_CONTEXT(2) 
PARAMETRIC_REPRESENTATION_CONTEXT() REPRESENTATION_CONTEXT('2D SPACE',''
  ) );
#3297 = PCURVE('',#2569,#3298);
#3298 = DEFINITIONAL_REPRESENTATION('',(#3299),#3303);
#3299 = LINE('',#3300,#3301);
#3300 = CARTESIAN_POINT('',(58.8,-6.2));
#3301 = VECTOR('',#3302,1.);
#3302 = DIRECTION('',(-5.075305255429E-16,1.));
#3303 = ( GEOMETRIC_REPRESENTATION_CONTEXT(2) 
PARAMETRIC_REPRESENTATION_CONTEXT() REPRESENTATION_CONTEXT('2D SPACE',''
  ) );
#3304 = ADVANCED_FACE('',(#3305),#2569,.T.);
#3305 = FACE_BOUND('',#3306,.T.);
#3306 = EDGE_LOOP('',(#3307,#3308,#3309,#3332));
#3307 = ORIENTED_EDGE('',*,*,#3284,.T.);
#3308 = ORIENTED_EDGE('',*,*,#2554,.T.);
#3309 = ORIENTED_EDGE('',*,*,#3310,.F.);
#3310 = EDGE_CURVE('',#3311,#2555,#3313,.T.);
#3311 = VERTEX_POINT('',#3312);
#3312 = CARTESIAN_POINT('',(-48.10771118022,-27.775,-300.5));
#3313 = SURFACE_CURVE('',#3314,(#3318,#3325),.PCURVE_S1.);
#3314 = LINE('',#3315,#3316);
#3315 = CARTESIAN_POINT('',(-48.10771118022,-27.775,-300.5));
#3316 = VECTOR('',#3317,1.);
#3317 = DIRECTION('',(0.,0.,-1.));
#3318 = PCURVE('',#2569,#3319);
#3319 = DEFINITIONAL_REPRESENTATION('',(#3320),#3324);
#3320 = LINE('',#3321,#3322);
#3321 = CARTESIAN_POINT('',(55.55,-6.2));
#3322 = VECTOR('',#3323,1.);
#3323 = DIRECTION('',(0.,1.));
#3324 = ( GEOMETRIC_REPRESENTATION_CONTEXT(2) 
PARAMETRIC_REPRESENTATION_CONTEXT() REPRESENTATION_CONTEXT('2D SPACE',''
  ) );
#3325 = PCURVE('',#2598,#3326);
#3326 = DEFINITIONAL_REPRESENTATION('',(#3327),#3331);
#3327 = LINE('',#3328,#3329);
#3328 = CARTESIAN_POINT('',(3.665191429188,4.2));
#3329 = VECTOR('',#3330,1.);
#3330 = DIRECTION('',(-0.,-1.));
#3331 = ( GEOMETRIC_REPRESENTATION_CONTEXT(2) 
PARAMETRIC_REPRESENTATION_CONTEXT() REPRESENTATION_CONTEXT('2D SPACE',''
  ) );
#3332 = ORIENTED_EDGE('',*,*,#3333,.F.);
#3333 = EDGE_CURVE('',#3257,#3311,#3334,.T.);
#3334 = SURFACE_CURVE('',#3335,(#3339,#3346),.PCURVE_S1.);
#3335 = LINE('',#3336,#3337);
#3336 = CARTESIAN_POINT('',(-48.10771118022,-27.775,-300.5));
#3337 = VECTOR('',#3338,1.);
#3338 = DIRECTION('',(-0.866025403784,-0.5,0.));
#3339 = PCURVE('',#2569,#3340);
#3340 = DEFINITIONAL_REPRESENTATION('',(#3341),#3345);
#3341 = LINE('',#3342,#3343);
#3342 = CARTESIAN_POINT('',(55.55,-6.2));
#3343 = VECTOR('',#3344,1.);
#3344 = DIRECTION('',(-1.,-0.));
#3345 = ( GEOMETRIC_REPRESENTATION_CONTEXT(2) 
PARAMETRIC_REPRESENTATION_CONTEXT() REPRESENTATION_CONTEXT('2D SPACE',''
  ) );
#3346 = PCURVE('',#2288,#3347);
#3347 = DEFINITIONAL_REPRESENTATION('',(#3348),#3351);
#3348 = B_SPLINE_CURVE_WITH_KNOTS('',1,(#3349,#3350),.UNSPECIFIED.,.F.,
  .F.,(2,2),(-3.5,-0.),.PIECEWISE_BEZIER_KNOTS.);
#3349 = CARTESIAN_POINT('',(-45.07662226698,-26.025));
#3350 = CARTESIAN_POINT('',(-48.10771118022,-27.775));
#3351 = ( GEOMETRIC_REPRESENTATION_CONTEXT(2) 
PARAMETRIC_REPRESENTATION_CONTEXT() REPRESENTATION_CONTEXT('2D SPACE',''
  ) );
#3352 = ADVANCED_FACE('',(#3353),#2598,.F.);
#3353 = FACE_BOUND('',#3354,.F.);
#3354 = EDGE_LOOP('',(#3355,#3383,#3412,#3431,#3432,#3433));
#3355 = ORIENTED_EDGE('',*,*,#3356,.F.);
#3356 = EDGE_CURVE('',#3357,#3359,#3361,.T.);
#3357 = VERTEX_POINT('',#3358);
#3358 = CARTESIAN_POINT('',(-55.2456912877,5.806556134518,-304.7));
#3359 = VERTEX_POINT('',#3360);
#3360 = CARTESIAN_POINT('',(-55.2456912877,5.806556134518,-300.5));
#3361 = SURFACE_CURVE('',#3362,(#3366,#3372),.PCURVE_S1.);
#3362 = LINE('',#3363,#3364);
#3363 = CARTESIAN_POINT('',(-55.2456912877,5.806556134518,-304.7));
#3364 = VECTOR('',#3365,1.);
#3365 = DIRECTION('',(0.,0.,1.));
#3366 = PCURVE('',#2598,#3367);
#3367 = DEFINITIONAL_REPRESENTATION('',(#3368),#3371);
#3368 = B_SPLINE_CURVE_WITH_KNOTS('',1,(#3369,#3370),.UNSPECIFIED.,.F.,
  .F.,(2,2),(-5.999999999062E-07,4.5000006),.PIECEWISE_BEZIER_KNOTS.);
#3369 = CARTESIAN_POINT('',(3.03687289847,-5.999999999062E-07));
#3370 = CARTESIAN_POINT('',(3.03687289847,4.5000006));
#3371 = ( GEOMETRIC_REPRESENTATION_CONTEXT(2) 
PARAMETRIC_REPRESENTATION_CONTEXT() REPRESENTATION_CONTEXT('2D SPACE',''
  ) );
#3372 = PCURVE('',#3373,#3378);
#3373 = PLANE('',#3374);
#3374 = AXIS2_PLACEMENT_3D('',#3375,#3376,#3377);
#3375 = CARTESIAN_POINT('',(0.,0.,-306.7));
#3376 = DIRECTION('',(-0.104528463268,-0.994521895368,0.));
#3377 = DIRECTION('',(-0.994521895368,0.104528463268,0.));
#3378 = DEFINITIONAL_REPRESENTATION('',(#3379),#3382);
#3379 = B_SPLINE_CURVE_WITH_KNOTS('',1,(#3380,#3381),.UNSPECIFIED.,.F.,
  .F.,(2,2),(-5.999999999062E-07,4.5000006),.PIECEWISE_BEZIER_KNOTS.);
#3380 = CARTESIAN_POINT('',(55.55,-1.9999994));
#3381 = CARTESIAN_POINT('',(55.55,-6.5000006));
#3382 = ( GEOMETRIC_REPRESENTATION_CONTEXT(2) 
PARAMETRIC_REPRESENTATION_CONTEXT() REPRESENTATION_CONTEXT('2D SPACE',''
  ) );
#3383 = ORIENTED_EDGE('',*,*,#3384,.T.);
#3384 = EDGE_CURVE('',#3357,#3385,#3387,.T.);
#3385 = VERTEX_POINT('',#3386);
#3386 = CARTESIAN_POINT('',(-53.89992759463,-13.43876130056,-304.7));
#3387 = SURFACE_CURVE('',#3388,(#3393,#3400),.PCURVE_S1.);
#3388 = CIRCLE('',#3389,55.55);
#3389 = AXIS2_PLACEMENT_3D('',#3390,#3391,#3392);
#3390 = CARTESIAN_POINT('',(0.,0.,-304.7));
#3391 = DIRECTION('',(0.,0.,1.));
#3392 = DIRECTION('',(1.,0.,-0.));
#3393 = PCURVE('',#2598,#3394);
#3394 = DEFINITIONAL_REPRESENTATION('',(#3395),#3399);
#3395 = LINE('',#3396,#3397);
#3396 = CARTESIAN_POINT('',(0.,0.));
#3397 = VECTOR('',#3398,1.);
#3398 = DIRECTION('',(1.,0.));
#3399 = ( GEOMETRIC_REPRESENTATION_CONTEXT(2) 
PARAMETRIC_REPRESENTATION_CONTEXT() REPRESENTATION_CONTEXT('2D SPACE',''
  ) );
#3400 = PCURVE('',#3401,#3406);
#3401 = PLANE('',#3402);
#3402 = AXIS2_PLACEMENT_3D('',#3403,#3404,#3405);
#3403 = CARTESIAN_POINT('',(0.,0.,-304.7));
#3404 = DIRECTION('',(0.,0.,1.));
#3405 = DIRECTION('',(1.,0.,-0.));
#3406 = DEFINITIONAL_REPRESENTATION('',(#3407),#3411);
#3407 = CIRCLE('',#3408,55.55);
#3408 = AXIS2_PLACEMENT_2D('',#3409,#3410);
#3409 = CARTESIAN_POINT('',(0.,0.));
#3410 = DIRECTION('',(1.,0.));
#3411 = ( GEOMETRIC_REPRESENTATION_CONTEXT(2) 
PARAMETRIC_REPRESENTATION_CONTEXT() REPRESENTATION_CONTEXT('2D SPACE',''
  ) );
#3412 = ORIENTED_EDGE('',*,*,#3413,.F.);
#3413 = EDGE_CURVE('',#2582,#3385,#3414,.T.);
#3414 = SURFACE_CURVE('',#3415,(#3419,#3425),.PCURVE_S1.);
#3415 = LINE('',#3416,#3417);
#3416 = CARTESIAN_POINT('',(-53.89992759463,-13.43876130056,-308.5));
#3417 = VECTOR('',#3418,1.);
#3418 = DIRECTION('',(0.,0.,1.));
#3419 = PCURVE('',#2598,#3420);
#3420 = DEFINITIONAL_REPRESENTATION('',(#3421),#3424);
#3421 = B_SPLINE_CURVE_WITH_KNOTS('',1,(#3422,#3423),.UNSPECIFIED.,.F.,
  .F.,(2,2),(-5.999999999062E-07,9.0000006),.PIECEWISE_BEZIER_KNOTS.);
#3422 = CARTESIAN_POINT('',(3.385938748869,-3.8000006));
#3423 = CARTESIAN_POINT('',(3.385938748869,5.2000006));
#3424 = ( GEOMETRIC_REPRESENTATION_CONTEXT(2) 
PARAMETRIC_REPRESENTATION_CONTEXT() REPRESENTATION_CONTEXT('2D SPACE',''
  ) );
#3425 = PCURVE('',#2625,#3426);
#3426 = DEFINITIONAL_REPRESENTATION('',(#3427),#3430);
#3427 = B_SPLINE_CURVE_WITH_KNOTS('',1,(#3428,#3429),.UNSPECIFIED.,.F.,
  .F.,(2,2),(-5.999999999062E-07,9.0000006),.PIECEWISE_BEZIER_KNOTS.);
#3428 = CARTESIAN_POINT('',(55.55,-1.9999994));
#3429 = CARTESIAN_POINT('',(55.55,-11.0000006));
#3430 = ( GEOMETRIC_REPRESENTATION_CONTEXT(2) 
PARAMETRIC_REPRESENTATION_CONTEXT() REPRESENTATION_CONTEXT('2D SPACE',''
  ) );
#3431 = ORIENTED_EDGE('',*,*,#2581,.T.);
#3432 = ORIENTED_EDGE('',*,*,#3310,.F.);
#3433 = ORIENTED_EDGE('',*,*,#3434,.T.);
#3434 = EDGE_CURVE('',#3311,#3359,#3435,.T.);
#3435 = SURFACE_CURVE('',#3436,(#3441,#3448),.PCURVE_S1.);
#3436 = CIRCLE('',#3437,55.55);
#3437 = AXIS2_PLACEMENT_3D('',#3438,#3439,#3440);
#3438 = CARTESIAN_POINT('',(0.,0.,-300.5));
#3439 = DIRECTION('',(0.,0.,-1.));
#3440 = DIRECTION('',(-0.866025403784,-0.5,-0.));
#3441 = PCURVE('',#2598,#3442);
#3442 = DEFINITIONAL_REPRESENTATION('',(#3443),#3447);
#3443 = LINE('',#3444,#3445);
#3444 = CARTESIAN_POINT('',(3.665191429188,4.2));
#3445 = VECTOR('',#3446,1.);
#3446 = DIRECTION('',(-1.,-0.));
#3447 = ( GEOMETRIC_REPRESENTATION_CONTEXT(2) 
PARAMETRIC_REPRESENTATION_CONTEXT() REPRESENTATION_CONTEXT('2D SPACE',''
  ) );
#3448 = PCURVE('',#2288,#3449);
#3449 = DEFINITIONAL_REPRESENTATION('',(#3450),#3458);
#3450 = ( BOUNDED_CURVE() B_SPLINE_CURVE(2,(#3451,#3452,#3453,#3454,
#3455,#3456,#3457),.UNSPECIFIED.,.T.,.F.) B_SPLINE_CURVE_WITH_KNOTS((1,2
    ,2,2,2,1),(-2.094395102393,0.,2.094395102393,4.188790204786,
6.28318530718,8.377580409573),.UNSPECIFIED.) CURVE() 
GEOMETRIC_REPRESENTATION_ITEM() RATIONAL_B_SPLINE_CURVE((1.,0.5,1.,0.5,
1.,0.5,1.)) REPRESENTATION_ITEM('') );
#3451 = CARTESIAN_POINT('',(-48.10771118022,-27.775));
#3452 = CARTESIAN_POINT('',(-96.21542236045,55.55));
#3453 = CARTESIAN_POINT('',(-3.9855412228E-15,55.55));
#3454 = CARTESIAN_POINT('',(96.215422360451,55.55));
#3455 = CARTESIAN_POINT('',(48.107711180226,-27.775));
#3456 = CARTESIAN_POINT('',(7.045783517105E-14,-111.1));
#3457 = CARTESIAN_POINT('',(-48.10771118022,-27.775));
#3458 = ( GEOMETRIC_REPRESENTATION_CONTEXT(2) 
PARAMETRIC_REPRESENTATION_CONTEXT() REPRESENTATION_CONTEXT('2D SPACE',''
  ) );
#3459 = ADVANCED_FACE('',(#3460),#3401,.T.);
#3460 = FACE_BOUND('',#3461,.T.);
#3461 = EDGE_LOOP('',(#3462,#3483,#3484,#3505));
#3462 = ORIENTED_EDGE('',*,*,#3463,.F.);
#3463 = EDGE_CURVE('',#3357,#3464,#3466,.T.);
#3464 = VERTEX_POINT('',#3465);
#3465 = CARTESIAN_POINT('',(-52.01349512776,5.466838628898,-304.7));
#3466 = SURFACE_CURVE('',#3467,(#3471,#3477),.PCURVE_S1.);
#3467 = LINE('',#3468,#3469);
#3468 = CARTESIAN_POINT('',(0.,0.,-304.7));
#3469 = VECTOR('',#3470,1.);
#3470 = DIRECTION('',(0.994521895368,-0.104528463268,0.));
#3471 = PCURVE('',#3401,#3472);
#3472 = DEFINITIONAL_REPRESENTATION('',(#3473),#3476);
#3473 = B_SPLINE_CURVE_WITH_KNOTS('',1,(#3474,#3475),.UNSPECIFIED.,.F.,
  .F.,(2,2),(-55.85598492975,-0.),.PIECEWISE_BEZIER_KNOTS.);
#3474 = CARTESIAN_POINT('',(-55.55,5.838540269008));
#3475 = CARTESIAN_POINT('',(0.,0.));
#3476 = ( GEOMETRIC_REPRESENTATION_CONTEXT(2) 
PARAMETRIC_REPRESENTATION_CONTEXT() REPRESENTATION_CONTEXT('2D SPACE',''
  ) );
#3477 = PCURVE('',#3373,#3478);
#3478 = DEFINITIONAL_REPRESENTATION('',(#3479),#3482);
#3479 = B_SPLINE_CURVE_WITH_KNOTS('',1,(#3480,#3481),.UNSPECIFIED.,.F.,
  .F.,(2,2),(-55.85598492975,-0.),.PIECEWISE_BEZIER_KNOTS.);
#3480 = CARTESIAN_POINT('',(55.855984929753,-2.));
#3481 = CARTESIAN_POINT('',(0.,-2.));
#3482 = ( GEOMETRIC_REPRESENTATION_CONTEXT(2) 
PARAMETRIC_REPRESENTATION_CONTEXT() REPRESENTATION_CONTEXT('2D SPACE',''
  ) );
#3483 = ORIENTED_EDGE('',*,*,#3384,.T.);
#3484 = ORIENTED_EDGE('',*,*,#3485,.T.);
#3485 = EDGE_CURVE('',#3385,#3486,#3488,.T.);
#3486 = VERTEX_POINT('',#3487);
#3487 = CARTESIAN_POINT('',(-50.74646648423,-12.65251513986,-304.7));
#3488 = SURFACE_CURVE('',#3489,(#3493,#3499),.PCURVE_S1.);
#3489 = LINE('',#3490,#3491);
#3490 = CARTESIAN_POINT('',(0.,0.,-304.7));
#3491 = VECTOR('',#3492,1.);
#3492 = DIRECTION('',(0.970295726276,0.2419218956,-0.));
#3493 = PCURVE('',#3401,#3494);
#3494 = DEFINITIONAL_REPRESENTATION('',(#3495),#3498);
#3495 = B_SPLINE_CURVE_WITH_KNOTS('',1,(#3496,#3497),.UNSPECIFIED.,.F.,
  .F.,(2,2),(-55.55,-52.05),.PIECEWISE_BEZIER_KNOTS.);
#3496 = CARTESIAN_POINT('',(-53.89992759463,-13.43876130056));
#3497 = CARTESIAN_POINT('',(-50.50389255266,-12.59203466596));
#3498 = ( GEOMETRIC_REPRESENTATION_CONTEXT(2) 
PARAMETRIC_REPRESENTATION_CONTEXT() REPRESENTATION_CONTEXT('2D SPACE',''
  ) );
#3499 = PCURVE('',#2625,#3500);
#3500 = DEFINITIONAL_REPRESENTATION('',(#3501),#3504);
#3501 = B_SPLINE_CURVE_WITH_KNOTS('',1,(#3502,#3503),.UNSPECIFIED.,.F.,
  .F.,(2,2),(-55.55,-52.05),.PIECEWISE_BEZIER_KNOTS.);
#3502 = CARTESIAN_POINT('',(55.55,-5.8));
#3503 = CARTESIAN_POINT('',(52.05,-5.8));
#3504 = ( GEOMETRIC_REPRESENTATION_CONTEXT(2) 
PARAMETRIC_REPRESENTATION_CONTEXT() REPRESENTATION_CONTEXT('2D SPACE',''
  ) );
#3505 = ORIENTED_EDGE('',*,*,#3506,.F.);
#3506 = EDGE_CURVE('',#3464,#3486,#3507,.T.);
#3507 = SURFACE_CURVE('',#3508,(#3513,#3520),.PCURVE_S1.);
#3508 = CIRCLE('',#3509,52.3);
#3509 = AXIS2_PLACEMENT_3D('',#3510,#3511,#3512);
#3510 = CARTESIAN_POINT('',(0.,0.,-304.7));
#3511 = DIRECTION('',(0.,0.,1.));
#3512 = DIRECTION('',(1.,0.,-0.));
#3513 = PCURVE('',#3401,#3514);
#3514 = DEFINITIONAL_REPRESENTATION('',(#3515),#3519);
#3515 = CIRCLE('',#3516,52.3);
#3516 = AXIS2_PLACEMENT_2D('',#3517,#3518);
#3517 = CARTESIAN_POINT('',(0.,0.));
#3518 = DIRECTION('',(1.,0.));
#3519 = ( GEOMETRIC_REPRESENTATION_CONTEXT(2) 
PARAMETRIC_REPRESENTATION_CONTEXT() REPRESENTATION_CONTEXT('2D SPACE',''
  ) );
#3520 = PCURVE('',#2653,#3521);
#3521 = DEFINITIONAL_REPRESENTATION('',(#3522),#3526);
#3522 = LINE('',#3523,#3524);
#3523 = CARTESIAN_POINT('',(0.,3.8));
#3524 = VECTOR('',#3525,1.);
#3525 = DIRECTION('',(1.,0.));
#3526 = ( GEOMETRIC_REPRESENTATION_CONTEXT(2) 
PARAMETRIC_REPRESENTATION_CONTEXT() REPRESENTATION_CONTEXT('2D SPACE',''
  ) );
#3527 = ADVANCED_FACE('',(#3528),#3373,.T.);
#3528 = FACE_BOUND('',#3529,.T.);
#3529 = EDGE_LOOP('',(#3530,#3531,#3532,#3553));
#3530 = ORIENTED_EDGE('',*,*,#3356,.F.);
#3531 = ORIENTED_EDGE('',*,*,#3463,.T.);
#3532 = ORIENTED_EDGE('',*,*,#3533,.T.);
#3533 = EDGE_CURVE('',#3464,#3534,#3536,.T.);
#3534 = VERTEX_POINT('',#3535);
#3535 = CARTESIAN_POINT('',(-52.01349512776,5.466838628898,-300.5));
#3536 = SURFACE_CURVE('',#3537,(#3541,#3547),.PCURVE_S1.);
#3537 = LINE('',#3538,#3539);
#3538 = CARTESIAN_POINT('',(-52.01349512776,5.466838628898,-308.5));
#3539 = VECTOR('',#3540,1.);
#3540 = DIRECTION('',(0.,0.,1.));
#3541 = PCURVE('',#3373,#3542);
#3542 = DEFINITIONAL_REPRESENTATION('',(#3543),#3546);
#3543 = B_SPLINE_CURVE_WITH_KNOTS('',1,(#3544,#3545),.UNSPECIFIED.,.F.,
  .F.,(2,2),(3.35,8.0000006),.PIECEWISE_BEZIER_KNOTS.);
#3544 = CARTESIAN_POINT('',(52.3,-1.55));
#3545 = CARTESIAN_POINT('',(52.3,-6.2000006));
#3546 = ( GEOMETRIC_REPRESENTATION_CONTEXT(2) 
PARAMETRIC_REPRESENTATION_CONTEXT() REPRESENTATION_CONTEXT('2D SPACE',''
  ) );
#3547 = PCURVE('',#2653,#3548);
#3548 = DEFINITIONAL_REPRESENTATION('',(#3549),#3552);
#3549 = B_SPLINE_CURVE_WITH_KNOTS('',1,(#3550,#3551),.UNSPECIFIED.,.F.,
  .F.,(2,2),(3.35,8.0000006),.PIECEWISE_BEZIER_KNOTS.);
#3550 = CARTESIAN_POINT('',(3.03687289847,3.35));
#3551 = CARTESIAN_POINT('',(3.03687289847,8.0000006));
#3552 = ( GEOMETRIC_REPRESENTATION_CONTEXT(2) 
PARAMETRIC_REPRESENTATION_CONTEXT() REPRESENTATION_CONTEXT('2D SPACE',''
  ) );
#3553 = ORIENTED_EDGE('',*,*,#3554,.F.);
#3554 = EDGE_CURVE('',#3359,#3534,#3555,.T.);
#3555 = SURFACE_CURVE('',#3556,(#3560,#3566),.PCURVE_S1.);
#3556 = LINE('',#3557,#3558);
#3557 = CARTESIAN_POINT('',(0.,0.,-300.5));
#3558 = VECTOR('',#3559,1.);
#3559 = DIRECTION('',(0.994521895368,-0.104528463268,0.));
#3560 = PCURVE('',#3373,#3561);
#3561 = DEFINITIONAL_REPRESENTATION('',(#3562),#3565);
#3562 = B_SPLINE_CURVE_WITH_KNOTS('',1,(#3563,#3564),.UNSPECIFIED.,.F.,
  .F.,(2,2),(-55.55,-52.05),.PIECEWISE_BEZIER_KNOTS.);
#3563 = CARTESIAN_POINT('',(55.55,-6.2));
#3564 = CARTESIAN_POINT('',(52.05,-6.2));
#3565 = ( GEOMETRIC_REPRESENTATION_CONTEXT(2) 
PARAMETRIC_REPRESENTATION_CONTEXT() REPRESENTATION_CONTEXT('2D SPACE',''
  ) );
#3566 = PCURVE('',#2288,#3567);
#3567 = DEFINITIONAL_REPRESENTATION('',(#3568),#3571);
#3568 = B_SPLINE_CURVE_WITH_KNOTS('',1,(#3569,#3570),.UNSPECIFIED.,.F.,
  .F.,(2,2),(-55.55,-52.05),.PIECEWISE_BEZIER_KNOTS.);
#3569 = CARTESIAN_POINT('',(-55.2456912877,5.806556134518));
#3570 = CARTESIAN_POINT('',(-51.76486465391,5.440706513081));
#3571 = ( GEOMETRIC_REPRESENTATION_CONTEXT(2) 
PARAMETRIC_REPRESENTATION_CONTEXT() REPRESENTATION_CONTEXT('2D SPACE',''
  ) );
#3572 = ADVANCED_FACE('',(#3573),#2625,.T.);
#3573 = FACE_BOUND('',#3574,.T.);
#3574 = EDGE_LOOP('',(#3575,#3576,#3577,#3578));
#3575 = ORIENTED_EDGE('',*,*,#3485,.F.);
#3576 = ORIENTED_EDGE('',*,*,#3413,.F.);
#3577 = ORIENTED_EDGE('',*,*,#2610,.T.);
#3578 = ORIENTED_EDGE('',*,*,#3579,.T.);
#3579 = EDGE_CURVE('',#2611,#3486,#3580,.T.);
#3580 = SURFACE_CURVE('',#3581,(#3585,#3591),.PCURVE_S1.);
#3581 = LINE('',#3582,#3583);
#3582 = CARTESIAN_POINT('',(-50.74646648423,-12.65251513986,-308.5));
#3583 = VECTOR('',#3584,1.);
#3584 = DIRECTION('',(0.,0.,1.));
#3585 = PCURVE('',#2625,#3586);
#3586 = DEFINITIONAL_REPRESENTATION('',(#3587),#3590);
#3587 = B_SPLINE_CURVE_WITH_KNOTS('',1,(#3588,#3589),.UNSPECIFIED.,.F.,
  .F.,(2,2),(0.9999994,8.0000006),.PIECEWISE_BEZIER_KNOTS.);
#3588 = CARTESIAN_POINT('',(52.3,-2.9999994));
#3589 = CARTESIAN_POINT('',(52.3,-10.0000006));
#3590 = ( GEOMETRIC_REPRESENTATION_CONTEXT(2) 
PARAMETRIC_REPRESENTATION_CONTEXT() REPRESENTATION_CONTEXT('2D SPACE',''
  ) );
#3591 = PCURVE('',#2653,#3592);
#3592 = DEFINITIONAL_REPRESENTATION('',(#3593),#3596);
#3593 = B_SPLINE_CURVE_WITH_KNOTS('',1,(#3594,#3595),.UNSPECIFIED.,.F.,
  .F.,(2,2),(0.9999994,8.0000006),.PIECEWISE_BEZIER_KNOTS.);
#3594 = CARTESIAN_POINT('',(3.385938748869,0.9999994));
#3595 = CARTESIAN_POINT('',(3.385938748869,8.0000006));
#3596 = ( GEOMETRIC_REPRESENTATION_CONTEXT(2) 
PARAMETRIC_REPRESENTATION_CONTEXT() REPRESENTATION_CONTEXT('2D SPACE',''
  ) );
#3597 = ADVANCED_FACE('',(#3598),#2653,.F.);
#3598 = FACE_BOUND('',#3599,.F.);
#3599 = EDGE_LOOP('',(#3600,#3601,#3602,#3603,#3631,#3652));
#3600 = ORIENTED_EDGE('',*,*,#3579,.T.);
#3601 = ORIENTED_EDGE('',*,*,#3506,.F.);
#3602 = ORIENTED_EDGE('',*,*,#3533,.T.);
#3603 = ORIENTED_EDGE('',*,*,#3604,.T.);
#3604 = EDGE_CURVE('',#3534,#3605,#3607,.T.);
#3605 = VERTEX_POINT('',#3606);
#3606 = CARTESIAN_POINT('',(3.20245137977E-15,52.3,-300.5));
#3607 = SURFACE_CURVE('',#3608,(#3613,#3620),.PCURVE_S1.);
#3608 = CIRCLE('',#3609,52.3);
#3609 = AXIS2_PLACEMENT_3D('',#3610,#3611,#3612);
#3610 = CARTESIAN_POINT('',(0.,0.,-300.5));
#3611 = DIRECTION('',(0.,0.,-1.));
#3612 = DIRECTION('',(0.587785252292,0.809016994375,0.));
#3613 = PCURVE('',#2653,#3614);
#3614 = DEFINITIONAL_REPRESENTATION('',(#3615),#3619);
#3615 = LINE('',#3616,#3617);
#3616 = CARTESIAN_POINT('',(7.225663103257,8.));
#3617 = VECTOR('',#3618,1.);
#3618 = DIRECTION('',(-1.,-0.));
#3619 = ( GEOMETRIC_REPRESENTATION_CONTEXT(2) 
PARAMETRIC_REPRESENTATION_CONTEXT() REPRESENTATION_CONTEXT('2D SPACE',''
  ) );
#3620 = PCURVE('',#2288,#3621);
#3621 = DEFINITIONAL_REPRESENTATION('',(#3622),#3630);
#3622 = ( BOUNDED_CURVE() B_SPLINE_CURVE(2,(#3623,#3624,#3625,#3626,
#3627,#3628,#3629),.UNSPECIFIED.,.T.,.F.) B_SPLINE_CURVE_WITH_KNOTS((1,2
    ,2,2,2,1),(-2.094395102393,0.,2.094395102393,4.188790204786,
6.28318530718,8.377580409573),.UNSPECIFIED.) CURVE() 
GEOMETRIC_REPRESENTATION_ITEM() RATIONAL_B_SPLINE_CURVE((1.,0.5,1.,0.5,
1.,0.5,1.)) REPRESENTATION_ITEM('') );
#3623 = CARTESIAN_POINT('',(30.741168694896,42.31158880581));
#3624 = CARTESIAN_POINT('',(104.02699025552,-10.93367725779));
#3625 = CARTESIAN_POINT('',(21.272326432864,-47.7784274347));
#3626 = CARTESIAN_POINT('',(-61.48233738979,-84.62317761161));
#3627 = CARTESIAN_POINT('',(-52.01349512776,5.466838628898));
#3628 = CARTESIAN_POINT('',(-42.54465286572,95.556854869416));
#3629 = CARTESIAN_POINT('',(30.741168694896,42.31158880581));
#3630 = ( GEOMETRIC_REPRESENTATION_CONTEXT(2) 
PARAMETRIC_REPRESENTATION_CONTEXT() REPRESENTATION_CONTEXT('2D SPACE',''
  ) );
#3631 = ORIENTED_EDGE('',*,*,#3632,.F.);
#3632 = EDGE_CURVE('',#2637,#3605,#3633,.T.);
#3633 = SURFACE_CURVE('',#3634,(#3638,#3645),.PCURVE_S1.);
#3634 = LINE('',#3635,#3636);
#3635 = CARTESIAN_POINT('',(3.20245137977E-15,52.3,-307.5));
#3636 = VECTOR('',#3637,1.);
#3637 = DIRECTION('',(0.,0.,1.));
#3638 = PCURVE('',#2653,#3639);
#3639 = DEFINITIONAL_REPRESENTATION('',(#3640),#3644);
#3640 = LINE('',#3641,#3642);
#3641 = CARTESIAN_POINT('',(1.570796326795,1.));
#3642 = VECTOR('',#3643,1.);
#3643 = DIRECTION('',(0.,1.));
#3644 = ( GEOMETRIC_REPRESENTATION_CONTEXT(2) 
PARAMETRIC_REPRESENTATION_CONTEXT() REPRESENTATION_CONTEXT('2D SPACE',''
  ) );
#3645 = PCURVE('',#2678,#3646);
#3646 = DEFINITIONAL_REPRESENTATION('',(#3647),#3651);
#3647 = LINE('',#3648,#3649);
#3648 = CARTESIAN_POINT('',(58.8,0.8));
#3649 = VECTOR('',#3650,1.);
#3650 = DIRECTION('',(0.,-1.));
#3651 = ( GEOMETRIC_REPRESENTATION_CONTEXT(2) 
PARAMETRIC_REPRESENTATION_CONTEXT() REPRESENTATION_CONTEXT('2D SPACE',''
  ) );
#3652 = ORIENTED_EDGE('',*,*,#2636,.T.);
#3653 = ADVANCED_FACE('',(#3654),#2678,.T.);
#3654 = FACE_BOUND('',#3655,.T.);
#3655 = EDGE_LOOP('',(#3656,#3657,#3658,#3681));
#3656 = ORIENTED_EDGE('',*,*,#3632,.F.);
#3657 = ORIENTED_EDGE('',*,*,#2665,.T.);
#3658 = ORIENTED_EDGE('',*,*,#3659,.F.);
#3659 = EDGE_CURVE('',#3660,#2360,#3662,.T.);
#3660 = VERTEX_POINT('',#3661);
#3661 = CARTESIAN_POINT('',(3.401456484632E-15,55.55,-300.5));
#3662 = SURFACE_CURVE('',#3663,(#3667,#3674),.PCURVE_S1.);
#3663 = LINE('',#3664,#3665);
#3664 = CARTESIAN_POINT('',(3.401456484632E-15,55.55,-300.5));
#3665 = VECTOR('',#3666,1.);
#3666 = DIRECTION('',(0.,0.,-1.));
#3667 = PCURVE('',#2678,#3668);
#3668 = DEFINITIONAL_REPRESENTATION('',(#3669),#3673);
#3669 = LINE('',#3670,#3671);
#3670 = CARTESIAN_POINT('',(55.55,-6.2));
#3671 = VECTOR('',#3672,1.);
#3672 = DIRECTION('',(-0.,1.));
#3673 = ( GEOMETRIC_REPRESENTATION_CONTEXT(2) 
PARAMETRIC_REPRESENTATION_CONTEXT() REPRESENTATION_CONTEXT('2D SPACE',''
  ) );
#3674 = PCURVE('',#2376,#3675);
#3675 = DEFINITIONAL_REPRESENTATION('',(#3676),#3680);
#3676 = LINE('',#3677,#3678);
#3677 = CARTESIAN_POINT('',(1.570796326795,4.2));
#3678 = VECTOR('',#3679,1.);
#3679 = DIRECTION('',(-0.,-1.));
#3680 = ( GEOMETRIC_REPRESENTATION_CONTEXT(2) 
PARAMETRIC_REPRESENTATION_CONTEXT() REPRESENTATION_CONTEXT('2D SPACE',''
  ) );
#3681 = ORIENTED_EDGE('',*,*,#3682,.F.);
#3682 = EDGE_CURVE('',#3605,#3660,#3683,.T.);
#3683 = SURFACE_CURVE('',#3684,(#3688,#3695),.PCURVE_S1.);
#3684 = LINE('',#3685,#3686);
#3685 = CARTESIAN_POINT('',(3.401456484632E-15,55.55,-300.5));
#3686 = VECTOR('',#3687,1.);
#3687 = DIRECTION('',(6.123233995737E-17,1.,-0.));
#3688 = PCURVE('',#2678,#3689);
#3689 = DEFINITIONAL_REPRESENTATION('',(#3690),#3694);
#3690 = LINE('',#3691,#3692);
#3691 = CARTESIAN_POINT('',(55.55,-6.2));
#3692 = VECTOR('',#3693,1.);
#3693 = DIRECTION('',(-1.,0.));
#3694 = ( GEOMETRIC_REPRESENTATION_CONTEXT(2) 
PARAMETRIC_REPRESENTATION_CONTEXT() REPRESENTATION_CONTEXT('2D SPACE',''
  ) );
#3695 = PCURVE('',#2288,#3696);
#3696 = DEFINITIONAL_REPRESENTATION('',(#3697),#3700);
#3697 = B_SPLINE_CURVE_WITH_KNOTS('',1,(#3698,#3699),.UNSPECIFIED.,.F.,
  .F.,(2,2),(-3.5,0.),.PIECEWISE_BEZIER_KNOTS.);
#3698 = CARTESIAN_POINT('',(3.187143294781E-15,52.05));
#3699 = CARTESIAN_POINT('',(3.401456484632E-15,55.55));
#3700 = ( GEOMETRIC_REPRESENTATION_CONTEXT(2) 
PARAMETRIC_REPRESENTATION_CONTEXT() REPRESENTATION_CONTEXT('2D SPACE',''
  ) );
#3701 = ADVANCED_FACE('',(#3702),#2376,.F.);
#3702 = FACE_BOUND('',#3703,.F.);
#3703 = EDGE_LOOP('',(#3704,#3705,#3706,#3707,#3708,#3709));
#3704 = ORIENTED_EDGE('',*,*,#2838,.F.);
#3705 = ORIENTED_EDGE('',*,*,#2791,.T.);
#3706 = ORIENTED_EDGE('',*,*,#2721,.F.);
#3707 = ORIENTED_EDGE('',*,*,#2357,.T.);
#3708 = ORIENTED_EDGE('',*,*,#3659,.F.);
#3709 = ORIENTED_EDGE('',*,*,#3710,.T.);
#3710 = EDGE_CURVE('',#3660,#2839,#3711,.T.);
#3711 = SURFACE_CURVE('',#3712,(#3717,#3724),.PCURVE_S1.);
#3712 = CIRCLE('',#3713,55.55);
#3713 = AXIS2_PLACEMENT_3D('',#3714,#3715,#3716);
#3714 = CARTESIAN_POINT('',(0.,0.,-300.5));
#3715 = DIRECTION('',(0.,0.,-1.));
#3716 = DIRECTION('',(6.123233995737E-17,1.,0.));
#3717 = PCURVE('',#2376,#3718);
#3718 = DEFINITIONAL_REPRESENTATION('',(#3719),#3723);
#3719 = LINE('',#3720,#3721);
#3720 = CARTESIAN_POINT('',(1.570796326795,4.2));
#3721 = VECTOR('',#3722,1.);
#3722 = DIRECTION('',(-1.,-0.));
#3723 = ( GEOMETRIC_REPRESENTATION_CONTEXT(2) 
PARAMETRIC_REPRESENTATION_CONTEXT() REPRESENTATION_CONTEXT('2D SPACE',''
  ) );
#3724 = PCURVE('',#2288,#3725);
#3725 = DEFINITIONAL_REPRESENTATION('',(#3726),#3734);
#3726 = ( BOUNDED_CURVE() B_SPLINE_CURVE(2,(#3727,#3728,#3729,#3730,
#3731,#3732,#3733),.UNSPECIFIED.,.T.,.F.) B_SPLINE_CURVE_WITH_KNOTS((1,2
    ,2,2,2,1),(-2.094395102393,0.,2.094395102393,4.188790204786,
6.28318530718,8.377580409573),.UNSPECIFIED.) CURVE() 
GEOMETRIC_REPRESENTATION_ITEM() RATIONAL_B_SPLINE_CURVE((1.,0.5,1.,0.5,
1.,0.5,1.)) REPRESENTATION_ITEM('') );
#3727 = CARTESIAN_POINT('',(3.401456484632E-15,55.55));
#3728 = CARTESIAN_POINT('',(96.215422360451,55.55));
#3729 = CARTESIAN_POINT('',(48.107711180226,-27.775));
#3730 = CARTESIAN_POINT('',(6.802912969264E-15,-111.1));
#3731 = CARTESIAN_POINT('',(-48.10771118022,-27.775));
#3732 = CARTESIAN_POINT('',(-96.21542236045,55.55));
#3733 = CARTESIAN_POINT('',(3.401456484632E-15,55.55));
#3734 = ( GEOMETRIC_REPRESENTATION_CONTEXT(2) 
PARAMETRIC_REPRESENTATION_CONTEXT() REPRESENTATION_CONTEXT('2D SPACE',''
  ) );
#3735 = ADVANCED_FACE('',(#3736,#3739),#2288,.T.);
#3736 = FACE_BOUND('',#3737,.T.);
#3737 = EDGE_LOOP('',(#3738));
#3738 = ORIENTED_EDGE('',*,*,#2266,.T.);
#3739 = FACE_BOUND('',#3740,.T.);
#3740 = EDGE_LOOP('',(#3741,#3742,#3743,#3744,#3745,#3746,#3747,#3748,
    #3749,#3750,#3751,#3752));
#3741 = ORIENTED_EDGE('',*,*,#3710,.T.);
#3742 = ORIENTED_EDGE('',*,*,#2881,.T.);
#3743 = ORIENTED_EDGE('',*,*,#2905,.T.);
#3744 = ORIENTED_EDGE('',*,*,#2984,.T.);
#3745 = ORIENTED_EDGE('',*,*,#3085,.T.);
#3746 = ORIENTED_EDGE('',*,*,#3205,.T.);
#3747 = ORIENTED_EDGE('',*,*,#3256,.T.);
#3748 = ORIENTED_EDGE('',*,*,#3333,.T.);
#3749 = ORIENTED_EDGE('',*,*,#3434,.T.);
#3750 = ORIENTED_EDGE('',*,*,#3554,.T.);
#3751 = ORIENTED_EDGE('',*,*,#3604,.T.);
#3752 = ORIENTED_EDGE('',*,*,#3682,.T.);
#3753 = ( GEOMETRIC_REPRESENTATION_CONTEXT(3) 
GLOBAL_UNCERTAINTY_ASSIGNED_CONTEXT((#3757)) 
GLOBAL_UNIT_ASSIGNED_CONTEXT((#3754,#3755,#3756)) REPRESENTATION_CONTEXT
('Context #1','3D Context with UNIT and UNCERTAINTY') );
#3754 = ( LENGTH_UNIT() NAMED_UNIT(*) SI_UNIT(.MILLI.,.METRE.) );
#3755 = ( NAMED_UNIT(*) PLANE_ANGLE_UNIT() SI_UNIT($,.RADIAN.) );
#3756 = ( NAMED_UNIT(*) SI_UNIT($,.STERADIAN.) SOLID_ANGLE_UNIT() );
#3757 = UNCERTAINTY_MEASURE_WITH_UNIT(LENGTH_MEASURE(1.E-07),#3754,
  'distance_accuracy_value','confusion accuracy');
#3758 = PRODUCT_RELATED_PRODUCT_CATEGORY('part',$,(#7));
ENDSEC;
END-ISO-10303-21;
